H_L0.1_weight,H_L0.01_weight,H_L0.01_mean,H_L0.01_variance,HH_L3_covariance,HH_L3_pcc,HH_L1_std,HH_L1_radius,HH_L1_covariance,HH_L1_pcc,HH_L0.1_std,HH_L0.1_radius,HH_L0.1_covariance,HH_L0.1_pcc,HH_L0.01_std,HH_L0.01_radius,HH_L0.01_covariance,HH_L0.01_pcc,HH_jit_L3_variance,HH_jit_L1_variance,HH_jit_L0.1_weight,HH_jit_L0.1_variance,HH_jit_L0.01_weight,HH_jit_L0.01_mean,HH_jit_L0.01_variance,HpHp_L1_pcc,HpHp_L0.1_radius,HpHp_L0.1_pcc,HpHp_L0.01_weight,HpHp_L0.01_std,HpHp_L0.01_magnitude,HpHp_L0.01_radius,HpHp_L0.01_covariance,HpHp_L0.01_pcc,type
0.7168441,0.80198,0.25028133,0.12743674,0.38159412,0.46982324,1.44E-06,1.54E-12,0.34851477,0.4641461,0.004264385,1.55E-05,0.38961926,0.4486558,0.006252993,3.76E-05,0.43765217,0.46403483,1.46E-22,1.10E-22,0.58516616,1.31E-10,0.71278125,6.17E-06,2.43E-05,0.43570697,0,0.4486267,0,0,0.35886526,0,0.58125275,0.47003502,1
0.7444516,0.7974907,0.0070821266,9.59E-05,0.38159412,0.46982324,2.49E-07,4.60E-14,0.34851477,0.4641461,0.0001753436,2.62E-08,0.38961926,0.4486558,0.00024779316,5.90E-08,0.43765217,0.46403483,1.89E-22,1.50E-22,0.61634845,8.07E-10,0.72436446,7.31E-06,2.88E-05,0.43570697,0,0.4486267,0,0,0.009929078,0,0.58125275,0.47003502,3
0.74681044,0.44257656,0.007094559,9.56E-05,0.38159412,0.46982324,0.00054503296,2.21E-07,0.34851477,0.4641461,0.00030086015,7.70E-08,0.38961926,0.4486558,0.0002311968,5.14E-08,0.43765217,0.46403483,9.83E-23,1.25E-22,0.63288504,3.87E-06,0.40273452,3.08E-05,0.00012112536,0.43570697,0,0.4486267,0,0,0.009929078,0,0.58125275,0.47003502,3
0.24887177,0.27979594,1.65E-05,1.67E-06,0.38159412,0.46982324,0,0,0.34851477,0.4641461,0,0,0.38961926,0.4486558,0,0,0.43765217,0.46403483,0,0,0,0,0,0.982663,0,0.43570697,0,0.4486267,0,0,2.08E-17,0,0.58125275,0.47003502,2
0.22990415,0.31846732,7.27E-05,3.64E-06,0.38159412,0.46982324,0,0,0.34851477,0.4641461,0,0,0.38961926,0.4486558,0,0,0.43765217,0.46403483,0,0,0,0,0,0.9826633,0,0.43570697,0,0.4486267,0,0,2.08E-17,0,0.58125275,0.47003502,2
0.001510094,0.0016210729,0.008383379,0.0008599573,0.38159412,0.46981642,0.011678808,0.000101614874,0.34851462,0.45803243,0.011393548,0.00015907915,0.38962168,0.45607388,0.010411427,0.00015738368,0.43767354,0.49234703,4.00E-17,4.04E-17,0.00027163266,5.71E-17,0.00037410753,4.93E-09,5.24E-17,0.42927653,0.00017165879,0.4560443,0.0012970302,0.010372214,0.028432023,0.00015735309,0.5812702,0.49802995,0
0.3951772,0.267583,0.21818323,0.13808219,0.38159412,0.46982324,0.00018673656,2.60E-08,0.34851477,0.4641461,0.02525743,0.0005427019,0.38961926,0.4486558,0.029098406,0.0008136647,0.43765217,0.46403483,1.74E-22,4.21E-22,0.32197124,2.26E-06,0.2075904,5.29E-05,0.00020814281,0.43570697,0,0.4486267,0,0,0.35886526,0,0.58125275,0.47003502,1
0.22281724,0.3157786,7.36E-05,3.74E-06,0.38159412,0.46982324,0,0,0.34851477,0.4641461,0,0,0.38961926,0.4486558,0,0,0.43765217,0.46403483,0,0,0,0,0,0.9826632,0,0.43570697,0,0.4486267,0,0,2.08E-17,0,0.58125275,0.47003502,2
0.4839809,0.5903597,0.21505578,0.13117136,0.38159412,0.46982324,0.00042720628,1.36E-07,0.34851477,0.4641461,0.010056521,8.60E-05,0.38961926,0.4486558,0.012596699,0.00015248271,0.43765217,0.46403483,4.74E-22,8.89E-22,0.3538199,2.31E-14,0.46183792,3.81E-06,1.50E-05,0.43570697,0,0.4486267,0,0,0.3503546,0,0.58125275,0.47003502,4
0.0011034999,0.0016121424,0.00783466,0.0009065264,0.38159412,0.46982324,0.000300636,0.00014693665,0.34851477,0.46387902,0.025757426,0.0008465505,0.38976374,0.5329906,0.03326733,0.0013307913,0.43790558,0.50441116,1.01E-17,1.01E-17,0.0011618433,7.73E-18,0.0016995366,7.70E-10,7.12E-18,0.43570697,0.000104259074,0.4486267,0.0014544895,1.77E-05,0.039197523,0.0005055437,0.58125275,0.46993762,0
0.71824956,0.9548734,0.2443818,0.12144861,0.38159412,0.46982324,0.025637679,0.00048968114,0.34851477,0.4641461,0.01130563,0.00010873581,0.38961926,0.4486558,0.0071974946,4.98E-05,0.43765217,0.46403483,6.86E-22,2.87E-22,0.57919645,2.53E-15,0.84882087,1.75E-06,6.87E-06,0.43570697,0,0.4486267,0,0,0.3503546,0,0.58125275,0.47003502,4
0.7212331,0.974383,0.24390882,0.12165866,0.38159412,0.46982324,0.0010793381,8.68E-07,0.34851477,0.4641461,0.0082246885,5.75E-05,0.38961926,0.4486558,0.006976732,4.68E-05,0.43765217,0.46403483,7.28E-22,3.07E-22,0.5793628,8.67E-17,0.864482,1.22E-06,4.82E-06,0.43570697,0,0.4486267,0,0,0.3503546,0,0.58125275,0.47003502,4
0.71717805,0.9609338,0.24483854,0.12124351,0.38159412,0.46982324,0,0,0.34851477,0.4641461,0,0,0.38961926,0.4486558,0,0,0.43765217,0.46403483,0,0,0,0,0,0.982665,0,0.43570697,0,0.4486267,0,0,2.08E-17,0,0.58125275,0.47003502,4
0.71277386,0.49520007,0.24263202,0.12221813,0.38159412,0.46982324,2.49E-08,4.63E-16,0.34851477,0.4641461,0.0025318882,5.45E-06,0.38961926,0.4486558,0.005760491,3.19E-05,0.43765217,0.46403483,5.93E-22,4.16E-22,0.57229024,1.23E-06,0.43703085,2.50E-05,9.85E-05,0.43570697,0,0.4486267,0,0,0.3503546,0,0.58125275,0.47003502,4
0.36173192,0.30020794,0.18284304,0.134236,0.38159412,0.46982324,0,0,0.34851477,0.4641461,0,0,0.38961926,0.4486558,0,0,0.43765217,0.46403483,0,0,0,0,0,0.982667,0,0.43570697,0,0.4486267,0,0,2.08E-17,0,0.58125275,0.47003502,5
0.22407387,0.25766236,7.47E-05,3.80E-06,0.38159412,0.46982324,0,0,0.34851477,0.4641461,0,0,0.38961926,0.4486558,0,0,0.43765217,0.46403483,0,0,0,0,0,0.982663,0,0.43570697,0,0.4486267,0,0,2.08E-17,0,0.58125275,0.47003502,2
0.7103031,0.47146297,0.24976733,0.12767164,0.38159412,0.46982324,4.59E-08,1.57E-15,0.34851477,0.4641461,0.0029729593,7.52E-06,0.38961926,0.4486558,0.0061145485,3.59E-05,0.43765217,0.46403483,2.39E-22,1.76E-22,0.5744656,1.74E-06,0.4181619,2.71E-05,0.00010666502,0.43570697,0,0.4486267,0,0,0.35886526,0,0.58125275,0.47003502,1
0.0004980329,0.0005203784,0.02041116,0.020192029,0.38159412,0.46982324,0,0,0.34851477,0.4641461,1.41E-09,1.68E-18,0.38961926,0.4486558,9.93E-10,9.50E-19,0.43765217,0.46403483,1.16E-17,1.72E-15,0.0004726719,7.94E-15,0.00013379692,2.22E-08,8.41E-15,0.43570697,1.81E-18,0.4486267,0.00046387382,0,2.08E-17,0,0.58125275,0.47003502,0
0.36157483,0.32673538,0.18348888,0.13425365,0.38159412,0.46982324,0,0,0.34851477,0.4641461,0,0,0.38961926,0.4486558,0,0,0.43765217,0.46403483,0,0,0,0,0,0.982667,0,0.43570697,0,0.4486267,0,0,2.08E-17,0,0.58125275,0.47003502,5
0.3490108,0.41841972,0.1826521,0.13423048,0.38159412,0.46982324,0,0,0.34851477,0.4641461,0,0,0.38961926,0.4486558,0,0,0.43765217,0.46403483,0,0,0,0,0,0.9826671,0,0.43570697,0,0.4486267,0,0,2.08E-17,0,0.58125275,0.47003502,5
0.00069340254,0.00070658704,0.013705415,0.0025535272,0.38159412,0.4698232,0.0029994738,0.0026197624,0.34851426,0.46294397,0.009425609,0.0032418668,0.38955668,0.40459344,0.079840645,0.019218624,0.43777338,0.46572113,5.36E-22,8.30E-19,0.0002724053,1.69E-16,0.00025702707,7.58E-09,3.19E-16,0.43570697,1.81E-18,0.4486267,0.00040926854,1.72E-09,0.017626109,3.01E-18,0.58125275,0.47003502,0
0.0012048659,0.0015217974,0.008344989,0.0008774393,0.38159412,0.46982324,1.39E-09,1.44E-18,0.34851477,0.4641461,9.93E-10,2.66E-18,0.38961926,0.4486558,3.45E-09,2.38E-16,0.43765217,0.46403483,0,1.17E-28,1.13E-05,1.30E-18,8.13E-05,2.19E-08,9.05E-17,0.43570697,2.87E-18,0.4486267,0.00028180252,1.40E-09,0.017626109,3.42E-18,0.58125275,0.47003502,0
0.7030657,0.26119757,0.007067744,9.61E-05,0.38159412,0.46982324,0.0002573958,4.94E-08,0.34851477,0.4641461,0.0002911509,7.21E-08,0.38961926,0.4486558,0.00026037515,6.51E-08,0.43765217,0.46403483,7.49E-23,4.69E-15,0.5896302,5.45E-05,0.23673718,6.78E-05,0.0002665245,0.43570697,0,0.4486267,0,0,0.009929078,0,0.58125275,0.47003502,3
0.33284166,0.46373314,0.005904336,0.000106826286,0.38159412,0.46982324,3.88E-06,1.12E-11,0.34851477,0.4641461,0.00072719285,4.50E-07,0.38961926,0.4486558,0.0008014047,6.17E-07,0.43765217,0.46403483,1.45E-20,1.63E-20,0.22305642,2.33E-11,0.3496545,9.60E-06,3.78E-05,0.43570697,0,0.4486267,0,0,0.009929078,0,0.58125275,0.47003502,3
0.74371964,0.4555542,0.0070908675,9.56E-05,0.38159412,0.46982324,0.00043728837,1.42E-07,0.34851477,0.4641461,0.00039077012,1.30E-07,0.38961926,0.4486558,0.0002696078,6.99E-08,0.43765217,0.46403483,7.01E-23,1.05E-22,0.6285471,3.13E-06,0.41433874,2.93E-05,0.00011519427,0.43570697,0,0.4486267,0,0,0.009929078,0,0.58125275,0.47003502,3
0.7094775,0.58037585,0.2497919,0.12765849,0.38159412,0.46982324,0,0,0.34851477,0.4641461,0,0,0.38961926,0.4486558,0,0,0.43765217,0.46403483,0,0,0,0,0,0.98266613,0,0.43570697,0,0.4486267,0,0,2.08E-17,0,0.58125275,0.47003502,1
0.4038378,0.38043377,0.0058256323,0.0001072297,0.38159412,0.46982324,3.94E-07,1.16E-13,0.34851477,0.4641461,0.0003893053,1.29E-07,0.38961926,0.4486558,0.0006609308,4.20E-07,0.43765217,0.46403483,6.70E-22,1.33E-21,0.31845737,2.73E-08,0.2827704,2.49E-05,9.81E-05,0.43570697,0,0.4486267,0,0,0.009929078,0,0.58125275,0.47003502,3
0.001035834,0.0014997192,0.008223382,0.00091706484,0.38159412,0.46982294,9.62E-05,1.37E-06,0.34851477,0.45646688,0.023824515,0.0005318917,0.38966727,0.49961516,0.030772774,0.0010281616,0.43783408,0.5045418,2.65E-17,2.64E-17,0.0010976446,1.68E-17,0.0015916374,8.63E-10,6.43E-17,0.43570697,2.00E-05,0.4486267,0.0013665288,0.0039909286,0.044447295,0.00011681134,0.58125263,0.46963403,0
0.7117839,0.96140003,0.24444449,0.12142028,0.38159412,0.46982324,4.96E-05,1.83E-09,0.34851477,0.4641461,0.006057813,3.12E-05,0.38961926,0.4486558,0.0067364313,4.36E-05,0.43765217,0.46403483,1.23E-21,9.75E-22,0.575991,7.26E-16,0.8548307,1.53E-06,6.02E-06,0.43570697,0,0.4486267,0,0,0.3503546,0,0.58125275,0.47003502,4
0.40857512,0.29924884,0.21471116,0.13124588,0.38159412,0.46982324,0,0,0.34851477,0.4641461,0,0,0.38961926,0.4486558,0,0,0.43765217,0.46403483,0,0,0,0,0,0.9826648,0,0.43570697,0,0.4486267,0,0,2.08E-17,0,0.58125275,0.47003502,4
0.21824127,0.29840493,7.44E-05,3.74E-06,0.38159412,0.46982324,0,0,0.34851477,0.4641461,0,0,0.38961926,0.4486558,0,0,0.43765217,0.46403483,0,0,0,0,0,0.9826631,0,0.43570697,0,0.4486267,0,0,2.08E-17,0,0.58125275,0.47003502,2
0.22363141,0.24908996,7.53E-05,3.83E-06,0.38159412,0.46982324,0,0,0.34851477,0.4641461,0,0,0.38961926,0.4486558,0,0,0.43765217,0.46403483,0,0,0,0,0,0.982663,0,0.43570697,0,0.4486267,0,0,2.08E-17,0,0.58125275,0.47003502,2
0.7090481,0.79867727,0.25057063,0.1273043,0.38159412,0.46982324,0,0,0.34851477,0.4641461,0,0,0.38961926,0.4486558,0,0,0.43765217,0.46403483,0,0,0,0,0,0.9826662,0,0.43570697,0,0.4486267,0,0,2.08E-17,0,0.58125275,0.47003502,1
0.35645396,0.29262128,0.1840355,0.13426457,0.38159412,0.46982324,0,0,0.34851477,0.4641461,0,0,0.38961926,0.4486558,0,0,0.43765217,0.46403483,0,0,0,0,0,0.982667,0,0.43570697,0,0.4486267,0,0,2.08E-17,0,0.58125275,0.47003502,5
0.6304334,0.19649401,0.24848218,0.1282483,0.38159412,0.46982324,0,0,0.34851477,0.4641461,0,0,0.38961926,0.4486558,0,0,0.43765217,0.46403483,0,0,0,0,0,0.9826661,0,0.43570697,0,0.4486267,0,0,2.08E-17,0,0.58125275,0.47003502,1
0.45323938,0.54833186,0.2139296,0.13141488,0.38159412,0.46982324,0.00025125095,4.70E-08,0.34851477,0.4641461,0.009940063,8.41E-05,0.38961926,0.4486558,0.013342958,0.00017108476,0.43765217,0.46403483,1.09E-21,8.72E-22,0.33375284,3.37E-12,0.426729,6.75E-06,2.66E-05,0.43570697,0,0.4486267,0,0,0.3503546,0,0.58125275,0.47003502,4
0.00028357908,0.0004975145,0.015951088,0.007128628,0.38159412,0.46982324,0,0,0.34851477,0.4641461,0,0,0.38961926,0.4486558,0,0,0.43765217,0.46403483,0,0,3.35E-08,1.25E-20,1.61E-05,7.97E-08,1.92E-17,0.43570697,0,0.4486267,5.59E-05,0,2.08E-17,0,0.58125275,0.47003502,0
0.41651604,0.603216,0.21328612,0.13154736,0.38159412,0.46982324,0,0,0.34851477,0.4641461,0,0,0.38961926,0.4486558,0,0,0.43765217,0.46403483,0,0,0,0,0,0.98266506,0,0.43570697,0,0.4486267,0,0,2.08E-17,0,0.58125275,0.47003502,4
0.0010410532,0.0015615318,0.016799241,0.024525257,0.38159412,0.4698233,0.04770612,0.0016962438,0.3485169,0.46655664,0.051682867,0.002346708,0.3895835,0.437855,0.17541526,0.03305751,0.43908662,0.47411877,1.69E-20,1.83E-18,0.0009234638,6.34E-18,0.0016521532,8.03E-10,6.61E-18,0.43570697,0.0038117983,0.437436,0.0014360703,0.063900314,0.047469318,0.004097043,0.5808949,0.43927556,0
0.3836132,0.32937628,0.21055056,0.13944738,0.38159412,0.46982324,0.00046563696,1.62E-07,0.34851477,0.4641461,0.022866458,0.00044481648,0.38961926,0.4486558,0.02753456,0.00072855665,0.43765217,0.46403483,1.47E-21,2.15E-21,0.2633186,1.73E-07,0.2465469,3.38E-05,0.00013285741,0.43570697,0,0.4486267,0,0,0.35886526,0,0.58125275,0.47003502,1
0.42353973,0.59664893,0.21368763,0.13146588,0.38159412,0.46982324,0,0,0.34851477,0.4641461,0,0,0.38961926,0.4486558,0,0,0.43765217,0.46403483,0,0,0,0,0,0.982665,0,0.43570697,0,0.4486267,0,0,2.08E-17,0,0.58125275,0.47003502,4
0.0011776561,0.0015946307,0.007889532,0.00074918615,0.38159412,0.46982324,0.00019124648,4.27E-05,0.34851477,0.46403646,0.024872856,0.0007928585,0.38962078,0.44960183,0.03024852,0.0011163029,0.43789822,0.5105329,1.05E-17,1.03E-17,0.0010880276,6.82E-18,0.0016650894,7.93E-10,6.22E-18,0.43570697,0.00047349682,0.44734854,0.0014859913,0.003523273,0.039184637,0.0005210028,0.5812524,0.46926075,0
0.3615281,0.39112753,0.18358652,0.13425379,0.38159412,0.46982324,0,0,0.34851477,0.4641461,0,0,0.38961926,0.4486558,0,0,0.43765217,0.46403483,0,0,0,0,0,0.9826671,0,0.43570697,0,0.4486267,0,0,2.08E-17,0,0.58125275,0.47003502,5
0.71259224,0.74776995,0.24988413,0.12761797,0.38159412,0.46982324,2.49E-08,4.63E-16,0.34851477,0.4641461,0.002462271,5.16E-06,0.38961926,0.4486558,0.00584642,3.28E-05,0.43765217,0.46403483,4.14E-22,2.05E-22,0.57468647,1.32E-09,0.6635403,8.33E-06,3.28E-05,0.43570697,0,0.4486267,0,0,0.35886526,0,0.58125275,0.47003502,1
0.74233735,0.88530046,0.0072881724,9.28E-05,0.38159412,0.46982324,8.03E-07,4.80E-13,0.34851477,0.4641461,0.00015575488,2.06E-08,0.38961926,0.4486558,0.00024198856,5.63E-08,0.43765217,0.46403483,1.52E-23,1.64E-23,0.7388969,6.03E-12,0.8276374,4.00E-06,1.57E-05,0.43570697,0,0.4486267,0,0,0.009929078,0,0.58125275,0.47003502,3
0.36469075,0.42796966,0.0060213124,0.00010618972,0.38159412,0.46982324,1.54E-06,1.76E-12,0.34851477,0.4641461,0.0006207878,3.28E-07,0.38961926,0.4486558,0.0007359166,5.20E-07,0.43765217,0.46403483,3.24E-21,4.70E-21,0.30411074,8.28E-10,0.3291303,1.50E-05,5.92E-05,0.43570697,0,0.4486267,0,0,0.009929078,0,0.58125275,0.47003502,3
0.48029894,0.38150424,0.21306254,0.13159165,0.38159412,0.46982324,0.0011716048,1.02E-06,0.34851477,0.4641461,0.012666337,0.00013648506,0.38961926,0.4486558,0.014231691,0.00019463463,0.43765217,0.46403483,5.53E-22,5.98E-22,0.3380839,2.95E-07,0.29570243,3.04E-05,0.000119771445,0.43570697,0,0.4486267,0,0,0.3503546,0,0.58125275,0.47003502,4
0.39128056,0.47616097,0.0060346653,0.000106139596,0.38159412,0.46982324,0.00034185234,8.71E-08,0.34851477,0.4641461,0.00080264953,5.48E-07,0.38961926,0.4486558,0.000810958,6.32E-07,0.43765217,0.46403483,1.87E-21,2.90E-21,0.30783233,1.08E-11,0.36708894,8.75E-06,3.44E-05,0.43570697,0,0.4486267,0,0,0.009929078,0,0.58125275,0.47003502,3
0.7126055,0.9894648,0.24412265,0.12156398,0.38159412,0.46982324,0.00094310066,6.63E-07,0.34851477,0.4641461,0.008306396,5.87E-05,0.38961926,0.4486558,0.007262817,5.07E-05,0.43765217,0.46403483,1.80E-22,2.12E-22,0.58289075,1.08E-18,0.8786395,7.77E-07,3.06E-06,0.43570697,0,0.4486267,0,0,0.3503546,0,0.58125275,0.47003502,4
0.25362837,0.3362811,1.48E-05,1.51E-06,0.38159412,0.46982324,0,0,0.34851477,0.4641461,0,0,0.38961926,0.4486558,0,0,0.43765217,0.46403483,0,0,0,0,0,0.98266304,0,0.43570697,0,0.4486267,0,0,2.08E-17,0,0.58125275,0.47003502,2
0.40367666,0.5242326,0.21289624,0.13162768,0.38159412,0.46982324,0.001547678,1.78E-06,0.34851477,0.4641461,0.013190931,0.0001480246,0.38961926,0.4486558,0.014098604,0.00019101141,0.43765217,0.46403483,6.34E-21,4.44E-21,0.28659973,3.12E-11,0.40601698,8.73E-06,3.43E-05,0.43570697,0,0.4486267,0,0,0.3503546,0,0.58125275,0.47003502,4
0.44696817,0.26995745,0.21521896,0.13113649,0.38159412,0.46982324,3.74E-05,1.04E-09,0.34851477,0.4641461,0.011451945,0.00011156848,0.38961926,0.4486558,0.014248159,0.00019508532,0.43765217,0.46403483,3.29E-21,3.34E-21,0.32206857,8.66E-06,0.21136127,5.94E-05,0.00023380142,0.43570697,0,0.4486267,0,0,0.3503546,0,0.58125275,0.47003502,4
0.2312073,0.31285125,7.46E-05,3.64E-06,0.38159412,0.46982324,0,0,0.34851477,0.4641461,0,0,0.38961926,0.4486558,0,0,0.43765217,0.46403483,0,0,0,0,0,0.98266315,0,0.43570697,0,0.4486267,0,0,2.08E-17,0,0.58125275,0.47003502,2
0.5656621,0.82530385,0.0070968173,9.56E-05,0.38159412,0.46982324,0,0,0.34851477,0.4641461,0,0,0.38961926,0.4486558,0,0,0.43765217,0.46403483,0,0,0,0,0,0.98266566,0,0.43570697,0,0.4486267,0,0,2.08E-17,0,0.58125275,0.47003502,3
0.4756001,0.50044435,0.21306269,0.13159467,0.38159412,0.46982324,0,0,0.34851477,0.4641461,0,0,0.38961926,0.4486558,0,0,0.43765217,0.46403483,0,0,0,0,0,0.9826649,0,0.43570697,0,0.4486267,0,0,2.08E-17,0,0.58125275,0.47003502,4
0.7073321,0.40437442,0.24403302,0.12160297,0.38159412,0.46982324,0,0,0.34851477,0.4641461,0,0,0.38961926,0.4486558,0,0,0.43765217,0.46403483,0,0,0,0,0,0.98266476,0,0.43570697,0,0.4486267,0,0,2.08E-17,0,0.58125275,0.47003502,4
0.71509534,0.8629018,0.0070819636,9.58E-05,0.38159412,0.46982324,0,0,0.34851477,0.4641461,0,0,0.38961926,0.4486558,0,0,0.43765217,0.46403483,0,0,0,0,0,0.98266566,0,0.43570697,0,0.4486267,0,0,2.08E-17,0,0.58125275,0.47003502,3
0.708372,0.86558765,0.24435577,0.12145955,0.38159412,0.46982324,0.001178858,1.04E-06,0.34851477,0.4641461,0.008320098,5.89E-05,0.38961926,0.4486558,0.0069822064,4.68E-05,0.43765217,0.46403483,8.08E-23,1.29E-22,0.58323425,5.91E-12,0.7693629,4.19E-06,1.65E-05,0.43570697,0,0.4486267,0,0,0.3503546,0,0.58125275,0.47003502,4
0.0011547254,0.0016459951,0.007641227,0.00068064657,0.38159412,0.46982324,1.39E-09,1.44E-18,0.34851477,0.4641461,1.41E-09,1.89E-18,0.38961926,0.4486558,0,0,0.43765217,0.46403483,0,3.79E-23,4.79E-05,2.55E-17,0.00014300307,1.31E-08,1.83E-16,0.43570697,2.03E-18,0.4486267,0.00049579144,0,0.017626109,0,0.58125275,0.47003502,0
0.43454,0.53057617,0.21337885,0.13152881,0.38159412,0.46982324,0.00033387527,8.30E-08,0.34851477,0.4641461,0.011113315,0.00010506796,0.38961926,0.4486558,0.013824688,0.00018366135,0.43765217,0.46403483,6.28E-22,1.05E-21,0.3145791,2.21E-11,0.41185594,8.39E-06,3.30E-05,0.43570697,0,0.4486267,0,0,0.3503546,0,0.58125275,0.47003502,4
0.3227156,0.17686194,0.00536429,0.00010827332,0.38159412,0.46982324,0,0,0.34851477,0.4641461,0,0,0.38961926,0.4486558,0,0,0.43765217,0.46403483,0,0,0,0,0,0.98266554,0,0.43570697,0,0.4486267,0,0,2.08E-17,0,0.58125275,0.47003502,3
0.71913177,0.8255352,0.24378942,0.12171161,0.38159412,0.46982324,0.00026928957,5.40E-08,0.34851477,0.4641461,0.0071214344,4.31E-05,0.38961926,0.4486558,0.0068075336,4.45E-05,0.43765217,0.46403483,9.86E-22,4.37E-22,0.58273154,6.29E-11,0.73206013,5.58E-06,2.19E-05,0.43570697,0,0.4486267,0,0,0.3503546,0,0.58125275,0.47003502,4
0.22693758,0.31632206,7.33E-05,3.72E-06,0.38159412,0.46982324,0,0,0.34851477,0.4641461,0,0,0.38961926,0.4486558,0,0,0.43765217,0.46403483,0,0,0,0,0,0.9826632,0,0.43570697,0,0.4486267,0,0,2.08E-17,0,0.58125275,0.47003502,2
0.7225298,0.7339245,0.24345034,0.12186089,0.38159412,0.46982324,0,0,0.34851477,0.4641461,0,0,0.38961926,0.4486558,0,0,0.43765217,0.46403483,0,0,0,0,0,0.9826649,0,0.43570697,0,0.4486267,0,0,2.08E-17,0,0.58125275,0.47003502,4
0.0008085759,0.0015383295,0.00880005,0.0018735847,0.38159412,0.4724991,0.0023458106,1.51E-05,0.34851518,0.4824466,0.035113383,0.0012464732,0.38984996,0.5442733,0.04226351,0.017951142,0.4381413,0.47701368,1.40E-17,2.66E-17,0.0008100041,2.71E-17,0.0015841171,0.0002459261,0.0009660272,0.43570697,0.00029950828,0.44856545,0.001387045,0.016281653,0.04321156,0.016553953,0.5812719,0.47168276,0
0.22071204,0.29123688,7.33E-05,3.64E-06,0.38159412,0.46982324,0,0,0.34851477,0.4641461,0,0,0.38961926,0.4486558,0,0,0.43765217,0.46403483,0,0,0,0,0,0.98266304,0,0.43570697,0,0.4486267,0,0,2.08E-17,0,0.58125275,0.47003502,2
0.2544491,0.32377312,1.56E-05,1.57E-06,0.38159412,0.46982324,0,0,0.34851477,0.4641461,0,0,0.38961926,0.4486558,0,0,0.43765217,0.46403483,0,0,0,0,0,0.98266304,0,0.43570697,0,0.4486267,0,0,2.08E-17,0,0.58125275,0.47003502,2
0.25583985,0.24597579,1.68E-05,1.70E-06,0.38159412,0.46982324,0,0,0.34851477,0.4641461,0,0,0.38961926,0.4486558,0,0,0.43765217,0.46403483,0,0,0,0,0,0.9826629,0,0.43570697,0,0.4486267,0,0,2.08E-17,0,0.58125275,0.47003502,2
0.711196,0.7168469,0.2500629,0.12753625,0.38159412,0.46982324,0,0,0.34851477,0.4641461,0,0,0.38961926,0.4486558,0,0,0.43765217,0.46403483,0,0,0,0,0,0.98266613,0,0.43570697,0,0.4486267,0,0,2.08E-17,0,0.58125275,0.47003502,1
0.71628666,0.5625311,0.24300587,0.12205576,0.38159412,0.46982324,5.82E-05,2.53E-09,0.34851477,0.4641461,0.0060877753,3.15E-05,0.38961926,0.4486558,0.006759389,4.39E-05,0.43765217,0.46403483,1.11E-22,1.23E-22,0.5799521,3.02E-07,0.49723038,1.92E-05,7.54E-05,0.43570697,0,0.4486267,0,0,0.3503546,0,0.58125275,0.47003502,4
0.344435,0.44545382,0.20385945,0.14027615,0.38159412,0.46982324,0,0,0.34851477,0.4641461,0,0,0.38961926,0.4486558,0,0,0.43765217,0.46403483,0,0,0,0,0,0.9826662,0,0.43570697,0,0.4486267,0,0,2.08E-17,0,0.58125275,0.47003502,1
0.35569927,0.2948329,0.1835516,0.13425526,0.38159412,0.46982324,0,0,0.34851477,0.4641461,0,0,0.38961926,0.4486558,0,0,0.43765217,0.46403483,0,0,0,0,0,0.982667,0,0.43570697,0,0.4486267,0,0,2.08E-17,0,0.58125275,0.47003502,5
0.7137141,0.59324193,0.24969798,0.12770145,0.38159412,0.46982324,2.52E-06,4.74E-12,0.34851477,0.4641461,0.0045319065,1.75E-05,0.38961926,0.4486558,0.0064734677,4.03E-05,0.43765217,0.46403483,2.15E-22,1.44E-22,0.57546663,1.35E-07,0.5260307,1.67E-05,6.56E-05,0.43570697,0,0.4486267,0,0,0.35886526,0,0.58125275,0.47003502,1
0.20590256,0.29147252,7.60E-05,3.73E-06,0.38159412,0.46982324,0,0,0.34851477,0.4641461,0,0,0.38961926,0.4486558,0,0,0.43765217,0.46403483,0,0,0,0,0,0.98266304,0,0.43570697,0,0.4486267,0,0,2.08E-17,0,0.58125275,0.47003502,2
0.4404956,0.5692197,0.21362668,0.13147686,0.38159412,0.46982324,0,0,0.34851477,0.4641461,0,0,0.38961926,0.4486558,0,0,0.43765217,0.46403483,0,0,0,0,0,0.98266494,0,0.43570697,0,0.4486267,0,0,2.08E-17,0,0.58125275,0.47003502,4
0.25850278,0.3592065,1.58E-05,1.61E-06,0.38159412,0.46982324,0,0,0.34851477,0.4641461,0,0,0.38961926,0.4486558,0,0,0.43765217,0.46403483,0,0,0,0,0,0.9826632,0,0.43570697,0,0.4486267,0,0,2.08E-17,0,0.58125275,0.47003502,2
0.71386397,0.85125345,0.2444637,0.121412046,0.38159412,0.46982324,2.09E-07,3.26E-14,0.34851477,0.4641461,0.0034818435,1.03E-05,0.38961926,0.4486558,0.0062362277,3.74E-05,0.43765217,0.46403483,8.01E-23,1.16E-22,0.5898811,1.50E-11,0.75694376,4.68E-06,1.84E-05,0.43570697,0,0.4486267,0,0,0.3503546,0,0.58125275,0.47003502,4
0.49101266,0.5586934,0.21327695,0.13155016,0.38159412,0.46982324,0,0,0.34851477,0.4641461,0,0,0.38961926,0.4486558,0,0,0.43765217,0.46403483,0,0,0,0,0,0.98266494,0,0.43570697,0,0.4486267,0,0,2.08E-17,0,0.58125275,0.47003502,4
0.22087303,0.31741476,7.30E-05,3.64E-06,0.38159412,0.46982324,0,0,0.34851477,0.4641461,0,0,0.38961926,0.4486558,0,0,0.43765217,0.46403483,0,0,0,0,0,0.9826633,0,0.43570697,0,0.4486267,0,0,2.08E-17,0,0.58125275,0.47003502,2
0.22385386,0.2781408,7.36E-05,3.82E-06,0.38159412,0.46982324,0,0,0.34851477,0.4641461,0,0,0.38961926,0.4486558,0,0,0.43765217,0.46403483,0,0,0,0,0,0.98266304,0,0.43570697,0,0.4486267,0,0,2.08E-17,0,0.58125275,0.47003502,2
0.00033058182,0.00042544425,0.017954288,0.011109671,0.38159412,0.46982324,1.39E-09,0.0073882835,0.34851477,0.4641461,1.41E-09,0.008662138,0.38961926,0.4486558,0.00582873,0.009797666,0.4376525,0.4641209,6.60E-15,1.47E-14,0.00013083925,1.65E-14,9.55E-05,2.97E-08,1.08E-14,0.43570697,3.63E-18,0.4486267,7.46E-05,1.98E-09,0.009929078,3.80E-18,0.58125275,0.47003502,0
0.72081906,0.90141284,0.24405693,0.12159314,0.38159412,0.46982324,0.0062573375,2.92E-05,0.34851477,0.4641461,0.009735668,8.06E-05,0.38961926,0.4486558,0.0070759566,4.81E-05,0.43765217,0.46403483,1.95E-22,2.00E-22,0.5882532,4.44E-13,0.80022955,3.11E-06,1.22E-05,0.43570697,0,0.4486267,0,0,0.3503546,0,0.58125275,0.47003502,4
0.00092860206,0.001563709,0.008801192,0.0009774544,0.38159412,0.48636928,0.0026994678,5.44E-06,0.34851506,0.54129887,0.034530267,0.001058951,0.3897835,0.5516515,0.034305856,0.0013332589,0.43783525,0.49414212,3.27E-17,3.27E-17,0.0009845445,2.19E-17,0.0016771958,7.99E-10,1.74E-17,0.43570697,8.78E-05,0.44856685,0.0013895609,0.0018357142,0.039385498,0.0004957825,0.5812513,0.46388054,0
0.0009860971,0.0015430534,0.008371906,0.00087632076,0.38159412,0.46982324,0.0006908693,1.94E-06,0.34851477,0.46414444,0.009676563,0.00014237809,0.3896106,0.4174397,0.010189537,0.00015259106,0.43765932,0.4738306,1.55E-25,1.68E-19,0.00021602018,3.83E-17,0.00037645386,4.90E-09,5.12E-17,0.4357052,0.00015363704,0.41741258,0.0013051649,0.01015116,0.028180385,0.00015256142,0.5812586,0.479721,0
0.22549467,0.29613903,7.53E-05,3.77E-06,0.38159412,0.46982324,0,0,0.34851477,0.4641461,0,0,0.38961926,0.4486558,0,0,0.43765217,0.46403483,0,0,0,0,0,0.9826631,0,0.43570697,0,0.4486267,0,0,2.08E-17,0,0.58125275,0.47003502,2
0.7203018,0.99450076,0.243997,0.121619605,0.38159412,0.46982324,0.016904749,0.00021289893,0.34851477,0.4641461,0.011154337,0.00010584506,0.38961926,0.4486558,0.0076152217,5.57E-05,0.43765217,0.46403483,7.93E-23,1.11E-22,0.58701074,2.39E-19,0.8826653,6.65E-07,2.62E-06,0.43570697,0,0.4486267,0,0,0.3503546,0,0.58125275,0.47003502,4
0.44291562,0.605824,0.2137442,0.13145219,0.38159412,0.46982324,0,0,0.34851477,0.4641461,0,0,0.38961926,0.4486558,0,0,0.43765217,0.46403483,0,0,0,0,0,0.98266506,0,0.43570697,0,0.4486267,0,0,2.08E-17,0,0.58125275,0.47003502,4
0.40942836,0.3949171,0.0058555976,0.00010708685,0.38159412,0.46982324,1.24E-08,1.14E-16,0.34851477,0.4641461,0.0002771969,6.54E-08,0.38961926,0.4486558,0.0006245928,3.75E-07,0.43765217,0.46403483,2.33E-21,4.44E-21,0.30956396,1.38E-08,0.2950282,2.23E-05,8.76E-05,0.43570697,0,0.4486267,0,0,0.009929078,0,0.58125275,0.47003502,3
0.7442842,0.757287,0.0071037346,9.55E-05,0.38159412,0.46982324,0.000277766,5.75E-08,0.34851477,0.4641461,0.0003509926,1.05E-07,0.38961926,0.4486558,0.00027246855,7.13E-08,0.43765217,0.46403483,8.30E-23,1.42E-22,0.6315985,3.23E-09,0.6899879,8.84E-06,3.48E-05,0.43570697,0,0.4486267,0,0,0.009929078,0,0.58125275,0.47003502,3
0.6773316,0.8430583,0.0070746364,9.59E-05,0.38159412,0.46982324,2.52E-07,4.75E-14,0.34851477,0.4641461,0.00019558944,3.25E-08,0.38961926,0.4486558,0.0002534106,6.17E-08,0.43765217,0.46403483,2.91E-22,2.17E-21,0.5547789,5.62E-11,0.76500314,5.25E-06,2.07E-05,0.43570697,0,0.4486267,0,0,0.009929078,0,0.58125275,0.47003502,3
0.7146052,0.86100453,0.24429543,0.12148702,0.38159412,0.46982324,0,0,0.34851477,0.4641461,0,0,0.38961926,0.4486558,0,0,0.43765217,0.46403483,0,0,0,0,0,0.98266494,0,0.43570697,0,0.4486267,0,0,2.08E-17,0,0.58125275,0.47003502,4
0.7134273,0.6426508,0.25030702,0.12742543,0.38159412,0.46982324,3.52E-08,9.25E-16,0.34851477,0.4641461,0.0023695529,4.78E-06,0.38961926,0.4486558,0.005826866,3.26E-05,0.43765217,0.46403483,1.04E-22,1.12E-22,0.5849431,3.68E-08,0.57122576,1.35E-05,5.32E-05,0.43570697,0,0.4486267,0,0,0.35886526,0,0.58125275,0.47003502,1
0.38528207,0.47448757,0.006029652,0.000106173706,0.38159412,0.46982324,0.0005555655,2.30E-07,0.34851477,0.4641461,0.0008487614,6.13E-07,0.38961926,0.4486558,0.00081684114,6.41E-07,0.43765217,0.46403483,1.02E-20,5.70E-21,0.30437496,1.21E-11,0.3654705,8.88E-06,3.49E-05,0.43570697,0,0.4486267,0,0,0.009929078,0,0.58125275,0.47003502,3
0.42848513,0.1606753,0.21605659,0.1309521,0.38159412,0.46982324,0,0,0.34851477,0.4641461,0,0,0.38961926,0.4486558,0,0,0.43765217,0.46403483,0,0,0,0,0,0.98266476,0,0.43570697,0,0.4486267,0,0,2.08E-17,0,0.58125275,0.47003502,4
0.7440084,0.82746553,0.0071007907,9.55E-05,0.38159412,0.46982324,0.0006317615,2.97E-07,0.34851477,0.4641461,0.0004001018,1.36E-07,0.38961926,0.4486558,0.00027598988,7.32E-08,0.43765217,0.46403483,5.39E-23,8.53E-23,0.6293527,2.35E-10,0.75364643,6.23E-06,2.45E-05,0.43570697,0,0.4486267,0,0,0.009929078,0,0.58125275,0.47003502,3
0.33200017,0.43358624,0.20206372,0.14043885,0.38159412,0.46982324,0,0,0.34851477,0.4641461,0,0,0.38961926,0.4486558,0,0,0.43765217,0.46403483,0,0,0,0,0,0.9826662,0,0.43570697,0,0.4486267,0,0,2.08E-17,0,0.58125275,0.47003502,1
0.80899435,0.84160084,0.008111278,7.76E-05,0.38159412,0.46982324,2.10E-05,3.29E-10,0.34851477,0.4641461,0.00021156973,3.81E-08,0.38961926,0.4486558,0.00025447903,6.22E-08,0.43765217,0.46403483,1.34E-22,9.76E-23,0.7853563,1.52E-10,0.87354183,5.26E-06,2.07E-05,0.43570697,0,0.4486267,0,0,0.009929078,0,0.58125275,0.47003502,3
0.7144544,0.99334687,0.24431144,0.12148003,0.38159412,0.46982324,0.029082099,0.0006300972,0.34851477,0.4641461,0.0117763,0.00011797793,0.38961926,0.4486558,0.0076578385,5.64E-05,0.43765217,0.46403483,7.42E-23,1.32E-22,0.5895784,2.66E-19,0.8827789,6.73E-07,2.65E-06,0.43570697,0,0.4486267,0,0,0.3503546,0,0.58125275,0.47003502,4
0.49579272,0.4758422,0.21319978,0.13156633,0.38159412,0.46982324,0.036526743,0.0009939806,0.34851477,0.4641461,0.016809719,0.00024038313,0.38961926,0.4486558,0.015225429,0.0002227646,0.43765217,0.46403483,7.36E-22,7.45E-22,0.3550618,3.38E-09,0.36908722,1.57E-05,6.17E-05,0.43570697,0,0.4486267,0,0,0.3503546,0,0.58125275,0.47003502,4
0.26184082,0.36254907,1.62E-05,1.65E-06,0.38159412,0.46982324,0,0,0.34851477,0.4641461,0,0,0.38961926,0.4486558,0,0,0.43765217,0.46403483,0,0,0,0,0,0.9826633,0,0.43570697,0,0.4486267,0,0,2.08E-17,0,0.58125275,0.47003502,2
0.40839925,0.16697653,0.20775442,0.13983443,0.38159412,0.46982324,0.00017029664,2.16E-08,0.34851477,0.4641461,0.019805655,0.00033370408,0.38961926,0.4486558,0.02390308,0.00054905366,0.43765217,0.46403483,1.09E-21,7.09E-19,0.28777504,4.38E-05,0.12327867,0.00011848617,0.0004660572,0.43570697,0,0.4486267,0,0,0.35886526,0,0.58125275,0.47003502,1
0.71352434,0.992426,0.24434774,0.12146364,0.38159412,0.46982324,0,0,0.34851477,0.4641461,0,0,0.38961926,0.4486558,0,0,0.43765217,0.46403483,0,0,0,0,0,0.98266506,0,0.43570697,0,0.4486267,0,0,2.08E-17,0,0.58125275,0.47003502,4
0.43361616,0.6039546,0.21182434,0.13183837,0.38159412,0.46982324,6.53E-05,3.17E-09,0.34851477,0.4641461,0.010812695,9.95E-05,0.38961926,0.4486558,0.013262581,0.00016902976,0.43765217,0.46403483,3.86E-22,4.23E-22,0.29962465,4.35E-20,0.46538302,9.94E-07,3.91E-06,0.43570697,0,0.4486267,0,0,0.3503546,0,0.58125275,0.47003502,4
0.002933178,0.0008079733,0.03735638,0.040289767,0.3409922,0.364211,0.284333,0.2712371,0.3057329,0.3545731,0.2818212,0.30720675,0.3476788,0.34598818,0.25299183,0.288949,0.4278196,0.45306897,8.47E-18,9.16E-18,0.0031855607,2.86E-17,0.00064465735,2.92E-09,1.91E-16,0.43570697,0,0.4486267,0,0,0.009929078,0,0.58125275,0.47003502,0
0.7171121,0.9861537,0.24402344,0.121607564,0.38159412,0.46982324,0,0,0.34851477,0.4641461,0,0,0.38961926,0.4486558,0,0,0.43765217,0.46403483,0,0,0,0,0,0.98266506,0,0.43570697,0,0.4486267,0,0,2.08E-17,0,0.58125275,0.47003502,4
0.7301615,0.76582384,0.24406074,0.12159094,0.38159412,0.46982324,0.00013603675,1.38E-08,0.34851477,0.4641461,0.0065885177,3.69E-05,0.38961926,0.4486558,0.006717944,4.34E-05,0.43765217,0.46403483,1.39E-22,1.58E-22,0.6008449,8.70E-10,0.6798625,7.83E-06,3.08E-05,0.43570697,0,0.4486267,0,0,0.3503546,0,0.58125275,0.47003502,4
0.25945935,0.26542836,1.64E-05,1.67E-06,0.38159412,0.46982324,0,0,0.34851477,0.4641461,0,0,0.38961926,0.4486558,0,0,0.43765217,0.46403483,0,0,0,0,0,0.9826629,0,0.43570697,0,0.4486267,0,0,2.08E-17,0,0.58125275,0.47003502,2
0.46031734,0.37281644,0.21399254,0.131399,0.38159412,0.46982324,0.0024455632,4.46E-06,0.34851477,0.4641461,0.01406364,0.00016825907,0.38961926,0.4486558,0.014501803,0.0002020929,0.43765217,0.46403483,3.70E-22,8.69E-22,0.33145532,3.64E-07,0.29023498,3.16E-05,0.00012436268,0.43570697,0,0.4486267,0,0,0.3503546,0,0.58125275,0.47003502,4
0.7091859,0.684462,0.008076761,7.89E-05,0.38159412,0.46982324,1.02E-05,7.70E-11,0.34851477,0.4641461,0.0002525296,5.43E-08,0.38961926,0.4486558,0.0002779405,7.42E-08,0.43765217,0.46403483,5.92E-23,7.39E-23,0.6742438,1.79E-08,0.7057826,1.03E-05,4.06E-05,0.43570697,0,0.4486267,0,0,0.009929078,0,0.58125275,0.47003502,3
0.7151712,0.9467744,0.24508345,0.12113358,0.38159412,0.46982324,9.46E-06,6.67E-11,0.34851477,0.4641461,0.005093818,2.21E-05,0.38961926,0.4486558,0.0065672575,4.14E-05,0.43765217,0.46403483,1.14E-22,1.84E-22,0.590821,7.52E-15,0.8440239,1.96E-06,7.72E-06,0.43570697,0,0.4486267,0,0,0.3503546,0,0.58125275,0.47003502,4
0.22075,0.15162402,7.83E-05,4.14E-06,0.38159412,0.46982324,0,0,0.34851477,0.4641461,0,0,0.38961926,0.4486558,0,0,0.43765217,0.46403483,0,0,0,0,0,0.98266286,0,0.43570697,0,0.4486267,0,0,2.08E-17,0,0.58125275,0.47003502,2
0.0006450341,0.0014638003,0.007893863,0.000725851,0.38159412,0.46982324,7.75E-07,0.000518793,0.34851477,0.46414807,0.017612474,0.00061754487,0.38965893,0.48463672,0.02956562,0.0010798982,0.43789202,0.5107173,7.16E-25,4.84E-19,0.0006338301,2.95E-17,0.0015610424,8.90E-10,1.88E-17,0.43570697,1.45E-06,0.46867174,0.0012955825,0.0036576358,0.041243188,0.0003571587,0.5812664,0.5057353,0
0.4975003,0.2396807,0.2154782,0.13107735,0.38159412,0.46982324,0.002628082,5.15E-06,0.34851477,0.4641461,0.017011737,0.00024619565,0.38961926,0.4486558,0.015805231,0.00024005392,0.43765217,0.46403483,5.12E-22,1.78E-21,0.35836414,1.91E-05,0.187897,7.31E-05,0.00028771578,0.43570697,0,0.4486267,0,0,0.3503546,0,0.58125275,0.47003502,4
0.29508743,0.09206699,0.18285349,0.1342582,0.38159412,0.46982324,0,0,0.34851477,0.4641461,0,0,0.38961926,0.4486558,0,0,0.43765217,0.46403483,0,0,0,0,0,0.98266697,0,0.43570697,0,0.4486267,0,0,2.08E-17,0,0.58125275,0.47003502,5
0.7525786,0.46651703,0.007079859,9.58E-05,0.38159412,0.46982324,0,0,0.34851477,0.4641461,0,0,0.38961926,0.4486558,0,0,0.43765217,0.46403483,0,0,0,0,0,0.98266554,0,0.43570697,0,0.4486267,0,0,2.08E-17,0,0.58125275,0.47003502,3
0.47331834,0.5934337,0.21518762,0.13114327,0.38159412,0.46982324,0.0057769003,2.49E-05,0.34851477,0.4641461,0.014352883,0.00017525135,0.38961926,0.4486558,0.013199821,0.00016743383,0.43765217,0.46403483,3.87E-22,7.66E-22,0.3465152,1.48E-14,0.4645426,3.62E-06,1.42E-05,0.43570697,0,0.4486267,0,0,0.3503546,0,0.58125275,0.47003502,4
0.7185858,0.95820826,0.24471346,0.121300094,0.38159412,0.46982324,0.0016614513,2.06E-06,0.34851477,0.4641461,0.008591855,6.28E-05,0.38961926,0.4486558,0.006990701,4.70E-05,0.43765217,0.46403483,1.90E-22,1.78E-22,0.587566,1.46E-15,0.8529364,1.65E-06,6.48E-06,0.43570697,0,0.4486267,0,0,0.3503546,0,0.58125275,0.47003502,4
0.23791775,0.047279447,0.18000823,0.13414761,0.38159412,0.46982324,0.0012903493,1.24E-06,0.34851477,0.4641461,0.021457754,0.00039169818,0.38961926,0.4486558,0.026114838,0.0006553628,0.43765217,0.46403483,9.72E-13,4.81E-06,0.14302713,0.0016378216,0.030979691,0.0006312278,0.0024815903,0.43570697,1.16E-16,0.4486267,0.10726811,1.58E-08,0.3503546,2.43E-16,0.58125275,0.47003502,5
0.42192626,0.6040378,0.21368349,0.13146453,0.38159412,0.46982324,0.010310406,7.92E-05,0.34851477,0.4641461,0.017624853,0.0002642616,0.38961926,0.4486558,0.0136769395,0.00017975665,0.43765217,0.46403483,1.10E-21,1.03E-21,0.30071473,1.34E-18,0.46954584,1.39E-06,5.47E-06,0.43570697,0,0.4486267,0,0,0.3503546,0,0.58125275,0.47003502,4
0.7145337,0.887088,0.24400738,0.12161515,0.38159412,0.46982324,6.58E-07,3.23E-13,0.34851477,0.4641461,0.003939966,1.32E-05,0.38961926,0.4486558,0.0064042197,3.94E-05,0.43765217,0.46403483,2.02E-22,1.49E-22,0.58192945,1.33E-12,0.7873393,3.52E-06,1.39E-05,0.43570697,0,0.4486267,0,0,0.3503546,0,0.58125275,0.47003502,4
0.3634439,0.3304312,0.18359937,0.13425642,0.38159412,0.46982324,0,0,0.34851477,0.4641461,0,0,0.38961926,0.4486558,0,0,0.43765217,0.46403483,0,0,0,0,0,0.982667,0,0.43570697,0,0.4486267,0,0,2.08E-17,0,0.58125275,0.47003502,5
0.45252293,0.21026713,0.21576282,0.13101333,0.38159412,0.46982324,0,0,0.34851477,0.4641461,0,0,0.38961926,0.4486558,0,0,0.43765217,0.46403483,0,0,0,0,0,0.98266476,0,0.43570697,0,0.4486267,0,0,2.08E-17,0,0.58125275,0.47003502,4
0.22779562,0.31846386,7.24E-05,3.61E-06,0.38159412,0.46982324,0,0,0.34851477,0.4641461,0,0,0.38961926,0.4486558,0,0,0.43765217,0.46403483,0,0,0,0,0,0.9826633,0,0.43570697,0,0.4486267,0,0,2.08E-17,0,0.58125275,0.47003502,2
0.35661936,0.18911508,0.18385717,0.13426025,0.38159412,0.46982324,0.0023791234,4.22E-06,0.34851477,0.4641461,0.018204104,0.00028191725,0.38961926,0.4486558,0.020504726,0.0004040313,0.43765217,0.46403483,2.01E-21,2.20E-21,0.22283483,2.71E-05,0.12652643,0.00010726711,0.00042193313,0.43570697,1.28E-15,0.4486267,0.43831876,9.64E-08,0.3503546,8.99E-15,0.58125275,0.47003502,5
0.48998725,0.23636384,0.21594682,0.13097101,0.38159412,0.46982324,0.0032460068,7.85E-06,0.34851477,0.4641461,0.01749871,0.0002604924,0.38961926,0.4486558,0.015936773,0.00024406632,0.43765217,0.46403483,7.18E-22,2.46E-21,0.35543525,2.02E-05,0.18570063,7.44E-05,0.00029252676,0.43570697,0,0.4486267,0,0,0.3503546,0,0.58125275,0.47003502,4
0.6224365,0.83357537,0.0071001644,9.56E-05,0.38159412,0.46982324,6.38E-07,3.04E-13,0.34851477,0.4641461,0.00022018747,4.12E-08,0.38961926,0.4486558,0.0002567186,6.33E-08,0.43765217,0.46403483,1.58E-21,1.21E-20,0.52536285,7.12E-11,0.75913894,5.39E-06,2.12E-05,0.43570697,0,0.4486267,0,0,0.009929078,0,0.58125275,0.47003502,3
0.3195922,0.09678756,0.18069014,0.13417149,0.38159412,0.46982324,0.014246213,0.00015120108,0.34851477,0.4641461,0.020149285,0.0003453841,0.38961926,0.4486558,0.021732772,0.00045387607,0.43765217,0.46403483,1.32E-20,8.25E-11,0.1911827,0.00040171185,0.06364429,0.00027491743,0.0010811954,0.43570697,2.32E-16,0.4486267,0.22045784,4.88E-08,0.3503546,2.31E-15,0.58125275,0.47003502,5
0.72621065,0.33109233,0.0070419586,9.63E-05,0.38159412,0.46982324,0,0,0.34851477,0.4641461,0,0,0.38961926,0.4486558,0,0,0.43765217,0.46403483,0,0,0,0,0,0.98266554,0,0.43570697,0,0.4486267,0,0,2.08E-17,0,0.58125275,0.47003502,3
0.45793998,0.60143733,0.21345592,0.13151306,0.38159412,0.46982324,0,0,0.34851477,0.4641461,0,0,0.38961926,0.4486558,0,0,0.43765217,0.46403483,0,0,0,0,0,0.982665,0,0.43570697,0,0.4486267,0,0,2.08E-17,0,0.58125275,0.47003502,4
0.3525314,0.11418871,0.0055843648,0.0001077584,0.38159412,0.46982324,0,0,0.34851477,0.4641461,0,0,0.38961926,0.4486558,0,0,0.43765217,0.46403483,0,0,0,0,0,0.9826655,0,0.43570697,0,0.4486267,0,0,2.08E-17,0,0.58125275,0.47003502,3
0.35370478,0.2974683,0.21146688,0.1393103,0.38159412,0.46982324,0.035890955,0.00095967914,0.34851477,0.4641461,0.026947936,0.0006177803,0.38961926,0.4486558,0.027768,0.0007409625,0.43765217,0.46403483,3.89E-21,5.75E-21,0.23791525,5.76E-07,0.22363919,4.16E-05,0.0001634743,0.43570697,0,0.4486267,0,0,0.35886526,0,0.58125275,0.47003502,1
0.75156665,0.71382225,0.0070890067,9.57E-05,0.38159412,0.46982324,2.25E-06,3.79E-12,0.34851477,0.4641461,0.00018750512,2.99E-08,0.38961926,0.4486558,0.00024395651,5.72E-08,0.43765217,0.46403483,2.21E-22,2.01E-22,0.6301887,1.24E-08,0.64905757,1.08E-05,4.23E-05,0.43570697,0,0.4486267,0,0,0.009929078,0,0.58125275,0.47003502,3
0.006149899,0.0024135476,0.05633893,0.07649439,0.38159412,0.46982324,1.97E-09,2.89E-18,0.34851477,0.4641461,1.99E-09,3.36E-18,0.38961926,0.4486558,1.99E-09,3.80E-18,0.43765217,0.46403483,1.68E-18,1.56E-18,0.0013644198,8.69E-14,0.0004150565,4.97E-08,2.25E-13,0.43570697,0,0.4486267,0,0,0.009929078,0,0.58125275,0.47003502,0
0.3562412,0.36674196,0.18377328,0.1342569,0.38159412,0.46982324,0.0030594561,6.97E-06,0.34851477,0.4641461,0.015229816,0.00019732057,0.38961926,0.4486558,0.017053995,0.00027948554,0.43765217,0.46403483,9.10E-22,6.79E-22,0.21785943,9.57E-09,0.24520355,2.49E-05,9.81E-05,0.43570697,8.13E-16,0.4486267,0.8496537,1.29E-07,0.3503546,1.62E-14,0.58125275,0.47003502,5
0.7088007,0.60455227,0.24960557,0.12774362,0.38159412,0.46982324,5.78E-07,2.49E-13,0.34851477,0.4641461,0.0039228923,1.31E-05,0.38961926,0.4486558,0.006319236,3.84E-05,0.43765217,0.46403483,2.57E-22,1.79E-22,0.57057023,1.01E-07,0.5358601,1.59E-05,6.26E-05,0.43570697,0,0.4486267,0,0,0.35886526,0,0.58125275,0.47003502,1
0.36644927,0.22552674,0.18370686,0.13425775,0.38159412,0.46982324,0,0,0.34851477,0.4641461,0,0,0.38961926,0.4486558,0,0,0.43765217,0.46403483,0,0,0,0,0,0.982667,0,0.43570697,0,0.4486267,0,0,2.08E-17,0,0.58125275,0.47003502,5
0.2177291,0.26410347,7.52E-05,3.77E-06,0.38159412,0.46982324,0,0,0.34851477,0.4641461,0,0,0.38961926,0.4486558,0,0,0.43765217,0.46403483,0,0,0,0,0,0.982663,0,0.43570697,0,0.4486267,0,0,2.08E-17,0,0.58125275,0.47003502,2
0.6942333,0.31183457,0.2511424,0.12704158,0.38159412,0.46982324,0,0,0.34851477,0.4641461,0,0,0.38961926,0.4486558,0,0,0.43765217,0.46403483,0,0,0,0,0,0.9826661,0,0.43570697,0,0.4486267,0,0,2.08E-17,0,0.58125275,0.47003502,1
0.40360093,0.4496019,0.006046145,0.00010603091,0.38159412,0.46982324,0,0,0.34851477,0.4641461,0,0,0.38961926,0.4486558,0,0,0.43765217,0.46403483,0,0,0,0,0,0.98266566,0,0.43570697,0,0.4486267,0,0,2.08E-17,0,0.58125275,0.47003502,3
0.4311425,0.30567753,0.21383005,0.13143465,0.38159412,0.46982324,1.16E-07,9.99E-15,0.34851477,0.4641461,0.006650909,3.76E-05,0.38961926,0.4486558,0.012691465,0.00015478564,0.43765217,0.46403483,3.97E-22,9.92E-22,0.306117,2.92E-06,0.23776439,4.72E-05,0.00018549159,0.43570697,0,0.4486267,0,0,0.3503546,0,0.58125275,0.47003502,4
0.35706547,0.42061737,0.0058433954,0.00010710695,0.38159412,0.46982324,2.81E-05,5.89E-10,0.34851477,0.4641461,0.0009128891,7.09E-07,0.38961926,0.4486558,0.0007764766,5.79E-07,0.43765217,0.46403483,9.62E-22,1.72E-21,0.2550188,1.79E-09,0.31376383,1.67E-05,6.59E-05,0.43570697,0,0.4486267,0,0,0.009929078,0,0.58125275,0.47003502,3
0.0010961951,0.0015761483,0.007822798,0.0007454391,0.38159412,0.46982324,1.19E-05,0.00046742707,0.34851477,0.46414995,0.019805953,0.0006665325,0.3896102,0.4414697,0.030043134,0.0011210409,0.4376816,0.4695393,2.19E-17,2.84E-17,0.0010747983,2.04E-17,0.0016717045,8.02E-10,1.65E-17,0.43570697,0.0018480173,0.47170767,0.0012841991,0.055962745,0.042990483,0.0032970097,0.5816083,0.50186193,0
0.71680266,0.85738623,0.2442182,0.121521495,0.38159412,0.46982324,0.023509882,0.0004117721,0.34851477,0.4641461,0.01119939,0.00010670181,0.38961926,0.4486558,0.0072318017,5.03E-05,0.43765217,0.46403483,1.84E-22,1.70E-22,0.5875145,1.07E-11,0.76165074,4.49E-06,1.77E-05,0.43570697,0,0.4486267,0,0,0.3503546,0,0.58125275,0.47003502,4
0.35931456,0.37832987,0.21183364,0.13924809,0.38159412,0.46982324,0.028719502,0.0006144829,0.34851477,0.4641461,0.034479182,0.0010113395,0.38961926,0.4486558,0.028383795,0.0007741908,0.43765217,0.46403483,1.04E-20,3.84E-21,0.23990636,1.18E-08,0.28494155,2.21E-05,8.71E-05,0.43570697,0,0.4486267,0,0,0.35886526,0,0.58125275,0.47003502,1
0.7122732,0.63025254,0.24372998,0.12173801,0.38159412,0.46982324,2.73E-08,5.55E-16,0.34851477,0.4641461,0.0026823417,6.12E-06,0.38961926,0.4486558,0.00587789,3.32E-05,0.43765217,0.46403483,4.72E-23,8.94E-23,0.58612424,5.86E-08,0.5587391,1.45E-05,5.70E-05,0.43570697,0,0.4486267,0,0,0.3503546,0,0.58125275,0.47003502,4
0.35265562,0.1487601,0.20781603,0.1398247,0.38159412,0.46982324,0.00070972764,3.75E-07,0.34851477,0.4641461,0.024107113,0.00049439433,0.38961926,0.4486558,0.025661796,0.0006328214,0.43765217,0.46403483,1.34E-21,1.23E-17,0.254576,6.49E-05,0.109877594,0.00013658484,0.0005372369,0.43570697,0,0.4486267,0,0,0.35886526,0,0.58125275,0.47003502,1
0.7058826,0.31960446,0.24973853,0.12768471,0.38159412,0.46982324,0.009462301,6.67E-05,0.34851477,0.4641461,0.010351825,9.12E-05,0.38961926,0.4486558,0.008413548,6.80E-05,0.43765217,0.46403483,3.21E-22,2.96E-19,0.5748694,2.11E-05,0.2834536,5.13E-05,0.00020196069,0.43570697,0,0.4486267,0,0,0.35886526,0,0.58125275,0.47003502,1
0.0008652119,0.0014671332,0.008025301,0.0008222901,0.38159412,0.46982324,2.76E-05,2.24E-06,0.34851477,0.46441725,0.023377985,0.000688254,0.3896609,0.4785169,0.031823292,0.0018755973,0.43776202,0.476959,7.72E-25,8.52E-19,0.0007736452,2.48E-17,0.0015206906,1.41E-05,5.53E-05,0.43570697,0.00044690692,0.4486267,0.0013397315,0.003858172,0.039868414,0.0013304687,0.58133626,0.57707125,0
0.4296902,0.6051495,0.21320735,0.13156305,0.38159412,0.46982324,0.0069521223,3.60E-05,0.34851477,0.4641461,0.015854066,0.00021382791,0.38961926,0.4486558,0.013401265,0.00017258328,0.43765217,0.46403483,8.18E-22,7.66E-22,0.30416167,1.49E-17,0.46935466,1.77E-06,6.98E-06,0.43570697,0,0.4486267,0,0,0.3503546,0,0.58125275,0.47003502,4
0.0009718544,0.0016213645,0.008930469,0.0010089553,0.38159412,0.46982324,0.00070631155,6.10E-07,0.34851477,0.46414524,0.009770413,0.00014072297,0.38961017,0.41588366,0.010206641,0.00015722924,0.43767032,0.4882153,1.53E-25,1.62E-19,0.0002080616,3.77E-17,0.00037072581,4.97E-09,4.96E-17,0.43570605,0.00015185105,0.41585666,0.0012853058,0.010168199,0.028451217,0.0001571987,0.5812676,0.49394453,0
0.22283983,0.3172816,7.32E-05,3.71E-06,0.38159412,0.46982324,0,0,0.34851477,0.4641461,0,0,0.38961926,0.4486558,0,0,0.43765217,0.46403483,0,0,0,0,0,0.9826633,0,0.43570697,0,0.4486267,0,0,2.08E-17,0,0.58125275,0.47003502,2
0.7458937,0.4825498,0.007100209,9.55E-05,0.38159412,0.46982324,0,0,0.34851477,0.4641461,0,0,0.38961926,0.4486558,0,0,0.43765217,0.46403483,0,0,0,0,0,0.98266554,0,0.43570697,0,0.4486267,0,0,2.08E-17,0,0.58125275,0.47003502,3
0.42633256,0.14891559,0.21704508,0.13072462,0.38159412,0.46982324,1.20E-06,1.07E-12,0.34851477,0.4641461,0.0073461346,4.59E-05,0.38961926,0.4486558,0.012518241,0.00015058916,0.43765217,0.46403483,5.83E-22,2.90E-13,0.30615264,0.0001476804,0.11756948,0.00014115896,0.0005552252,0.43570697,0,0.4486267,0,0,0.3503546,0,0.58125275,0.47003502,4
0.7280325,0.939379,0.24480198,0.12126019,0.38159412,0.46982324,0,0,0.34851477,0.4641461,0,0,0.38961926,0.4486558,0,0,0.43765217,0.46403483,0,0,0,0,0,0.982665,0,0.43570697,0,0.4486267,0,0,2.08E-17,0,0.58125275,0.47003502,4
0.3876058,0.4488919,0.2037223,0.14029005,0.38159412,0.46982324,0.0033280493,8.25E-06,0.34851477,0.4641461,0.027176265,0.00062829355,0.38961926,0.4486558,0.027936291,0.0007499712,0.43765217,0.46403483,7.13E-22,1.03E-21,0.24221635,4.92E-11,0.32512233,1.12E-05,4.41E-05,0.43570697,0,0.4486267,0,0,0.35886526,0,0.58125275,0.47003502,1
0.7217169,0.95935357,0.24436454,0.12145628,0.38159412,0.46982324,0,0,0.34851477,0.4641461,0,0,0.38961926,0.4486558,0,0,0.43765217,0.46403483,0,0,0,0,0,0.982665,0,0.43570697,0,0.4486267,0,0,2.08E-17,0,0.58125275,0.47003502,4
0.0010407196,0.0015753495,0.008381472,0.0024564345,0.38159412,0.46982324,7.48E-06,0.00025014923,0.34851477,0.4641118,0.019286286,0.00056235207,0.3896054,0.43607274,0.055386327,0.0033156036,0.43771368,0.4683072,3.49E-18,1.35E-17,0.0010033678,1.76E-17,0.0016619854,8.07E-10,1.54E-17,0.43570697,0.0001716754,0.4480449,0.0014046122,0.00264403,0.039534416,0.00048914837,0.5812568,0.4825276,0
0.0010831603,0.0015940792,0.008063446,0.0008194851,0.38159412,0.46982324,0.0007856567,4.60E-07,0.34851477,0.4641461,0.0117191905,0.00012627394,0.38961348,0.42170903,0.010574367,0.00015855579,0.43765852,0.47234908,6.84E-26,5.31E-20,0.0001376392,2.24E-17,0.0003723179,4.95E-09,5.08E-17,0.43570697,0.0001362594,0.42168167,0.0012908255,0.01053454,0.02857173,0.00015852498,0.58125794,0.4782561,0
0.9380417,0.93193936,0.008178827,7.63E-05,0.38159412,0.46982324,0,0,0.34851477,0.4641461,0,0,0.38961926,0.4486558,0,0,0.43765217,0.46403483,0,0,0,0,0,0.98266566,0,0.43570697,0,0.4486267,0,0,2.08E-17,0,0.58125275,0.47003502,3
0.71683455,0.6479652,0.2431903,0.121975064,0.38159412,0.46982324,0,0,0.34851477,0.4641461,0,0,0.38961926,0.4486558,0,0,0.43765217,0.46403483,0,0,0,0,0,0.9826648,0,0.43570697,0,0.4486267,0,0,2.08E-17,0,0.58125275,0.47003502,4
0.7914409,0.8209834,0.008094826,7.80E-05,0.38159412,0.46982324,0,0,0.34851477,0.4641461,0,0,0.38961926,0.4486558,0,0,0.43765217,0.46403483,0,0,0,0,0,0.9826656,0,0.43570697,0,0.4486267,0,0,2.08E-17,0,0.58125275,0.47003502,3
0.7253292,0.33296826,0.007068337,9.60E-05,0.38159412,0.46982324,2.20E-06,3.61E-12,0.34851477,0.4641461,0.00017823013,2.70E-08,0.38961926,0.4486558,0.00021985991,4.65E-08,0.43765217,0.46403483,2.54E-22,3.43E-19,0.6071085,2.04E-05,0.30188218,4.83E-05,0.00019002856,0.43570697,0,0.4486267,0,0,0.009929078,0,0.58125275,0.47003502,3
0.37940317,0.47520527,0.0060178437,0.00010623209,0.38159412,0.46982324,0.0002546125,4.83E-08,0.34851477,0.4641461,0.00078360096,5.22E-07,0.38961926,0.4486558,0.00080851896,6.28E-07,0.43765217,0.46403483,9.99E-21,6.40E-21,0.28991008,1.03E-11,0.36534098,8.70E-06,3.42E-05,0.43570697,0,0.4486267,0,0,0.009929078,0,0.58125275,0.47003502,3
0.72133636,0.8499864,0.24408758,0.12157944,0.38159412,0.46982324,0,0,0.34851477,0.4641461,0,0,0.38961926,0.4486558,0,0,0.43765217,0.46403483,0,0,0,0,0,0.9826649,0,0.43570697,0,0.4486267,0,0,2.08E-17,0,0.58125275,0.47003502,4
0.00073435676,0.0014627626,0.0087591885,0.0013038004,0.38159412,0.46980911,0.015200396,0.00018054454,0.34851208,0.45521894,0.04288729,0.0016197514,0.3898413,0.5442165,0.0398818,0.012078025,0.4379216,0.47328836,2.73E-22,1.06E-18,0.0007059797,1.64E-17,0.0015140616,9.28E-10,1.75E-17,0.43570697,8.72E-05,0.4486267,0.0013058234,0.0131889805,0.04241953,0.011090714,0.581257,0.47058752,0
0.0009788212,0.0015942523,0.008291217,0.0008923926,0.38159412,0.46982324,0.00015026181,4.75E-06,0.34851477,0.46412697,0.026469558,0.0008058383,0.3896125,0.44450817,0.033318646,0.0012857637,0.43783313,0.49442798,6.89E-23,2.43E-19,0.0008581977,7.96E-18,0.0016365268,8.16E-10,7.56E-16,0.43570697,0.0004562926,0.4486267,0.0013692713,0.0008810595,0.039330564,0.00053615443,0.5812527,0.46942532,0
0.7057736,0.3726238,0.24383327,0.12169306,0.38159412,0.46982324,0,0,0.34851477,0.4641461,0,0,0.38961926,0.4486558,0,0,0.43765217,0.46403483,0,0,0,0,0,0.98266476,0,0.43570697,0,0.4486267,0,0,2.08E-17,0,0.58125275,0.47003502,4
0.69974303,0.31779233,0.24349713,0.12184064,0.38159412,0.46982324,0.021011328,0.00032889933,0.34851477,0.4641461,0.011010614,0.00010313502,0.38961926,0.4486558,0.008313065,6.64E-05,0.43765217,0.46403483,1.40E-22,7.01E-19,0.57091075,2.32E-05,0.28147864,5.21E-05,0.00020513251,0.43570697,0,0.4486267,0,0,0.3503546,0,0.58125275,0.47003502,4
0.39530906,0.21590574,0.18380871,0.13426077,0.38159412,0.46982324,0,0,0.34851477,0.4641461,0,0,0.38961926,0.4486558,0,0,0.43765217,0.46403483,0,0,0,0,0,0.98266697,0,0.43570697,0,0.4486267,0,0,2.08E-17,0,0.58125275,0.47003502,5
0.35218853,0.24987964,0.20786594,0.13982384,0.38159412,0.46982324,0,0,0.34851477,0.4641461,0,0,0.38961926,0.4486558,0,0,0.43765217,0.46403483,0,0,0,0,0,0.9826661,0,0.43570697,0,0.4486267,0,0,2.08E-17,0,0.58125275,0.47003502,1
0.7130654,0.67261523,0.25100347,0.12710522,0.38159412,0.46982324,0.0014720738,1.61E-06,0.34851477,0.4641461,0.008478091,6.11E-05,0.38961926,0.4486558,0.0069711516,4.67E-05,0.43765217,0.46403483,9.61E-23,1.39E-22,0.59344435,1.57E-08,0.59953934,1.18E-05,4.66E-05,0.43570697,0,0.4486267,0,0,0.35886526,0,0.58125275,0.47003502,1
0.4395927,0.595659,0.21395707,0.1314105,0.38159412,0.46982324,1.13E-06,9.45E-13,0.34851477,0.4641461,0.006461557,3.55E-05,0.38961926,0.4486558,0.012126543,0.00014131266,0.43765217,0.46403483,3.89E-22,7.03E-22,0.30713943,2.99E-15,0.46359593,3.05E-06,1.20E-05,0.43570697,0,0.4486267,0,0,0.3503546,0,0.58125275,0.47003502,4
0.24620323,0.049035687,0.18607661,0.13431463,0.38159412,0.46982324,0,0,0.34851477,0.4641461,0,0,0.38961926,0.4486558,0,0,0.43765217,0.46403483,0,0,0,0,0,0.98266697,0,0.43570697,0,0.4486267,0,0,2.08E-17,0,0.58125275,0.47003502,5
0.22349979,0.31321976,7.43E-05,3.71E-06,0.38159412,0.46982324,0,0,0.34851477,0.4641461,0,0,0.38961926,0.4486558,0,0,0.43765217,0.46403483,0,0,0,0,0,0.9826632,0,0.43570697,0,0.4486267,0,0,2.08E-17,0,0.58125275,0.47003502,2
0.74733543,0.8229671,0.007092165,9.57E-05,0.38159412,0.46982324,0,0,0.34851477,0.4641461,0,0,0.38961926,0.4486558,0,0,0.43765217,0.46403483,0,0,0,0,0,0.9826656,0,0.43570697,0,0.4486267,0,0,2.08E-17,0,0.58125275,0.47003502,3
0.43352526,0.60393965,0.21182409,0.13183841,0.38159412,0.46982324,0,0,0.34851477,0.4641461,0,0,0.38961926,0.4486558,0,0,0.43765217,0.46403483,0,0,0,0,0,0.9826651,0,0.43570697,0,0.4486267,0,0,2.08E-17,0,0.58125275,0.47003502,4
0.7674667,0.48967,0.008069294,7.90E-05,0.38159412,0.46982324,0.0005783923,2.49E-07,0.34851477,0.4641461,0.00040413035,1.39E-07,0.38961926,0.4486558,0.00031334805,9.44E-08,0.43765217,0.46403483,1.47E-22,1.23E-22,0.73106176,1.51E-06,0.5053874,2.27E-05,8.92E-05,0.43570697,0,0.4486267,0,0,0.009929078,0,0.58125275,0.47003502,3
0.40068668,0.18456109,0.21060023,0.13943657,0.38159412,0.46982324,1.84E-05,2.53E-10,0.34851477,0.4641461,0.015711429,0.00020999761,0.38961926,0.4486558,0.022069955,0.00046806913,0.43765217,0.46403483,1.67E-21,1.04E-20,0.2882944,2.76E-05,0.13810807,0.00010099424,0.0003972612,0.43570697,0,0.4486267,0,0,0.35886526,0,0.58125275,0.47003502,1
0.0066996105,0.001555583,0.047481563,0.06130651,0.3579576,0.40354973,0.3290324,0.18954878,0.3202039,0.38634306,0.32891077,0.22126476,0.35988995,0.37255648,0.30532655,0.21801835,0.44740206,0.47477284,1.41E-18,1.70E-18,0.0069411723,1.29E-17,0.0012981403,1.23E-09,8.22E-17,0.5012457,0.17632064,0.5125208,0.00037530926,0.35704753,0.19242798,0.18456122,0.6262946,0.53143585,0
0.0010679603,0.0016184073,0.019437892,0.031504743,0.38093513,0.35126856,0.06470423,0.0033012682,0.34802938,0.37872422,0.055535965,0.0027397717,0.38941678,0.3996239,0.19814867,0.04002028,0.4377598,0.4647396,3.75E-18,4.65E-18,0.0010284381,7.25E-18,0.001722717,7.86E-10,1.27E-10,0.29656568,0.004150697,0.3432594,0.0016543586,0.064006165,0.051070645,0.004154068,0.5805486,0.4136149,0
0.41088057,0.3626177,0.21225438,0.13918233,0.38159412,0.46982324,8.56E-07,5.46E-13,0.34851477,0.4641461,0.0116414055,0.00011529059,0.38961926,0.4486558,0.024590459,0.00058108586,0.43765217,0.46403483,6.72E-22,1.33E-21,0.298638,4.49E-08,0.2735528,2.69E-05,0.00010593648,0.43570697,0,0.4486267,0,0,0.35886526,0,0.58125275,0.47003502,1
0.7335648,0.9658153,0.24437587,0.12145119,0.38159412,0.46982324,8.07E-06,4.86E-11,0.34851477,0.4641461,0.0050526583,2.17E-05,0.38961926,0.4486558,0.0066105016,4.20E-05,0.43765217,0.46403483,5.04E-22,5.28E-22,0.5926057,5.05E-16,0.8585134,1.47E-06,5.80E-06,0.43570697,0,0.4486267,0,0,0.3503546,0,0.58125275,0.47003502,4
0.0011417062,0.00161299,0.008486392,0.000805947,0.38159412,0.47007775,0.002468941,9.04E-06,0.34851494,0.47375187,0.0106400745,0.00012150565,0.38967425,0.6754289,0.011159931,0.00017458566,0.4377748,0.6101534,1.21E-18,7.13E-18,0.0004461176,5.22E-17,0.00044467623,4.12E-09,5.66E-17,0.44581038,0.00013111405,0.6753851,0.0015416918,0.0111179,0.030105771,0.00017455174,0.5813532,0.614516,0
0.38575795,0.2134836,0.1853873,0.13428582,0.38159412,0.46982324,7.57E-05,4.26E-09,0.34851477,0.4641461,0.012570309,0.00013442343,0.38961926,0.4486558,0.018617718,0.00033308877,0.43765217,0.46403483,4.47E-22,9.33E-22,0.24684349,1.29E-05,0.1440019,8.84E-05,0.0003478054,0.43570697,1.39E-15,0.4486267,0.49892774,8.75E-08,0.3503546,7.41E-15,0.58125275,0.47003502,5
0.7114,0.88687354,0.24421164,0.12152445,0.38159412,0.46982324,5.94E-07,2.63E-13,0.34851477,0.4641461,0.0038984986,1.29E-05,0.38961926,0.4486558,0.006396478,3.93E-05,0.43765217,0.46403483,1.13E-22,1.22E-22,0.5836294,1.30E-12,0.7878078,3.52E-06,1.38E-05,0.43570697,0,0.4486267,0,0,0.3503546,0,0.58125275,0.47003502,4
0.7032032,0.40636563,0.25079432,0.12720187,0.38159412,0.46982324,1.05E-05,8.19E-11,0.34851477,0.4641461,0.005225352,2.32E-05,0.38961926,0.4486558,0.0069566593,4.65E-05,0.43765217,0.46403483,1.18E-22,1.38E-22,0.5791944,5.38E-06,0.36191154,3.51E-05,0.00013807013,0.43570697,0,0.4486267,0,0,0.35886526,0,0.58125275,0.47003502,1
0.0004418743,0.0005083769,0.012966121,0.0008333534,0.38159412,0.46982324,0,0,0.34851477,0.4641461,4.54E-06,1.76E-11,0.38961926,0.4486558,0.008847966,7.52E-05,0.43765172,0.45225537,0,3.86E-31,6.95E-06,1.53E-22,6.97E-05,2.54E-08,2.51E-16,0.43570697,1.90E-11,0.4486267,0.00024151953,0.008814641,0.03346616,7.52E-05,0.58125234,0.45838758,0
0.7199735,0.8552344,0.24408653,0.121580176,0.38159412,0.46982324,9.46E-08,6.66E-15,0.34851477,0.4641461,0.0031824172,8.62E-06,0.38961926,0.4486558,0.0061694337,3.66E-05,0.43765217,0.46403483,1.48E-22,1.49E-22,0.58732855,1.26E-11,0.7593095,4.58E-06,1.80E-05,0.43570697,0,0.4486267,0,0,0.3503546,0,0.58125275,0.47003502,4
0.37850544,0.4043956,0.18396512,0.13426396,0.38159412,0.46982324,0,0,0.34851477,0.4641461,0,0,0.38961926,0.4486558,0,0,0.43765217,0.46403483,0,0,0,0,0,0.9826671,0,0.43570697,0,0.4486267,0,0,2.08E-17,0,0.58125275,0.47003502,5
0.25100496,0.28181952,1.61E-05,1.62E-06,0.38159412,0.46982324,0,0,0.34851477,0.4641461,0,0,0.38961926,0.4486558,0,0,0.43765217,0.46403483,0,0,0,0,0,0.982663,0,0.43570697,0,0.4486267,0,0,2.08E-17,0,0.58125275,0.47003502,2
0.22931828,0.30029514,7.41E-05,3.73E-06,0.38159412,0.46982324,0,0,0.34851477,0.4641461,0,0,0.38961926,0.4486558,0,0,0.43765217,0.46403483,0,0,0,0,0,0.9826631,0,0.43570697,0,0.4486267,0,0,2.08E-17,0,0.58125275,0.47003502,2
0.7180717,0.3894705,0.24310082,0.12201445,0.38159412,0.46982324,0.00010306104,7.91E-09,0.34851477,0.4641461,0.0064212116,3.51E-05,0.38961926,0.4486558,0.007127806,4.88E-05,0.43765217,0.46403483,1.20E-22,1.60E-22,0.5818636,7.88E-06,0.34439495,3.83E-05,0.00015080474,0.43570697,0,0.4486267,0,0,0.3503546,0,0.58125275,0.47003502,4
0.75434417,0.4367886,0.00707202,9.59E-05,0.38159412,0.46982324,0.00093037426,6.45E-07,0.34851477,0.4641461,0.00031812183,8.61E-08,0.38961926,0.4486558,0.00023436984,5.28E-08,0.43765217,0.46403483,8.73E-23,1.07E-22,0.6314122,4.33E-06,0.39620757,3.16E-05,0.00012447327,0.43570697,0,0.4486267,0.000102153565,9.90E-10,2.08E-17,9.49E-19,0.58125275,0.47003502,3
0.75391036,0.6725266,0.0070766127,9.59E-05,0.38159412,0.46982324,0.00058996514,2.59E-07,0.34851477,0.4641461,0.0003281752,9.16E-08,0.38961926,0.4486558,0.00026596754,6.80E-08,0.43765217,0.46403483,4.19E-22,2.22E-22,0.6267901,3.81E-08,0.6104211,1.28E-05,5.03E-05,0.43570697,0,0.4486267,0,0,0.009929078,0,0.58125275,0.47003502,3
0.0010159591,0.0014800908,0.008424085,0.00092847843,0.38159412,0.46991527,0.022576291,0.00037990432,0.34851745,0.477105,0.039958466,0.0013896022,0.38972044,0.5044913,0.033905856,0.00117389,0.43775234,0.4862643,6.08E-18,6.21E-18,0.0010681297,2.29E-16,0.0015298668,0.00040887928,0.0016361803,0.43570697,4.05E-18,0.4486267,0.0012644276,1.40E-09,0.04420675,1.53E-17,0.58125275,0.47003502,0
0.71991116,0.6687093,0.25042957,0.1273691,0.38159412,0.46982324,0,0,0.34851477,0.4641461,0,0,0.38961926,0.4486558,0,0,0.43765217,0.46403483,0,0,0,0,0,0.98266613,0,0.43570697,0,0.4486267,0,0,2.08E-17,0,0.58125275,0.47003502,1
0.0075122914,0.0015440854,0.052768048,0.06956497,0.35903615,0.40620324,0.3345107,0.1837587,0.32061684,0.38696486,0.33272132,0.21277137,0.3634238,0.38058367,0.31503248,0.21749222,0.43687418,0.4631974,4.13E-19,5.39E-19,0.0077361767,1.24E-17,0.0013797834,1.15E-09,9.32E-17,0.5486778,0.18867122,0.5580887,0.00030026026,0.38299122,0.20111983,0.19747376,0.66397417,0.5751615,0
0.3722293,0.4134843,0.18360075,0.13425687,0.38159412,0.46982324,0,0,0.34851477,0.4641461,0,0,0.38961926,0.4486558,0,0,0.43765217,0.46403483,0,0,0,0,0,0.9826671,0,0.43570697,0,0.4486267,0,0,2.08E-17,0,0.58125275,0.47003502,5
0.71849424,0.668547,0.0080875475,7.87E-05,0.38159412,0.46982324,0,0,0.34851477,0.4641461,0,0,0.38961926,0.4486558,0,0,0.43765217,0.46403483,0,0,0,0,0,0.9826656,0,0.43570697,0,0.4486267,0,0,2.08E-17,0,0.58125275,0.47003502,3
0.34684798,0.41440716,0.21380678,0.13891749,0.38159412,0.46982324,0.013765931,0.00014117805,0.34851477,0.4641461,0.037076008,0.0011694158,0.38961926,0.4486558,0.029100439,0.00081377843,0.43765217,0.46403483,5.71E-21,3.82E-21,0.24305536,9.21E-10,0.31504565,1.55E-05,6.11E-05,0.43570697,0,0.4486267,0,0,0.35886526,0,0.58125275,0.47003502,1
0.7150718,0.4445366,0.242675,0.12219927,0.38159412,0.46982324,1.01E-06,7.59E-13,0.34851477,0.4641461,0.004050321,1.40E-05,0.38961926,0.4486558,0.006373244,3.90E-05,0.43765217,0.46403483,2.63E-22,1.86E-22,0.5750576,3.14E-06,0.3923925,3.06E-05,0.00012056449,0.43570697,0,0.4486267,0,0,0.3503546,0,0.58125275,0.47003502,4
0.22252776,0.312723,7.46E-05,3.71E-06,0.38159412,0.46982324,0,0,0.34851477,0.4641461,0,0,0.38961926,0.4486558,0,0,0.43765217,0.46403483,0,0,0,0,0,0.9826632,0,0.43570697,0,0.4486267,0,0,2.08E-17,0,0.58125275,0.47003502,2
0.37215185,0.37648803,0.2122755,0.13917679,0.38159412,0.46982324,0,0,0.34851477,0.4641461,0,0,0.38961926,0.4486558,0,0,0.43765217,0.46403483,0,0,0,0,0,0.98266613,0,0.43570697,0,0.4486267,0,0,2.08E-17,0,0.58125275,0.47003502,1
0.3296234,0.3362009,0.18363178,0.13425548,0.38159412,0.46982324,0.0008871129,5.86E-07,0.34851477,0.4641461,0.016669042,0.00023637651,0.38961926,0.4486558,0.01789494,0.0003077284,0.43765217,0.46403483,1.94E-20,7.09E-21,0.20078407,5.85E-08,0.22462371,3.24E-05,0.00012731423,0.43570697,4.64E-16,0.4486267,0.7782994,1.42E-07,0.3503546,1.94E-14,0.58125275,0.47003502,5
0.35336092,0.37954816,0.21242367,0.13915287,0.38159412,0.46982324,0.05303709,0.0020956334,0.34851477,0.4641461,0.036361974,0.0011248067,0.38961926,0.4486558,0.028813235,0.0007977947,0.43765217,0.46403483,4.96E-21,3.71E-21,0.2416835,1.00E-08,0.28666872,2.17E-05,8.52E-05,0.43570697,0,0.4486267,0,0,0.35886526,0,0.58125275,0.47003502,1
0.44475842,0.50699556,0.21314472,0.1315772,0.38159412,0.46982324,0.0006237641,2.90E-07,0.34851477,0.4641461,0.011315034,0.00010891678,0.38961926,0.4486558,0.014090065,0.00019078009,0.43765217,0.46403483,1.98E-21,1.61E-21,0.31870762,3.52E-10,0.39312512,1.16E-05,4.57E-05,0.43570697,0,0.4486267,0,0,0.3503546,0,0.58125275,0.47003502,4
0.2608458,0.36215243,1.54E-05,1.56E-06,0.38159412,0.46982324,0,0,0.34851477,0.4641461,0,0,0.38961926,0.4486558,0,0,0.43765217,0.46403483,0,0,0,0,0,0.9826633,0,0.43570697,0,0.4486267,0,0,2.08E-17,0,0.58125275,0.47003502,2
0.7553226,0.48925325,0.00707085,9.59E-05,0.38159412,0.46982324,3.00E-05,6.73E-10,0.34851477,0.4641461,0.00029852637,7.58E-08,0.38961926,0.4486558,0.000253606,6.18E-08,0.43765217,0.46403483,9.94E-23,1.21E-22,0.6287101,1.83E-06,0.4437398,2.59E-05,0.00010192437,0.43570697,0,0.4486267,0,0,0.009929078,0,0.58125275,0.47003502,3
0.0036462639,0.003639099,0.04792309,0.073270656,0.41769865,0.7319031,0.0666801,0.6046855,0.38462597,0.7249655,0.30100185,0.4956436,0.3809861,0.43317544,0.3399104,0.31406432,0.43016475,0.4579421,7.29E-17,7.36E-17,0.0022572123,3.96E-17,0.0028643738,3.28E-10,4.02E-17,0.713998,0.7587449,0.71584225,0.00037532853,0.06711959,0.44151393,0.7941592,0.666309,0.72643536,0
0.001080274,0.0015357013,0.008317146,0.00083725544,0.38159403,0.46776503,0.039358545,0.0011572286,0.3484907,0.43936622,0.041077483,0.0015696073,0.38994244,0.56656677,0.031864066,0.0012002344,0.4379169,0.5111431,4.23E-20,1.44E-18,0.0010323593,5.59E-18,0.0016297633,8.19E-10,6.22E-18,0.43570697,0.0004739401,0.444474,0.0014831304,0.00382311,0.039162178,0.0005252548,0.5812737,0.5131152,0
0.00095744804,0.0015463629,0.008060369,0.00083016953,0.38159412,0.46982324,0,1.44E-18,0.34851477,0.4641461,1.41E-09,1.89E-18,0.38961926,0.4486558,2.50E-06,1.29E-10,0.43765217,0.46403483,0,8.10E-27,3.01E-05,1.00E-19,0.00010869311,1.67E-08,1.63E-17,0.43570697,2.03E-18,0.4486267,0.00037683884,1.72E-09,0.017626109,3.42E-18,0.58125275,0.47003502,0
0.008895991,0.001650593,0.067932665,0.09401905,0.3747416,0.44908738,0.34451708,0.16572675,0.33358124,0.42078638,0.3449218,0.19894622,0.3662787,0.3869045,0.33131358,0.20965108,0.43951067,0.4660105,1.88E-17,2.70E-17,0.01069181,3.22E-17,0.0018462928,7.78E-10,9.07E-17,0.6086393,0.21161394,0.6151432,0.0002251977,0.4141764,0.21827014,0.22148407,0.721796,0.6298567,0
0.224369,0.31493664,7.15E-05,3.64E-06,0.38159412,0.46982324,0,0,0.34851477,0.4641461,0,0,0.38961926,0.4486558,0,0,0.43765217,0.46403483,0,0,0,0,0,0.9826632,0,0.43570697,0,0.4486267,0,0,2.08E-17,0,0.58125275,0.47003502,2
0.26357037,0.2454266,1.70E-05,1.73E-06,0.38159412,0.46982324,0,0,0.34851477,0.4641461,0,0,0.38961926,0.4486558,0,0,0.43765217,0.46403483,0,0,0,0,0,0.9826629,0,0.43570697,0,0.4486267,0,0,2.08E-17,0,0.58125275,0.47003502,2
0.0011575102,0.0015780907,0.007990286,0.0008162156,0.38159412,0.46982324,0.014748318,0.00016450444,0.34851462,0.46356058,0.03769761,0.0013700016,0.38971794,0.4875907,0.031659007,0.0011979946,0.43790263,0.5084689,7.72E-18,7.87E-18,0.0011156503,1.36E-17,0.0016394338,8.26E-10,1.70E-17,0.43570697,0.0004605534,0.4486267,0.0013983506,0.0012290337,0.03885444,0.00053110084,0.5812511,0.4593945,0
0.008837977,0.0016715875,0.06674905,0.0932222,0.36905074,0.43301508,0.34567955,0.16918363,0.32924005,0.40909222,0.3462662,0.20010604,0.36362877,0.3803359,0.33427635,0.21181364,0.42646918,0.45229703,1.04E-17,1.33E-17,0.010582026,1.97E-17,0.0018056448,8.34E-10,1.18E-16,0.43570697,0.18728456,0.4486267,0.00015013537,0.44997284,0.16742434,0.19600758,0.58125275,0.47003502,0
0.4355125,0.51781446,0.21287933,0.13163091,0.38159412,0.46982324,0,0,0.34851477,0.4641461,0,0,0.38961926,0.4486558,0,0,0.43765217,0.46403483,0,0,0,0,0,0.9826649,0,0.43570697,0,0.4486267,0,0,2.08E-17,0,0.58125275,0.47003502,4
0.7140175,0.35911906,0.24967588,0.12771276,0.38159412,0.46982324,0.00055050425,2.26E-07,0.34851477,0.4641461,0.00773458,5.09E-05,0.38961926,0.4486558,0.007712805,5.72E-05,0.43765217,0.46403483,1.69E-22,1.17E-21,0.5786221,1.18E-05,0.318413,4.31E-05,0.00016971809,0.43570697,0,0.4486267,0,0,0.35886526,0,0.58125275,0.47003502,1
0.34977794,0.15004392,0.21006766,0.1395144,0.38159412,0.46982324,0,0,0.34851477,0.4641461,0,0,0.38961926,0.4486558,0,0,0.43765217,0.46403483,0,0,0,0,0,0.9826661,0,0.43570697,0,0.4486267,0,0,2.08E-17,0,0.58125275,0.47003502,1
0.4400168,0.597719,0.214077,0.13138439,0.38159412,0.46982324,0.029264351,0.00063801924,0.34851477,0.4641461,0.018297572,0.00028481966,0.38961926,0.4486558,0.013407327,0.00017273944,0.43765217,0.46403483,3.75E-22,8.04E-22,0.31303164,1.09E-15,0.46548772,2.75E-06,1.08E-05,0.43570697,0,0.4486267,0,0,0.3503546,0,0.58125275,0.47003502,4
0.72068125,0.9508348,0.24457389,0.121362254,0.38159412,0.46982324,0,0,0.34851477,0.4641461,0,0,0.38961926,0.4486558,0,0,0.43765217,0.46403483,0,0,0,0,0,0.982665,0,0.43570697,0,0.4486267,0,0,2.08E-17,0,0.58125275,0.47003502,4
0.45301843,0.30966255,0.21324097,0.13155729,0.38159412,0.46982324,0.035506707,0.0009392405,0.34851477,0.4641461,0.016466469,0.0002306662,0.38961926,0.4486558,0.014375568,0.00019858989,0.43765217,0.46403483,2.97E-22,7.17E-22,0.31762534,2.74E-06,0.24022119,4.65E-05,0.00018308822,0.43570697,0,0.4486267,0,0,0.3503546,0,0.58125275,0.47003502,4
0.7161627,0.80500025,0.25029495,0.12743066,0.38159412,0.46982324,6.90E-07,3.55E-13,0.34851477,0.4641461,0.0039623324,1.34E-05,0.38961926,0.4486558,0.0061951554,3.69E-05,0.43765217,0.46403483,2.02E-22,1.66E-22,0.58469385,1.13E-10,0.71550393,6.05E-06,2.38E-05,0.43570697,0,0.4486267,0,0,0.35886526,0,0.58125275,0.47003502,1
0.36111274,0.34311664,0.18441768,0.13427146,0.38159412,0.46982324,0,0,0.34851477,0.4641461,0,0,0.38961926,0.4486558,0,0,0.43765217,0.46403483,0,0,0,0,0,0.982667,0,0.43570697,0,0.4486267,0,0,2.08E-17,0,0.58125275,0.47003502,5
0.46523532,0.46159095,0.21399303,0.13140167,0.38159412,0.46982324,5.10E-05,1.93E-09,0.34851477,0.4641461,0.011510061,0.000112703725,0.38961926,0.4486558,0.014666943,0.0002067218,0.43765217,0.46403483,2.90E-21,2.35E-21,0.34431133,5.28E-09,0.35935494,1.68E-05,6.60E-05,0.43570697,0,0.4486267,0,0,0.3503546,0,0.58125275,0.47003502,4
0.00058584695,0.0006390337,0.022109002,0.0036681006,0.38159412,0.46982324,0.019756842,0.0002907978,0.34851477,0.4641461,0.08655331,0.0063730953,0.38961926,0.4486552,0.0805149,0.008636449,0.43754157,0.46137196,8.18E-24,5.30E-20,0.0002930394,5.42E-17,0.00038077155,6.53E-09,1.88E-15,0.43570697,0.0010577654,0.4486267,0.00053411885,0.09139543,0.072186224,0.008086288,0.58125275,0.47003502,0
0.44202474,0.59499276,0.21452819,0.13128807,0.38159412,0.46982324,0,0,0.34851477,0.4641461,0,0,0.38961926,0.4486558,0,0,0.43765217,0.46403483,0,0,0,0,0,0.982665,0,0.43570697,0,0.4486267,0,0,2.08E-17,0,0.58125275,0.47003502,4
0.2239799,0.16129133,7.56E-05,3.98E-06,0.38159412,0.46982324,0,0,0.34851477,0.4641461,0,0,0.38961926,0.4486558,0,0,0.43765217,0.46403483,0,0,0,0,0,0.98266286,0,0.43570697,0,0.4486267,0,0,2.08E-17,0,0.58125275,0.47003502,2
0.45994452,0.50035846,0.21253912,0.13170017,0.38159412,0.46982324,0,0,0.34851477,0.4641461,0,0,0.38961926,0.4486558,0,0,0.43765217,0.46403483,0,0,0,0,0,0.9826649,0,0.43570697,0,0.4486267,0,0,2.08E-17,0,0.58125275,0.47003502,4
0.0009924697,0.0015786152,0.008454052,0.00087307114,0.38159412,0.46981683,0.011673473,0.00010152199,0.34851462,0.45815372,0.011384471,0.0001602428,0.38962105,0.45409673,0.010419519,0.00015842564,0.4376962,0.52201134,3.98E-17,4.04E-17,0.00027225623,5.68E-17,0.00038247003,4.82E-09,5.21E-17,0.42940414,0.00017291444,0.45406726,0.001326023,0.010380276,0.028584039,0.00015839486,0.58128875,0.5273618,0
0.73529905,0.6215636,0.008101524,7.87E-05,0.38159412,0.46982324,9.59E-08,6.86E-15,0.34851477,0.4641461,0.00015547051,2.06E-08,0.38961926,0.4486558,0.0002657558,6.79E-08,0.43765217,0.46403483,6.39E-23,9.49E-23,0.706326,9.94E-08,0.6419073,1.35E-05,5.33E-05,0.43570697,0,0.4486267,0,0,0.009929078,0,0.58125275,0.47003502,3
0.7150097,0.96121633,0.24488272,0.12122372,0.38159412,0.46982324,8.11E-05,4.90E-09,0.34851477,0.4641461,0.006358504,3.44E-05,0.38961926,0.4486558,0.0067709433,4.41E-05,0.43765217,0.46403483,1.40E-21,1.16E-21,0.58840716,8.00E-16,0.8562001,1.55E-06,6.08E-06,0.43570697,0,0.4486267,0,0,0.3503546,0,0.58125275,0.47003502,4
0.714552,0.89397806,0.2441822,0.121537045,0.38159412,0.46982324,0,0,0.34851477,0.4641461,0,0,0.38961926,0.4486558,0,0,0.43765217,0.46403483,0,0,0,0,0,0.98266494,0,0.43570697,0,0.4486267,0,0,2.08E-17,0,0.58125275,0.47003502,4
0.00036239924,0.000670199,0.021079587,0.0033093707,0.38159412,0.46982324,0.000589468,2.59E-07,0.34851477,0.4641461,0.009070754,0.00026782564,0.38961008,0.4248426,0.023491828,0.0025421355,0.43765435,0.46431375,1.18E-24,1.26E-18,8.23E-05,2.89E-16,0.00019892996,9.89E-09,4.75E-16,0.43570697,0,0.4486267,0,0,0.009219858,0,0.58125275,0.47003502,0
0.22174148,0.09146444,8.73E-05,4.68E-06,0.38159412,0.46982324,0,0,0.34851477,0.4641461,0,0,0.38961926,0.4486558,0,0,0.43765217,0.46403483,0,0,0,0,0,0.98266286,0,0.43570697,0,0.4486267,0,0,2.08E-17,0,0.58125275,0.47003502,2
0.37198776,0.26144236,0.21264346,0.13911976,0.38159412,0.46982324,0.00043818544,1.43E-07,0.34851477,0.4641461,0.02880409,0.00070581574,0.38961926,0.4486558,0.029972125,0.0008632611,0.43765217,0.46403483,8.88E-22,1.25E-21,0.27461746,2.94E-06,0.19769251,5.61E-05,0.00022084988,0.43570697,0,0.4486267,0,0,0.35886526,0,0.58125275,0.47003502,1
0.8483854,0.89206743,0.008147402,7.68E-05,0.38159412,0.46982324,0,0,0.34851477,0.4641461,0,0,0.38961926,0.4486558,0,0,0.43765217,0.46403483,0,0,0,0,0,0.98266566,0,0.43570697,0,0.4486267,0,0,2.08E-17,0,0.58125275,0.47003502,3
0.40000036,0.10488154,0.21733657,0.13065453,0.38159412,0.46982324,0,0,0.34851477,0.4641461,0,0,0.38961926,0.4486558,0,0,0.43765217,0.46403483,0,0,0,0,0,0.98266476,0,0.43570697,0,0.4486267,0,0,2.08E-17,0,0.58125275,0.47003502,4
0.8473508,0.87277615,0.00813002,7.72E-05,0.38159412,0.46982324,4.46E-05,1.48E-09,0.34851477,0.4641461,0.00024153996,4.96E-08,0.38961926,0.4486558,0.00025822732,6.41E-08,0.43765217,0.46403483,4.95E-23,5.68E-23,0.828508,6.05E-11,0.9083306,4.64E-06,1.82E-05,0.43570697,0,0.4486267,0,0,0.009929078,0,0.58125275,0.47003502,3
0.36595553,0.28104606,0.18310511,0.13424522,0.38159412,0.46982324,0.00012245755,1.12E-08,0.34851477,0.4641461,0.012835001,0.00014014411,0.38961926,0.4486558,0.017693983,0.00030085575,0.43765217,0.46403483,6.99E-22,7.36E-22,0.21889475,1.23E-06,0.18723248,5.31E-05,0.0002089111,0.43570697,1.04E-15,0.4486267,0.64875114,1.34E-07,0.3503546,1.75E-14,0.58125275,0.47003502,5
0.47370848,0.4783751,0.21319182,0.13156731,0.38159412,0.46982324,0,0,0.34851477,0.4641461,0,0,0.38961926,0.4486558,0,0,0.43765217,0.46403483,0,0,0,0,0,0.9826649,0,0.43570697,0,0.4486267,0,0,2.08E-17,0,0.58125275,0.47003502,4
0.22628027,0.3053807,7.61E-05,3.89E-06,0.38159412,0.46982324,0,0,0.34851477,0.4641461,0,0,0.38961926,0.4486558,0,0,0.43765217,0.46403483,0,0,0,0,0,0.9826631,0,0.43570697,0,0.4486267,0,0,2.08E-17,0,0.58125275,0.47003502,2
0.7284724,0.9428098,0.24461165,0.121345885,0.38159412,0.46982324,0.00032886578,8.06E-08,0.34851477,0.4641461,0.0072413515,4.46E-05,0.38961926,0.4486558,0.0068234634,4.47E-05,0.43765217,0.46403483,3.41E-22,2.45E-22,0.5912395,1.52E-14,0.8388771,2.12E-06,8.34E-06,0.43570697,0,0.4486267,0,0,0.3503546,0,0.58125275,0.47003502,4
0.44986534,0.5051052,0.21297629,0.131612,0.38159412,0.46982324,0.0018385635,2.52E-06,0.34851477,0.4641461,0.012544929,0.00013388117,0.38961926,0.4486558,0.014271866,0.00019573503,0.43765217,0.46403483,1.08E-21,1.03E-21,0.32028255,4.33E-10,0.39135405,1.19E-05,4.69E-05,0.43570697,0,0.4486267,0,0,0.3503546,0,0.58125275,0.47003502,4
0.41910562,0.60315806,0.21243171,0.13171956,0.38159412,0.46982324,1.43E-05,1.52E-10,0.34851477,0.4641461,0.009282237,7.33E-05,0.38961926,0.4486558,0.012845908,0.00015857573,0.43765217,0.46403483,5.29E-22,5.37E-22,0.28745446,3.72E-19,0.46609405,1.23E-06,4.83E-06,0.43570697,0,0.4486267,0,0,0.3503546,0,0.58125275,0.47003502,4
0.7349633,0.43412,0.008063998,7.92E-05,0.38159412,0.46982324,6.11E-05,2.78E-09,0.34851477,0.4641461,0.00025071294,5.35E-08,0.38961926,0.4486558,0.0002766721,7.36E-08,0.43765217,0.46403483,1.48E-22,1.06E-22,0.70093286,3.65E-06,0.4475608,2.78E-05,0.0001094682,0.43570697,0,0.4486267,0,0,0.009929078,0,0.58125275,0.47003502,3
0.7309038,0.6615906,0.008086692,7.88E-05,0.38159412,0.46982324,0.00040590676,1.23E-07,0.34851477,0.4641461,0.00036046194,1.11E-07,0.38961926,0.4486558,0.00029332165,8.27E-08,0.43765217,0.46403483,5.37E-23,6.39E-23,0.696215,3.65E-08,0.6826301,1.15E-05,4.53E-05,0.43570697,0,0.4486267,0,0,0.009929078,0,0.58125275,0.47003502,3
0.6196583,0.17545827,0.00706213,9.61E-05,0.38159412,0.46982324,2.61E-07,5.08E-14,0.34851477,0.4641461,0.00014917219,1.89E-08,0.38961926,0.4486558,0.00022187884,4.73E-08,0.43765217,0.46403483,4.81E-23,1.10E-10,0.5200915,0.00016957703,0.15892391,0.000111646514,0.00043915678,0.43570697,0,0.4486267,0,0,0.009929078,0,0.58125275,0.47003502,3
0.23478329,0.30926678,7.42E-05,3.77E-06,0.38159412,0.46982324,0,0,0.34851477,0.4641461,0,0,0.38961926,0.4486558,0,0,0.43765217,0.46403483,0,0,0,0,0,0.98266315,0,0.43570697,0,0.4486267,0,0,2.08E-17,0,0.58125275,0.47003502,2
0.0010524933,0.0015189284,0.00818355,0.0008449989,0.38159412,0.46982324,8.47E-06,0.0003032152,0.34851477,0.4641057,0.01907836,0.0005974006,0.38959965,0.43147832,0.032080967,0.001202759,0.43771163,0.47465405,6.98E-18,1.74E-17,0.0010591894,1.79E-17,0.0016027514,5.75E-09,1.92E-08,0.43570697,0.0002778335,0.44861904,0.001341527,0.0013473857,0.039809834,0.00046190197,0.5812527,0.46987787,0
0.2592508,0.35271832,1.49E-05,1.52E-06,0.38159412,0.46982324,0,0,0.34851477,0.4641461,0,0,0.38961926,0.4486558,0,0,0.43765217,0.46403483,0,0,0,0,0,0.98266315,0,0.43570697,0,0.4486267,0,0,2.08E-17,0,0.58125275,0.47003502,2
0.25639433,0.35912883,1.54E-05,1.55E-06,0.38159412,0.46982324,0,0,0.34851477,0.4641461,0,0,0.38961926,0.4486558,0,0,0.43765217,0.46403483,0,0,0,0,0,0.9826632,0,0.43570697,0,0.4486267,0,0,2.08E-17,0,0.58125275,0.47003502,2
0.6954473,0.27015278,0.00805177,8.00E-05,0.38159412,0.46982324,0.00073790003,4.06E-07,0.34851477,0.4641461,0.00039668934,1.34E-07,0.38961926,0.4486558,0.00034115696,1.12E-07,0.43765217,0.46403483,4.92E-23,7.90E-16,0.65742874,4.13E-05,0.27781492,5.68E-05,0.00022330302,0.43570697,0,0.4486267,0,0,0.009929078,0,0.58125275,0.47003502,3
0.46388572,0.5499273,0.21347721,0.13150977,0.38159412,0.46982324,0.00023872951,4.25E-08,0.34851477,0.4641461,0.00987585,8.30E-05,0.38961926,0.4486558,0.013332477,0.00017081609,0.43765217,0.46403483,8.52E-22,8.10E-22,0.33546805,3.33E-12,0.42706543,6.74E-06,2.65E-05,0.43570697,0,0.4486267,0,0,0.3503546,0,0.58125275,0.47003502,4
0.74531627,0.67569697,0.0070921695,9.57E-05,0.38159412,0.46982324,0.0003325668,8.24E-08,0.34851477,0.4641461,0.0003099025,8.17E-08,0.38961926,0.4486558,0.00026356723,6.68E-08,0.43765217,0.46403483,7.33E-23,1.22E-22,0.6282744,3.40E-08,0.614654,1.26E-05,4.94E-05,0.43570697,0,0.4486267,0,0,0.009929078,0,0.58125275,0.47003502,3
0.71893454,0.6680858,0.008085173,7.88E-05,0.38159412,0.46982324,0.0001405633,1.47E-08,0.34851477,0.4641461,0.0003253085,9.00E-08,0.38961926,0.4486558,0.00028867155,8.01E-08,0.43765217,0.46403483,6.11E-23,7.92E-23,0.684658,2.98E-08,0.689329,1.11E-05,4.38E-05,0.43570697,0,0.4486267,0,0,0.009929078,0,0.58125275,0.47003502,3
0.0010015055,0.0014577002,0.008204324,0.0018330968,0.38159412,0.46982324,3.88E-06,3.56E-07,0.34851477,0.4641461,0.0071631884,0.000105503714,0.38962397,0.4739995,0.010149324,0.00015484991,0.43767577,0.49596828,1.21E-30,1.30E-21,0.00012209336,3.63E-17,0.0003482966,5.31E-09,8.02E-17,0.43570697,0.00011384672,0.4739687,0.0012064942,0.010110665,0.02819978,0.00015481982,0.58127207,0.5016184,0
0.21336973,0.31211188,7.46E-05,3.74E-06,0.38159412,0.46982324,0,0,0.34851477,0.4641461,0,0,0.38961926,0.4486558,0,0,0.43765217,0.46403483,0,0,0,0,0,0.9826632,0,0.43570697,0,0.4486267,0,0,2.08E-17,0,0.58125275,0.47003502,2
0.0002727426,0.00049836776,0.024335181,0.0039487476,0.38159412,0.46982324,2.41E-09,4.34E-18,0.34851477,0.4641461,1.99E-05,3.36E-10,0.38961926,0.4486558,0.010034074,9.68E-05,0.43765217,0.46403483,0,3.86E-31,6.77E-06,2.44E-21,7.20E-05,2.47E-08,3.22E-16,0.43570697,3.63E-10,0.4486267,0.00024965644,0.009996283,0.02011795,9.67E-05,0.58125275,0.47003502,0
0.001030413,0.0015636532,0.008139834,0.0008069586,0.38159412,0.46982324,0.00086727255,5.60E-07,0.34851477,0.46414608,0.011733204,0.00012632951,0.38961682,0.43721583,0.010534507,0.00015545999,0.43766668,0.48343673,1.37E-25,7.19E-20,0.00014059343,2.34E-17,0.0003814733,4.83E-09,5.25E-17,0.4357069,0.00013631939,0.43718743,0.0013225673,0.01049483,0.02829432,0.00015542978,0.5812646,0.4892195,0
0.2189832,0.22298838,7.59E-05,3.80E-06,0.38159412,0.46982324,0,0,0.34851477,0.4641461,0,0,0.38961926,0.4486558,0,0,0.43765217,0.46403483,0,0,0,0,0,0.9826629,0,0.43570697,0,0.4486267,0,0,2.08E-17,0,0.58125275,0.47003502,2
0.42834705,0.60289735,0.21169008,0.13185936,0.38159412,0.46982324,0.0001917969,2.74E-08,0.34851477,0.4641461,0.0122414045,0.00012748103,0.38961926,0.4486558,0.013600379,0.0001777498,0.43765217,0.46403483,5.28E-22,6.00E-22,0.30214033,5.68E-21,0.4642717,7.99E-07,3.15E-06,0.43570697,0,0.4486267,0,0,0.3503546,0,0.58125275,0.47003502,4
0.33822757,0.18055397,0.005431782,0.00010820586,0.38159412,0.46982324,0,0,0.34851477,0.4641461,0,0,0.38961926,0.4486558,0,0,0.43765217,0.46403483,0,0,0,0,0,0.98266554,0,0.43570697,0,0.4486267,0,0,2.08E-17,0,0.58125275,0.47003502,3
0.3025856,0.095475085,0.19794194,0.14072034,0.38159412,0.46982324,2.47E-05,4.55E-10,0.34851477,0.4641461,0.013001909,0.00014381271,0.38961926,0.4486558,0.017476533,0.00029350643,0.43765217,0.46403483,9.16E-22,2.69E-12,0.18541114,0.00030427217,0.06712136,0.00025276194,0.0009940838,0.43570697,0,0.4486267,0,0,0.35886526,0,0.58125275,0.47003502,1
0.0014406554,0.0018555515,0.0353504,0.08503009,0.38133445,0.4056981,0.058097165,0.0025726713,0.34815472,0.36460903,0.051453173,0.0023848147,0.3894161,0.3954059,0.32113454,0.12024937,0.45040172,0.48684162,3.99E-18,5.38E-18,0.0013539003,6.32E-18,0.0020253009,5.79E-10,4.95E-12,0.43560392,0.0029655981,0.3641482,0.0016825813,0.06475153,0.050936367,0.00424862,0.58090556,0.44275314,0
0.38811016,0.31893033,0.20916107,0.13964984,0.38159412,0.46982324,0.005812709,2.52E-05,0.34851477,0.4641461,0.029277392,0.00072920194,0.38961926,0.4486558,0.028715665,0.0007924006,0.43765217,0.46403483,3.99E-20,1.32E-20,0.2527565,2.84E-07,0.23718128,3.67E-05,0.0001445167,0.43570697,0,0.4486267,0,0,0.35886526,0,0.58125275,0.47003502,1
0.41833788,0.595374,0.21371613,0.1314587,0.38159412,0.46982324,0.00010176824,7.72E-09,0.34851477,0.4641461,0.010660467,9.67E-05,0.38961926,0.4486558,0.012706297,0.00015514763,0.43765217,0.46403483,9.67E-22,1.39E-21,0.29771784,3.71E-16,0.46286097,2.47E-06,9.73E-06,0.43570697,0,0.4486267,0,0,0.3503546,0,0.58125275,0.47003502,4
0.001395744,0.001647513,0.0077159945,0.0006913308,0.38159412,0.46982324,5.35E-06,0.00024258246,0.34851477,0.4641459,0.016136313,0.0005694923,0.3896599,0.49018022,0.028778583,0.001042961,0.43783253,0.50022453,1.69E-18,7.70E-18,0.0014990777,1.38E-17,0.0017585541,7.41E-10,1.54E-17,0.43570697,0.0003250378,0.43911898,0.0015594157,0.0042073466,0.039748892,0.0004871106,0.58127314,0.50966996,0
0.20302403,0.06675417,8.55E-05,4.61E-06,0.38159412,0.46982324,0,0,0.34851477,0.4641461,0,0,0.38961926,0.4486558,0,0,0.43765217,0.46403483,0,0,0,0,0,0.98266286,0,0.43570697,0,0.4486267,0,0,2.08E-17,0,0.58125275,0.47003502,2
0.32058617,0.07229971,0.21681966,0.13077135,0.38159412,0.46982324,0.0014806667,1.63E-06,0.34851477,0.4641461,0.017262198,0.0002534984,0.38961926,0.4486558,0.019287778,0.00035749623,0.43765217,0.46403483,8.24E-16,4.45E-07,0.22896141,0.0008156847,0.057039,0.000335246,0.0013183713,0.43570697,0,0.4486267,0,0,0.3503546,0,0.58125275,0.47003502,4
0.00029823836,0.0003669677,0.0109312385,0.001020718,0.38159412,0.46982324,7.10E-06,3.77E-11,0.34851477,0.4641461,0.015997067,0.00021770268,0.38961926,0.448656,0.019119829,0.00035129796,0.43765423,0.48573238,0,1.59E-23,2.57E-05,7.90E-17,7.49E-05,2.38E-08,2.22E-16,0.43570697,0.00023491813,0.44862688,0.00025974558,0.019047817,0.02987252,0.0003512297,0.5812542,0.48857692,0
0.34955367,0.15001202,0.21007168,0.1395138,0.38159412,0.46982324,0.00053533376,2.14E-07,0.34851477,0.4641461,0.023308525,0.00046218158,0.38961926,0.4486558,0.025355836,0.0006178214,0.43765217,0.46403483,6.95E-22,7.00E-18,0.259397,6.07E-05,0.11200218,0.00013334356,0.00052448956,0.43570697,0,0.4486267,0,0,0.35886526,0,0.58125275,0.47003502,1
0.22172521,0.30956808,7.21E-05,3.62E-06,0.38159412,0.46982324,0,0,0.34851477,0.4641461,0,0,0.38961926,0.4486558,0,0,0.43765217,0.46403483,0,0,0,0,0,0.98266315,0,0.43570697,0,0.4486267,0,0,2.08E-17,0,0.58125275,0.47003502,2
0.34740615,0.25468633,0.18441933,0.1342749,0.38159412,0.46982324,0,0,0.34851477,0.4641461,0,0,0.38961926,0.4486558,0,0,0.43765217,0.46403483,0,0,0,0,0,0.982667,0,0.43570697,0,0.4486267,0,0,2.08E-17,0,0.58125275,0.47003502,5
0.44906726,0.60641927,0.21350281,0.1315026,0.38159412,0.46982324,0,0,0.34851477,0.4641461,0,0,0.38961926,0.4486558,0,0,0.43765217,0.46403483,0,0,0,0,0,0.98266506,0,0.43570697,0,0.4486267,0,0,2.08E-17,0,0.58125275,0.47003502,4
0.0007123081,0.0011352148,0.03391166,0.03811217,0.38159412,0.46982324,0.0002334015,4.06E-08,0.34851477,0.4641461,0.06016345,0.0030794744,0.38964343,0.4742759,0.07924904,0.0071978956,0.43747225,0.4585998,1.74E-21,1.21E-18,0.0004116523,8.67E-17,0.00033732934,7.53E-09,2.25E-15,0.43570697,1.81E-18,0.4486267,0.00021653512,1.98E-09,0.009929078,3.80E-18,0.58125275,0.47003502,0
0.00062971166,0.00048819676,0.016664183,0.010191454,0.38159412,0.46982324,0.012182957,0.000110576126,0.34851477,0.4641461,0.020078344,0.00034295634,0.38961926,0.4486558,0.016658776,0.0002666817,0.43765217,0.4642191,8.71E-19,6.61E-17,0.00024343614,2.95E-16,0.00011553401,1.65E-08,6.13E-16,0.43570697,0.0003700766,0.4486267,0.00040055622,0.016596032,0.031159338,0.00026662988,0.58125275,0.47021723,0
0.70827365,0.5437734,0.2502435,0.12745422,0.38159412,0.46982324,0,0,0.34851477,0.4641461,0,0,0.38961926,0.4486558,0,0,0.43765217,0.46403483,0,0,0,0,0,0.98266613,0,0.43570697,0,0.4486267,0,0,2.08E-17,0,0.58125275,0.47003502,1
0.7188295,0.559104,0.242828,0.12213302,0.38159412,0.46982324,8.88E-05,5.87E-09,0.34851477,0.4641461,0.006348085,3.43E-05,0.38961926,0.4486558,0.006810814,4.46E-05,0.43765217,0.46403483,2.94E-22,1.83E-22,0.57962155,3.28E-07,0.49383977,1.94E-05,7.65E-05,0.43570697,0,0.4486267,0,0,0.3503546,0,0.58125275,0.47003502,4
0.0010533372,0.0015910108,0.013782915,0.0020041347,0.3815941,0.4697826,0.046090517,0.0016659341,0.34843788,0.43675426,0.06382907,0.0035234257,0.38925418,0.362859,0.04887007,0.0024134952,0.43711892,0.40417165,3.03E-20,2.53E-18,0.0010622935,6.83E-18,0.0017121609,7.61E-10,6.75E-18,0.43570644,0.0024965885,0.42591435,0.0017116676,0.06584567,0.055012565,0.004289642,0.58075374,0.42412862,0
0.00090000156,0.0015254896,0.00763977,0.00071893114,0.38155293,0.33715042,0.011668379,0.00014364596,0.34847206,0.32832,0.011376476,0.00015599432,0.3896207,0.45315614,0.010386597,0.00015520857,0.43765894,0.47309864,3.64E-17,3.73E-17,0.00027285112,5.56E-17,0.000375522,4.91E-09,5.23E-17,0.29284397,0.00016833002,0.45312673,0.0013019341,0.010347478,0.02829279,0.00015517842,0.58125824,0.47899726,0
0.0010976897,0.0016682048,0.009234249,0.0008785356,0.38159412,0.46983603,0.024024261,0.00043003785,0.34851572,0.47010893,0.037870698,0.0012968545,0.3895566,0.418848,0.032415845,0.0012087722,0.43762225,0.45866632,2.41E-21,1.55E-18,0.0011253414,1.48E-17,0.0017949619,7.18E-10,1.53E-17,0.4374166,0.0002765606,0.5160649,0.0015430425,0.0053720777,0.040266894,0.0004639612,0.5812872,0.523815,0
0.4186447,0.44535908,0.00609007,0.00010577276,0.38159412,0.46982324,0.0009725679,7.05E-07,0.34851477,0.4641461,0.0007632947,4.96E-07,0.38961926,0.4486558,0.0007386904,5.24E-07,0.43765217,0.46403483,1.74E-21,1.67E-21,0.3343467,2.88E-10,0.34647822,1.30E-05,5.11E-05,0.43570697,0,0.4486267,0,0,0.009929078,0,0.58125275,0.47003502,3
0.71236384,0.51340944,0.24269113,0.12219158,0.38159412,0.46982324,0,0,0.34851477,0.4641461,0,0,0.38961926,0.4486558,0,0,0.43765217,0.46403483,0,0,0,0,0,0.9826648,0,0.43570697,0,0.4486267,0,0,2.08E-17,0,0.58125275,0.47003502,4
0.40227902,0.36352807,0.21430655,0.13883178,0.38159412,0.46982324,5.35E-07,2.13E-13,0.34851477,0.4641461,0.010924311,0.00010152459,0.38961926,0.4486558,0.024323573,0.00056854106,0.43765217,0.46403483,1.22E-21,1.05E-21,0.30767274,3.96E-08,0.27688575,2.63E-05,0.000103647086,0.43570697,0,0.4486267,0,0,0.35886526,0,0.58125275,0.47003502,1
0.42158598,0.60103214,0.21238223,0.13172829,0.38159412,0.46982324,0,0,0.34851477,0.4641461,0,0,0.38961926,0.4486558,0,0,0.43765217,0.46403483,0,0,0,0,0,0.9826651,0,0.43570697,0,0.4486267,0,0,2.08E-17,0,0.58125275,0.47003502,4
0.40539098,0.43041143,0.21598691,0.13851759,0.38159412,0.46982324,0,0,0.34851477,0.4641461,0,0,0.38961926,0.4486558,0,0,0.43765217,0.46403483,0,0,0,0,0,0.9826662,0,0.43570697,0,0.4486267,0,0,2.08E-17,0,0.58125275,0.47003502,1
0.7465944,0.43252015,0.00708265,9.58E-05,0.38159412,0.46982324,3.94E-09,1.16E-17,0.34851477,0.4641461,8.43E-05,6.05E-09,0.38961926,0.4486558,0.00017913757,3.08E-08,0.43765217,0.46403483,1.22E-22,1.29E-22,0.62879443,4.57E-06,0.39290053,3.21E-05,0.000126151,0.43570697,0,0.4486267,0,0,0.009929078,0,0.58125275,0.47003502,3
0.43746752,0.5952846,0.21413496,0.13137265,0.38159412,0.46982324,0,0,0.34851477,0.4641461,0,0,0.38961926,0.4486558,0,0,0.43765217,0.46403483,0,0,0,0,0,0.982665,0,0.43570697,0,0.4486267,0,0,2.08E-17,0,0.58125275,0.47003502,4
0.00024056667,0.0004607509,0.016616402,0.007868621,0.38159412,0.46982324,0.0011850393,1.05E-06,0.34851477,0.4641461,0.009867905,0.0015891925,0.38958493,0.41565984,0.13668211,0.051224,0.43944785,0.4730269,2.50E-23,2.18E-18,0.00011490253,1.69E-16,0.00023985154,8.17E-09,3.67E-16,0.43570697,0,0.4486267,0,0,0.009929078,0,0.58125275,0.47003502,0
0.000353696,0.0007016487,0.029079188,0.028629046,0.38159412,0.46982324,0,0,0.34851477,0.4641461,4.45E-06,1.69E-11,0.38961926,0.44865584,0.008860334,7.54E-05,0.43765187,0.45684057,0,3.86E-31,6.90E-06,1.07E-22,6.97E-05,2.54E-08,2.51E-16,0.43570697,1.83E-11,0.44862673,0.00024174526,0.008826963,0.033479407,7.54E-05,0.58125246,0.4629214,0
0.00991082,0.0018140222,0.06668065,0.09300782,0.37673393,0.4546458,0.33989325,0.1610007,0.33550698,0.42529136,0.34116995,0.19342344,0.36783504,0.3894969,0.33150387,0.20793137,0.42941502,0.4552329,1.77E-17,2.78E-17,0.011868377,3.45E-17,0.0019989805,5.58E-09,1.92E-08,0.43570697,0,0.4486267,0,0,0.009929078,0,0.58125275,0.47003502,0
0.40580997,0.12860689,0.21973918,0.1300658,0.38159412,0.46982324,0,0,0.34851477,0.4641461,0,0,0.38961926,0.4486558,0,0,0.43765217,0.46403483,0,0,0,0,0,0.98266476,0,0.43570697,0,0.4486267,0,0,2.08E-17,0,0.58125275,0.47003502,4
0.0009317858,0.0015249786,0.008655404,0.0016237744,0.38159382,0.4659482,0.06532031,0.0031791967,0.34846383,0.42476702,0.045837425,0.001885181,0.38998377,0.57133985,0.044997483,0.002219208,0.43797126,0.4965756,5.81E-18,6.20E-18,0.00096197793,8.55E-18,0.0015966205,8.47E-10,8.13E-18,0.42734322,0.003975831,0.46159345,0.0013972078,0.058065787,0.044870168,0.0035285505,0.5816465,0.50342923,0
0.34783,0.36696437,0.21403593,0.13887689,0.38159412,0.46982324,0,0,0.34851477,0.4641461,0,0,0.38961926,0.4486558,0,0,0.43765217,0.46403483,0,0,0,0,0,0.98266613,0,0.43570697,0,0.4486267,0,0,2.08E-17,0,0.58125275,0.47003502,1
0.0048141736,0.002525922,0.1102122,0.32034466,0.38159412,0.46982324,0.0058362107,2.54E-05,0.34851477,0.4641461,0.0058956617,2.96E-05,0.38961926,0.4486558,0.00589591,3.34E-05,0.43765217,0.46403483,0.9829932,0.9982993,0.00013887996,1,2.16E-05,0.49977082,1,0.43570697,3.19E-05,0.4486267,7.50E-05,0.005873704,0.029688938,3.34E-05,0.58125275,0.47003502,0
0.7488658,0.49180248,0.0070883627,9.56E-05,0.38159412,0.46982324,0,0,0.34851477,0.4641461,0,0,0.38961926,0.4486558,0,0,0.43765217,0.46403483,0,0,0,0,0,0.98266554,0,0.43570697,0,0.4486267,0,0,2.08E-17,0,0.58125275,0.47003502,3
0.0011419599,0.0015430178,0.008509307,0.00087700697,0.38159394,0.46808875,0.06512129,0.0031809332,0.3483756,0.42252094,0.042820074,0.001736277,0.38977098,0.4971116,0.03258304,0.0012463159,0.43783805,0.49599564,9.02E-18,1.02E-17,0.0011921665,1.61E-17,0.0016431905,8.23E-10,1.71E-17,0.40396515,0.0038832736,0.4733431,0.0013325199,0.058233675,0.045232665,0.0035480321,0.5816508,0.5036281,0
0.35196933,0.37139365,0.18416339,0.13426502,0.38159412,0.46982324,0,0,0.34851477,0.4641461,0,0,0.38961926,0.4486558,0,0,0.43765217,0.46403483,0,0,0,0,0,0.9826671,0,0.43570697,0,0.4486267,0,0,2.08E-17,0,0.58125275,0.47003502,5
0.4580139,0.4878688,0.212822,0.13164291,0.38159412,0.46982324,0.00027432528,5.61E-08,0.34851477,0.4641461,0.010832129,9.98E-05,0.38961926,0.4486558,0.014335267,0.00019747799,0.43765217,0.46403483,8.52E-22,1.21E-21,0.32292077,1.40E-09,0.3777258,1.39E-05,5.47E-05,0.43570697,0,0.4486267,0,0,0.3503546,0,0.58125275,0.47003502,4
0.20809337,0.20124942,7.92E-05,3.98E-06,0.38159412,0.46982324,0,0,0.34851477,0.4641461,0,0,0.38961926,0.4486558,0,0,0.43765217,0.46403483,0,0,0,0,0,0.9826629,0,0.43570697,0,0.4486267,0,0,2.08E-17,0,0.58125275,0.47003502,2
0.3503073,0.41164586,0.21610256,0.13849698,0.38159412,0.46982324,0.02785717,0.0005781359,0.34851477,0.4641461,0.029233966,0.00072704034,0.38961926,0.4486558,0.027180761,0.0007099542,0.43765217,0.46403483,4.09E-21,4.38E-21,0.26834258,1.47E-09,0.31624785,1.64E-05,6.44E-05,0.43570697,0,0.4486267,0,0,0.35886526,0,0.58125275,0.47003502,1
0.46679267,0.5516086,0.21326724,0.1315535,0.38159412,0.46982324,0.00015449034,1.78E-08,0.34851477,0.4641461,0.009363453,7.46E-05,0.38961926,0.4486558,0.013245793,0.00016860213,0.43765217,0.46403483,1.25E-21,1.15E-21,0.33437064,2.99E-12,0.42794836,6.66E-06,2.62E-05,0.43570697,0,0.4486267,0,0,0.3503546,0,0.58125275,0.47003502,4
0.0010740702,0.0015306607,0.0077493894,0.00072137546,0.38159412,0.46982324,0,0,0.34851477,0.4641461,9.93E-10,8.41E-19,0.38961926,0.4486558,9.93E-10,9.50E-19,0.43765217,0.46403483,0,7.74E-31,5.80E-06,8.19E-20,6.69E-05,2.61E-08,1.32E-16,0.43570697,9.07E-19,0.4486267,0.0002319495,9.90E-10,0.017626109,9.50E-19,0.58125275,0.47003502,0
0.71073604,0.87935615,0.24431281,0.121479526,0.38159412,0.46982324,0,0,0.34851477,0.4641461,0,0,0.38961926,0.4486558,0,0,0.43765217,0.46403483,0,0,0,0,0,0.98266494,0,0.43570697,0,0.4486267,0,0,2.08E-17,0,0.58125275,0.47003502,4
0.29859567,0.09320665,0.005538396,0.00010782241,0.38159412,0.46982324,5.81E-07,2.52E-13,0.34851477,0.4641461,0.00024664932,5.18E-08,0.38961926,0.4486558,0.0003451975,1.15E-07,0.43765217,0.46403483,1.04E-20,4.89E-11,0.19727978,0.00036448048,0.06587681,0.0002638588,0.0010377142,0.43570697,0,0.4486267,0,0,0.009929078,0,0.58125275,0.47003502,3
0.23283963,0.31861803,7.32E-05,3.70E-06,0.38159412,0.46982324,0,0,0.34851477,0.4641461,0,0,0.38961926,0.4486558,0,0,0.43765217,0.46403483,0,0,0,0,0,0.9826633,0,0.43570697,0,0.4486267,0,0,2.08E-17,0,0.58125275,0.47003502,2
0.7473465,0.58712703,0.0070694108,9.60E-05,0.38159412,0.46982324,0.0004562445,1.55E-07,0.34851477,0.4641461,0.00039615022,1.34E-07,0.38961926,0.4486558,0.00027914066,7.49E-08,0.43765217,0.46403483,4.26E-22,1.84E-22,0.6183619,2.78E-07,0.5323567,1.79E-05,7.03E-05,0.43570697,0,0.4486267,0,0,0.009929078,0,0.58125275,0.47003502,3
0.47166452,0.34658068,0.21402276,0.13139439,0.38159412,0.46982324,0,0,0.34851477,0.4641461,0,0,0.38961926,0.4486558,0,0,0.43765217,0.46403483,0,0,0,0,0,0.9826648,0,0.43570697,0,0.4486267,0,0,2.08E-17,0,0.58125275,0.47003502,4
0.0010759749,0.0015507662,0.012493615,0.005079856,0.38158733,0.45900658,0.05386575,0.0022136567,0.34835145,0.41216302,0.052446973,0.0024362497,0.38924125,0.34410614,0.0791485,0.006730634,0.43703225,0.44263262,8.69E-21,5.75E-19,0.0011463076,4.53E-18,0.0016566311,8.01E-10,7.27E-18,0.43570697,0.00051041663,0.4486267,0.0013136392,0.013443903,0.042192016,0.00959377,0.5812647,0.47166786,0
0.2221314,0.31341553,7.42E-05,3.74E-06,0.38159412,0.46982324,0,0,0.34851477,0.4641461,0,0,0.38961926,0.4486558,0,0,0.43765217,0.46403483,0,0,0,0,0,0.9826632,0,0.43570697,0,0.4486267,0,0,2.08E-17,0,0.58125275,0.47003502,2
0.2591861,0.33449635,1.63E-05,1.66E-06,0.38159412,0.46982324,0,0,0.34851477,0.4641461,0,0,0.38961926,0.4486558,0,0,0.43765217,0.46403483,0,0,0,0,0,0.98266304,0,0.43570697,0,0.4486267,0,0,2.08E-17,0,0.58125275,0.47003502,2
0.7157594,0.80609274,0.2500628,0.12753657,0.38159412,0.46982324,5.47E-07,2.23E-13,0.34851477,0.4641461,0.0038694998,1.27E-05,0.38961926,0.4486558,0.0061766375,3.67E-05,0.43765217,0.46403483,5.87E-22,2.62E-22,0.57992935,1.08E-10,0.7158102,6.02E-06,2.37E-05,0.43570697,0,0.4486267,0,0,0.35886526,0,0.58125275,0.47003502,1
0.3540228,0.25014564,0.20778684,0.13983409,0.38159412,0.46982324,0.003241046,7.83E-06,0.34851477,0.4641461,0.03655338,0.0011366797,0.38961926,0.4486558,0.031515412,0.00095444976,0.43765217,0.46403483,3.59E-21,5.14E-21,0.2380936,4.75E-06,0.18485932,6.21E-05,0.00024421926,0.43570697,0,0.4486267,0,0,0.35886526,0,0.58125275,0.47003502,1
0.31836444,0.2731567,0.21343781,0.13898452,0.38159412,0.46982324,0,0,0.34851477,0.4641461,0,0,0.38961926,0.4486558,0,0,0.43765217,0.46403483,0,0,0,0,0,0.98266613,0,0.43570697,0,0.4486267,0,0,2.08E-17,0,0.58125275,0.47003502,1
0.74101573,0.4096227,0.008033681,7.99E-05,0.38159412,0.46982324,0.0004383187,1.43E-07,0.34851477,0.4641461,0.00030704757,8.02E-08,0.38961926,0.4486558,0.00029113784,8.15E-08,0.43765217,0.46403483,1.71E-22,1.43E-22,0.69638324,5.48E-06,0.42063168,3.08E-05,0.00012121646,0.43570697,0,0.4486267,0,0,0.009929078,0,0.58125275,0.47003502,3
0.32451215,0.10455551,0.18209612,0.13422969,0.38159412,0.46982324,0,0,0.34851477,0.4641461,0,0,0.38961926,0.4486558,0,0,0.43765217,0.46403483,0,0,0,0,0,0.98266697,0,0.43570697,0,0.4486267,0,0,2.08E-17,0,0.58125275,0.47003502,5
0.7300583,0.6246771,0.008093513,7.88E-05,0.38159412,0.46982324,6.11E-08,2.78E-15,0.34851477,0.4641461,0.00014941517,1.90E-08,0.38961926,0.4486558,0.0002639899,6.70E-08,0.43765217,0.46403483,9.21E-23,9.48E-23,0.69724524,9.18E-08,0.64454246,1.34E-05,5.26E-05,0.43570697,0,0.4486267,0,0,0.009929078,0,0.58125275,0.47003502,3
0.7213601,0.6212161,0.24301733,0.122050546,0.38159412,0.46982324,6.00E-08,2.68E-15,0.34851477,0.4641461,0.0030672546,8.00E-06,0.38961926,0.4486558,0.0060076313,3.47E-05,0.43765217,0.46403483,4.34E-22,2.12E-22,0.58310086,7.66E-08,0.54911935,1.51E-05,5.95E-05,0.43570697,0,0.4486267,0,0,0.3503546,0,0.58125275,0.47003502,4
0.0012345382,0.0015928061,0.008377338,0.00085859327,0.38159412,0.46982324,0.00021811711,0.00023300636,0.34851477,0.46395501,0.02496462,0.0007395889,0.3896007,0.43628633,0.03233269,0.0012266362,0.4375623,0.44832623,1.49E-18,2.06E-18,0.0012551772,6.16E-18,0.0016848084,7.80E-10,6.84E-18,0.43570697,0.000100608355,0.4486075,0.0014476589,0.001358411,0.039434697,0.0004903426,0.58125186,0.46479964,0
0.34517354,0.4653409,0.0058833524,0.00010691958,0.38159412,0.46982324,0,0,0.34851477,0.4641461,0,0,0.38961926,0.4486558,0,0,0.43765217,0.46403483,0,0,0,0,0,0.98266566,0,0.43570697,0,0.4486267,0,0,2.08E-17,0,0.58125275,0.47003502,3
0.23258488,0.27704152,7.33E-05,3.78E-06,0.38159412,0.46982324,0,0,0.34851477,0.4641461,0,0,0.38961926,0.4486558,0,0,0.43765217,0.46403483,0,0,0,0,0,0.982663,0,0.43570697,0,0.4486267,0,0,2.08E-17,0,0.58125275,0.47003502,2
0.6944618,0.8317188,0.25007454,0.12753114,0.38159412,0.46982324,0.004566611,1.55E-05,0.34851477,0.4641461,0.009682737,7.98E-05,0.38961926,0.4486558,0.0068692127,4.53E-05,0.43765217,0.46403483,6.20E-23,9.91E-23,0.56859386,2.25E-11,0.7386129,4.97E-06,1.96E-05,0.43570697,0,0.4486267,0,0,0.35886526,0,0.58125275,0.47003502,1
0.22367379,0.31252435,7.37E-05,3.64E-06,0.38159412,0.46982324,0,0,0.34851477,0.4641461,0,0,0.38961926,0.4486558,0,0,0.43765217,0.46403483,0,0,0,0,0,0.9826632,0,0.43570697,0,0.4486267,0,0,2.08E-17,0,0.58125275,0.47003502,2
0.70666623,0.42768002,0.25049594,0.12733963,0.38159412,0.46982324,1.79E-06,2.39E-12,0.34851477,0.4641461,0.0043769255,1.63E-05,0.38961926,0.4486558,0.006666034,4.27E-05,0.43765217,0.46403483,9.76E-23,1.43E-22,0.57922435,3.78E-06,0.3804394,3.22E-05,0.00012677438,0.43570697,0,0.4486267,0,0,0.35886526,0,0.58125275,0.47003502,1
0.004354049,0.0034199296,0.056904756,0.08218693,0.38159412,0.46982324,0,0,0.34851477,0.4641461,1.41E-09,1.68E-18,0.38961926,0.4486558,3.14E-09,9.50E-18,0.43765217,0.46403483,1.48E-18,3.25E-18,0.0014155352,1.59E-15,0.0010902435,1.34E-08,6.14E-14,0.43570697,0,0.4486267,7.46E-05,0,0.009929078,0,0.58125275,0.47003502,0
0.2153614,0.29297835,7.56E-05,3.74E-06,0.38159412,0.46982324,0,0,0.34851477,0.4641461,0,0,0.38961926,0.4486558,0,0,0.43765217,0.46403483,0,0,0,0,0,0.98266304,0,0.43570697,0,0.4486267,0,0,2.08E-17,0,0.58125275,0.47003502,2
2.82E-05,0.00042663474,0.014022983,0.00086540205,0.38159412,0.46982324,0,0,0.34851477,0.4641461,1.92E-05,3.13E-10,0.38961926,0.4486558,0.010037993,9.68E-05,0.43765217,0.46403483,0,3.86E-31,6.78E-06,2.66E-21,7.23E-05,2.46E-08,3.18E-16,0.43570697,3.38E-10,0.4486267,0.00025079807,0.010000187,0.020116989,9.68E-05,0.58125275,0.47003502,0
0.3944573,0.3490339,0.005581183,0.000108025604,0.38159412,0.46982324,0.00041470016,1.28E-07,0.34851477,0.4641461,0.0008364038,5.95E-07,0.38961926,0.4486558,0.0007550839,5.48E-07,0.43765217,0.46403483,9.29E-21,1.07E-20,0.27223653,1.26E-07,0.24847826,3.26E-05,0.00012812426,0.43570697,0,0.4486267,0,0,0.009929078,0,0.58125275,0.47003502,3
0.001023841,0.0015766307,0.008452739,0.0008743178,0.38159394,0.4668137,0.065551855,0.0032016344,0.34847388,0.4298892,0.04534641,0.0018922273,0.39009836,0.5972119,0.03285906,0.0012791115,0.43793026,0.51041985,5.90E-18,6.25E-18,0.0009930033,7.61E-18,0.0016412452,8.12E-10,7.41E-18,0.42921844,0.0039958945,0.45866445,0.0013367911,0.058160167,0.04500306,0.003539985,0.5817328,0.51062006,0
0.0043744496,0.0038667743,0.051597845,0.07447003,0.38159412,0.46982324,0.0896784,0.005991447,0.34851477,0.4641461,0.071278445,0.0043221465,0.38961926,0.4486558,0.049984407,0.0026202954,0.4374977,0.44973382,3.07E-18,5.32E-18,0.0006252112,8.46E-16,0.0002499202,1.14E-08,4.32E-15,0.43570697,0.0050644213,0.4486267,0.000365631,0.06894209,0.042064123,0.004601179,0.58125275,0.47003502,0
0.0009656888,0.00055269664,0.016457547,0.0019953484,0.38159412,0.46982324,0.00017850554,4.18E-05,0.34851477,0.46417606,0.008420678,0.00047748745,0.38963526,0.4816281,0.030660594,0.0035449092,0.43869007,0.5507129,8.38E-29,1.34E-20,0.00010059272,1.88E-16,0.00019191163,1.00E-08,3.18E-16,0.43570697,0,0.4486267,0,0,0.009219858,0,0.58125275,0.47003502,0
0.4858212,0.24563256,0.005799734,0.00010725561,0.38159412,0.46982324,8.70E-09,5.64E-17,0.34851477,0.4641461,0.00034573794,1.02E-07,0.38961926,0.4486558,0.00069787796,4.68E-07,0.43765217,0.46403483,3.21E-22,1.15E-21,0.36218825,5.24E-06,0.18188696,6.65E-05,0.00026141596,0.43570697,0,0.4486267,0,0,0.009929078,0,0.58125275,0.47003502,3
0.22563678,0.28237835,7.52E-05,3.86E-06,0.38159412,0.46982324,0,0,0.34851477,0.4641461,0,0,0.38961926,0.4486558,0,0,0.43765217,0.46403483,0,0,0,0,0,0.98266304,0,0.43570697,0,0.4486267,0,0,2.08E-17,0,0.58125275,0.47003502,2
0.2642115,0.35435292,1.64E-05,1.66E-06,0.38159412,0.46982324,0,0,0.34851477,0.4641461,0,0,0.38961926,0.4486558,0,0,0.43765217,0.46403483,0,0,0,0,0,0.98266315,0,0.43570697,0,0.4486267,0,0,2.08E-17,0,0.58125275,0.47003502,2
0.7167401,0.8783748,0.24382049,0.12169788,0.38159412,0.46982324,0,0,0.34851477,0.4641461,0,0,0.38961926,0.4486558,0,0,0.43765217,0.46403483,0,0,0,0,0,0.98266494,0,0.43570697,0,0.4486267,0,0,2.08E-17,0,0.58125275,0.47003502,4
0.7946134,0.84825474,0.008108343,7.77E-05,0.38159412,0.46982324,0.00087135663,5.66E-07,0.34851477,0.4641461,0.00033361858,9.47E-08,0.38961926,0.4486558,0.0002698901,7.00E-08,0.43765217,0.46403483,1.22E-22,1.10E-22,0.76750475,1.15E-10,0.8802468,5.07E-06,1.99E-05,0.43570697,0,0.4486267,0,0,0.009929078,0,0.58125275,0.47003502,3
0.72302365,0.9665588,0.24471073,0.12130161,0.38159412,0.46982324,1.66E-06,2.05E-12,0.34851477,0.4641461,0.0042931167,1.57E-05,0.38961926,0.4486558,0.0064971168,4.06E-05,0.43765217,0.46403483,7.56E-23,1.63E-22,0.59327936,3.65E-16,0.86034995,1.42E-06,5.60E-06,0.43570697,0,0.4486267,0,0,0.3503546,0,0.58125275,0.47003502,4
0.0020294245,0.00065049774,0.026153704,0.017846607,0.35118353,0.3859081,0.21652853,0.3836283,0.3234635,0.394046,0.2066337,0.40087467,0.37225953,0.39844018,0.17616732,0.35272518,0.45606524,0.49046612,4.92E-19,2.29E-17,0.0020559344,1.43E-16,0.00046278353,3.01E-06,1.18E-05,0.43570697,3.19E-05,0.4486267,7.51E-05,0.0058737043,0.029689677,3.34E-05,0.58125275,0.47003502,0
0.46651307,0.34440628,0.21349846,0.13150445,0.38159412,0.46982324,0.00046087443,1.58E-07,0.34851477,0.4641461,0.0135678,0.00015660365,0.38961926,0.4486558,0.0143981995,0.00019921565,0.43765217,0.46403483,7.85E-22,2.09E-21,0.3303824,9.94E-07,0.26749814,3.79E-05,0.00014915536,0.43570697,0,0.4486267,0,0,0.3503546,0,0.58125275,0.47003502,4
0.7086267,0.7983928,0.25064868,0.12726845,0.38159412,0.46982324,2.49E-06,4.64E-12,0.34851477,0.4641461,0.004511497,1.73E-05,0.38961926,0.4486558,0.0062978603,3.81E-05,0.43765217,0.46403483,5.06E-23,9.92E-23,0.58527476,1.47E-10,0.71063524,6.26E-06,2.46E-05,0.43570697,0,0.4486267,0,0,0.35886526,0,0.58125275,0.47003502,1
0.00038052595,0.00048211814,0.012197064,0.0003997302,0.38159412,0.46982324,1.39E-09,0.0074242163,0.34851477,0.4641461,1.41E-09,0.00866734,0.38961926,0.4486558,0.00390794,0.009788331,0.43765318,0.46441787,1.54E-24,1.94E-18,0.00024354986,7.13E-15,0.00014635023,1.98E-08,7.52E-15,0.43570697,1.81E-18,0.4486267,0.000275814,0,0.009929078,0,0.58125275,0.47003502,0
0.75112474,0.668569,0.007078239,9.59E-05,0.38159412,0.46982324,0,0,0.34851477,0.4641461,0,0,0.38961926,0.4486558,0,0,0.43765217,0.46403483,0,0,0,0,0,0.9826656,0,0.43570697,0,0.4486267,0,0,2.08E-17,0,0.58125275,0.47003502,3
0.2195158,0.16054566,7.60E-05,4.00E-06,0.38159412,0.46982324,0,0,0.34851477,0.4641461,0,0,0.38961926,0.4486558,0,0,0.43765217,0.46403483,0,0,0,0,0,0.98266286,0,0.43570697,0,0.4486267,0,0,2.08E-17,0,0.58125275,0.47003502,2
0.26374367,0.2687515,1.58E-05,1.61E-06,0.38159412,0.46982324,0,0,0.34851477,0.4641461,0,0,0.38961926,0.4486558,0,0,0.43765217,0.46403483,0,0,0,0,0,0.9826629,0,0.43570697,0,0.4486267,0,0,2.08E-17,0,0.58125275,0.47003502,2
0.45091274,0.5766582,0.21498094,0.1311868,0.38159412,0.46982324,0,0,0.34851477,0.4641461,0,0,0.38961926,0.4486558,0,0,0.43765217,0.46403483,0,0,0,0,0,0.98266494,0,0.43570697,0,0.4486267,0,0,2.08E-17,0,0.58125275,0.47003502,4
0.008414784,0.0017473852,0.05117813,0.06962949,0.36465865,0.42073962,0.3348357,0.17755452,0.32581392,0.40000197,0.33507034,0.20887893,0.3639489,0.38152495,0.32443678,0.22327887,0.42290872,0.4487647,2.72E-18,3.29E-18,0.008575333,1.03E-17,0.001450769,1.11E-09,8.15E-14,0.50123173,0.17632091,0.5125195,0.00037532722,0.3570476,0.19242804,0.18456125,0.6262945,0.5314357,0
0.34621772,0.15181096,0.18376833,0.13426352,0.38159412,0.46982324,0.030576348,0.00069650984,0.34851477,0.4641461,0.021755125,0.0004026301,0.38961926,0.4486558,0.021582063,0.00044760303,0.43765217,0.46403483,4.57E-22,3.79E-17,0.21545206,8.31E-05,0.10152781,0.00014899683,0.0005860507,0.43570697,2.79E-15,0.4486267,0.3516872,8.68E-08,0.3503546,7.29E-15,0.58125275,0.47003502,5
0.7908204,0.82051337,0.008107778,7.78E-05,0.38159412,0.46982324,0.0005265257,2.07E-07,0.34851477,0.4641461,0.00029490248,7.40E-08,0.38961926,0.4486558,0.00026625674,6.81E-08,0.43765217,0.46403483,6.14E-23,6.81E-23,0.76969594,2.96E-10,0.8510491,5.76E-06,2.27E-05,0.43570697,0,0.4486267,0,0,0.009929078,0,0.58125275,0.47003502,3
0.43266883,0.53169435,0.21272218,0.1316628,0.38159412,0.46982324,0.00017883512,2.38E-08,0.34851477,0.4641461,0.010404535,9.21E-05,0.38961926,0.4486558,0.013718996,0.00018086383,0.43765217,0.46403483,2.21E-21,1.42E-21,0.3048052,1.94E-11,0.41145104,8.27E-06,3.25E-05,0.43570697,0,0.4486267,0,0,0.3503546,0,0.58125275,0.47003502,4
0.0009733928,0.0015154574,0.008339326,0.0008645749,0.38159412,0.4698227,0.008209761,8.66E-05,0.34851423,0.4613434,0.037537936,0.0013162756,0.38969,0.47917858,0.032753225,0.0012288687,0.4379661,0.5195943,1.73E-21,1.60E-18,0.000873694,6.83E-18,0.0015591381,8.75E-10,6.34E-18,0.43570697,0.00016946254,0.448625,0.001303888,0.0014508892,0.040298257,0.00042209466,0.58125186,0.46489972,0
0.35217667,0.35459,0.18406282,0.13426381,0.38159412,0.46982324,5.25E-06,2.05E-11,0.34851477,0.4641461,0.009918769,8.37E-05,0.38961926,0.4486558,0.016594743,0.00026463557,0.43765217,0.46403483,4.27E-22,4.78E-22,0.21843155,2.07E-08,0.23744601,2.78E-05,0.000109476976,0.43570697,2.90E-15,0.4486267,0.8227971,1.33E-07,0.3503546,1.70E-14,0.58125275,0.47003502,5
0.40673822,0.44755262,0.006131098,0.000105501116,0.38159412,0.46982324,0,0,0.34851477,0.4641461,0,0,0.38961926,0.4486558,0,0,0.43765217,0.46403483,0,0,0,0,0,0.98266566,0,0.43570697,0,0.4486267,0,0,2.08E-17,0,0.58125275,0.47003502,3
0.7157624,0.85842144,0.24421151,0.12152453,0.38159412,0.46982324,0.016363664,0.00019948816,0.34851477,0.4641461,0.010804649,9.93E-05,0.38961926,0.4486558,0.007201043,4.98E-05,0.43765217,0.46403483,1.83E-22,1.96E-22,0.5865248,9.98E-12,0.76254904,4.46E-06,1.75E-05,0.43570697,0,0.4486267,0,0,0.3503546,0,0.58125275,0.47003502,4
0.38827917,0.11939016,0.21728362,0.13066718,0.38159412,0.46982324,1.96E-05,2.86E-10,0.34851477,0.4641461,0.010042733,8.58E-05,0.38961926,0.4486558,0.014347421,0.00019781296,0.43765217,0.46403483,1.97E-21,7.79E-11,0.27852458,0.00027601517,0.094369255,0.00018544286,0.00072937505,0.43570697,0,0.4486267,0,0,0.3503546,0,0.58125275,0.47003502,4
0.68740493,0.28645593,0.24921182,0.12792084,0.38159412,0.46982324,0,0,0.34851477,0.4641461,0,0,0.38961926,0.4486558,0,0,0.43765217,0.46403483,0,0,0,0,0,0.9826661,0,0.43570697,0,0.4486267,0,0,2.08E-17,0,0.58125275,0.47003502,1
0.41645607,0.4176694,0.2117492,0.13185497,0.38159412,0.46982324,0,0,0.34851477,0.4641461,0,0,0.38961926,0.4486558,0,0,0.43765217,0.46403483,0,0,0,0,0,0.9826648,0,0.43570697,0,0.4486267,0,0,2.08E-17,0,0.58125275,0.47003502,4
0.26412946,0.3617804,1.50E-05,1.49E-06,0.38159412,0.46982324,0,0,0.34851477,0.4641461,0,0,0.38961926,0.4486558,0,0,0.43765217,0.46403483,0,0,0,0,0,0.9826633,0,0.43570697,0,0.4486267,0,0,2.08E-17,0,0.58125275,0.47003502,2
0.4448883,0.493357,0.21306017,0.13159493,0.38159412,0.46982324,2.67E-05,5.33E-10,0.34851477,0.4641461,0.008646275,6.36E-05,0.38961926,0.4486558,0.013917806,0.00018614382,0.43765217,0.46403483,2.55E-21,3.40E-21,0.31728467,8.93E-10,0.38239473,1.31E-05,5.15E-05,0.43570697,0,0.4486267,0,0,0.3503546,0,0.58125275,0.47003502,4
0.38805053,0.4503908,0.0059327907,0.000106657615,0.38159412,0.46982324,0.0011199381,9.34E-07,0.34851477,0.4641461,0.0010163654,8.79E-07,0.38961926,0.4486558,0.00078642997,5.94E-07,0.43765217,0.46403483,2.88E-20,1.15E-19,0.24313714,1.92E-10,0.34128436,1.23E-05,4.82E-05,0.43570697,0,0.4486267,0,0,0.009929078,0,0.58125275,0.47003502,3
0.4120609,0.6004374,0.21208549,0.1317886,0.38159412,0.46982324,0,0,0.34851477,0.4641461,0,0,0.38961926,0.4486558,0,0,0.43765217,0.46403483,0,0,0,0,0,0.9826651,0,0.43570697,0,0.4486267,0,0,2.08E-17,0,0.58125275,0.47003502,4
0.7237935,0.8200346,0.24382468,0.121696085,0.38159412,0.46982324,0,0,0.34851477,0.4641461,0,0,0.38961926,0.4486558,0,0,0.43765217,0.46403483,0,0,0,0,0,0.9826649,0,0.43570697,0,0.4486267,0,0,2.08E-17,0,0.58125275,0.47003502,4
0.0005571537,0.00042340334,0.011490141,0.00084278785,0.38159412,0.46982324,0.02190849,0.0003575863,0.34851477,0.4641461,0.022030428,0.00041288484,0.38961926,0.4486558,0.017800488,0.00030448847,0.43765226,0.4670498,2.69E-16,2.69E-16,0.00016592306,3.76E-16,9.64E-05,1.93E-08,5.34E-16,0.43570697,0.00044553488,0.4486267,0.00033437624,0.017733445,0.030603262,0.00030442933,0.5812528,0.47301623,0
0.6771892,0.95690197,0.24478893,0.12126605,0.38159412,0.46982324,2.47E-05,4.55E-10,0.34851477,0.4641461,0.005718976,2.78E-05,0.38961926,0.4486558,0.006696743,4.31E-05,0.43765217,0.46403483,7.90E-22,1.01E-21,0.55568194,6.47E-16,0.85202944,1.51E-06,5.95E-06,0.43570697,0,0.4486267,0,0,0.3503546,0,0.58125275,0.47003502,4
0.22302583,0.14768457,7.87E-05,4.12E-06,0.38159412,0.46982324,0,0,0.34851477,0.4641461,0,0,0.38961926,0.4486558,0,0,0.43765217,0.46403483,0,0,0,0,0,0.98266286,0,0.43570697,0,0.4486267,0,0,2.08E-17,0,0.58125275,0.47003502,2
0.22025841,0.29372427,7.57E-05,3.74E-06,0.38159412,0.46982324,0,0,0.34851477,0.4641461,0,0,0.38961926,0.4486558,0,0,0.43765217,0.46403483,0,0,0,0,0,0.9826631,0,0.43570697,0,0.4486267,0,0,2.08E-17,0,0.58125275,0.47003502,2
0.00040366134,0.0005030263,0.012665842,0.00035991383,0.38159412,0.46982324,0,5.41E-05,0.34851477,0.4641461,1.99E-09,9.02E-05,0.38961926,0.4486558,0.014124924,0.0002274858,0.43765366,0.46544123,3.86E-31,1.70E-21,0.00012669385,3.46E-15,0.00015114063,1.85E-08,6.57E-15,0.43570697,0,0.4486267,0,0,0.009929078,0,0.58125275,0.47003502,0
0.40584415,0.39868322,0.21296257,0.13161334,0.38159412,0.46982324,0,0,0.34851477,0.4641461,0,0,0.38961926,0.4486558,0,0,0.43765217,0.46403483,0,0,0,0,0,0.9826648,0,0.43570697,0,0.4486267,0,0,2.08E-17,0,0.58125275,0.47003502,4
0.74909914,0.43237615,0.008058529,7.93E-05,0.38159412,0.46982324,7.76E-05,4.49E-09,0.34851477,0.4641461,0.00025631985,5.59E-08,0.38961926,0.4486558,0.00027817188,7.44E-08,0.43765217,0.46403483,1.38E-22,8.13E-23,0.71256006,3.82E-06,0.44544193,2.81E-05,0.00011065841,0.43570697,0,0.4486267,0,0,0.009929078,0,0.58125275,0.47003502,3
0.7219765,0.73590404,0.24343298,0.12186857,0.38159412,0.46982324,0,0,0.34851477,0.4641461,0,0,0.38961926,0.4486558,0,0,0.43765217,0.46403483,0,0,0,0,0,0.9826649,0,0.43570697,0,0.4486267,0,0,2.08E-17,0,0.58125275,0.47003502,4
0.7479985,0.7512774,0.0070870104,9.58E-05,0.38159412,0.46982324,0,0,0.34851477,0.4641461,0,0,0.38961926,0.4486558,0,0,0.43765217,0.46403483,0,0,0,0,0,0.9826656,0,0.43570697,0,0.4486267,0,0,2.08E-17,0,0.58125275,0.47003502,3
0.72853607,0.5722833,0.008078936,7.94E-05,0.38159412,0.46982324,2.12E-05,3.36E-10,0.34851477,0.4641461,0.0002711258,6.25E-08,0.38961926,0.4486558,0.00029296352,8.25E-08,0.43765217,0.46403483,7.05E-23,7.58E-23,0.68634534,3.02E-07,0.5886504,1.65E-05,6.47E-05,0.43570697,0,0.4486267,0,0,0.009929078,0,0.58125275,0.47003502,3
0.00089625095,0.0016877596,0.036977623,0.10272916,0.38159412,0.46982324,0.0001471915,0.00016601164,0.34851477,0.46414262,0.026792679,0.0007943195,0.3896176,0.44760385,0.35426623,0.12953748,0.44461167,0.47758105,1.01E-17,9.99E-18,0.0008610647,7.22E-18,0.001828959,1.60E-09,3.61E-09,0.43570697,0.00016253558,0.43224952,0.0014693836,0.0050351676,0.04041119,0.00044707255,0.581251,0.4671864,0
0.7116869,0.4849151,0.24318488,0.12197749,0.38159412,0.46982324,1.11E-08,9.25E-17,0.34851477,0.4641461,0.0027792223,6.57E-06,0.38961926,0.4486558,0.005871993,3.31E-05,0.43765217,0.46403483,3.03E-22,2.35E-22,0.5780096,1.48E-06,0.42892978,2.60E-05,0.00010234494,0.43570697,0,0.4486267,0,0,0.3503546,0,0.58125275,0.47003502,4
0.46249312,0.5595659,0.21346945,0.13151029,0.38159412,0.46982324,0,0,0.34851477,0.4641461,0,0,0.38961926,0.4486558,0,0,0.43765217,0.46403483,0,0,0,0,0,0.98266494,0,0.43570697,0,0.4486267,0,0,2.08E-17,0,0.58125275,0.47003502,4
0.34468782,0.18812169,0.0054982053,0.00010811056,0.38159412,0.46982324,1.96E-06,2.85E-12,0.34851477,0.4641461,0.00069495104,4.11E-07,0.38961926,0.4486558,0.000860596,7.12E-07,0.43765217,0.46403483,4.00E-21,3.83E-21,0.24166375,2.12E-05,0.13200709,0.00010111998,0.00039775553,0.43570697,0,0.4486267,0,0,0.009929078,0,0.58125275,0.47003502,3
0.44811743,0.6064296,0.21443282,0.13130637,0.38159412,0.46982324,8.38E-06,5.23E-11,0.34851477,0.4641461,0.0077918475,5.16E-05,0.38961926,0.4486558,0.012487088,0.00014984058,0.43765217,0.46403483,3.80E-22,4.67E-22,0.33134702,3.61E-18,0.473032,1.54E-06,6.06E-06,0.43570697,0,0.4486267,0,0,0.3503546,0,0.58125275,0.47003502,4
0.0010928456,0.0015723174,0.008581137,0.00084116973,0.38159412,0.4698557,0.00078665477,0.00010171434,0.34851506,0.47826844,0.010893623,0.00014912357,0.3896761,0.6366815,0.0109798955,0.00016363742,0.43769684,0.5207769,2.36E-17,2.79E-17,0.00027937902,5.15E-17,0.0003780149,4.89E-09,6.65E-11,0.45056096,0.00016091595,0.6366402,0.001310577,0.010938541,0.02873843,0.00016360563,0.58128935,0.5261412,0
0.00083452876,0.0014992675,0.0076198275,0.00080277724,0.38159412,0.46982324,2.03E-05,2.12E-06,0.34851477,0.46414602,0.022989232,0.00052130595,0.38960937,0.43864852,0.031185752,0.0010234567,0.43769902,0.4750624,2.17E-22,1.61E-18,0.00075179886,2.03E-17,0.0014955478,8.33E-07,3.33E-06,0.43566772,0.0018444543,0.48328167,0.0012376234,0.056072913,0.043063227,0.003335397,0.58163714,0.5035053,0
0.23143244,0.28226325,7.32E-05,3.78E-06,0.38159412,0.46982324,0,0,0.34851477,0.4641461,0,0,0.38961926,0.4486558,0,0,0.43765217,0.46403483,0,0,0,0,0,0.98266304,0,0.43570697,0,0.4486267,0,0,2.08E-17,0,0.58125275,0.47003502,2
0.36067554,0.20071098,0.18240355,0.13422233,0.38159412,0.46982324,0,0,0.34851477,0.4641461,0,0,0.38961926,0.4486558,0,0,0.43765217,0.46403483,0,0,0,0,0,0.98266697,0,0.43570697,0,0.4486267,0,0,2.08E-17,0,0.58125275,0.47003502,5
0.7070011,0.34280536,0.24351026,0.12183529,0.38159412,0.46982324,0.0035370418,9.32E-06,0.34851477,0.4641461,0.009165321,7.15E-05,0.38961926,0.4486558,0.007862259,5.94E-05,0.43765217,0.46403483,2.04E-22,2.01E-20,0.5764971,1.61E-05,0.30364665,4.66E-05,0.00018348615,0.43570697,0,0.4486267,0,0,0.3503546,0,0.58125275,0.47003502,4
0.008109652,0.0016986228,0.058009185,0.07818137,0.36824307,0.42901975,0.33245936,0.16816872,0.32817167,0.4043017,0.33342043,0.19968745,0.36433396,0.3803616,0.3158512,0.20473118,0.44751927,0.4750463,1.21E-18,1.65E-18,0.0096758725,2.74E-17,0.0017230831,8.55E-10,9.02E-17,0.43570697,3.19E-05,0.4486267,7.51E-05,0.005873705,0.029689807,3.34E-05,0.58125275,0.47003502,0
0.36019436,0.14468017,0.20478307,0.14017789,0.38159412,0.46982324,0.0013490902,1.36E-06,0.34851477,0.4641461,0.026089793,0.00057906104,0.38961926,0.4486558,0.026402831,0.00066989707,0.43765217,0.46403483,4.58E-22,4.44E-17,0.2513623,7.61E-05,0.10531003,0.00014459716,0.00056874746,0.43570697,0,0.4486267,0,0,0.35886526,0,0.58125275,0.47003502,1
0.91202635,0.9216443,0.008153957,7.68E-05,0.38159412,0.46982324,0,0,0.34851477,0.4641461,0,0,0.38961926,0.4486558,0,0,0.43765217,0.46403483,0,0,0,0,0,0.98266566,0,0.43570697,0,0.4486267,0,0,2.08E-17,0,0.58125275,0.47003502,3
0.2211618,0.3160523,7.51E-05,3.83E-06,0.38159412,0.46982324,0,0,0.34851477,0.4641461,0,0,0.38961926,0.4486558,0,0,0.43765217,0.46403483,0,0,0,0,0,0.9826633,0,0.43570697,0,0.4486267,0,0,2.08E-17,0,0.58125275,0.47003502,2
0.43495992,0.5251925,0.21303213,0.13159956,0.38159412,0.46982324,0.013239051,0.00013057792,0.34851477,0.4641461,0.015995605,0.0002176629,0.38961926,0.4486558,0.014412475,0.00019961088,0.43765217,0.46403483,3.51E-22,4.84E-22,0.31036988,4.58E-11,0.40702635,9.12E-06,3.59E-05,0.43570697,0,0.4486267,0,0,0.3503546,0,0.58125275,0.47003502,4
0.70161885,0.29734385,0.008041082,8.00E-05,0.38159412,0.46982324,0.00010893324,8.84E-09,0.34851477,0.4641461,0.0003279162,9.15E-08,0.38961926,0.4486558,0.00031931588,9.80E-08,0.43765217,0.46403483,5.02E-23,1.72E-17,0.66273546,2.82E-05,0.3055254,4.97E-05,0.00019562103,0.43570697,0,0.4486267,0,0,0.009929078,0,0.58125275,0.47003502,3
0.22016793,0.301193,7.41E-05,3.71E-06,0.38159412,0.46982324,0,0,0.34851477,0.4641461,0,0,0.38961926,0.4486558,0,0,0.43765217,0.46403483,0,0,0,0,0,0.9826631,0,0.43570697,0,0.4486267,0,0,2.08E-17,0,0.58125275,0.47003502,2
0.34209087,0.08580804,0.22294576,0.12920015,0.38159412,0.46982324,0.00029624725,6.54E-08,0.34851477,0.4641461,0.014171818,0.00017085756,0.38961926,0.4486558,0.017218582,0.00028490621,0.43765217,0.46403483,8.80E-20,1.78E-08,0.25651658,0.00054970727,0.0696023,0.00026713568,0.0010505974,0.43570697,0,0.4486267,0,0,0.3503546,0,0.58125275,0.47003502,4
0.72378176,0.8314801,0.24412684,0.12156198,0.38159412,0.46982324,0,0,0.34851477,0.4641461,0,0,0.38961926,0.4486558,0,0,0.43765217,0.46403483,0,0,0,0,0,0.9826649,0,0.43570697,0,0.4486267,0,0,2.08E-17,0,0.58125275,0.47003502,4
0.2282221,0.3185429,7.26E-05,3.63E-06,0.38159412,0.46982324,0,0,0.34851477,0.4641461,0,0,0.38961926,0.4486558,0,0,0.43765217,0.46403483,0,0,0,0,0,0.9826633,0,0.43570697,0,0.4486267,0,0,2.08E-17,0,0.58125275,0.47003502,2
0.22609644,0.30467057,7.56E-05,3.84E-06,0.38159412,0.46982324,0,0,0.34851477,0.4641461,0,0,0.38961926,0.4486558,0,0,0.43765217,0.46403483,0,0,0,0,0,0.9826631,0,0.43570697,0,0.4486267,0,0,2.08E-17,0,0.58125275,0.47003502,2
0.43175632,0.6051937,0.21384887,0.13143046,0.38159412,0.46982324,0,0,0.34851477,0.4641461,0,0,0.38961926,0.4486558,0,0,0.43765217,0.46403483,0,0,0,0,0,0.98266506,0,0.43570697,0,0.4486267,0,0,2.08E-17,0,0.58125275,0.47003502,4
0.39992535,0.5981605,0.21240845,0.1317222,0.38159412,0.46982324,0.0041819764,1.30E-05,0.34851477,0.4641461,0.01699581,0.00024573487,0.38961926,0.4486558,0.013879375,0.00018511724,0.43765217,0.46403483,1.01E-21,1.80E-21,0.28106058,1.07E-19,0.4622025,1.09E-06,4.28E-06,0.43570697,0,0.4486267,0,0,0.3503546,0,0.58125275,0.47003502,4
0.70979774,0.45543858,0.24972782,0.12768963,0.38159412,0.46982324,1.66E-07,2.05E-14,0.34851477,0.4641461,0.0034484318,1.01E-05,0.38961926,0.4486558,0.006314289,3.83E-05,0.43765217,0.46403483,1.77E-22,1.37E-22,0.57382137,2.34E-06,0.40388685,2.89E-05,0.000113747854,0.43570697,0,0.4486267,0,0,0.35886526,0,0.58125275,0.47003502,1
0.36145234,0.19894242,0.18415295,0.13426974,0.38159412,0.46982324,0.0005460824,2.22E-07,0.34851477,0.4641461,0.01562542,0.00020770474,0.38961926,0.4486558,0.01969073,0.00037258957,0.43765217,0.46403483,2.40E-21,2.26E-21,0.22666919,2.00E-05,0.1333098,9.89E-05,0.0003890775,0.43570697,2.32E-15,0.4486267,0.46184656,9.03E-08,0.3503546,7.90E-15,0.58125275,0.47003502,5
0.25423238,0.32537103,1.54E-05,1.52E-06,0.38159412,0.46982324,0,0,0.34851477,0.4641461,0,0,0.38961926,0.4486558,0,0,0.43765217,0.46403483,0,0,0,0,0,0.98266304,0,0.43570697,0,0.4486267,0,0,2.08E-17,0,0.58125275,0.47003502,2
0.001155197,0.0016643024,0.01612277,0.024451796,0.3816055,0.510275,0.042901672,0.0013728389,0.34861085,0.5667692,0.0405438,0.0014937331,0.38959736,0.43974295,0.17288475,0.03433597,0.43944994,0.47540018,1.40E-18,3.81E-18,0.0012876303,1.47E-17,0.0018099555,9.14E-10,8.08E-10,0.43578002,0.000296985,0.45521677,0.0014793908,0.0037498933,0.03939167,0.0005084833,0.5812755,0.5186628,0
0.49009404,0.55784935,0.21334648,0.13153677,0.38159412,0.46982324,4.98E-05,1.85E-09,0.34851477,0.4641461,0.008188474,5.70E-05,0.38961926,0.4486558,0.013026141,0.00016305668,0.43765217,0.46403483,1.20E-21,9.27E-22,0.35143635,2.29E-12,0.4329457,6.44E-06,2.53E-05,0.43570697,0,0.4486267,0,0,0.3503546,0,0.58125275,0.47003502,4
0.4306165,0.6053131,0.21348673,0.13150644,0.38159412,0.46982324,0,0,0.34851477,0.4641461,0,0,0.38961926,0.4486558,0,0,0.43765217,0.46403483,0,0,0,0,0,0.98266506,0,0.43570697,0,0.4486267,0,0,2.08E-17,0,0.58125275,0.47003502,4
0.74691945,0.6869186,0.0070909155,9.57E-05,0.38159412,0.46982324,8.01E-05,4.78E-09,0.34851477,0.4641461,0.00026852425,6.13E-08,0.38961926,0.4486558,0.00025771704,6.38E-08,0.43765217,0.46403483,9.92E-23,1.13E-22,0.62883943,2.55E-08,0.62476826,1.20E-05,4.72E-05,0.43570697,0,0.4486267,0,0,0.009929078,0,0.58125275,0.47003502,3
0.22160877,0.16834211,7.86E-05,4.15E-06,0.38159412,0.46982324,0,0,0.34851477,0.4641461,0,0,0.38961926,0.4486558,0,0,0.43765217,0.46403483,0,0,0,0,0,0.98266286,0,0.43570697,0,0.4486267,0,0,2.08E-17,0,0.58125275,0.47003502,2
0.0011116094,0.0016144568,0.011507211,0.0015762256,0.3815906,0.4600201,0.029566552,0.001202347,0.348375,0.4084624,0.044319533,0.001832028,0.38953784,0.42334083,0.04361555,0.0019812062,0.43753463,0.449414,3.05E-18,3.16E-18,0.0011025461,5.67E-18,0.0017219128,7.53E-10,5.72E-18,0.43570697,0.00047433528,0.44862425,0.0013766641,0.0011556544,0.039093718,0.00051442196,0.58125234,0.46743384,0
0.22181381,0.27138415,7.34E-05,3.75E-06,0.38159412,0.46982324,0,0,0.34851477,0.4641461,0,0,0.38961926,0.4486558,0,0,0.43765217,0.46403483,0,0,0,0,0,0.982663,0,0.43570697,0,0.4486267,0,0,2.08E-17,0,0.58125275,0.47003502,2
0.72192276,0.70170486,0.008059847,7.92E-05,0.38159412,0.46982324,1.06E-06,8.33E-13,0.34851477,0.4641461,0.0001999356,3.40E-08,0.38961926,0.4486558,0.0002684729,6.93E-08,0.43765217,0.46403483,2.94E-22,1.93E-22,0.67776096,1.12E-08,0.7223011,9.64E-06,3.79E-05,0.43570697,0,0.4486267,0,0,0.009929078,0,0.58125275,0.47003502,3
0.26281062,0.28294402,1.61E-05,1.63E-06,0.38159412,0.46982324,0,0,0.34851477,0.4641461,0,0,0.38961926,0.4486558,0,0,0.43765217,0.46403483,0,0,0,0,0,0.982663,0,0.43570697,0,0.4486267,0,0,2.08E-17,0,0.58125275,0.47003502,2
0.20574363,0.27178073,7.38E-05,3.80E-06,0.38159412,0.46982324,0,0,0.34851477,0.4641461,0,0,0.38961926,0.4486558,0,0,0.43765217,0.46403483,0,0,0,0,0,0.982663,0,0.43570697,0,0.4486267,0,0,2.08E-17,0,0.58125275,0.47003502,2
0.6236742,0.18758021,0.008011039,7.98E-05,0.38159412,0.46982324,2.99E-06,6.66E-12,0.34851477,0.4641461,0.00022028654,4.13E-08,0.38961926,0.4486558,0.00028758257,7.95E-08,0.43765217,0.46403483,1.71E-22,1.49E-11,0.5856935,0.00012387962,0.19211036,9.06E-05,0.00035628545,0.43570697,0,0.4486267,0,0,0.009929078,0,0.58125275,0.47003502,3
0.0011750755,0.0015986714,0.0083715385,0.0009017279,0.38159743,0.48114878,0.05176603,0.0020053287,0.34849137,0.4518461,0.04113137,0.0015886805,0.38967457,0.46824002,0.03311864,0.0012757794,0.4376151,0.457771,1.58E-19,9.59E-19,0.0012064902,5.59E-18,0.0016883299,7.77E-10,6.92E-18,0.43570697,0.00045592326,0.4486263,0.0014098273,0.00095751096,0.03892929,0.000525372,0.58125216,0.46540278,0
0.36735085,0.41721785,0.005781917,0.0001073708,0.38159412,0.46982324,0,0,0.34851477,0.4641461,0,0,0.38961926,0.4486558,0,0,0.43765217,0.46403483,0,0,0,0,0,0.9826656,0,0.43570697,0,0.4486267,0,0,2.08E-17,0,0.58125275,0.47003502,3
0.745487,0.80641234,0.007088049,9.58E-05,0.38159412,0.46982324,0,0,0.34851477,0.4641461,0,0,0.38961926,0.4486558,0,0,0.43765217,0.46403483,0,0,0,0,0,0.9826656,0,0.43570697,0,0.4486267,0,0,2.08E-17,0,0.58125275,0.47003502,3
0.36660612,0.3102834,0.00539986,0.00010829112,0.38159412,0.46982324,0,0,0.34851477,0.4641461,0,0,0.38961926,0.4486558,0,0,0.43765217,0.46403483,0,0,0,0,0,0.98266554,0,0.43570697,0,0.4486267,0,0,2.08E-17,0,0.58125275,0.47003502,3
0.611669,0.18011752,0.2493268,0.12787089,0.38159412,0.46982324,3.30E-06,8.13E-12,0.34851477,0.4641461,0.004935223,2.07E-05,0.38961926,0.4486558,0.007918847,6.03E-05,0.43765217,0.46403483,8.54E-23,2.21E-11,0.49933013,0.00014934626,0.15947543,0.00010940943,0.00043035857,0.43570697,0,0.4486267,0,0,0.35886526,0,0.58125275,0.47003502,1
0.74372584,0.80252945,0.0070868256,9.58E-05,0.38159412,0.46982324,0,0,0.34851477,0.4641461,0,0,0.38961926,0.4486558,0,0,0.43765217,0.46403483,0,0,0,0,0,0.9826656,0,0.43570697,0,0.4486267,0,0,2.08E-17,0,0.58125275,0.47003502,3
0.3645285,0.40095013,0.18370289,0.13425913,0.38159412,0.46982324,9.54E-05,6.78E-09,0.34851477,0.4641461,0.0116752125,0.00011596118,0.38961926,0.4486558,0.01656717,0.00026375687,0.43765217,0.46403483,7.82E-22,3.04E-21,0.22150555,6.53E-10,0.26796916,1.75E-05,6.88E-05,0.43570697,4.06E-15,0.4486267,0.9285674,1.03E-07,0.3503546,1.03E-14,0.58125275,0.47003502,5
0.7229018,0.9759998,0.2440383,0.12160127,0.38159412,0.46982324,0.00023405802,4.08E-08,0.34851477,0.4641461,0.0070582028,4.24E-05,0.38961926,0.4486558,0.0068663848,4.53E-05,0.43765217,0.46403483,1.83E-22,1.80E-22,0.584545,6.38E-17,0.86637354,1.19E-06,4.66E-06,0.43570697,0,0.4486267,0,0,0.3503546,0,0.58125275,0.47003502,4
0.70540905,0.5695001,0.25077853,0.12720883,0.38159412,0.46982324,3.44E-05,8.82E-10,0.34851477,0.4641461,0.0058659445,2.93E-05,0.38961926,0.4486558,0.0067692134,4.40E-05,0.43765217,0.46403483,1.09E-22,1.80E-22,0.58259565,2.25E-07,0.50716823,1.82E-05,7.18E-05,0.43570697,0,0.4486267,0,0,0.35886526,0,0.58125275,0.47003502,1
0.75366175,0.6974348,0.0070776837,9.58E-05,0.38159412,0.46982324,2.24E-05,3.74E-10,0.34851477,0.4641461,0.0002365432,4.76E-08,0.38961926,0.4486558,0.00025273132,6.14E-08,0.43765217,0.46403483,1.65E-22,1.51E-22,0.6265603,1.98E-08,0.6331636,1.15E-05,4.54E-05,0.43570697,0,0.4486267,0,0,0.009929078,0,0.58125275,0.47003502,3
0.72670496,0.3670966,0.008047115,7.97E-05,0.38159412,0.46982324,0,0,0.34851477,0.4641461,0,0,0.38961926,0.4486558,0,0,0.43765217,0.46403483,0,0,0,0,0,0.98266554,0,0.43570697,0,0.4486267,0,0,2.08E-17,0,0.58125275,0.47003502,3
0.24878559,0.29112956,1.49E-05,1.44E-06,0.38159412,0.46982324,0,0,0.34851477,0.4641461,0,0,0.38961926,0.4486558,0,0,0.43765217,0.46403483,0,0,0,0,0,0.982663,0,0.43570697,0,0.4486267,0,0,2.08E-17,0,0.58125275,0.47003502,2
0.2541523,0.33635592,1.48E-05,1.51E-06,0.38159412,0.46982324,0,0,0.34851477,0.4641461,0,0,0.38961926,0.4486558,0,0,0.43765217,0.46403483,0,0,0,0,0,0.98266304,0,0.43570697,0,0.4486267,0,0,2.08E-17,0,0.58125275,0.47003502,2
0.4229968,0.59140646,0.21436976,0.13132168,0.38159412,0.46982324,5.90E-05,2.60E-09,0.34851477,0.4641461,0.009483556,7.65E-05,0.38961926,0.4486558,0.012615656,0.000152942,0.43765217,0.46403483,7.33E-21,3.37E-21,0.2984819,6.45E-15,0.46118322,3.30E-06,1.30E-05,0.43570697,0,0.4486267,0,0,0.3503546,0,0.58125275,0.47003502,4
0.26355973,0.36266634,1.49E-05,1.49E-06,0.38159412,0.46982324,0,0,0.34851477,0.4641461,0,0,0.38961926,0.4486558,0,0,0.43765217,0.46403483,0,0,0,0,0,0.9826633,0,0.43570697,0,0.4486267,0,0,2.08E-17,0,0.58125275,0.47003502,2
0.42326698,0.2337472,0.0057516014,0.00010746917,0.38159412,0.46982324,1.73E-08,2.23E-16,0.34851477,0.4641461,0.00038615058,1.27E-07,0.38961926,0.4486558,0.00072104746,5.00E-07,0.43765217,0.46403483,2.22E-21,3.89E-21,0.31233388,6.54E-06,0.1716217,7.09E-05,0.00027908242,0.43570697,0,0.4486267,0,0,0.009929078,0,0.58125275,0.47003502,3
0.47647542,0.58332336,0.21481878,0.13122322,0.38159412,0.46982324,0,0,0.34851477,0.4641461,0,0,0.38961926,0.4486558,0,0,0.43765217,0.46403483,0,0,0,0,0,0.982665,0,0.43570697,0,0.4486267,0,0,2.08E-17,0,0.58125275,0.47003502,4
0.70978343,0.5053766,0.24322732,0.12195801,0.38159412,0.46982324,0,0,0.34851477,0.4641461,0,0,0.38961926,0.4486558,0,0,0.43765217,0.46403483,0,0,0,0,0,0.9826648,0,0.43570697,0,0.4486267,0,0,2.08E-17,0,0.58125275,0.47003502,4
0.7397231,0.4183475,0.008051701,7.95E-05,0.38159412,0.46982324,0.00021207357,3.35E-08,0.34851477,0.4641461,0.00028534885,6.93E-08,0.38961926,0.4486558,0.00028574915,7.85E-08,0.43765217,0.46403483,6.73E-23,8.66E-23,0.70164835,4.73E-06,0.43061873,2.97E-05,0.00011677006,0.43570697,0,0.4486267,0,0,0.009929078,0,0.58125275,0.47003502,3
0.2272978,0.2508453,7.50E-05,3.82E-06,0.38159412,0.46982324,0,0,0.34851477,0.4641461,0,0,0.38961926,0.4486558,0,0,0.43765217,0.46403483,0,0,0,0,0,0.982663,0,0.43570697,0,0.4486267,0,0,2.08E-17,0,0.58125275,0.47003502,2
0.7133767,0.6673589,0.24360023,0.121794775,0.38159412,0.46982324,0.00060833775,2.76E-07,0.34851477,0.4641461,0.007686497,5.03E-05,0.38961926,0.4486558,0.006886248,4.56E-05,0.43765217,0.46403483,1.46E-22,2.27E-22,0.58422583,2.15E-08,0.5913341,1.24E-05,4.87E-05,0.43570697,0,0.4486267,0,0,0.3503546,0,0.58125275,0.47003502,4
0.22603723,0.30841744,7.40E-05,3.76E-06,0.38159412,0.46982324,0,0,0.34851477,0.4641461,0,0,0.38961926,0.4486558,0,0,0.43765217,0.46403483,0,0,0,0,0,0.98266315,0,0.43570697,0,0.4486267,0,0,2.08E-17,0,0.58125275,0.47003502,2
0.46415153,0.22749284,0.21535638,0.13110498,0.38159412,0.46982324,0.006039254,2.72E-05,0.34851477,0.4641461,0.019143913,0.00031177726,0.38961926,0.4486558,0.016360333,0.0002572121,0.43765217,0.46403483,5.75E-22,7.30E-21,0.33320892,2.42E-05,0.17824738,7.84E-05,0.0003082894,0.43570697,0,0.4486267,0,0,0.3503546,0,0.58125275,0.47003502,4
0.0014796623,0.0017140543,0.01951201,0.03521191,0.38159412,0.46981606,0.011672559,0.000101506244,0.34851462,0.45792168,0.011371553,0.00015904823,0.38962236,0.45821702,0.010388878,0.0001602728,0.4376785,0.4983769,3.87E-17,3.94E-17,0.00027550518,5.67E-17,0.00037418265,4.93E-09,5.24E-17,0.42916006,0.00017162542,0.45818728,0.0012972907,0.0103497505,0.028600391,0.00016024166,0.5812743,0.5039922,0
0.0003099346,0.0014564226,0.04006628,0.05847928,0.38159412,0.46982324,1.39E-09,1.62E-18,0.34851477,0.4641461,0.0023754938,1.46E-05,0.38961926,0.44865817,0.34219483,0.2898201,0.4448288,0.4701187,0,1.41E-24,3.03E-05,1.70E-17,0.0008857046,2.05E-09,1.71E-16,0.43570697,9.07E-19,0.4486267,0.0003006726,1.72E-09,0.017626109,3.01E-18,0.58125275,0.47003502,0
0.43326762,0.5949277,0.21408056,0.13138433,0.38159412,0.46982324,0,0,0.34851477,0.4641461,0,0,0.38961926,0.4486558,0,0,0.43765217,0.46403483,0,0,0,0,0,0.982665,0,0.43570697,0,0.4486267,0,0,2.08E-17,0,0.58125275,0.47003502,4
0.42386705,0.15445513,0.21748881,0.13061745,0.38159412,0.46982324,0,0,0.34851477,0.4641461,0,0,0.38961926,0.4486558,0,0,0.43765217,0.46403483,0,0,0,0,0,0.98266476,0,0.43570697,0,0.4486267,0,0,2.08E-17,0,0.58125275,0.47003502,4
0.00038625175,0.000630562,0.031644132,0.03697735,0.38159412,0.46982324,0,7.23E-19,0.34851477,0.4641461,0.0020321102,3.52E-06,0.38961935,0.47713736,0.014090555,0.00019079605,0.43765706,0.5156306,0,3.86E-31,7.71E-06,1.63E-17,9.22E-05,2.01E-08,5.15E-16,0.43570697,3.80E-06,0.4771064,0.0003194897,0.014037439,0.032257058,0.00019075772,0.58125675,0.52105916,0
0.70168895,0.85369736,0.007077074,9.59E-05,0.38159412,0.46982324,2.04E-08,3.09E-16,0.34851477,0.4641461,0.00014776844,1.86E-08,0.38961926,0.4486558,0.00024536875,5.79E-08,0.43765217,0.46403483,3.41E-22,2.78E-22,0.5797406,3.21E-11,0.774881,4.92E-06,1.94E-05,0.43570697,0,0.4486267,0,0,0.009929078,0,0.58125275,0.47003502,3
0.001404844,0.0016522779,0.0089001795,0.0009063751,0.381594,0.46827346,0.06393764,0.0030494095,0.3484583,0.43739408,0.039411422,0.0014439385,0.3896031,0.4422382,0.033443708,0.0012857114,0.43774122,0.4790598,6.57E-18,7.34E-18,0.001412736,7.34E-18,0.0017163388,7.60E-10,8.44E-18,0.43570697,0.00045534648,0.44862667,0.0013795864,0.00086858834,0.03920692,0.000506955,0.5812519,0.46267113,0
0.84362704,0.8984034,0.008130672,7.73E-05,0.38159412,0.46982324,9.34E-07,6.50E-13,0.34851477,0.4641461,0.00016162821,2.22E-08,0.38961926,0.4486558,0.00024428708,5.73E-08,0.43765217,0.46403483,2.13E-20,7.90E-21,0.81024766,2.71E-11,0.9345217,4.15E-06,1.63E-05,0.43570697,0,0.4486267,0,0,0.009929078,0,0.58125275,0.47003502,3
0.23111159,0.31094018,7.14E-05,3.59E-06,0.38159412,0.46982324,0,0,0.34851477,0.4641461,0,0,0.38961926,0.4486558,0,0,0.43765217,0.46403483,0,0,0,0,0,0.98266315,0,0.43570697,0,0.4486267,0,0,2.08E-17,0,0.58125275,0.47003502,2
0.40780705,0.32480413,0.20908321,0.1396586,0.38159412,0.46982324,0,0,0.34851477,0.4641461,0,0,0.38961926,0.4486558,0,0,0.43765217,0.46403483,0,0,0,0,0,0.98266613,0,0.43570697,0,0.4486267,0,0,2.08E-17,0,0.58125275,0.47003502,1
0.7198415,0.31749344,0.0070773563,9.59E-05,0.38159412,0.46982324,6.19E-06,2.85E-11,0.34851477,0.4641461,0.00019816133,3.34E-08,0.38961926,0.4486558,0.00022737573,4.97E-08,0.43765217,0.46403483,5.63E-23,2.71E-18,0.60516876,2.52E-05,0.28820783,5.17E-05,0.00020324365,0.43570697,0,0.4486267,0,0,0.009929078,0,0.58125275,0.47003502,3
0.3598194,0.3486781,0.1835314,0.13425377,0.38159412,0.46982324,4.73E-05,1.66E-09,0.34851477,0.4641461,0.012353185,0.00012981979,0.38961926,0.4486558,0.017129561,0.00028196783,0.43765217,0.46403483,2.83E-21,2.29E-21,0.21821591,3.21E-08,0.23282185,2.97E-05,0.00011665092,0.43570697,3.48E-16,0.4486267,0.80674595,1.36E-07,0.3503546,1.79E-14,0.58125275,0.47003502,5
0.35345733,0.4199527,0.0058276523,0.000107177606,0.38159412,0.46982324,3.32E-05,8.20E-10,0.34851477,0.4641461,0.00093522086,7.44E-07,0.38961926,0.4486558,0.00077881204,5.83E-07,0.43765217,0.46403483,1.59E-21,2.28E-21,0.24726664,1.88E-09,0.3124309,1.68E-05,6.63E-05,0.43570697,0,0.4486267,0,0,0.009929078,0,0.58125275,0.47003502,3
0.45221117,0.55899805,0.21389122,0.13142116,0.38159412,0.46982324,0,0,0.34851477,0.4641461,0,0,0.38961926,0.4486558,0,0,0.43765217,0.46403483,0,0,0,0,0,0.98266494,0,0.43570697,0,0.4486267,0,0,2.08E-17,0,0.58125275,0.47003502,4
0.25373137,0.35689977,1.53E-05,1.52E-06,0.38159412,0.46982324,0,0,0.34851477,0.4641461,0,0,0.38961926,0.4486558,0,0,0.43765217,0.46403483,0,0,0,0,0,0.9826632,0,0.43570697,0,0.4486267,0,0,2.08E-17,0,0.58125275,0.47003502,2
0.46876994,0.36433902,0.21331897,0.1315403,0.38159412,0.46982324,0.020988729,0.0003281922,0.34851477,0.4641461,0.017040076,0.00024701658,0.38961926,0.4486558,0.014977632,0.00021557251,0.43765217,0.46403483,1.15E-21,1.29E-21,0.33164948,5.34E-07,0.28275016,3.37E-05,0.0001326609,0.43570697,0,0.4486267,0,0,0.3503546,0,0.58125275,0.47003502,4
0.0010539655,0.0015886666,0.00859393,0.0008772939,0.38159412,0.46982637,0.058947608,0.0025887396,0.34851518,0.46684343,0.04390632,0.0016951107,0.3897533,0.5043285,0.032580424,0.0012203744,0.4379114,0.51011467,2.64E-17,2.83E-17,0.0010863026,2.41E-17,0.0016898268,7.90E-10,2.43E-17,0.43570697,0.0040144315,0.4361139,0.0013116,0.058864497,0.04496269,0.0035881617,0.58144563,0.48658898,0
0.7316748,0.38545465,0.0070614708,9.61E-05,0.38159412,0.46982324,0,0,0.34851477,0.4641461,0,0,0.38961926,0.4486558,0,0,0.43765217,0.46403483,0,0,0,0,0,0.98266554,0,0.43570697,0,0.4486267,0,0,2.08E-17,0,0.58125275,0.47003502,3
0.43717873,0.6052732,0.21356264,0.13149033,0.38159412,0.46982324,0,0,0.34851477,0.4641461,0,0,0.38961926,0.4486558,0,0,0.43765217,0.46403483,0,0,0,0,0,0.98266506,0,0.43570697,0,0.4486267,0,0,2.08E-17,0,0.58125275,0.47003502,4
0.22423683,0.2994395,7.39E-05,3.71E-06,0.38159412,0.46982324,0,0,0.34851477,0.4641461,0,0,0.38961926,0.4486558,0,0,0.43765217,0.46403483,0,0,0,0,0,0.9826631,0,0.43570697,0,0.4486267,0,0,2.08E-17,0,0.58125275,0.47003502,2
0.0012215904,0.0016117325,0.008701185,0.0009085871,0.38159412,0.46910185,0.005887756,5.15E-05,0.3485137,0.4538999,0.03598743,0.0012460637,0.38962016,0.44903913,0.033328757,0.0012759453,0.43793225,0.5116867,9.79E-18,9.61E-18,0.0010658777,6.70E-18,0.0016957215,7.71E-10,6.18E-18,0.43570697,0.00019312573,0.4486267,0.0013834904,6.10E-05,0.0391605,0.0005081984,0.5812527,0.46713707,0
0.39030796,0.31750003,0.005431005,0.00010823658,0.38159412,0.46982324,1.19E-07,1.05E-14,0.34851477,0.4641461,0.0004188179,1.49E-07,0.38961926,0.4486558,0.00071204617,4.87E-07,0.43765217,0.46403483,1.19E-21,3.55E-20,0.23148984,5.41E-07,0.21991722,4.19E-05,0.00016475766,0.43570697,0,0.4486267,0,0,0.009929078,0,0.58125275,0.47003502,3
0.7045682,0.34894985,0.24988234,0.1276197,0.38159412,0.46982324,0,0,0.34851477,0.4641461,0,0,0.38961926,0.4486558,0,0,0.43765217,0.46403483,0,0,0,0,0,0.9826661,0,0.43570697,0,0.4486267,0,0,2.08E-17,0,0.58125275,0.47003502,1
0.4606588,0.46428776,0.006026809,0.00010616085,0.38159412,0.46982324,0,0,0.34851477,0.4641461,0,0,0.38961926,0.4486558,0,0,0.43765217,0.46403483,0,0,0,0,0,0.98266566,0,0.43570697,0,0.4486267,0,0,2.08E-17,0,0.58125275,0.47003502,3
0.00029598837,0.0003673661,0.011928908,0.0004586863,0.38159412,0.46982324,0,7.23E-19,0.34851477,0.4641461,1.41E-09,1.89E-18,0.38961926,0.4486558,0.008447473,0.00013392429,0.43765223,0.46410143,0,7.59E-24,4.07E-05,1.74E-17,0.00010339194,1.80E-08,3.98E-16,0.43570697,2.03E-18,0.4486267,0.00035824807,9.90E-10,0.017626109,3.90E-18,0.58125275,0.47003502,0
0.0010782955,0.0016398912,0.008355348,0.0007589006,0.38159412,0.4698245,0.00054337626,3.46E-05,0.34851477,0.46576533,0.027449284,0.00085740536,0.38961238,0.44469094,0.029927561,0.001091299,0.43772534,0.47817993,8.76E-18,8.92E-18,0.0011428234,1.16E-17,0.0017900999,7.20E-10,1.48E-17,0.4357069,0.0004473151,0.43468815,0.0016417961,0.005865194,0.040016603,0.00049225613,0.5812682,0.49148533,0
0.76671916,0.8780179,0.007109501,9.54E-05,0.38159412,0.46982324,1.24E-05,1.15E-10,0.34851477,0.4641461,0.00021619991,3.98E-08,0.38961926,0.4486558,0.00025277902,6.14E-08,0.43765217,0.46403483,9.61E-23,9.02E-23,0.65889746,1.16E-11,0.800666,4.36E-06,1.72E-05,0.43570697,0,0.4486267,0,0,0.009929078,0,0.58125275,0.47003502,3
0.8350462,0.89842176,0.008141838,7.71E-05,0.38159412,0.46982324,7.11E-07,3.76E-13,0.34851477,0.4641461,0.0001584392,2.14E-08,0.38961926,0.4486558,0.00024363743,5.70E-08,0.43765217,0.46403483,3.51E-21,4.60E-21,0.80846524,2.60E-11,0.9355694,4.13E-06,1.62E-05,0.43570697,0,0.4486267,0,0,0.009929078,0,0.58125275,0.47003502,3
0.3230338,0.2718094,0.21675225,0.1383731,0.38159412,0.46982324,0,0,0.34851477,0.4641461,0,0,0.38961926,0.4486558,0,0,0.43765217,0.46403483,0,0,0,0,0,0.9826661,0,0.43570697,0,0.4486267,0,0,2.08E-17,0,0.58125275,0.47003502,1
0.40097213,0.20388928,0.005600285,0.00010793281,0.38159412,0.46982324,4.57E-07,1.56E-13,0.34851477,0.4641461,0.0005630733,2.70E-07,0.38961926,0.4486558,0.00080952287,6.30E-07,0.43765217,0.46403483,3.37E-22,7.21E-22,0.2906813,1.39E-05,0.14573145,8.95E-05,0.0003518792,0.43570697,0,0.4486267,0,0,0.009929078,0,0.58125275,0.47003502,3
0.35605982,0.39158598,0.18356556,0.13425404,0.38159412,0.46982324,0,0,0.34851477,0.4641461,0,0,0.38961926,0.4486558,0,0,0.43765217,0.46403483,0,0,0,0,0,0.9826671,0,0.43570697,0,0.4486267,0,0,2.08E-17,0,0.58125275,0.47003502,5
0.7291585,0.94170135,0.24467023,0.121319525,0.38159412,0.46982324,0.0006698276,3.34E-07,0.34851477,0.4641461,0.0077605215,5.12E-05,0.38961926,0.4486558,0.0068752766,4.54E-05,0.43765217,0.46403483,1.91E-22,1.26E-22,0.5932829,1.75E-14,0.83809227,2.15E-06,8.46E-06,0.43570697,0,0.4486267,0,0,0.3503546,0,0.58125275,0.47003502,4
0.4794556,0.37983617,0.21343866,0.13151373,0.38159412,0.46982324,0.0014371381,1.54E-06,0.34851477,0.4641461,0.012945015,0.00014255686,0.38961926,0.4486558,0.014286579,0.0001961388,0.43765217,0.46403483,4.35E-22,5.64E-22,0.34056592,3.08E-07,0.2949297,3.07E-05,0.00012069739,0.43570697,0,0.4486267,0,0,0.3503546,0,0.58125275,0.47003502,4
0.40218,0.44934693,0.0060521564,0.000105995925,0.38159412,0.46982324,0,0,0.34851477,0.4641461,0,0,0.38961926,0.4486558,0,0,0.43765217,0.46403483,0,0,0,0,0,0.98266566,0,0.43570697,0,0.4486267,0,0,2.08E-17,0,0.58125275,0.47003502,3
0.7253628,0.98421663,0.24411388,0.12156782,0.38159412,0.46982324,0.0009545458,6.79E-07,0.34851477,0.4641461,0.008332712,5.91E-05,0.38961926,0.4486558,0.00715692,4.92E-05,0.43765217,0.46403483,4.09E-22,2.19E-22,0.58917475,1.04E-17,0.873945,9.80E-07,3.86E-06,0.43570697,0,0.4486267,0,0,0.3503546,0,0.58125275,0.47003502,4
0.7095952,0.656104,0.25058714,0.12729646,0.38159412,0.46982324,0.014181155,0.00014982325,0.34851477,0.4641461,0.010699004,9.74E-05,0.38961926,0.4486558,0.007225636,5.02E-05,0.43765217,0.46403483,7.91E-23,1.15E-22,0.585582,2.50E-08,0.5838545,1.27E-05,5.01E-05,0.43570697,0,0.4486267,0,0,0.35886526,0,0.58125275,0.47003502,1
0.7441894,0.7568994,0.008091294,7.83E-05,0.38159412,0.46982324,0,0,0.34851477,0.4641461,0,0,0.38961926,0.4486558,0,0,0.43765217,0.46403483,0,0,0,0,0,0.9826656,0,0.43570697,0,0.4486267,0,0,2.08E-17,0,0.58125275,0.47003502,3
0.22309467,0.31523368,7.18E-05,3.66E-06,0.38159412,0.46982324,0,0,0.34851477,0.4641461,0,0,0.38961926,0.4486558,0,0,0.43765217,0.46403483,0,0,0,0,0,0.9826632,0,0.43570697,0,0.4486267,0,0,2.08E-17,0,0.58125275,0.47003502,2
0.0007076783,0.0004976272,0.013756282,0.0012595857,0.38159478,0.48380128,0.00633273,0.0003160023,0.3485434,0.5596484,0.009292939,0.00044784768,0.3897112,0.62638676,0.047741562,0.0072677527,0.4401628,0.55874145,1.92E-17,3.22E-16,0.0002573723,6.36E-16,0.00019893693,9.80E-09,4.01E-16,0.43570697,0,0.4486267,0,0,0.009219858,0,0.58125275,0.47003502,0
0.32653835,0.11888975,0.18300636,0.13425799,0.38159412,0.46982324,0,0,0.34851477,0.4641461,0,0,0.38961926,0.4486558,0,0,0.43765217,0.46403483,0,0,0,0,0,0.98266697,0,0.43570697,0,0.4486267,0,0,2.08E-17,0,0.58125275,0.47003502,5
0.7076608,0.823955,0.2494937,0.1277946,0.38159412,0.46982324,3.52E-08,9.25E-16,0.34851477,0.4641461,0.0023592447,4.74E-06,0.38961926,0.4486558,0.0058137705,3.25E-05,0.43765217,0.46403483,5.87E-22,2.77E-22,0.5655656,4.02E-11,0.7300018,5.33E-06,2.10E-05,0.43570697,0,0.4486267,0,0,0.35886526,0,0.58125275,0.47003502,1
0.7148848,0.8990532,0.24420866,0.12152562,0.38159412,0.46982324,0.011782687,0.00010342956,0.34851477,0.4641461,0.010382555,9.17E-05,0.38961926,0.4486558,0.0071277954,4.88E-05,0.43765217,0.46403483,1.23E-22,1.52E-22,0.58668417,5.05E-13,0.79863185,3.16E-06,1.24E-05,0.43570697,0,0.4486267,0,0,0.3503546,0,0.58125275,0.47003502,4
0.5984431,0.15863585,0.006956047,9.75E-05,0.38159412,0.46982324,7.46E-07,4.14E-13,0.34851477,0.4641461,0.00016994456,2.46E-08,0.38961926,0.4486558,0.00023745482,5.42E-08,0.43765217,0.46403483,3.26E-22,8.93E-10,0.487968,0.00022009332,0.14151451,0.00012787418,0.00050297903,0.43570697,0,0.4486267,0,0,0.009929078,0,0.58125275,0.47003502,3
0.22070833,0.1669556,7.67E-05,4.01E-06,0.38159412,0.46982324,0,0,0.34851477,0.4641461,0,0,0.38961926,0.4486558,0,0,0.43765217,0.46403483,0,0,0,0,0,0.98266286,0,0.43570697,0,0.4486267,0,0,2.08E-17,0,0.58125275,0.47003502,2
0.7189952,0.80530804,0.24402605,0.121606335,0.38159412,0.46982324,0,0,0.34851477,0.4641461,0,0,0.38961926,0.4486558,0,0,0.43765217,0.46403483,0,0,0,0,0,0.9826649,0,0.43570697,0,0.4486267,0,0,2.08E-17,0,0.58125275,0.47003502,4
0.011372099,0.002318096,0.07113604,0.10109861,0.34105363,0.3894798,0.35823408,0.24891739,0.3243647,0.41148266,0.3486329,0.2264882,0.3684569,0.39758694,0.33821726,0.23821883,0.43080294,0.45743072,4.02E-19,5.70E-19,0.013817152,8.67E-18,0.0026908624,3.87E-10,5.11E-17,0.5661882,0.3370976,0.5744175,0.00022517187,0.5680437,0.22128876,0.3528164,0.7353215,0.5907828,0
0.00023736304,0.00039053138,0.011124331,0.00081435556,0.38159412,0.46982324,0,0,0.34851477,0.4641461,1.41E-09,1.68E-18,0.38961926,0.4486558,1.72E-09,2.84E-18,0.43765217,0.46403483,5.66E-15,1.24E-14,0.00013096462,1.38E-14,7.13E-05,3.77E-08,1.20E-14,0.43570697,1.81E-18,0.4486267,0.00024704504,1.72E-09,2.08E-17,2.84E-18,0.58125275,0.47003502,0
0.000297746,0.0010072729,0.037779525,0.040265977,0.38159412,0.46982324,0.041339982,0.0012731998,0.34851477,0.4641461,0.09514029,0.007700377,0.38961926,0.44865662,0.08293027,0.00820727,0.43601432,0.42159075,2.09E-20,7.11E-18,0.00027648237,1.43E-16,0.00031919574,8.29E-09,2.78E-15,0.43570697,0.0083293915,0.4486267,0.00067031,0.09154432,0.061184835,0.008112657,0.58125275,0.47003502,0
0.70627266,0.5596447,0.25073013,0.12723124,0.38159412,0.46982324,0.000103567705,7.99E-09,0.34851477,0.4641461,0.006558375,3.66E-05,0.38961926,0.4486558,0.0069058347,4.58E-05,0.43765217,0.46403483,2.24E-22,2.15E-22,0.5826186,2.82E-07,0.49829707,1.90E-05,7.47E-05,0.43570697,0,0.4486267,0,0,0.35886526,0,0.58125275,0.47003502,1
0.44682735,0.227767,0.20979856,0.13955969,0.38159412,0.46982324,0.050392225,0.0018918343,0.34851477,0.4641461,0.032893267,0.0009204434,0.38961926,0.4486558,0.02773369,0.00073913264,0.43765217,0.46403483,7.71E-21,6.49E-21,0.31112,1.07E-05,0.16988187,7.53E-05,0.00029605214,0.43570697,0,0.4486267,0,0,0.35886526,0,0.58125275,0.47003502,1
0.7171252,0.8629498,0.0070825364,9.58E-05,0.38159412,0.46982324,0.00012699536,1.20E-08,0.34851477,0.4641461,0.00028260148,6.79E-08,0.38961926,0.4486558,0.00026114142,6.55E-08,0.43765217,0.46403483,1.23E-22,1.79E-22,0.59862596,1.98E-11,0.7839332,4.65E-06,1.83E-05,0.43570697,0,0.4486267,0,0,0.009929078,0,0.58125275,0.47003502,3
0.2525441,0.3602319,1.52E-05,1.47E-06,0.38159412,0.46982324,0,0,0.34851477,0.4641461,0,0,0.38961926,0.4486558,0,0,0.43765217,0.46403483,0,0,0,0,0,0.9826633,0,0.43570697,0,0.4486267,0,0,2.08E-17,0,0.58125275,0.47003502,2
0.7428872,0.5360896,0.0070711314,9.59E-05,0.38159412,0.46982324,3.45E-07,8.87E-14,0.34851477,0.4641461,0.00019288463,3.17E-08,0.38961926,0.4486558,0.00023171432,5.16E-08,0.43765217,0.46403483,2.89E-22,2.29E-22,0.61746895,7.64E-07,0.48621538,2.16E-05,8.51E-05,0.43570697,0,0.4486267,0,0,0.009929078,0,0.58125275,0.47003502,3
0.7168971,0.9479726,0.2448433,0.1212419,0.38159412,0.46982324,5.16E-06,1.99E-11,0.34851477,0.4641461,0.0047996286,1.96E-05,0.38961926,0.4486558,0.0065253573,4.09E-05,0.43765217,0.46403483,1.03E-22,1.41E-22,0.58716697,6.68E-15,0.8442633,1.94E-06,7.62E-06,0.43570697,0,0.4486267,0,0,0.3503546,0,0.58125275,0.47003502,4
0.46263945,0.2658983,0.21428075,0.13133965,0.38159412,0.46982324,0,0,0.34851477,0.4641461,0,0,0.38961926,0.4486558,0,0,0.43765217,0.46403483,0,0,0,0,0,0.9826648,0,0.43570697,0,0.4486267,0,0,2.08E-17,0,0.58125275,0.47003502,4
0.23375142,0.04711436,0.006354175,0.000103469814,0.38159412,0.46982324,0,0,0.34851477,0.4641461,0,0,0.38961926,0.4486558,0,0,0.43765217,0.46403483,0,0,0,0,0,0.9826655,0,0.43570697,0,0.4486267,0,0,2.08E-17,0,0.58125275,0.47003502,3
0.79643184,0.8366428,0.008103161,7.78E-05,0.38159412,0.46982324,3.58E-05,9.54E-10,0.34851477,0.4641461,0.00022528648,4.32E-08,0.38961926,0.4486558,0.00025669986,6.33E-08,0.43765217,0.46403483,5.96E-23,7.67E-23,0.76868284,1.72E-10,0.8674818,5.35E-06,2.11E-05,0.43570697,0,0.4486267,0,0,0.009929078,0,0.58125275,0.47003502,3
0.7181843,0.95630854,0.24456652,0.12136599,0.38159412,0.46982324,0.0076485677,4.36E-05,0.34851477,0.4641461,0.010025226,8.55E-05,0.38961926,0.4486558,0.0071062464,4.85E-05,0.43765217,0.46403483,1.58E-22,1.65E-22,0.5837274,1.99E-15,0.8507369,1.70E-06,6.70E-06,0.43570697,0,0.4486267,0,0,0.3503546,0,0.58125275,0.47003502,4
0.4189293,0.56942546,0.21408737,0.13137887,0.38159412,0.46982324,2.04E-05,3.11E-10,0.34851477,0.4641461,0.008750234,6.51E-05,0.38961926,0.4486558,0.012763902,0.00015655754,0.43765217,0.46403483,1.81E-21,2.30E-21,0.30484125,1.09E-13,0.44345534,4.57E-06,1.80E-05,0.43570697,0,0.4486267,0,0,0.3503546,0,0.58125275,0.47003502,4
0.0010711194,0.0015870893,0.010152249,0.0021973425,0.38159412,0.46982324,3.71E-06,3.53E-07,0.34851477,0.4641461,0.007136756,0.00010514968,0.3896239,0.4737249,0.009982276,0.0001470357,0.4376684,0.48710302,1.21E-30,1.31E-21,0.000121960555,3.60E-17,0.00035128396,5.26E-09,5.08E-17,0.43570697,0.000113464695,0.47369415,0.0012179009,0.009944679,0.027905304,0.00014700713,0.58126605,0.49284467,0
0.7606694,0.9247929,0.24516876,0.12109492,0.38159412,0.46982324,0,0,0.34851477,0.4641461,0,0,0.38961926,0.4486558,0,0,0.43765217,0.46403483,0,0,0,0,0,0.98266494,0,0.43570697,0,0.4486267,0,0,2.08E-17,0,0.58125275,0.47003502,4
0.4412111,0.41650066,0.21199362,0.13180721,0.38159412,0.46982324,0.0038740225,1.12E-05,0.34851477,0.4641461,0.017440552,0.0002587638,0.38961926,0.4486558,0.014978628,0.00021560119,0.43765217,0.46403483,1.03E-21,1.36E-21,0.30696163,5.78E-08,0.32122365,2.36E-05,9.28E-05,0.43570697,0,0.4486267,0,0,0.3503546,0,0.58125275,0.47003502,4
0.0011689585,0.0016313659,0.0095101185,0.0076367226,0.38159412,0.46982324,9.84E-10,1.02E-18,0.34851477,0.4641461,9.93E-10,8.41E-19,0.38961926,0.4486558,0.0014766547,4.54E-05,0.43765232,0.4662163,0,5.80E-24,4.00E-05,2.78E-17,0.00019801634,9.53E-09,1.51E-16,0.43570697,0,0.4486267,0.00068352476,1.98E-09,0.017626109,5.36E-18,0.58125275,0.47003502,0
0.3794978,0.4113247,0.18354285,0.13425493,0.38159412,0.46982324,0.024481202,0.00044649997,0.34851477,0.4641461,0.01847389,0.00029033524,0.38961926,0.4486558,0.017115397,0.00028150174,0.43765217,0.46403483,7.46E-22,6.94E-22,0.22965467,3.42E-10,0.27467254,1.60E-05,6.31E-05,0.43570697,1.97E-15,0.4486267,0.9517628,9.51E-08,0.3503546,8.75E-15,0.58125275,0.47003502,5
0.006355551,0.0012520588,0.0626809,0.08356481,0.36336073,0.41748112,0.33234245,0.18189628,0.3242808,0.39634413,0.33221912,0.21327,0.36062467,0.37333307,0.31802672,0.22269638,0.42365882,0.44929805,3.69E-19,6.13E-18,0.0077547776,6.77E-17,0.0013467734,1.27E-09,1.62E-16,0.5015686,0.17632255,0.51255196,0.00037532818,0.35704798,0.19242808,0.18456143,0.6262968,0.5314388,0
0.00051078235,0.00052257633,0.014923736,0.0025755086,0.38159412,0.46982324,0,0.011891333,0.34851477,0.4641461,1.04E-05,0.013765967,0.38961926,0.4486559,0.04522,0.013950033,0.43913677,0.5059161,1.79E-21,2.35E-18,0.000362393,1.28E-15,0.00023110381,1.22E-08,4.52E-15,0.43570697,0,0.4486267,0.00021651472,0,0.009929078,0,0.58125275,0.47003502,0
0.0007178912,0.0015779595,0.008137877,0.0007537432,0.38159412,0.46982324,0.00014499217,1.18E-06,0.34851477,0.4641396,0.028521046,0.00076183066,0.38961577,0.44605875,0.030342303,0.001098392,0.4378544,0.503196,7.52E-25,5.05E-19,0.00070523535,3.01E-17,0.0016485163,8.21E-10,1.83E-17,0.43570697,8.88E-05,0.43701473,0.001486588,0.0047085914,0.04011263,0.00046562645,0.58126706,0.49549323,0
0.25092462,0.19573587,1.74E-05,1.77E-06,0.38159412,0.46982324,0,0,0.34851477,0.4641461,0,0,0.38961926,0.4486558,0,0,0.43765217,0.46403483,0,0,0,0,0,0.98266286,0,0.43570697,0,0.4486267,0,0,2.08E-17,0,0.58125275,0.47003502,2
0.40621874,0.42996243,0.0059364545,0.000106656844,0.38159412,0.46982324,6.32E-06,2.98E-11,0.34851477,0.4641461,0.0007256498,4.48E-07,0.38961926,0.4486558,0.0007529666,5.45E-07,0.43765217,0.46403483,8.31E-22,2.25E-21,0.3193877,1.13E-09,0.32594645,1.57E-05,6.19E-05,0.43570697,0,0.4486267,0,0,0.009929078,0,0.58125275,0.47003502,3
0.22276004,0.29986134,7.34E-05,3.68E-06,0.38159412,0.46982324,0,0,0.34851477,0.4641461,0,0,0.38961926,0.4486558,0,0,0.43765217,0.46403483,0,0,0,0,0,0.9826631,0,0.43570697,0,0.4486267,0,0,2.08E-17,0,0.58125275,0.47003502,2
0.23012902,0.29515427,7.52E-05,3.72E-06,0.38159412,0.46982324,0,0,0.34851477,0.4641461,0,0,0.38961926,0.4486558,0,0,0.43765217,0.46403483,0,0,0,0,0,0.9826631,0,0.43570697,0,0.4486267,0,0,2.08E-17,0,0.58125275,0.47003502,2
0.70642084,0.57887125,0.25061053,0.12728506,0.38159412,0.46982324,1.18E-05,1.04E-10,0.34851477,0.4641461,0.0052806702,2.37E-05,0.38961926,0.4486558,0.0066455933,4.24E-05,0.43765217,0.46403483,9.26E-23,1.62E-22,0.58144903,1.83E-07,0.5151653,1.76E-05,6.92E-05,0.43570697,0,0.4486267,0,0,0.35886526,0,0.58125275,0.47003502,1
0.70618665,0.9851069,0.24399047,0.12162232,0.38159412,0.46982324,5.97E-06,2.65E-11,0.34851477,0.4641461,0.005047166,2.17E-05,0.38961926,0.4486558,0.0067953044,4.44E-05,0.43765217,0.46403483,8.49E-22,4.33E-22,0.5715491,3.80E-18,0.87428427,8.84E-07,3.48E-06,0.43570697,0,0.4486267,0,0,0.3503546,0,0.58125275,0.47003502,4
0.2222952,0.31570384,7.37E-05,3.74E-06,0.38159412,0.46982324,0,0,0.34851477,0.4641461,0,0,0.38961926,0.4486558,0,0,0.43765217,0.46403483,0,0,0,0,0,0.9826632,0,0.43570697,0,0.4486267,0,0,2.08E-17,0,0.58125275,0.47003502,2
0.35433197,0.29027092,0.18368877,0.13425753,0.38159412,0.46982324,0,0,0.34851477,0.4641461,0,0,0.38961926,0.4486558,0,0,0.43765217,0.46403483,0,0,0,0,0,0.982667,0,0.43570697,0,0.4486267,0,0,2.08E-17,0,0.58125275,0.47003502,5
0.70595586,0.3390882,0.2441968,0.12153167,0.38159412,0.46982324,0.0044609527,1.48E-05,0.34851477,0.4641461,0.009377412,7.48E-05,0.38961926,0.4486558,0.00791537,6.02E-05,0.43765217,0.46403483,2.71E-22,3.18E-20,0.5811593,1.68E-05,0.30120128,4.73E-05,0.0001859737,0.43570697,0,0.4486267,0,0,0.3503546,0,0.58125275,0.47003502,4
0.71216315,0.69675696,0.2502381,0.12745672,0.38159412,0.46982324,0,0,0.34851477,0.4641461,0,0,0.38961926,0.4486558,0,0,0.43765217,0.46403483,0,0,0,0,0,0.98266613,0,0.43570697,0,0.4486267,0,0,2.08E-17,0,0.58125275,0.47003502,1
0.37101597,0.27157855,0.1836131,0.13425817,0.38159412,0.46982324,0,0,0.34851477,0.4641461,0,0,0.38961926,0.4486558,0,0,0.43765217,0.46403483,0,0,0,0,0,0.982667,0,0.43570697,0,0.4486267,0,0,2.08E-17,0,0.58125275,0.47003502,5
0.0009940583,0.002533954,0.07011573,0.10308572,0.38159412,0.46982324,1.39E-09,0.007429866,0.34851477,0.4641461,3.45E-09,0.00866799,0.38961926,0.4486558,0.0121153295,0.009788349,0.43768635,0.4683099,3.22E-20,4.59E-16,0.00028480386,1.05E-14,0.00013641974,2.16E-08,8.36E-15,0.43570697,3.63E-18,0.4486267,0.00021653315,1.98E-09,0.009929078,3.80E-18,0.58125275,0.47003502,0
0.40663925,0.6004964,0.21228996,0.13174686,0.38159412,0.46982324,0.020094926,0.00030083532,0.34851477,0.4641461,0.016408937,0.00022905719,0.38961926,0.4486558,0.013471435,0.0001743953,0.43765217,0.46403483,2.10E-21,1.79E-21,0.28009596,2.24E-19,0.46374044,1.17E-06,4.60E-06,0.43570697,0,0.4486267,0,0,0.3503546,0,0.58125275,0.47003502,4
0.73737204,0.9365561,0.2447335,0.121291414,0.38159412,0.46982324,0.017507486,0.00022835135,0.34851477,0.4641461,0.010677112,9.70E-05,0.38961926,0.4486558,0.0071221045,4.87E-05,0.43765217,0.46403483,4.73E-22,2.36E-22,0.60234743,3.30E-14,0.83373487,2.31E-06,9.08E-06,0.43570697,0,0.4486267,0,0,0.3503546,0,0.58125275,0.47003502,4
0.719503,0.990352,0.24381872,0.1216986,0.38159412,0.46982324,0.0011236948,9.41E-07,0.34851477,0.4641461,0.008453495,6.08E-05,0.38961926,0.4486558,0.007275894,5.09E-05,0.43765217,0.46403483,4.63E-22,2.93E-22,0.5813631,1.12E-18,0.8783327,7.80E-07,3.07E-06,0.43570697,0,0.4486267,0,0,0.3503546,0,0.58125275,0.47003502,4
0.42950416,0.5923537,0.21446693,0.13130096,0.38159412,0.46982324,4.65E-05,1.61E-09,0.34851477,0.4641461,0.009321738,7.39E-05,0.38961926,0.4486558,0.012593786,0.00015241219,0.43765217,0.46403483,1.80E-21,2.17E-21,0.30458924,6.23E-15,0.46213105,3.29E-06,1.30E-05,0.43570697,0,0.4486267,0,0,0.3503546,0,0.58125275,0.47003502,4
0.4136555,0.60196894,0.21257123,0.13169144,0.38159412,0.46982324,0,0,0.34851477,0.4641461,0,0,0.38961926,0.4486558,0,0,0.43765217,0.46403483,0,0,0,0,0,0.98266506,0,0.43570697,0,0.4486267,0,0,2.08E-17,0,0.58125275,0.47003502,4
0.69318986,0.25502482,0.008077711,7.95E-05,0.38159412,0.46982324,0,0,0.34851477,0.4641461,0,0,0.38961926,0.4486558,0,0,0.43765217,0.46403483,0,0,0,0,0,0.98266554,0,0.43570697,0,0.4486267,0,0,2.08E-17,0,0.58125275,0.47003502,3
0.7099075,0.58043814,0.24976446,0.12767091,0.38159412,0.46982324,0,0,0.34851477,0.4641461,0,0,0.38961926,0.4486558,0,0,0.43765217,0.46403483,0,0,0,0,0,0.98266613,0,0.43570697,0,0.4486267,0,0,2.08E-17,0,0.58125275,0.47003502,1
0.7216051,0.9733555,0.24390936,0.12165826,0.38159412,0.46982324,0,0,0.34851477,0.4641461,0,0,0.38961926,0.4486558,0,0,0.43765217,0.46403483,0,0,0,0,0,0.982665,0,0.43570697,0,0.4486267,0,0,2.08E-17,0,0.58125275,0.47003502,4
0.38344157,0.5969963,0.21345447,0.13151261,0.38159412,0.46982324,0,0,0.34851477,0.4641461,0,0,0.38961926,0.4486558,0,0,0.43765217,0.46403483,0,0,0,0,0,0.98266506,0,0.43570697,0,0.4486267,0,0,2.08E-17,0,0.58125275,0.47003502,4
0.5991964,0.16266912,0.00706574,9.60E-05,0.38159412,0.46982324,5.26E-07,2.06E-13,0.34851477,0.4641461,0.00016267128,2.25E-08,0.38961926,0.4486558,0.00023200351,5.17E-08,0.43765217,0.46403483,6.45E-23,4.44E-10,0.50321734,0.00020165721,0.14740615,0.00012206955,0.0004801501,0.43570697,0,0.4486267,0,0,0.009929078,0,0.58125275,0.47003502,3
0.22056118,0.30890363,7.21E-05,3.64E-06,0.38159412,0.46982324,0,0,0.34851477,0.4641461,0,0,0.38961926,0.4486558,0,0,0.43765217,0.46403483,0,0,0,0,0,0.98266315,0,0.43570697,0,0.4486267,0,0,2.08E-17,0,0.58125275,0.47003502,2
0.71609247,0.9949297,0.24424975,0.12150687,0.38159412,0.46982324,0.0024131793,4.34E-06,0.34851477,0.4641461,0.0091754645,7.16E-05,0.38961926,0.4486558,0.0074637835,5.35E-05,0.43765217,0.46403483,1.30E-22,1.46E-22,0.589068,1.62E-19,0.88395554,6.39E-07,2.52E-06,0.43570697,0,0.4486267,0,0,0.3503546,0,0.58125275,0.47003502,4
0.435369,0.5234039,0.21281521,0.13164315,0.38159412,0.46982324,0.039352465,0.0011537186,0.34851477,0.4641461,0.017809603,0.00026983078,0.38961926,0.4486558,0.014595331,0.00020470806,0.43765217,0.46403483,9.42E-22,9.70E-22,0.3082245,5.68E-11,0.40523034,9.36E-06,3.68E-05,0.43570697,0,0.4486267,0,0,0.3503546,0,0.58125275,0.47003502,4
0.24961726,0.360761,1.50E-05,1.47E-06,0.38159412,0.46982324,0,0,0.34851477,0.4641461,0,0,0.38961926,0.4486558,0,0,0.43765217,0.46403483,0,0,0,0,0,0.9826633,0,0.43570697,0,0.4486267,0,0,2.08E-17,0,0.58125275,0.47003502,2
0.25045097,0.35881406,1.64E-05,1.66E-06,0.38159412,0.46982324,0,0,0.34851477,0.4641461,0,0,0.38961926,0.4486558,0,0,0.43765217,0.46403483,0,0,0,0,0,0.9826632,0,0.43570697,0,0.4486267,0,0,2.08E-17,0,0.58125275,0.47003502,2
0.32263437,0.13239813,0.0053188195,0.0001081454,0.38159412,0.46982324,0,0,0.34851477,0.4641461,0,0,0.38961926,0.4486558,0,0,0.43765217,0.46403483,0,0,0,0,0,0.98266554,0,0.43570697,0,0.4486267,0,0,2.08E-17,0,0.58125275,0.47003502,3
0.00093130564,0.0014811181,0.008735192,0.00096588006,0.38159412,0.469827,0.049455784,0.0018737274,0.3485378,0.47249645,0.046641264,0.0019487299,0.38976726,0.49715865,0.03406271,0.0013145818,0.43785837,0.49842483,1.76E-20,2.33E-18,0.0009683788,7.63E-18,0.0015950172,8.48E-10,7.70E-18,0.4357058,0.0040600514,0.4295389,0.0013785681,0.058919847,0.04422325,0.003583693,0.5814713,0.48899606,0
0.2273,0.12223653,8.22E-05,4.22E-06,0.38159412,0.46982324,0,0,0.34851477,0.4641461,0,0,0.38961926,0.4486558,0,0,0.43765217,0.46403483,0,0,0,0,0,0.98266286,0,0.43570697,0,0.4486267,0,0,2.08E-17,0,0.58125275,0.47003502,2
0.22695878,0.28995216,7.42E-05,3.67E-06,0.38159412,0.46982324,0,0,0.34851477,0.4641461,0,0,0.38961926,0.4486558,0,0,0.43765217,0.46403483,0,0,0,0,0,0.98266304,0,0.43570697,0,0.4486267,0,0,2.08E-17,0,0.58125275,0.47003502,2
0.25795034,0.3591651,1.57E-05,1.60E-06,0.38159412,0.46982324,0,0,0.34851477,0.4641461,0,0,0.38961926,0.4486558,0,0,0.43765217,0.46403483,0,0,0,0,0,0.9826632,0,0.43570697,0,0.4486267,0,0,2.08E-17,0,0.58125275,0.47003502,2
0.0011723166,0.0016295174,0.008490936,0.00092416914,0.38159412,0.4698242,0.0019665041,0.0005440791,0.34851503,0.46647003,0.030142624,0.0010111851,0.38969386,0.48525688,0.033721928,0.0013131427,0.4378779,0.501222,1.93E-18,4.89E-18,0.001265261,6.87E-18,0.0016965483,7.72E-10,7.76E-16,0.4357036,0.0029981586,0.42413366,0.0014278993,0.05871345,0.04481073,0.0035806259,0.5814598,0.48768625,0
0.8737812,0.89639604,0.008138349,7.70E-05,0.38159412,0.46982324,1.57E-06,1.83E-12,0.34851477,0.4641461,0.00017258721,2.53E-08,0.38961926,0.4486558,0.0002465836,5.84E-08,0.43765217,0.46403483,2.59E-23,4.75E-23,0.85284346,3.09E-11,0.93408054,4.23E-06,1.66E-05,0.43570697,0,0.4486267,0,0,0.009929078,0,0.58125275,0.47003502,3
0.0011147019,0.0018717396,0.05305971,0.1401402,0.38159412,0.46982324,0.00017854745,0.00040010142,0.34851477,0.4642927,0.1987161,0.04565985,0.39352053,0.4908185,0.41201052,0.1973226,0.49217984,0.52358174,1.81E-17,1.81E-17,0.0010820611,1.34E-17,0.0020339563,1.86E-09,5.01E-09,0.43570697,0.00033267715,0.44862667,0.0013652307,0.00076910993,0.039163064,0.0005087831,0.58125216,0.46432078,0
0.6908555,0.2691512,0.00806497,7.97E-05,0.38159412,0.46982324,0.00076337834,4.34E-07,0.34851477,0.4641461,0.00039808656,1.35E-07,0.38961926,0.4486558,0.00034159623,1.12E-07,0.43765217,0.46403483,5.34E-23,8.46E-16,0.65599877,4.16E-05,0.27723527,5.69E-05,0.00022387858,0.43570697,0,0.4486267,0,0,0.009929078,0,0.58125275,0.47003502,3
0.3803806,0.47536585,0.006020902,0.00010621456,0.38159412,0.46982324,0.00023910178,4.26E-08,0.34851477,0.4641461,0.0007798406,5.17E-07,0.38961926,0.4486558,0.00080804084,6.27E-07,0.43765217,0.46403483,6.97E-21,5.66E-21,0.29174325,1.02E-11,0.36565214,8.69E-06,3.42E-05,0.43570697,0,0.4486267,0,0,0.009929078,0,0.58125275,0.47003502,3
0.26240578,0.15384634,1.49E-05,1.45E-06,0.38159412,0.46982324,0,0,0.34851477,0.4641461,0,0,0.38961926,0.4486558,0,0,0.43765217,0.46403483,0,0,0,0,0,0.98266286,0,0.43570697,0,0.4486267,0,0,2.08E-17,0,0.58125275,0.47003502,2
0.0010264431,0.0015781894,0.008294419,0.0008066938,0.38159412,0.46982935,0.0031265612,0.00011542159,0.3485156,0.4734656,0.03457455,0.0011881763,0.38986692,0.55778325,0.031196188,0.0011684066,0.43788847,0.50694096,3.95E-17,3.94E-17,0.00096199353,2.44E-17,0.0016825652,7.96E-10,1.83E-17,0.43570697,0.00047537402,0.44858074,0.0014519987,0.0031179646,0.039013486,0.0005295376,0.58125126,0.46634644,0
0.5640818,0.1412834,0.0070161303,9.68E-05,0.38159412,0.46982324,1.81E-06,2.43E-12,0.34851477,0.4641461,0.00019044385,3.09E-08,0.38961926,0.4486558,0.00025286525,6.14E-08,0.43765217,0.46403483,5.51E-21,5.24E-09,0.46728882,0.0002763933,0.12711067,0.00014501305,0.00057038275,0.43570697,0,0.4486267,0,0,0.009929078,0,0.58125275,0.47003502,3
0.41220358,0.38364658,0.005829687,0.000107204745,0.38159412,0.46982324,0,0,0.34851477,0.4641461,0,0,0.38961926,0.4486558,0,0,0.43765217,0.46403483,0,0,0,0,0,0.9826656,0,0.43570697,0,0.4486267,0,0,2.08E-17,0,0.58125275,0.47003502,3
0.46636334,0.36100176,0.21288021,0.13162912,0.38159412,0.46982324,0.039740242,0.0011765679,0.34851477,0.4641461,0.018077832,0.0002780198,0.38961926,0.4486558,0.015138195,0.00022021924,0.43765217,0.46403483,1.54E-21,1.60E-21,0.32589293,6.01E-07,0.2795854,3.45E-05,0.0001355216,0.43570697,0,0.4486267,0,0,0.3503546,0,0.58125275,0.47003502,4
0.45098445,0.2961472,0.21429075,0.13133693,0.38159412,0.46982324,0,0,0.34851477,0.4641461,0,0,0.38961926,0.4486558,0,0,0.43765217,0.46403483,0,0,0,0,0,0.9826648,0,0.43570697,0,0.4486267,0,0,2.08E-17,0,0.58125275,0.47003502,4
0.0010946782,0.0015412256,0.007970708,0.0007674127,0.38159412,0.46982324,0.00079409016,4.70E-07,0.34851477,0.4641461,0.011720248,0.00012622353,0.3896135,0.4217673,0.01058137,0.00015484531,0.43766066,0.47544208,7.36E-26,5.48E-20,0.00013781764,2.25E-17,0.00034706568,5.32E-09,4.84E-17,0.43570697,0.00013620501,0.4217399,0.0012032762,0.010541517,0.028259924,0.00015481522,0.58125967,0.48131442,0
0.0014821205,0.0034763035,0.05169564,0.074882954,0.38159412,0.46977708,0.01211464,0.00010935104,0.34851384,0.44176295,0.020086607,0.0003432436,0.38961124,0.3371297,0.01668346,0.00026747605,0.4376554,0.48884833,8.72E-19,6.84E-17,0.00024233402,3.00E-16,0.00011458543,1.67E-08,6.24E-16,0.41216418,0.00037038655,0.3371078,0.00039726752,0.016620625,0.031313304,0.00026742407,0.5812554,0.49457046,0
0.49760675,0.23984402,0.21563548,0.13104221,0.38159412,0.46982324,0.0025726198,4.93E-06,0.34851477,0.4641461,0.016962025,0.0002447589,0.38961926,0.4486558,0.015791595,0.00023963986,0.43765217,0.46403483,4.73E-22,1.71E-21,0.35932904,1.90E-05,0.18816221,7.30E-05,0.0002872193,0.43570697,0,0.4486267,0,0,0.3503546,0,0.58125275,0.47003502,4
0.7126485,0.69337153,0.25037542,0.12739423,0.38159412,0.46982324,6.53E-05,3.17E-09,0.34851477,0.4641461,0.006254697,3.33E-05,0.38961926,0.4486558,0.0066628084,4.27E-05,0.43765217,0.46403483,1.34E-22,1.36E-22,0.5830283,8.54E-09,0.61649,1.08E-05,4.26E-05,0.43570697,0,0.4486267,0,0,0.35886526,0,0.58125275,0.47003502,1
0.72754747,0.9647579,0.24465962,0.12132426,0.38159412,0.46982324,0,0,0.34851477,0.4641461,0,0,0.38961926,0.4486558,0,0,0.43765217,0.46403483,0,0,0,0,0,0.982665,0,0.43570697,0,0.4486267,0,0,2.08E-17,0,0.58125275,0.47003502,4
0.22093491,0.29122242,7.34E-05,3.64E-06,0.38159412,0.46982324,0,0,0.34851477,0.4641461,0,0,0.38961926,0.4486558,0,0,0.43765217,0.46403483,0,0,0,0,0,0.98266304,0,0.43570697,0,0.4486267,0,0,2.08E-17,0,0.58125275,0.47003502,2
0.004245589,0.003236291,0.05464181,0.07844258,0.3268504,0.37044063,0.3678005,0.3289023,0.29419428,0.3652957,0.36608863,0.36372516,0.35215634,0.3828954,0.34989357,0.29156876,0.42311934,0.45197904,1.42E-17,1.57E-17,0.0033625541,2.53E-17,0.0026054846,4.93E-06,1.94E-05,0.43570697,0.35269165,0.4486267,0.00015013391,0.6174857,0.22320648,0.3691085,0.58125275,0.47003502,0
0.43404287,0.534897,0.21309468,0.13158722,0.38159412,0.46982324,9.97E-06,7.41E-11,0.34851477,0.4641461,0.00792681,5.35E-05,0.38961926,0.4486558,0.013310707,0.00017025872,0.43765217,0.46403483,4.93E-22,7.13E-22,0.3100192,1.12E-11,0.414646,7.78E-06,3.06E-05,0.43570697,0,0.4486267,0,0,0.3503546,0,0.58125275,0.47003502,4
0.00039285916,0.0015627278,0.064348444,0.094870664,0.38159412,0.46982324,6.89E-06,3.53E-11,0.34851477,0.4641461,0.015958166,0.00021664514,0.38961926,0.44865647,0.019153226,0.00035252597,0.43765318,0.4793972,0,1.51E-23,2.55E-05,7.99E-17,7.42E-05,2.40E-08,1.19E-10,0.43570697,0.00023377698,0.44862732,0.00025719948,0.01908109,0.029817417,0.00035245746,0.5812535,0.48522523,0
0.44103467,0.23219548,0.21099992,0.13937919,0.38159412,0.46982324,0.060672108,0.0027424213,0.34851477,0.4641461,0.037667677,0.0012070372,0.38961926,0.4486558,0.02962428,0.00084333995,0.43765217,0.46403483,8.61E-22,2.18E-21,0.31321335,9.32E-06,0.17421022,7.24E-05,0.000284927,0.43570697,0,0.4486267,0,0,0.35886526,0,0.58125275,0.47003502,1
0.3738703,0.26819494,0.0053495653,0.00010831764,0.38159412,0.46982324,0.00045320712,1.53E-07,0.34851477,0.4641461,0.0010094419,8.67E-07,0.38961926,0.4486558,0.0008466401,6.89E-07,0.43765217,0.46403483,1.88E-21,9.93E-21,0.20451044,3.15E-06,0.18313606,5.92E-05,0.00023304198,0.43570697,0,0.4486267,0,0,0.009929078,0,0.58125275,0.47003502,3
0.71795106,0.8725072,0.24381056,0.1217019,0.38159412,0.46982324,0.00017006004,2.15E-08,0.34851477,0.4641461,0.0068714656,4.02E-05,0.38961926,0.4486558,0.0068286196,4.48E-05,0.43765217,0.46403483,1.08E-22,1.38E-22,0.5803255,4.03E-12,0.77378064,4.01E-06,1.58E-05,0.43570697,0,0.4486267,0,0,0.3503546,0,0.58125275,0.47003502,4
0.2618753,0.35259932,1.56E-05,1.58E-06,0.38159412,0.46982324,0,0,0.34851477,0.4641461,0,0,0.38961926,0.4486558,0,0,0.43765217,0.46403483,0,0,0,0,0,0.98266315,0,0.43570697,0,0.4486267,0,0,2.08E-17,0,0.58125275,0.47003502,2
0.005272391,0.002623819,0.11233211,0.32809183,0.38159412,0.46982324,0.0058387243,2.54E-05,0.34851477,0.4641461,0.005895687,2.96E-05,0.38961926,0.4486558,0.0058959103,3.34E-05,0.43765217,0.46403483,0.9897959,1,0.00013917817,1,2.16E-05,0.49982417,1,0.43570697,3.19E-05,0.4486267,7.50E-05,0.0058737043,0.029689146,3.34E-05,0.58125275,0.47003502,0
0.34053668,0.4448255,0.20439354,0.14022233,0.38159412,0.46982324,0,0,0.34851477,0.4641461,0,0,0.38961926,0.4486558,0,0,0.43765217,0.46403483,0,0,0,0,0,0.9826662,0,0.43570697,0,0.4486267,0,0,2.08E-17,0,0.58125275,0.47003502,1
0.7175392,0.62141216,0.24329771,0.12192811,0.38159412,0.46982324,4.59E-08,1.57E-15,0.34851477,0.4641461,0.0030364727,7.84E-06,0.38961926,0.4486558,0.005997698,3.46E-05,0.43765217,0.46403483,2.38E-22,1.75E-22,0.58412796,7.51E-08,0.54992634,1.51E-05,5.93E-05,0.43570697,0,0.4486267,0,0,0.3503546,0,0.58125275,0.47003502,4
0.00019886154,0.00078387605,0.04758535,0.06514831,0.38159412,0.46982324,1.97E-09,2.97E-18,0.34851477,0.4641461,7.84E-05,2.90E-07,0.38961926,0.44865575,0.011290642,0.00012251458,0.43765143,0.45642698,0,7.74E-31,6.18E-06,2.84E-20,7.48E-05,2.40E-08,3.22E-13,0.43570697,3.12E-07,0.44862664,0.0002593191,0.011248118,0.033159558,0.00012249078,0.5812521,0.46251243,0
0.3655152,0.33151343,0.18360461,0.13425699,0.38159412,0.46982324,0.012661841,0.00011943997,0.34851477,0.4641461,0.021464026,0.0003919272,0.38961926,0.4486558,0.018589377,0.00033207543,0.43765217,0.46403483,6.63E-22,1.23E-21,0.22518367,9.71E-08,0.2214714,3.49E-05,0.00013739338,0.43570697,2.32E-16,0.4486267,0.7673401,1.38E-07,0.3503546,1.85E-14,0.58125275,0.47003502,5
0.44609055,0.294847,0.21395655,0.13140842,0.38159412,0.46982324,1.06E-06,8.32E-13,0.34851477,0.4641461,0.008146485,5.65E-05,0.38961926,0.4486558,0.01320412,0.00016754291,0.43765217,0.46403483,1.97E-21,2.32E-21,0.31607097,4.38E-06,0.2294816,5.10E-05,0.00020078385,0.43570697,0,0.4486267,0,0,0.3503546,0,0.58125275,0.47003502,4
0.30987224,0.06919722,0.22161938,0.12956516,0.38159412,0.46982324,0,0,0.34851477,0.4641461,0,0,0.38961926,0.4486558,0,0,0.43765217,0.46403483,0,0,0,0,0,0.98266476,0,0.43570697,0,0.4486267,0,0,2.08E-17,0,0.58125275,0.47003502,4
0.0153445685,0.0033437258,0.059548695,0.092843145,0.37436283,0.44719416,0.3469111,0.154298,0.33510783,0.42330346,0.3463964,0.18077259,0.37408906,0.40481952,0.3312008,0.19029216,0.44687006,0.47451767,6.47E-18,8.82E-18,0.016859872,1.20E-17,0.0029563818,3.31E-10,6.05E-17,0.54917425,0.18896517,0.55813986,0.00030026617,0.3835784,0.20119996,0.19778681,0.6641072,0.57516974,0
0.72400635,0.7845537,0.24360953,0.12179108,0.38159412,0.46982324,0,0,0.34851477,0.4641461,0,0,0.38961926,0.4486558,0,0,0.43765217,0.46403483,0,0,0,0,0,0.9826649,0,0.43570697,0,0.4486267,0,0,2.08E-17,0,0.58125275,0.47003502,4
0.42814013,0.6030379,0.21222952,0.13175829,0.38159412,0.46982324,0,0,0.34851477,0.4641461,0,0,0.38961926,0.4486558,0,0,0.43765217,0.46403483,0,0,0,0,0,0.9826651,0,0.43570697,0,0.4486267,0,0,2.08E-17,0,0.58125275,0.47003502,4
0.35115775,0.33391747,0.18446355,0.13427426,0.38159412,0.46982324,0.003201747,7.64E-06,0.34851477,0.4641461,0.01884918,0.00030225117,0.38961926,0.4486558,0.018226547,0.00031923898,0.43765217,0.46403483,2.29E-21,5.84E-21,0.22166076,7.48E-08,0.22411615,3.36E-05,0.00013207925,0.43570697,6.97E-16,0.4486267,0.7765231,1.41E-07,0.3503546,1.92E-14,0.58125275,0.47003502,5
0.0011444592,0.001582756,0.008259969,0.00082900573,0.38159412,0.4698226,0.0019715063,0.0004766089,0.3485144,0.46115902,0.031475697,0.0009978663,0.38965663,0.46805346,0.031731058,0.0011906017,0.43787473,0.5039559,1.12E-18,3.19E-18,0.0010656879,6.13E-18,0.0016725588,7.89E-10,6.82E-18,0.43570697,0.00017145474,0.4485719,0.0013458425,0.0020147646,0.039948985,0.00045357997,0.5812515,0.46487588,0
0.7398648,0.40495473,0.008049077,7.96E-05,0.38159412,0.46982324,0.0006128431,2.80E-07,0.34851477,0.4641461,0.00031710364,8.55E-08,0.38961926,0.4486558,0.0002935713,8.28E-08,0.43765217,0.46403483,2.02E-22,1.35E-22,0.70050603,5.84E-06,0.41660687,3.13E-05,0.00012325165,0.43570697,0,0.4486267,0,0,0.009929078,0,0.58125275,0.47003502,3
0.72188675,0.8493097,0.24411583,0.12156686,0.38159412,0.46982324,5.16E-07,1.98E-13,0.34851477,0.4641461,0.003805911,1.23E-05,0.38961926,0.4486558,0.006303596,3.82E-05,0.43765217,0.46403483,1.34E-22,1.55E-22,0.589781,1.80E-11,0.75414145,4.78E-06,1.88E-05,0.43570697,0,0.4486267,0,0,0.3503546,0,0.58125275,0.47003502,4
0.0033024524,0.0031740055,0.0517015,0.07718953,0.38159412,0.4698232,0.006682713,5.15E-05,0.34851307,0.4489821,0.33779687,0.27282774,0.37798315,0.422892,0.34119585,0.26073313,0.4296865,0.4568226,1.30E-16,1.30E-16,0.0019028379,4.82E-17,0.0026211753,4.11E-10,5.42E-17,0.43570697,3.19E-05,0.4486267,7.51E-05,0.005873705,0.029689776,3.34E-05,0.58125275,0.47003502,0
0.0008300912,0.0016538543,0.046750735,0.13114692,0.38159412,0.46982324,1.11E-05,0.00033614325,0.34851477,0.46412677,0.023904141,0.0007021946,0.38960886,0.44135875,0.4027801,0.16832103,0.5607863,0.64596665,7.12E-19,2.53E-18,0.00077070005,6.39E-18,0.0017618698,4.22E-09,1.37E-08,0.43570697,0.00015672231,0.4486244,0.001345374,0.0014823747,0.039795868,0.00046316435,0.58125144,0.46287972,0
0.7189935,0.67108154,0.25054476,0.1273164,0.38159412,0.46982324,0,0,0.34851477,0.4641461,0,0,0.38961926,0.4486558,0,0,0.43765217,0.46403483,0,0,0,0,0,0.98266613,0,0.43570697,0,0.4486267,0,0,2.08E-17,0,0.58125275,0.47003502,1
0.22442093,0.31154773,7.09E-05,3.49E-06,0.38159412,0.46982324,0,0,0.34851477,0.4641461,0,0,0.38961926,0.4486558,0,0,0.43765217,0.46403483,0,0,0,0,0,0.98266315,0,0.43570697,0,0.4486267,0,0,2.08E-17,0,0.58125275,0.47003502,2
0.22866021,0.29357463,7.55E-05,3.70E-06,0.38159412,0.46982324,0,0,0.34851477,0.4641461,0,0,0.38961926,0.4486558,0,0,0.43765217,0.46403483,0,0,0,0,0,0.98266304,0,0.43570697,0,0.4486267,0,0,2.08E-17,0,0.58125275,0.47003502,2
0.004556351,0.002062625,0.09346252,0.28312072,0.39546603,0.48089385,0.8976907,0.68357915,0.32874182,0.44971818,0.8517449,0.70610034,0.39680487,0.4540956,0.58001536,0.35742202,0.5384284,0.5307509,3.77E-20,1.49E-19,0.0051014004,2.23E-18,0.0022638629,4.73E-10,6.19E-18,0.41697463,0.7922576,0.31602228,0.0024620795,0.8912877,0.30712998,0.769018,0.5480236,0.2658434,0
0.0006420142,0.0005458119,0.020094741,0.0026522458,0.38159412,0.46982324,0,0,0.34851477,0.4641461,0.0008036942,5.49E-07,0.38961926,0.4486558,0.07865575,0.0059452388,0.43765166,0.46377516,3.83E-17,8.51E-17,0.00024919392,7.69E-16,0.00023030717,1.00E-08,1.93E-15,0.43570697,0,0.4486267,7.46E-05,0,0.009929078,0,0.58125275,0.47003502,0
0.42712367,0.43128395,0.21213086,0.13178006,0.38159412,0.46982324,0,0,0.34851477,0.4641461,0,0,0.38961926,0.4486558,0,0,0.43765217,0.46403483,0,0,0,0,0,0.9826648,0,0.43570697,0,0.4486267,0,0,2.08E-17,0,0.58125275,0.47003502,4
0.3536304,0.19007096,0.0054867114,0.000108124055,0.38159412,0.46982324,0,0,0.34851477,0.4641461,0,0,0.38961926,0.4486558,0,0,0.43765217,0.46403483,0,0,0,0,0,0.98266554,0,0.43570697,0,0.4486267,0,0,2.08E-17,0,0.58125275,0.47003502,3
0.7228759,0.9101084,0.24375959,0.121724725,0.38159412,0.46982324,0.000203623,3.09E-08,0.34851477,0.4641461,0.0069045005,4.06E-05,0.38961926,0.4486558,0.006805067,4.45E-05,0.43765217,0.46403483,5.30E-22,2.68E-22,0.58257407,2.23E-13,0.80695903,2.88E-06,1.13E-05,0.43570697,0,0.4486267,0,0,0.3503546,0,0.58125275,0.47003502,4
0.7073022,0.56931025,0.24355364,0.121815786,0.38159412,0.46982324,2.26E-05,3.81E-10,0.34851477,0.4641461,0.0055575343,2.63E-05,0.38961926,0.4486558,0.0066505033,4.25E-05,0.43765217,0.46403483,6.32E-22,4.62E-22,0.5797841,2.51E-07,0.5043553,1.85E-05,7.29E-05,0.43570697,0,0.4486267,0,0,0.3503546,0,0.58125275,0.47003502,4
0.2486358,0.35893744,1.50E-05,1.52E-06,0.38159412,0.46982324,0,0,0.34851477,0.4641461,0,0,0.38961926,0.4486558,0,0,0.43765217,0.46403483,0,0,0,0,0,0.9826632,0,0.43570697,0,0.4486267,0,0,2.08E-17,0,0.58125275,0.47003502,2
0.7194951,0.29384,0.0070428574,9.64E-05,0.38159412,0.46982324,3.32E-05,8.20E-10,0.34851477,0.4641461,0.00023533855,4.71E-08,0.38961926,0.4486558,0.00024087203,5.58E-08,0.43765217,0.46403483,1.49E-22,7.79E-17,0.596567,3.56E-05,0.26541585,5.80E-05,0.00022808944,0.43570697,0,0.4486267,0,0,0.009929078,0,0.58125275,0.47003502,3
0.22559108,0.16162772,7.54E-05,3.97E-06,0.38159412,0.46982324,0,0,0.34851477,0.4641461,0,0,0.38961926,0.4486558,0,0,0.43765217,0.46403483,0,0,0,0,0,0.98266286,0,0.43570697,0,0.4486267,0,0,2.08E-17,0,0.58125275,0.47003502,2
0.71557677,0.8157194,0.2444279,0.12142799,0.38159412,0.46982324,0,0,0.34851477,0.4641461,0,0,0.38961926,0.4486558,0,0,0.43765217,0.46403483,0,0,0,0,0,0.9826649,0,0.43570697,0,0.4486267,0,0,2.08E-17,0,0.58125275,0.47003502,4
0.4206081,0.5250819,0.21307756,0.13159034,0.38159412,0.46982324,0.004567446,1.55E-05,0.34851477,0.4641461,0.014462307,0.0001779337,0.38961926,0.4486558,0.014245217,0.00019500477,0.43765217,0.46403483,6.81E-22,6.90E-22,0.30059475,3.74E-11,0.4070238,8.91E-06,3.51E-05,0.43570697,0,0.4486267,0,0,0.3503546,0,0.58125275,0.47003502,4
0.4275592,0.60483557,0.21332332,0.13153891,0.38159412,0.46982324,0,0,0.34851477,0.4641461,0,0,0.38961926,0.4486558,0,0,0.43765217,0.46403483,0,0,0,0,0,0.98266506,0,0.43570697,0,0.4486267,0,0,2.08E-17,0,0.58125275,0.47003502,4
0.45629045,0.4830624,0.21265534,0.13167672,0.38159412,0.46982324,0,0,0.34851477,0.4641461,0,0,0.38961926,0.4486558,0,0,0.43765217,0.46403483,0,0,0,0,0,0.9826649,0,0.43570697,0,0.4486267,0,0,2.08E-17,0,0.58125275,0.47003502,4
0.00092664664,0.001722692,0.031591136,0.083122864,0.38159412,0.47006047,0.013191168,0.00019523481,0.34851953,0.47534576,0.038813468,0.0014397218,0.3896678,0.46709332,0.32244784,0.1142954,0.44814736,0.48474705,6.30E-22,1.23E-18,0.00090375845,7.80E-18,0.0018243638,6.88E-10,6.81E-18,0.43570697,0.00036281632,0.46826455,0.0012746811,0.06699438,0.10836013,0.25156626,0.5978033,0.55885124,0
0.36759216,0.2707484,0.184183,0.1342697,0.38159412,0.46982324,0.00120774,1.09E-06,0.34851477,0.4641461,0.015719986,0.00021022644,0.38961926,0.4486558,0.018370636,0.00032430634,0.43765217,0.46403483,1.04E-21,1.28E-21,0.2258537,1.85E-06,0.1814424,5.73E-05,0.00022520438,0.43570697,1.04E-15,0.4486267,0.6286598,1.27E-07,0.3503546,1.57E-14,0.58125275,0.47003502,5
0.4283553,0.6049769,0.21308684,0.13158835,0.38159412,0.46982324,0,0,0.34851477,0.4641461,0,0,0.38961926,0.4486558,0,0,0.43765217,0.46403483,0,0,0,0,0,0.98266506,0,0.43570697,0,0.4486267,0,0,2.08E-17,0,0.58125275,0.47003502,4
0.70443285,0.59081966,0.2504528,0.12735786,0.38159412,0.46982324,2.82E-06,5.91E-12,0.34851477,0.4641461,0.004582154,1.79E-05,0.38961926,0.4486558,0.006485605,4.04E-05,0.43765217,0.46403483,5.58E-23,1.02E-22,0.57816964,1.38E-07,0.5254667,1.68E-05,6.59E-05,0.43570697,0,0.4486267,0,0,0.35886526,0,0.58125275,0.47003502,1
0.74668455,0.83371925,0.00708653,9.58E-05,0.38159412,0.46982324,0.00018397515,2.52E-08,0.34851477,0.4641461,0.00035442153,1.07E-07,0.38961926,0.4486558,0.0002717456,7.10E-08,0.43765217,0.46403483,2.68E-22,2.06E-22,0.6211792,1.84E-10,0.7577574,6.04E-06,2.38E-05,0.43570697,0,0.4486267,0,0,0.009929078,0,0.58125275,0.47003502,3
0.34654903,0.08683959,0.22275186,0.12925503,0.38159412,0.46982324,0,0,0.34851477,0.4641461,0,0,0.38961926,0.4486558,0,0,0.43765217,0.46403483,0,0,0,0,0,0.98266476,0,0.43570697,0,0.4486267,0,0,2.08E-17,0,0.58125275,0.47003502,4
0.73674977,0.5382604,0.00808676,7.93E-05,0.38159412,0.46982324,0.0007575643,4.28E-07,0.34851477,0.4641461,0.0003863082,1.27E-07,0.38961926,0.4486558,0.00031298632,9.41E-08,0.43765217,0.46403483,8.65E-23,1.30E-22,0.6921287,6.14E-07,0.5540452,1.88E-05,7.39E-05,0.43570697,0,0.4486267,0,0,0.009929078,0,0.58125275,0.47003502,3
0.72090465,0.95891577,0.24460855,0.12134718,0.38159412,0.46982324,0.0012318172,1.13E-06,0.34851477,0.4641461,0.008333815,5.91E-05,0.38961926,0.4486558,0.0069680316,4.67E-05,0.43765217,0.46403483,7.03E-22,3.69E-22,0.5870462,1.37E-15,0.85319984,1.64E-06,6.44E-06,0.43570697,0,0.4486267,0,0,0.3503546,0,0.58125275,0.47003502,4
0.41368398,0.41428295,0.0058900546,0.00010691548,0.38159412,0.46982324,0.0012986793,1.26E-06,0.34851477,0.4641461,0.0008262852,5.81E-07,0.38961926,0.4486558,0.0006899687,4.57E-07,0.43765217,0.46403483,7.57E-21,5.89E-21,0.30428037,5.19E-09,0.31141302,1.91E-05,7.51E-05,0.43570697,0,0.4486267,0,0,0.009929078,0,0.58125275,0.47003502,3
0.003628787,0.0038892701,0.045572475,0.070505455,0.41231406,0.74408007,0.056138862,0.5630778,0.37871346,0.73261756,0.253411,0.5073704,0.40400413,0.4788407,0.34340185,0.33117545,0.4205313,0.45063582,9.38E-17,9.53E-17,0.0021300982,6.57E-17,0.0028620563,3.53E-10,6.07E-17,0.43570697,3.19E-05,0.4486267,7.51E-05,0.005873705,0.029689785,3.34E-05,0.58125275,0.47003502,0
0.39139426,0.3163792,0.0054317974,0.0001082394,0.38159412,0.46982324,1.46E-07,1.58E-14,0.34851477,0.4641461,0.0004303852,1.58E-07,0.38961926,0.4486558,0.00071520964,4.92E-07,0.43765217,0.46403483,2.77E-21,5.34E-20,0.231442,5.71E-07,0.21916063,4.23E-05,0.00016622657,0.43570697,0,0.4486267,0,0,0.009929078,0,0.58125275,0.47003502,3
0.22049136,0.2836668,7.44E-05,3.80E-06,0.38159412,0.46982324,0,0,0.34851477,0.4641461,0,0,0.38961926,0.4486558,0,0,0.43765217,0.46403483,0,0,0,0,0,0.98266304,0,0.43570697,0,0.4486267,0,0,2.08E-17,0,0.58125275,0.47003502,2
0.0003408078,0.0006353442,0.021542229,0.020426443,0.38159412,0.46982324,1.97E-09,2.97E-18,0.34851477,0.4641461,6.42E-07,3.53E-13,0.38961926,0.4486558,0.0076104025,5.57E-05,0.4376519,0.45408225,0,1.55E-30,5.65E-06,6.46E-20,6.35E-05,2.75E-08,2.18E-16,0.43570697,3.81E-13,0.4486267,0.00022002895,0.007581739,0.033653088,5.56E-05,0.5812525,0.460194,0
0.7161363,0.8843971,0.24392386,0.12165225,0.38159412,0.46982324,2.06E-06,3.17E-12,0.34851477,0.4641461,0.004415763,1.66E-05,0.38961926,0.4486558,0.006488289,4.05E-05,0.43765217,0.46403483,1.43E-22,1.40E-22,0.58137697,1.67E-12,0.78468406,3.62E-06,1.42E-05,0.43570697,0,0.4486267,0,0,0.3503546,0,0.58125275,0.47003502,4
0.70246893,0.8284231,0.2494695,0.12780483,0.38159412,0.46982324,0.018952936,0.0002676141,0.34851477,0.4641461,0.011154793,0.00010585371,0.38961926,0.4486558,0.0069856243,4.69E-05,0.43765217,0.46403483,3.44E-22,2.08E-22,0.56243765,2.99E-11,0.73390764,5.15E-06,2.02E-05,0.43570697,0,0.4486267,0,0,0.35886526,0,0.58125275,0.47003502,1
0.41261622,0.5679849,0.21395725,0.13140698,0.38159412,0.46982324,0,0,0.34851477,0.4641461,0,0,0.38961926,0.4486558,0,0,0.43765217,0.46403483,0,0,0,0,0,0.98266494,0,0.43570697,0,0.4486267,0,0,2.08E-17,0,0.58125275,0.47003502,4
0.0002676813,0.0014528582,0.063101664,0.08901572,0.38159412,0.46982324,0,0,0.34851477,0.4641461,2.12E-05,1.53E-05,0.38961926,0.4486277,0.00049189664,0.00039295628,0.43765068,0.44093513,0,0,2.23E-06,1.35E-18,5.12E-05,5.06E-07,1.86E-06,0.43570697,0,0.4486267,0,0,0.009219858,0,0.58125275,0.47003502,0
0.74823815,0.58736837,0.0070716958,9.60E-05,0.38159412,0.46982324,0.0004428493,1.46E-07,0.34851477,0.4641461,0.0003950762,1.33E-07,0.38961926,0.4486558,0.0002790045,7.48E-08,0.43765217,0.46403483,3.49E-22,1.74E-22,0.6202338,2.76E-07,0.532748,1.78E-05,7.02E-05,0.43570697,0,0.4486267,0,0,0.009929078,0,0.58125275,0.47003502,3
0.001108339,0.0015826768,0.008142301,0.00082969334,0.38159412,0.46982324,0.00031907207,7.35E-05,0.34851477,0.4639227,0.025699085,0.00084889214,0.38960794,0.44205,0.031766556,0.0012104707,0.4377475,0.48075113,1.01E-17,1.01E-17,0.0011848002,8.72E-18,0.0016760281,7.88E-10,8.13E-18,0.43570697,0.0005017468,0.4486267,0.0013936794,0.0008004825,0.03909937,0.0005132483,0.5812519,0.4619326,0
0.0030529303,0.0034830444,0.048812795,0.07538977,0.38159412,0.46982324,0.0065272525,4.84E-05,0.34851485,0.46504268,0.33959505,0.28439444,0.39212173,0.45404235,0.35170293,0.2840357,0.4201752,0.449367,1.36E-16,1.36E-16,0.0014896949,7.18E-17,0.0026076706,4.15E-10,5.36E-17,0.43570697,3.19E-05,0.4486267,7.51E-05,0.005873705,0.029689793,3.34E-05,0.58125275,0.47003502,0
0.00079326273,0.001513575,0.008798699,0.0009824776,0.38159412,0.46982324,0.004978373,1.85E-05,0.34851477,0.46435198,0.0396156,0.0013578434,0.38966593,0.4769408,0.034961913,0.0013654063,0.4378514,0.49641085,1.24E-24,6.89E-19,0.0006675106,3.01E-17,0.0015614494,8.88E-10,1.79E-17,0.43570697,9.28E-05,0.44862634,0.0013579926,0.0012445892,0.039588116,0.00047844267,0.58125186,0.46421063,0
0.3273075,0.178212,0.005390038,0.00010825162,0.38159412,0.46982324,6.38E-06,3.03E-11,0.34851477,0.4641461,0.00082653493,5.81E-07,0.38961926,0.4486558,0.00090381573,7.85E-07,0.43765217,0.46403483,2.30E-21,5.83E-21,0.21745901,3.00E-05,0.12258964,0.00011155177,0.00043878413,0.43570697,0,0.4486267,0,0,0.009929078,0,0.58125275,0.47003502,3
0.42845252,0.45871574,0.0060094646,0.00010626832,0.38159412,0.46982324,0.00086444436,5.57E-07,0.34851477,0.4641461,0.00091099745,7.06E-07,0.38961926,0.4486558,0.0007814085,5.87E-07,0.43765217,0.46403483,7.73E-22,4.06E-21,0.30598262,1.18E-10,0.35206848,1.16E-05,4.56E-05,0.43570697,0,0.4486267,0,0,0.009929078,0,0.58125275,0.47003502,3
0.71974045,0.7164326,0.2431875,0.12197555,0.38159412,0.46982324,0,0,0.34851477,0.4641461,0,0,0.38961926,0.4486558,0,0,0.43765217,0.46403483,0,0,0,0,0,0.9826649,0,0.43570697,0,0.4486267,0,0,2.08E-17,0,0.58125275,0.47003502,4
0.7147421,0.32300055,0.0080743665,7.92E-05,0.38159412,0.46982324,2.00E-05,2.98E-10,0.34851477,0.4641461,0.00027223522,6.30E-08,0.38961926,0.4486558,0.000300519,8.68E-08,0.43765217,0.46403483,5.41E-23,5.79E-19,0.68399733,1.94E-05,0.33339795,4.40E-05,0.00017326426,0.43570697,0,0.4486267,0,0,0.009929078,0,0.58125275,0.47003502,3
0.4309492,0.60507,0.21410362,0.13137709,0.38159412,0.46982324,0.008965404,5.99E-05,0.34851477,0.4641461,0.014318518,0.00017441314,0.38961926,0.4486558,0.013075203,0.00016428727,0.43765217,0.46403483,5.30E-22,5.58E-22,0.3126967,2.10E-18,0.4712607,1.46E-06,5.73E-06,0.43570697,0,0.4486267,0,0,0.3503546,0,0.58125275,0.47003502,4
0.41882306,0.5249226,0.21323797,0.13155748,0.38159412,0.46982324,0.0042007337,1.31E-05,0.34851477,0.4641461,0.014351862,0.00017522639,0.38961926,0.4486558,0.014232729,0.00019466301,0.43765217,0.46403483,5.06E-22,6.20E-22,0.30128098,3.69E-11,0.40720654,8.90E-06,3.50E-05,0.43570697,0,0.4486267,0,0,0.3503546,0,0.58125275,0.47003502,4
0.7191855,0.95371145,0.24460423,0.12134903,0.38159412,0.46982324,9.84E-08,7.22E-15,0.34851477,0.4641461,0.0032564297,9.02E-06,0.38961926,0.4486558,0.0062598833,3.77E-05,0.43765217,0.46403483,2.45E-22,2.02E-22,0.58459175,3.07E-15,0.848539,1.78E-06,7.02E-06,0.43570697,0,0.4486267,0,0,0.3503546,0,0.58125275,0.47003502,4
0.7081221,0.3561391,0.24287356,0.12211317,0.38159412,0.46982324,0.0013712721,1.40E-06,0.34851477,0.4641461,0.008324681,5.90E-05,0.38961926,0.4486558,0.007646821,5.62E-05,0.43765217,0.46403483,6.95E-22,3.32E-21,0.5719048,1.32E-05,0.3146304,4.41E-05,0.00017356766,0.43570697,0,0.4486267,0,0,0.3503546,0,0.58125275,0.47003502,4
0.30897805,0.3661379,0.21348993,0.13897248,0.38159412,0.46982324,0,0,0.34851477,0.4641461,0,0,0.38961926,0.4486558,0,0,0.43765217,0.46403483,0,0,0,0,0,0.98266613,0,0.43570697,0,0.4486267,0,0,2.08E-17,0,0.58125275,0.47003502,1
0.22124623,0.23150769,7.51E-05,3.74E-06,0.38159412,0.46982324,0,0,0.34851477,0.4641461,0,0,0.38961926,0.4486558,0,0,0.43765217,0.46403483,0,0,0,0,0,0.9826629,0,0.43570697,0,0.4486267,0,0,2.08E-17,0,0.58125275,0.47003502,2
0.0003264751,0.0005791137,0.036111213,0.046664413,0.38159412,0.46982324,7.00E-06,3.64E-11,0.34851477,0.4641461,0.015979989,0.00021723808,0.38961926,0.44865653,0.0191212,0.00035134802,0.43765315,0.4791451,0,1.53E-23,2.56E-05,7.84E-17,7.49E-05,2.38E-08,2.22E-16,0.43570697,0.0002344168,0.4486274,0.00025966318,0.019049184,0.029839316,0.00035127974,0.5812535,0.48497596,0
0.42061123,0.6008939,0.21241865,0.131721,0.38159412,0.46982324,0,0,0.34851477,0.4641461,0,0,0.38961926,0.4486558,0,0,0.43765217,0.46403483,0,0,0,0,0,0.9826651,0,0.43570697,0,0.4486267,0,0,2.08E-17,0,0.58125275,0.47003502,4
0.71022254,0.43088832,0.24309596,0.122015946,0.38159412,0.46982324,0,0,0.34851477,0.4641461,0,0,0.38961926,0.4486558,0,0,0.43765217,0.46403483,0,0,0,0,0,0.9826648,0,0.43570697,0,0.4486267,0,0,2.08E-17,0,0.58125275,0.47003502,4
0.39039803,0.47548425,0.0060286913,0.00010617702,0.38159412,0.46982324,0.00047064014,1.65E-07,0.34851477,0.4641461,0.0008312215,5.88E-07,0.38961926,0.4486558,0.0008146257,6.38E-07,0.43765217,0.46403483,5.79E-21,4.52E-21,0.30653608,1.16E-11,0.3661891,8.83E-06,3.47E-05,0.43570697,0,0.4486267,0,0,0.009929078,0,0.58125275,0.47003502,3
0.72750086,0.3589103,0.0070720133,9.59E-05,0.38159412,0.46982324,3.40E-07,8.63E-14,0.34851477,0.4641461,0.00014763026,1.85E-08,0.38961926,0.4486558,0.00020780963,4.15E-08,0.43765217,0.46403483,1.17E-22,8.36E-21,0.6094732,1.40E-05,0.325546,4.32E-05,0.00016976772,0.43570697,0,0.4486267,0,0,0.009929078,0,0.58125275,0.47003502,3
0.8585647,0.87613934,0.008130551,7.72E-05,0.38159412,0.46982324,0,0,0.34851477,0.4641461,0,0,0.38961926,0.4486558,0,0,0.43765217,0.46403483,0,0,0,0,0,0.98266566,0,0.43570697,0,0.4486267,0,0,2.08E-17,0,0.58125275,0.47003502,3
0.0010540608,0.0015393577,0.008185631,0.00087012444,0.38158837,0.45269814,0.065003894,0.0031486768,0.3484609,0.42575103,0.04579174,0.0018823798,0.39000997,0.5800911,0.032679364,0.0012469577,0.4379759,0.5198358,1.76E-18,4.01E-18,0.0009646844,6.38E-18,0.0016065993,8.37E-10,6.13E-18,0.4289767,0.003993244,0.45855993,0.0013167323,0.05819674,0.04504951,0.0035440084,0.58173025,0.51036763,0
0.77576673,0.48541307,0.008080399,7.88E-05,0.38159412,0.46982324,0.00084717537,5.35E-07,0.34851477,0.4641461,0.0004190895,1.49E-07,0.38961926,0.4486558,0.0003159321,9.59E-08,0.43765217,0.46403483,8.60E-23,9.22E-23,0.7439301,1.63E-06,0.501655,2.30E-05,9.06E-05,0.43570697,0,0.4486267,0,0,0.009929078,0,0.58125275,0.47003502,3
0.22475044,0.31793126,7.35E-05,3.68E-06,0.38159412,0.46982324,0,0,0.34851477,0.4641461,0,0,0.38961926,0.4486558,0,0,0.43765217,0.46403483,0,0,0,0,0,0.9826633,0,0.43570697,0,0.4486267,0,0,2.08E-17,0,0.58125275,0.47003502,2
0.36604735,0.22546582,0.18375885,0.13425888,0.38159412,0.46982324,0,0,0.34851477,0.4641461,0,0,0.38961926,0.4486558,0,0,0.43765217,0.46403483,0,0,0,0,0,0.982667,0,0.43570697,0,0.4486267,0,0,2.08E-17,0,0.58125275,0.47003502,5
0.22170931,0.29890326,7.42E-05,3.73E-06,0.38159412,0.46982324,0,0,0.34851477,0.4641461,0,0,0.38961926,0.4486558,0,0,0.43765217,0.46403483,0,0,0,0,0,0.9826631,0,0.43570697,0,0.4486267,0,0,2.08E-17,0,0.58125275,0.47003502,2
0.26036987,0.22297636,1.70E-05,1.74E-06,0.38159412,0.46982324,0,0,0.34851477,0.4641461,0,0,0.38961926,0.4486558,0,0,0.43765217,0.46403483,0,0,0,0,0,0.9826629,0,0.43570697,0,0.4486267,0,0,2.08E-17,0,0.58125275,0.47003502,2
0.23301938,0.31193972,7.17E-05,3.56E-06,0.38159412,0.46982324,0,0,0.34851477,0.4641461,0,0,0.38961926,0.4486558,0,0,0.43765217,0.46403483,0,0,0,0,0,0.98266315,0,0.43570697,0,0.4486267,0,0,2.08E-17,0,0.58125275,0.47003502,2
0.6881,0.23942804,0.007085277,9.56E-05,0.38159412,0.46982324,0,0,0.34851477,0.4641461,0,0,0.38961926,0.4486558,0,0,0.43765217,0.46403483,0,0,0,0,0,0.9826655,0,0.43570697,0,0.4486267,0,0,2.08E-17,0,0.58125275,0.47003502,3
0.0011232515,0.0015832569,0.007913244,0.00072705187,0.38159412,0.46982324,0.0002584015,1.93E-07,0.34851477,0.46402308,0.020969735,0.00047783443,0.38959754,0.42594588,0.029777188,0.0010710954,0.43761563,0.45681357,8.67E-18,8.97E-18,0.0011428366,9.29E-18,0.0016583671,7.99E-10,6.82E-18,0.43570697,0.000101809455,0.44862604,0.0014140004,0.001507829,0.039874826,0.00045702193,0.5812515,0.4629784,0
0.21959412,0.316122,7.54E-05,3.82E-06,0.38159412,0.46982324,0,0,0.34851477,0.4641461,0,0,0.38961926,0.4486558,0,0,0.43765217,0.46403483,0,0,0,0,0,0.9826633,0,0.43570697,0,0.4486267,0,0,2.08E-17,0,0.58125275,0.47003502,2
0.25618076,0.21651718,1.55E-05,1.48E-06,0.38159412,0.46982324,0,0,0.34851477,0.4641461,0,0,0.38961926,0.4486558,0,0,0.43765217,0.46403483,0,0,0,0,0,0.9826629,0,0.43570697,0,0.4486267,0,0,2.08E-17,0,0.58125275,0.47003502,2
0.7160125,0.6605092,0.2501626,0.12749077,0.38159412,0.46982324,0,0,0.34851477,0.4641461,0,0,0.38961926,0.4486558,0,0,0.43765217,0.46403483,0,0,0,0,0,0.98266613,0,0.43570697,0,0.4486267,0,0,2.08E-17,0,0.58125275,0.47003502,1
0.4683577,0.5587683,0.21345818,0.1315122,0.38159412,0.46982324,0,0,0.34851477,0.4641461,0,0,0.38961926,0.4486558,0,0,0.43765217,0.46403483,0,0,0,0,0,0.98266494,0,0.43570697,0,0.4486267,0,0,2.08E-17,0,0.58125275,0.47003502,4
0.43813264,0.4485324,0.0061109615,0.000105638326,0.38159412,0.46982324,0.0007232519,3.90E-07,0.34851477,0.4641461,0.00073154265,4.55E-07,0.38961926,0.4486558,0.0007338924,5.18E-07,0.43765217,0.46403483,5.87E-22,9.78E-22,0.35518575,2.65E-10,0.35016522,1.28E-05,5.04E-05,0.43570697,0,0.4486267,0,0,0.009929078,0,0.58125275,0.47003502,3
0.7472582,0.7555491,0.0080769155,7.86E-05,0.38159412,0.46982324,0.00029428917,6.45E-08,0.34851477,0.4641461,0.00034824727,1.03E-07,0.38961926,0.4486558,0.00028258338,7.67E-08,0.43765217,0.46403483,6.59E-23,6.31E-23,0.711346,2.27E-09,0.77989125,7.64E-06,3.01E-05,0.43570697,0,0.4486267,0,0,0.009929078,0,0.58125275,0.47003502,3
0.76970834,0.50037885,0.00810251,7.82E-05,0.38159412,0.46982324,0.00021459654,3.43E-08,0.34851477,0.4641461,0.00036644592,1.14E-07,0.38961926,0.4486558,0.0003066265,9.03E-08,0.43765217,0.46403483,4.01E-23,7.14E-23,0.74585456,1.24E-06,0.51859504,2.17E-05,8.54E-05,0.43570697,0,0.4486267,0,0,0.009929078,0,0.58125275,0.47003502,3
0.0009592226,0.001529797,0.007894263,0.0007766836,0.38159412,0.46982324,4.55E-05,2.64E-06,0.34851477,0.46414188,0.023830757,0.00072286074,0.38961375,0.44488597,0.030912044,0.0011366875,0.43787816,0.5063769,1.10E-24,1.31E-19,0.00083700527,7.62E-18,0.001589147,8.51E-10,6.23E-18,0.43570697,0.00044753603,0.4481517,0.0013693842,0.0026287907,0.039907247,0.0004604084,0.5812479,0.45472187,0
0.23254733,0.31444353,7.35E-05,3.66E-06,0.38159412,0.46982324,0,0,0.34851477,0.4641461,0,0,0.38961926,0.4486558,0,0,0.43765217,0.46403483,0,0,0,0,0,0.9826632,0,0.43570697,0,0.4486267,0,0,2.08E-17,0,0.58125275,0.47003502,2
0.50157416,0.4746062,0.21334645,0.13153553,0.38159412,0.46982324,1.16E-05,9.99E-11,0.34851477,0.4641461,0.009551612,7.76E-05,0.38961926,0.4486558,0.014253034,0.00019521886,0.43765217,0.46403483,4.74E-22,7.05E-22,0.36119962,3.64E-09,0.36836115,1.59E-05,6.24E-05,0.43570697,0,0.4486267,0,0,0.3503546,0,0.58125275,0.47003502,4
0.71111894,0.78514594,0.2500661,0.12753554,0.38159412,0.46982324,5.91E-05,2.61E-09,0.34851477,0.4641461,0.0062157083,3.29E-05,0.38961926,0.4486558,0.0065602497,4.14E-05,0.43765217,0.46403483,9.67E-23,1.64E-22,0.5765613,2.79E-10,0.6972256,6.79E-06,2.67E-05,0.43570697,0,0.4486267,0,0,0.35886526,0,0.58125275,0.47003502,1
0.33245972,0.36802968,0.21288088,0.13907571,0.38159412,0.46982324,0.010181685,7.72E-05,0.34851477,0.4641461,0.034537256,0.0010147493,0.38961926,0.4486558,0.027925503,0.0007493921,0.43765217,0.46403483,2.78E-21,4.68E-21,0.22907037,2.10E-08,0.27854073,2.39E-05,9.39E-05,0.43570697,0,0.4486267,0,0,0.35886526,0,0.58125275,0.47003502,1
0.71237504,0.42040774,0.24330735,0.121923245,0.38159412,0.46982324,7.75E-06,4.47E-11,0.34851477,0.4641461,0.0049570547,2.09E-05,0.38961926,0.4486558,0.0066809584,4.29E-05,0.43765217,0.46403483,9.28E-23,1.34E-22,0.5791625,4.70E-06,0.3720626,3.37E-05,0.00013248838,0.43570697,0,0.4486267,0,0,0.3503546,0,0.58125275,0.47003502,4
0.24740265,0.049210478,0.18553421,0.13431151,0.38159412,0.46982324,0,0,0.34851477,0.4641461,0,0,0.38961926,0.4486558,0,0,0.43765217,0.46403483,0,0,0,0,0,0.98266697,0,0.43570697,0,0.4486267,0,0,2.08E-17,0,0.58125275,0.47003502,5
0.36079246,0.4650926,0.0058555873,0.00010704125,0.38159412,0.46982324,0,0,0.34851477,0.4641461,0,0,0.38961926,0.4486558,0,0,0.43765217,0.46403483,0,0,0,0,0,0.98266566,0,0.43570697,0,0.4486267,0,0,2.08E-17,0,0.58125275,0.47003502,3
0.7126762,0.46119088,0.24299565,0.12205993,0.38159412,0.46982324,2.15E-07,3.45E-14,0.34851477,0.4641461,0.0034733657,1.03E-05,0.38961926,0.4486558,0.0061584874,3.64E-05,0.43765217,0.46403483,1.54E-22,1.43E-22,0.5766055,2.31E-06,0.40762928,2.86E-05,0.00011257581,0.43570697,0,0.4486267,0,0,0.3503546,0,0.58125275,0.47003502,4
0.2240531,0.28667322,7.46E-05,3.75E-06,0.38159412,0.46982324,0,0,0.34851477,0.4641461,0,0,0.38961926,0.4486558,0,0,0.43765217,0.46403483,0,0,0,0,0,0.98266304,0,0.43570697,0,0.4486267,0,0,2.08E-17,0,0.58125275,0.47003502,2
0.41241178,0.5997351,0.21286312,0.13163143,0.38159412,0.46982324,0.0021639557,3.49E-06,0.34851477,0.4641461,0.015723744,0.00021032698,0.38961926,0.4486558,0.013776275,0.00018237728,0.43765217,0.46403483,8.39E-22,1.20E-21,0.29670408,9.14E-20,0.4644099,1.07E-06,4.22E-06,0.43570697,0,0.4486267,0,0,0.3503546,0,0.58125275,0.47003502,4
0.21589641,0.08136035,9.15E-05,4.88E-06,0.38159412,0.46982324,0,0,0.34851477,0.4641461,0,0,0.38961926,0.4486558,0,0,0.43765217,0.46403483,0,0,0,0,0,0.98266286,0,0.43570697,0,0.4486267,0,0,2.08E-17,0,0.58125275,0.47003502,2
0.33035323,0.46353385,0.0059131184,0.00010677562,0.38159412,0.46982324,0,0,0.34851477,0.4641461,0,0,0.38961926,0.4486558,0,0,0.43765217,0.46403483,0,0,0,0,0,0.98266566,0,0.43570697,0,0.4486267,0,0,2.08E-17,0,0.58125275,0.47003502,3
0.70653796,0.35129473,0.25093555,0.1271377,0.38159412,0.46982324,0.00088232505,5.80E-07,0.34851477,0.4641461,0.00811436,5.60E-05,0.38961926,0.4486558,0.007818996,5.88E-05,0.43765217,0.46403483,2.44E-22,2.82E-21,0.5831129,1.30E-05,0.31304836,4.43E-05,0.00017442394,0.43570697,0,0.4486267,0,0,0.35886526,0,0.58125275,0.47003502,1
0.23210447,0.3129788,7.46E-05,3.64E-06,0.38159412,0.46982324,0,0,0.34851477,0.4641461,0,0,0.38961926,0.4486558,0,0,0.43765217,0.46403483,0,0,0,0,0,0.98266315,0,0.43570697,0,0.4486267,0,0,2.08E-17,0,0.58125275,0.47003502,2
0.4424203,0.40256345,0.21280444,0.13909006,0.38159412,0.46982324,0.002134173,3.39E-06,0.34851477,0.4641461,0.024134103,0.000495502,0.38961926,0.4486558,0.027159201,0.00070882833,0.43765217,0.46403483,5.92E-22,7.02E-22,0.30790067,4.42E-09,0.30454716,1.92E-05,7.57E-05,0.43570697,0,0.4486267,0,0,0.35886526,0,0.58125275,0.47003502,1
0.4920191,0.5939691,0.21476631,0.13123484,0.38159412,0.46982324,0.018873274,0.0002653692,0.34851477,0.4641461,0.015987845,0.00021745173,0.38961926,0.4486558,0.013365609,0.00017166612,0.43765217,0.46403483,1.16E-21,1.14E-21,0.35470125,1.83E-14,0.4640538,3.71E-06,1.46E-05,0.43570697,0,0.4486267,0,0,0.3503546,0,0.58125275,0.47003502,4
0.25583646,0.3272073,1.52E-05,1.47E-06,0.38159412,0.46982324,0,0,0.34851477,0.4641461,0,0,0.38961926,0.4486558,0,0,0.43765217,0.46403483,0,0,0,0,0,0.98266304,0,0.43570697,0,0.4486267,0,0,2.08E-17,0,0.58125275,0.47003502,2
0.35298917,0.39089134,0.18403353,0.13426384,0.38159412,0.46982324,0,0,0.34851477,0.4641461,0,0,0.38961926,0.4486558,0,0,0.43765217,0.46403483,0,0,0,0,0,0.9826671,0,0.43570697,0,0.4486267,0,0,2.08E-17,0,0.58125275,0.47003502,5
0.32073,0.07180598,0.21702671,0.13072245,0.38159412,0.46982324,0.0015499113,1.79E-06,0.34851477,0.4641461,0.017362855,0.00025646336,0.38961926,0.4486558,0.019357605,0.00036008935,0.43765217,0.46403483,1.11E-15,4.88E-07,0.22936624,0.00082522846,0.056703757,0.00033767946,0.0013279377,0.43570697,0,0.4486267,0,0,0.3503546,0,0.58125275,0.47003502,4
0.4114691,0.17124128,0.20792724,0.13981065,0.38159412,0.46982324,0.00011365897,9.62E-09,0.34851477,0.4641461,0.018855216,0.00030244477,0.38961926,0.4486558,0.023484873,0.0005300093,0.43765217,0.46403483,1.59E-21,3.17E-19,0.28925797,3.97E-05,0.12652765,0.00011437228,0.0004498774,0.43570697,0,0.4486267,0,0,0.35886526,0,0.58125275,0.47003502,1
0.0007124346,0.0007514771,0.03577694,0.04656636,0.38159412,0.46982324,2.41E-09,4.34E-18,0.34851477,0.4641461,2.01E-05,3.47E-10,0.38961926,0.44865578,0.010055441,9.72E-05,0.43765157,0.45199347,0,1.16E-30,6.97E-06,1.59E-21,7.27E-05,2.45E-08,2.17E-11,0.43570697,3.74E-10,0.44862664,0.00025203812,0.010017569,0.033251602,9.71E-05,0.5812522,0.45812863,0
0.3503677,0.38689318,0.18430272,0.13426839,0.38159412,0.46982324,0,0,0.34851477,0.4641461,0,0,0.38961926,0.4486558,0,0,0.43765217,0.46403483,0,0,0,0,0,0.9826671,0,0.43570697,0,0.4486267,0,0,2.08E-17,0,0.58125275,0.47003502,5
0.43711516,0.53153485,0.2129052,0.13162524,0.38159412,0.46982324,0.0002660799,5.27E-08,0.34851477,0.4641461,0.010825717,9.97E-05,0.38961926,0.4486558,0.013782243,0.00018253532,0.43765217,0.46403483,7.09E-22,9.39E-22,0.3104245,2.10E-11,0.41168222,8.34E-06,3.28E-05,0.43570697,0,0.4486267,0,0,0.3503546,0,0.58125275,0.47003502,4
0.41450503,0.39361596,0.2120681,0.13921125,0.38159412,0.46982324,0,0,0.34851477,0.4641461,0,0,0.38961926,0.4486558,0,0,0.43765217,0.46403483,0,0,0,0,0,0.98266613,0,0.43570697,0,0.4486267,0,0,2.08E-17,0,0.58125275,0.47003502,1
0.41785142,0.43330243,0.21502283,0.13869938,0.38159412,0.46982324,0.00036029232,9.67E-08,0.34851477,0.4641461,0.023185147,0.00045730162,0.38961926,0.4486558,0.027367104,0.00071972195,0.43765217,0.46403483,9.33E-22,9.47E-22,0.30026355,3.60E-10,0.33122703,1.37E-05,5.40E-05,0.43570697,0,0.4486267,0,0,0.35886526,0,0.58125275,0.47003502,1
0.49216297,0.24737486,0.21548457,0.13107692,0.38159412,0.46982324,0.001229779,1.13E-06,0.34851477,0.4641461,0.015604506,0.00020714913,0.38961926,0.4486558,0.015415223,0.00022835299,0.43765217,0.46403483,9.96E-22,1.41E-21,0.35440218,1.61E-05,0.19393106,6.96E-05,0.00027368637,0.43570697,0,0.4486267,0,0,0.3503546,0,0.58125275,0.47003502,4
0.42443874,0.5422763,0.21349552,0.13150546,0.38159412,0.46982324,0.0010380107,8.03E-07,0.34851477,0.4641461,0.011688847,0.00011623219,0.38961926,0.4486558,0.01359725,0.000177668,0.43765217,0.46403483,2.18E-21,2.55E-21,0.30878127,4.67E-12,0.42116475,7.01E-06,2.76E-05,0.43570697,0,0.4486267,0,0,0.3503546,0,0.58125275,0.47003502,4
0.0012320142,0.0015445963,0.008300452,0.0008439268,0.38159412,0.46934384,0.03798438,0.0010752025,0.34852466,0.48342088,0.041096255,0.0015508743,0.38995045,0.57460713,0.032295637,0.0012135488,0.4379217,0.5118681,3.24E-20,1.47E-18,0.0010182369,5.80E-18,0.0016009989,8.41E-10,6.22E-18,0.43570697,0.00046849874,0.4487064,0.0014050861,0.002345007,0.03937113,0.00049937173,0.58126,0.49508226,0
0.36352167,0.18442336,0.18303102,0.13424316,0.38159412,0.46982324,0.0050755264,1.92E-05,0.34851477,0.4641461,0.019810008,0.0003338507,0.38961926,0.4486558,0.020990599,0.00042340579,0.43765217,0.46403483,9.52E-22,4.68E-21,0.2236893,3.21E-05,0.122838624,0.00011241518,0.00044218058,0.43570697,1.74E-15,0.4486267,0.42552704,9.24E-08,0.3503546,8.26E-15,0.58125275,0.47003502,5
0.37217817,0.32529,0.00548824,0.00010816849,0.38159412,0.46982324,0,0,0.34851477,0.4641461,0,0,0.38961926,0.4486558,0,0,0.43765217,0.46403483,0,0,0,0,0,0.98266554,0,0.43570697,0,0.4486267,0,0,2.08E-17,0,0.58125275,0.47003502,3
0.21909088,0.3136805,7.43E-05,3.77E-06,0.38159412,0.46982324,0,0,0.34851477,0.4641461,0,0,0.38961926,0.4486558,0,0,0.43765217,0.46403483,0,0,0,0,0,0.9826632,0,0.43570697,0,0.4486267,0,0,2.08E-17,0,0.58125275,0.47003502,2
0.25443822,0.3510371,1.63E-05,1.66E-06,0.38159412,0.46982324,0,0,0.34851477,0.4641461,0,0,0.38961926,0.4486558,0,0,0.43765217,0.46403483,0,0,0,0,0,0.98266315,0,0.43570697,0,0.4486267,0,0,2.08E-17,0,0.58125275,0.47003502,2
0.7495002,0.62697273,0.0070723654,9.59E-05,0.38159412,0.46982324,5.33E-06,2.11E-11,0.34851477,0.4641461,0.00025462487,5.52E-08,0.38961926,0.4486558,0.0002584513,6.42E-08,0.43765217,0.46403483,1.66E-22,1.45E-22,0.6217614,1.15E-07,0.56877536,1.53E-05,6.02E-05,0.43570697,0,0.4486267,0,0,0.009929078,0,0.58125275,0.47003502,3
0.25562045,0.3076678,1.55E-05,1.56E-06,0.38159412,0.46982324,0,0,0.34851477,0.4641461,0,0,0.38961926,0.4486558,0,0,0.43765217,0.46403483,0,0,0,0,0,0.982663,0,0.43570697,0,0.4486267,0,0,2.08E-17,0,0.58125275,0.47003502,2
0.7173736,0.87774754,0.2439829,0.121625975,0.38159412,0.46982324,2.61E-05,5.08E-10,0.34851477,0.4641461,0.0056796586,2.74E-05,0.38961926,0.4486558,0.0066791377,4.29E-05,0.43765217,0.46403483,1.32E-22,1.10E-22,0.58335555,2.76E-12,0.7789761,3.83E-06,1.51E-05,0.43570697,0,0.4486267,0,0,0.3503546,0,0.58125275,0.47003502,4
0.4491241,0.6063139,0.2135619,0.13149011,0.38159412,0.46982324,0.016274553,0.00019732138,0.34851477,0.4641461,0.016313829,0.0002264096,0.38961926,0.4486558,0.0132334335,0.00016828762,0.43765217,0.46403483,1.25E-21,1.33E-21,0.32146147,4.63E-17,0.4710367,1.99E-06,7.83E-06,0.43570697,0,0.4486267,0,0,0.3503546,0,0.58125275,0.47003502,4
0.43108353,0.13449511,0.21733578,0.13065657,0.38159412,0.46982324,0,0,0.34851477,0.4641461,0,0,0.38961926,0.4486558,0,0,0.43765217,0.46403483,0,0,0,0,0,0.98266476,0,0.43570697,0,0.4486267,0,0,2.08E-17,0,0.58125275,0.47003502,4
0.40290853,0.37608525,0.005815773,0.00010726653,0.38159412,0.46982324,1.09E-06,8.90E-13,0.34851477,0.4641461,0.000430633,1.58E-07,0.38961926,0.4486558,0.0006726289,4.35E-07,0.43765217,0.46403483,1.18E-21,2.18E-21,0.32505685,3.34E-08,0.27914882,2.58E-05,0.0001016423,0.43570697,0,0.4486267,0,0,0.009929078,0,0.58125275,0.47003502,3
0.40452674,0.18656608,0.20904252,0.13966233,0.38159412,0.46982324,0,0,0.34851477,0.4641461,0,0,0.38961926,0.4486558,0,0,0.43765217,0.46403483,0,0,0,0,0,0.9826661,0,0.43570697,0,0.4486267,0,0,2.08E-17,0,0.58125275,0.47003502,1
0.726104,0.5977593,0.008099535,7.88E-05,0.38159412,0.46982324,1.18E-06,1.03E-12,0.34851477,0.4641461,0.0002020124,3.47E-08,0.38961926,0.4486558,0.00027812814,7.43E-08,0.43765217,0.46403483,6.07E-23,8.29E-23,0.697354,1.68E-07,0.6167841,1.48E-05,5.83E-05,0.43570697,0,0.4486267,0,0,0.009929078,0,0.58125275,0.47003502,3
0.36846474,0.22757202,0.18484558,0.13427807,0.38159412,0.46982324,0,0,0.34851477,0.4641461,0,0,0.38961926,0.4486558,0,0,0.43765217,0.46403483,0,0,0,0,0,0.982667,0,0.43570697,0,0.4486267,0,0,2.08E-17,0,0.58125275,0.47003502,5
0.7366993,0.401815,0.007051748,9.63E-05,0.38159412,0.46982324,1.46E-08,1.59E-16,0.34851477,0.4641461,0.000107640204,9.86E-09,0.38961926,0.4486558,0.00019059172,3.49E-08,0.43765217,0.46403483,7.34E-22,3.98E-22,0.6103303,7.45E-06,0.36338368,3.63E-05,0.00014279991,0.43570697,0,0.4486267,0,0,0.009929078,0,0.58125275,0.47003502,3
0.7055056,0.7461989,0.2506268,0.1272789,0.38159412,0.46982324,1.93E-08,2.78E-16,0.34851477,0.4641461,0.002474176,5.21E-06,0.38961926,0.4486558,0.005850233,3.29E-05,0.43765217,0.46403483,8.37E-23,1.10E-22,0.5816486,1.34E-09,0.66411424,8.34E-06,3.28E-05,0.43570697,0,0.4486267,0,0,0.35886526,0,0.58125275,0.47003502,1
0.22165988,0.31575957,7.43E-05,3.77E-06,0.38159412,0.46982324,0,0,0.34851477,0.4641461,0,0,0.38961926,0.4486558,0,0,0.43765217,0.46403483,0,0,0,0,0,0.9826632,0,0.43570697,0,0.4486267,0,0,2.08E-17,0,0.58125275,0.47003502,2
0.0027935063,0.0027934383,0.05151625,0.07094871,0.38159412,0.46982324,0,0,0.34851477,0.4641461,0,0,0.38961926,0.4486558,1.99E-09,3.80E-18,0.43765217,0.46403483,1.68E-18,1.51E-18,0.0018201632,5.93E-15,0.00090652745,1.85E-08,8.51E-14,0.43570697,0,0.4486267,0,0,0.009929078,0,0.58125275,0.47003502,0
0.7303596,0.37350273,0.0070649115,9.60E-05,0.38159412,0.46982324,1.18E-07,1.05E-14,0.34851477,0.4641461,0.00013278444,1.50E-08,0.38961926,0.4486558,0.00020166686,3.91E-08,0.43765217,0.46403483,1.52E-22,1.16E-21,0.6098694,1.13E-05,0.3384546,4.06E-05,0.000159879,0.43570697,0,0.4486267,0,0,0.009929078,0,0.58125275,0.47003502,3
0.2284741,0.3172453,7.48E-05,3.81E-06,0.38159412,0.46982324,0,0,0.34851477,0.4641461,0,0,0.38961926,0.4486558,0,0,0.43765217,0.46403483,0,0,0,0,0,0.9826633,0,0.43570697,0,0.4486267,0,0,2.08E-17,0,0.58125275,0.47003502,2
0.39069828,0.33427608,0.21022072,0.13949579,0.38159412,0.46982324,0.00017572237,2.30E-08,0.34851477,0.4641461,0.02079368,0.0003678288,0.38961926,0.4486558,0.02711254,0.0007063948,0.43765217,0.46403483,1.05E-21,1.19E-21,0.26661062,1.43E-07,0.24981165,3.27E-05,0.0001288108,0.43570697,0,0.4486267,0,0,0.35886526,0,0.58125275,0.47003502,1
0.7141344,0.6368624,0.25007918,0.12752914,0.38159412,0.46982324,4.17E-08,1.30E-15,0.34851477,0.4641461,0.0025699362,5.62E-06,0.38961926,0.4486558,0.005902373,3.35E-05,0.43765217,0.46403483,2.43E-22,1.61E-22,0.5823668,4.33E-08,0.56556594,1.39E-05,5.46E-05,0.43570697,0,0.4486267,0,0,0.35886526,0,0.58125275,0.47003502,1
0.46474865,0.5036934,0.21278696,0.13165143,0.38159412,0.46982324,0,0,0.34851477,0.4641461,0,0,0.38961926,0.4486558,0,0,0.43765217,0.46403483,0,0,0,0,0,0.9826649,0,0.43570697,0,0.4486267,0,0,2.08E-17,0,0.58125275,0.47003502,4
0.43046764,0.4480026,0.21326894,0.13155131,0.38159412,0.46982324,0.00068639737,3.51E-07,0.34851477,0.4641461,0.015413748,0.00020211548,0.38961926,0.4486558,0.015288468,0.00022461309,0.43765217,0.46403483,1.20E-21,2.04E-21,0.31584415,9.48E-09,0.34760594,1.82E-05,7.18E-05,0.43570697,0,0.4486267,0,0,0.3503546,0,0.58125275,0.47003502,4
0.0045305197,0.0023842014,0.05505022,0.074361876,0.38159412,0.46982324,1.39E-09,1.44E-18,0.34851477,0.4641461,0,0,0.38961926,0.4486558,1.41E-09,1.90E-18,0.43765217,0.46403483,1.69E-18,1.51E-18,0.0016047709,5.37E-14,0.00052695675,3.82E-08,3.58E-13,0.43570697,0,0.4486267,0,0,0.009929078,0,0.58125275,0.47003502,0
0.21226217,0.20568995,7.81E-05,3.93E-06,0.38159412,0.46982324,0,0,0.34851477,0.4641461,0,0,0.38961926,0.4486558,0,0,0.43765217,0.46403483,0,0,0,0,0,0.9826629,0,0.43570697,0,0.4486267,0,0,2.08E-17,0,0.58125275,0.47003502,2
0.5989677,0.16288228,0.007071582,9.59E-05,0.38159412,0.46982324,5.16E-07,1.99E-13,0.34851477,0.4641461,0.00016228689,2.24E-08,0.38961926,0.4486558,0.0002317144,5.16E-08,0.43765217,0.46403483,6.22E-23,4.28E-10,0.50380445,0.00020070531,0.14772162,0.000121765464,0.00047895414,0.43570697,0,0.4486267,0,0,0.009929078,0,0.58125275,0.47003502,3
0.2211677,0.31297666,7.40E-05,3.69E-06,0.38159412,0.46982324,0,0,0.34851477,0.4641461,0,0,0.38961926,0.4486558,0,0,0.43765217,0.46403483,0,0,0,0,0,0.9826632,0,0.43570697,0,0.4486267,0,0,2.08E-17,0,0.58125275,0.47003502,2
0.7093461,0.4670773,0.2434882,0.12184467,0.38159412,0.46982324,0,0,0.34851477,0.4641461,0,0,0.38961926,0.4486558,0,0,0.43765217,0.46403483,0,0,0,0,0,0.9826648,0,0.43570697,0,0.4486267,0,0,2.08E-17,0,0.58125275,0.47003502,4
0.7128027,0.990286,0.2438855,0.121668585,0.38159412,0.46982324,0,0,0.34851477,0.4641461,0,0,0.38961926,0.4486558,0,0,0.43765217,0.46403483,0,0,0,0,0,0.98266506,0,0.43570697,0,0.4486267,0,0,2.08E-17,0,0.58125275,0.47003502,4
0.0010740181,0.0016326155,0.009082689,0.0010459806,0.38159412,0.46982324,9.84E-10,7.23E-19,0.34851477,0.4641461,9.93E-10,1.19E-18,0.38961926,0.4486558,9.93E-10,1.34E-18,0.43765217,0.46403483,0,8.03E-28,1.41E-05,1.96E-18,7.97E-05,2.22E-08,4.19E-17,0.43570697,1.28E-18,0.4486267,0.0002763307,9.90E-10,0.017626109,1.34E-18,0.58125275,0.47003502,0
0.42134982,0.35326385,0.0055796155,0.00010801894,0.38159412,0.46982324,0.00030936094,7.13E-08,0.34851477,0.4641461,0.00080431835,5.50E-07,0.38961926,0.4486558,0.0007499738,5.41E-07,0.43765217,0.46403483,3.69E-21,6.00E-21,0.28914452,1.17E-07,0.25142446,3.21E-05,0.00012639372,0.43570697,0,0.4486267,0,0,0.009929078,0,0.58125275,0.47003502,3
0.7137378,0.98742807,0.24408072,0.12158254,0.38159412,0.46982324,0,0,0.34851477,0.4641461,0,0,0.38961926,0.4486558,0,0,0.43765217,0.46403483,0,0,0,0,0,0.98266506,0,0.43570697,0,0.4486267,0,0,2.08E-17,0,0.58125275,0.47003502,4
0.42285746,0.36237025,0.21325111,0.13155378,0.38159412,0.46982324,0,0,0.34851477,0.4641461,0,0,0.38961926,0.4486558,0,0,0.43765217,0.46403483,0,0,0,0,0,0.9826648,0,0.43570697,0,0.4486267,0,0,2.08E-17,0,0.58125275,0.47003502,4
0.23009028,0.18350445,7.90E-05,4.07E-06,0.38159412,0.46982324,0,0,0.34851477,0.4641461,0,0,0.38961926,0.4486558,0,0,0.43765217,0.46403483,0,0,0,0,0,0.9826629,0,0.43570697,0,0.4486267,0,0,2.08E-17,0,0.58125275,0.47003502,2
0.7054927,0.82222444,0.24967498,0.1277127,0.38159412,0.46982324,0,0,0.34851477,0.4641461,0,0,0.38961926,0.4486558,0,0,0.43765217,0.46403483,0,0,0,0,0,0.9826662,0,0.43570697,0,0.4486267,0,0,2.08E-17,0,0.58125275,0.47003502,1
0.72715616,0.81316346,0.24383599,0.12169078,0.38159412,0.46982324,0.0068034804,3.45E-05,0.34851477,0.4641461,0.009814965,8.20E-05,0.38961926,0.4486558,0.0070872563,4.83E-05,0.43765217,0.46403483,9.72E-23,8.91E-23,0.59138536,1.20E-10,0.72123164,6.04E-06,2.38E-05,0.43570697,0,0.4486267,0,0,0.3503546,0,0.58125275,0.47003502,4
0.25159252,0.35933092,1.51E-05,1.53E-06,0.38159412,0.46982324,0,0,0.34851477,0.4641461,0,0,0.38961926,0.4486558,0,0,0.43765217,0.46403483,0,0,0,0,0,0.9826632,0,0.43570697,0,0.4486267,0,0,2.08E-17,0,0.58125275,0.47003502,2
0.25090227,0.1306084,1.78E-05,1.82E-06,0.38159412,0.46982324,0,0,0.34851477,0.4641461,0,0,0.38961926,0.4486558,0,0,0.43765217,0.46403483,0,0,0,0,0,0.98266286,0,0.43570697,0,0.4486267,0,0,2.08E-17,0,0.58125275,0.47003502,2
0.00042077186,0.00048339707,0.01440577,0.0009218126,0.38159412,0.46982324,1.39E-09,1.44E-18,0.34851477,0.4641461,4.39E-06,1.64E-11,0.38961926,0.4486558,0.008916142,7.64E-05,0.43765163,0.45009446,0,7.74E-31,6.78E-06,9.71E-23,6.96E-05,2.54E-08,2.55E-16,0.43570697,1.77E-11,0.4486267,0.00023752124,0.008859111,0.03345894,7.60E-05,0.5812523,0.4558198,0
0.2246618,0.3180365,7.28E-05,3.63E-06,0.38159412,0.46982324,0,0,0.34851477,0.4641461,0,0,0.38961926,0.4486558,0,0,0.43765217,0.46403483,0,0,0,0,0,0.9826633,0,0.43570697,0,0.4486267,0,0,2.08E-17,0,0.58125275,0.47003502,2
0.36925033,0.4129806,0.18363824,0.13425761,0.38159412,0.46982324,0,0,0.34851477,0.4641461,0,0,0.38961926,0.4486558,0,0,0.43765217,0.46403483,0,0,0,0,0,0.9826671,0,0.43570697,0,0.4486267,0,0,2.08E-17,0,0.58125275,0.47003502,5
0.7050619,0.3318469,0.25107577,0.12707227,0.38159412,0.46982324,0.0036501507,9.93E-06,0.34851477,0.4641461,0.009374312,7.48E-05,0.38961926,0.4486558,0.008159893,6.40E-05,0.43765217,0.46403483,1.72E-22,4.42E-20,0.5837289,1.73E-05,0.29588506,4.83E-05,0.00018996587,0.43570697,0,0.4486267,0,0,0.35886526,0,0.58125275,0.47003502,1
0.70447224,0.6289989,0.25021607,0.12746693,0.38159412,0.46982324,1.11E-08,9.25E-17,0.34851477,0.4641461,0.00281691,6.75E-06,0.38961926,0.4486558,0.0059891595,3.45E-05,0.43765217,0.46403483,5.66E-23,8.79E-23,0.57638973,5.20E-08,0.5588897,1.43E-05,5.62E-05,0.43570697,0,0.4486267,0,0,0.35886526,0,0.58125275,0.47003502,1
0.7158415,0.38796657,0.24296543,0.12207341,0.38159412,0.46982324,0,0,0.34851477,0.4641461,0,0,0.38961926,0.4486558,0,0,0.43765217,0.46403483,0,0,0,0,0,0.98266476,0,0.43570697,0,0.4486267,0,0,2.08E-17,0,0.58125275,0.47003502,4
0.35128418,0.39051223,0.18424141,0.13426761,0.38159412,0.46982324,0.007841812,4.58E-05,0.34851477,0.4641461,0.01795179,0.0002741565,0.38961926,0.4486558,0.017481467,0.0002936722,0.43765217,0.46403483,4.31E-22,6.21E-22,0.21715264,1.54E-09,0.26177117,1.95E-05,7.66E-05,0.43570697,3.25E-15,0.4486267,0.90703684,1.00E-07,0.3503546,9.72E-15,0.58125275,0.47003502,5
0.73230505,0.6929304,0.008067521,7.91E-05,0.38159412,0.46982324,4.51E-06,1.52E-11,0.34851477,0.4641461,0.00023097327,4.54E-08,0.38961926,0.4486558,0.00027426233,7.23E-08,0.43765217,0.46403483,1.01E-22,7.91E-23,0.69123644,1.50E-08,0.7137959,1.01E-05,3.96E-05,0.43570697,0,0.4486267,0,0,0.009929078,0,0.58125275,0.47003502,3
0.7055164,0.35414928,0.24415416,0.12155034,0.38159412,0.46982324,0,0,0.34851477,0.4641461,0,0,0.38961926,0.4486558,0,0,0.43765217,0.46403483,0,0,0,0,0,0.98266476,0,0.43570697,0,0.4486267,0,0,2.08E-17,0,0.58125275,0.47003502,4
0.0012524942,0.0016015624,0.008400156,0.00085427763,0.3815941,0.4676091,0.011665056,0.00010317337,0.34850985,0.4282738,0.011104865,0.00015810133,0.38962895,0.47888058,0.010361541,0.00015702216,0.4376771,0.4971405,7.30E-18,1.40E-17,0.00033921198,5.88E-17,0.0004035057,4.56E-09,5.50E-17,0.3979762,0.00017060366,0.4788495,0.0013989536,0.010322517,0.02840009,0.00015699165,0.58127314,0.50276965,0
0.48310468,0.59321165,0.21518213,0.13114356,0.38159412,0.46982324,0.014672251,0.00016037976,0.34851477,0.4641461,0.015597867,0.0002069729,0.38961926,0.4486558,0.013326718,0.00017066853,0.43765217,0.46403483,6.09E-22,8.52E-22,0.35387644,1.75E-14,0.46435845,3.69E-06,1.45E-05,0.43570697,0,0.4486267,0,0,0.3503546,0,0.58125275,0.47003502,4
0.7192149,0.59463257,0.24315572,0.12198942,0.38159412,0.46982324,1.51E-06,1.70E-12,0.34851477,0.4641461,0.0042170025,1.51E-05,0.38961926,0.4486558,0.0063378885,3.86E-05,0.43765217,0.46403483,3.00E-22,1.96E-22,0.5843185,1.45E-07,0.52592283,1.68E-05,6.62E-05,0.43570697,0,0.4486267,0,0,0.3503546,0,0.58125275,0.47003502,4
0.3737796,0.30904523,0.005392564,0.00010830505,0.38159412,0.46982324,0,0,0.34851477,0.4641461,0,0,0.38961926,0.4486558,0,0,0.43765217,0.46403483,0,0,0,0,0,0.98266554,0,0.43570697,0,0.4486267,0,0,2.08E-17,0,0.58125275,0.47003502,3
0.7148016,0.6979565,0.25021163,0.12746884,0.38159412,0.46982324,3.34E-05,8.30E-10,0.34851477,0.4641461,0.005850454,2.91E-05,0.38961926,0.4486558,0.0065983753,4.18E-05,0.43765217,0.46403483,2.44E-22,1.98E-22,0.58221775,7.47E-09,0.6201593,1.06E-05,4.18E-05,0.43570697,0,0.4486267,0,0,0.35886526,0,0.58125275,0.47003502,1
0.24788946,0.31356695,1.62E-05,1.64E-06,0.38159412,0.46982324,0,0,0.34851477,0.4641461,0,0,0.38961926,0.4486558,0,0,0.43765217,0.46403483,0,0,0,0,0,0.982663,0,0.43570697,0,0.4486267,0,0,2.08E-17,0,0.58125275,0.47003502,2
0.22313902,0.31737402,7.34E-05,3.70E-06,0.38159412,0.46982324,0,0,0.34851477,0.4641461,0,0,0.38961926,0.4486558,0,0,0.43765217,0.46403483,0,0,0,0,0,0.9826633,0,0.43570697,0,0.4486267,0,0,2.08E-17,0,0.58125275,0.47003502,2
0.19606017,0.060344253,8.66E-05,4.69E-06,0.38159412,0.46982324,0,0,0.34851477,0.4641461,0,0,0.38961926,0.4486558,0,0,0.43765217,0.46403483,0,0,0,0,0,0.98266286,0,0.43570697,0,0.4486267,0,0,2.08E-17,0,0.58125275,0.47003502,2
0.26294085,0.2526792,1.55E-05,1.57E-06,0.38159412,0.46982324,0,0,0.34851477,0.4641461,0,0,0.38961926,0.4486558,0,0,0.43765217,0.46403483,0,0,0,0,0,0.9826629,0,0.43570697,0,0.4486267,0,0,2.08E-17,0,0.58125275,0.47003502,2
0.00020408245,0.00060090417,0.020622185,0.013854865,0.38159412,0.46982324,1.97E-09,2.97E-18,0.34851477,0.4641461,7.67E-05,5.03E-09,0.38961926,0.44865516,0.01128259,0.0001223296,0.43765116,0.4475441,0,1.55E-30,6.09E-06,2.65E-20,7.47E-05,2.41E-08,4.05E-16,0.43570697,5.43E-09,0.448626,0.0002590918,0.011240096,0.032998174,0.00012230582,0.5812519,0.4537291,0
0.37005255,0.35598692,0.0056162723,0.00010794528,0.38159412,0.46982324,5.19E-05,2.00E-09,0.34851477,0.4641461,0.0006782423,3.91E-07,0.38961926,0.4486558,0.00072806294,5.09E-07,0.43765217,0.46403483,1.44E-20,1.40E-20,0.2592101,8.29E-08,0.25504917,3.03E-05,0.000119107404,0.43570697,0,0.4486267,0,0,0.009929078,0,0.58125275,0.47003502,3
0.0009672547,0.0015312082,0.008240142,0.0007484711,0.38159412,0.46982324,3.21E-06,3.71E-07,0.34851477,0.4635817,0.0070636272,9.24E-05,0.38961965,0.45081952,0.010278396,0.00014986323,0.43767217,0.49178794,1.16E-30,1.29E-21,0.00012039783,3.47E-17,0.00037224256,4.96E-09,5.41E-17,0.43511334,9.97E-05,0.45079026,0.0012905644,0.010239684,0.028202344,0.0001498341,0.5812691,0.4974771,0
0.4512841,0.48602268,0.21332319,0.13154158,0.38159412,0.46982324,0.00035692935,9.49E-08,0.34851477,0.4641461,0.011120559,0.00010520497,0.38961926,0.4486558,0.014385097,0.00019885323,0.43765217,0.46403483,1.17E-21,1.51E-21,0.3237416,1.48E-09,0.3771853,1.40E-05,5.51E-05,0.43570697,0,0.4486267,0,0,0.3503546,0,0.58125275,0.47003502,4
0.7010659,0.8210494,0.24992494,0.12759942,0.38159412,0.46982324,2.23E-08,3.70E-16,0.34851477,0.4641461,0.0024894227,5.27E-06,0.38961926,0.4486558,0.005851502,3.29E-05,0.43765217,0.46403483,2.00E-22,2.29E-22,0.56778693,4.47E-11,0.72868526,5.40E-06,2.12E-05,0.43570697,0,0.4486267,0,0,0.35886526,0,0.58125275,0.47003502,1
0.72142065,0.6524198,0.00808322,7.89E-05,0.38159412,0.46982324,0.00014965762,1.67E-08,0.34851477,0.4641461,0.0002669537,6.06E-08,0.38961926,0.4486558,0.00027451743,7.24E-08,0.43765217,0.46403483,9.95E-23,1.30E-22,0.684258,4.57E-08,0.67271614,1.19E-05,4.69E-05,0.43570697,0,0.4486267,0,0,0.009929078,0,0.58125275,0.47003502,3
0.00040838323,0.00047623363,0.012865855,0.004028601,0.38159412,0.46982324,0,1.44E-18,0.34851477,0.4641461,0.00044262284,1.67E-07,0.38961926,0.44863194,0.012727473,0.00015566747,0.43765098,0.44866908,0,7.74E-31,6.98E-06,7.86E-19,8.39E-05,2.18E-08,4.53E-16,0.43570697,1.81E-07,0.44860283,0.0002907195,0.012679537,0.032647066,0.00015563723,0.58125174,0.45484146,0
0.30881035,0.07558432,0.22035366,0.1298984,0.38159412,0.46982324,0,0,0.34851477,0.4641461,0,0,0.38961926,0.4486558,0,0,0.43765217,0.46403483,0,0,0,0,0,0.98266476,0,0.43570697,0,0.4486267,0,0,2.08E-17,0,0.58125275,0.47003502,4
0.72429377,0.6524227,0.008080537,7.90E-05,0.38159412,0.46982324,0.00015700927,1.84E-08,0.34851477,0.4641461,0.00026815783,6.12E-08,0.38961926,0.4486558,0.0002747119,7.25E-08,0.43765217,0.46403483,1.04E-22,1.34E-22,0.6854918,4.61E-08,0.6724901,1.19E-05,4.70E-05,0.43570697,0,0.4486267,0,0,0.009929078,0,0.58125275,0.47003502,3
0.0010665772,0.001579302,0.008358604,0.00079892675,0.38159412,0.46981728,0.011669943,0.00010146054,0.34851465,0.45829466,0.011392824,0.00015879243,0.38962147,0.4555117,0.010412222,0.00016040949,0.43767828,0.49806315,3.95E-17,4.03E-17,0.00027017816,5.66E-17,0.0003795686,4.86E-09,5.32E-17,0.42955238,0.0001713494,0.45548213,0.0013159638,0.010373007,0.028672632,0.00016037832,0.5812741,0.50368196,0
0.43370312,0.4051517,0.2129022,0.13907325,0.38159412,0.46982324,0.000939027,6.57E-07,0.34851477,0.4641461,0.022208948,0.0004196034,0.38961926,0.4486558,0.026819516,0.00069120835,0.43765217,0.46403483,1.01E-21,1.16E-21,0.30261892,3.74E-09,0.30663556,1.88E-05,7.38E-05,0.43570697,0,0.4486267,0,0,0.35886526,0,0.58125275,0.47003502,1
0.724117,0.33857286,0.007075566,9.58E-05,0.38159412,0.46982324,1.46E-06,1.58E-12,0.34851477,0.4641461,0.00017088349,2.48E-08,0.38961926,0.4486558,0.00021702623,4.53E-08,0.43765217,0.46403483,1.57E-22,1.50E-19,0.6078669,1.88E-05,0.307259,4.71E-05,0.00018516145,0.43570697,0,0.4486267,0,0,0.009929078,0,0.58125275,0.47003502,3
0.33935288,0.37134346,0.1848773,0.13427673,0.38159412,0.46982324,0,0,0.34851477,0.4641461,0,0,0.38961926,0.4486558,0,0,0.43765217,0.46403483,0,0,0,0,0,0.9826671,0,0.43570697,0,0.4486267,0,0,2.08E-17,0,0.58125275,0.47003502,5
0.0007759158,0.00057271216,0.015172355,0.009830239,0.38159412,0.46982324,0.000110083165,9.03E-09,0.34851477,0.4641461,0.008816537,0.00021814593,0.38962203,0.4568815,0.17822854,0.0634491,0.4596815,0.54260385,6.82E-30,6.04E-21,6.44E-05,3.82E-17,0.00021134486,9.15E-09,3.19E-16,0.43570697,0,0.4486267,0,0,0.009219858,0,0.58125275,0.47003502,0
0.2318718,0.04500217,0.18460782,0.13430175,0.38159412,0.46982324,0.0014306512,1.52E-06,0.34851477,0.4641461,0.021892989,0.0004077492,0.38961926,0.4486558,0.02649575,0.0006746204,0.43765217,0.46403483,2.20E-12,5.91E-06,0.14434145,0.0017049676,0.030242529,0.0006498009,0.0025545596,0.43570697,4.64E-16,0.4486267,0.10471168,1.58E-08,0.3503546,2.43E-16,0.58125275,0.47003502,5
0.21368451,0.24565189,7.43E-05,3.79E-06,0.38159412,0.46982324,0,0,0.34851477,0.4641461,0,0,0.38961926,0.4486558,0,0,0.43765217,0.46403483,0,0,0,0,0,0.982663,0,0.43570697,0,0.4486267,0,0,2.08E-17,0,0.58125275,0.47003502,2
0.36986908,0.43358076,0.006035048,0.00010611563,0.38159412,0.46982324,0,0,0.34851477,0.4641461,0,0,0.38961926,0.4486558,0,0,0.43765217,0.46403483,0,0,0,0,0,0.9826656,0,0.43570697,0,0.4486267,0,0,2.08E-17,0,0.58125275,0.47003502,3
0.6754637,0.21751682,0.008033639,8.01E-05,0.38159412,0.46982324,5.86E-07,2.56E-13,0.34851477,0.4641461,0.00018066715,2.78E-08,0.38961926,0.4486558,0.00026268384,6.63E-08,0.43765217,0.46403483,7.59E-23,5.74E-13,0.63657635,8.33E-05,0.22316383,7.56E-05,0.00029725718,0.43570697,0,0.4486267,0,0,0.009929078,0,0.58125275,0.47003502,3
0.4273921,0.6027052,0.21173225,0.13185759,0.38159412,0.46982324,0.026565677,0.00052577234,0.34851477,0.4641461,0.020105096,0.0003438708,0.38961926,0.4486558,0.014286725,0.00019614282,0.43765217,0.46403483,1.88E-21,2.57E-21,0.29963303,1.41E-20,0.46424508,8.82E-07,3.47E-06,0.43570697,0,0.4486267,0,0,0.3503546,0,0.58125275,0.47003502,4
0.00014315893,0.0003692591,0.012476587,0.00045253162,0.38159412,0.46982324,1.97E-09,2.89E-18,0.34851477,0.4641461,0.00044472908,1.69E-07,0.38961926,0.44863144,0.012728477,0.00015569483,0.43765187,0.46090677,0,7.74E-31,7.01E-06,7.91E-19,8.40E-05,2.18E-08,4.52E-16,0.43570697,1.82E-07,0.44807553,0.00029106537,0.012680537,0.032703716,0.00015566457,0.58125234,0.46485788,0
0.71289486,0.57449174,0.24970408,0.12769936,0.38159412,0.46982324,2.34E-05,4.06E-10,0.34851477,0.4641461,0.005647119,2.71E-05,0.38961926,0.4486558,0.0067239683,4.34E-05,0.43765217,0.46403483,8.31E-22,3.59E-22,0.57462275,2.09E-07,0.50942117,1.80E-05,7.08E-05,0.43570697,0,0.4486267,0,0,0.35886526,0,0.58125275,0.47003502,1
0.48915893,0.4666142,0.21362396,0.13147847,0.38159412,0.46982324,0,0,0.34851477,0.4641461,0,0,0.38961926,0.4486558,0,0,0.43765217,0.46403483,0,0,0,0,0,0.9826649,0,0.43570697,0,0.4486267,0,0,2.08E-17,0,0.58125275,0.47003502,4
0.25854334,0.3566159,1.50E-05,1.47E-06,0.38159412,0.46982324,0,0,0.34851477,0.4641461,0,0,0.38961926,0.4486558,0,0,0.43765217,0.46403483,0,0,0,0,0,0.98266315,0,0.43570697,0,0.4486267,0,0,2.08E-17,0,0.58125275,0.47003502,2
0.71903986,0.89822316,0.2439061,0.12165976,0.38159412,0.46982324,0,0,0.34851477,0.4641461,0,0,0.38961926,0.4486558,0,0,0.43765217,0.46403483,0,0,0,0,0,0.98266494,0,0.43570697,0,0.4486267,0,0,2.08E-17,0,0.58125275,0.47003502,4
0.34886867,0.11355276,0.005599487,0.00010772403,0.38159412,0.46982324,0,0,0.34851477,0.4641461,0,0,0.38961926,0.4486558,0,0,0.43765217,0.46403483,0,0,0,0,0,0.9826655,0,0.43570697,0,0.4486267,0,0,2.08E-17,0,0.58125275,0.47003502,3
0.3604256,0.41542998,0.0057658753,0.00010742185,0.38159412,0.46982324,0,0,0.34851477,0.4641461,0,0,0.38961926,0.4486558,0,0,0.43765217,0.46403483,0,0,0,0,0,0.9826656,0,0.43570697,0,0.4486267,0,0,2.08E-17,0,0.58125275,0.47003502,3
0.7589382,0.9269589,0.24472684,0.121294156,0.38159412,0.46982324,2.69E-06,5.40E-12,0.34851477,0.4641461,0.0043275305,1.59E-05,0.38961926,0.4486558,0.0064461636,3.99E-05,0.43765217,0.46403483,3.67E-22,1.87E-22,0.6271014,8.77E-14,0.8251538,2.58E-06,1.02E-05,0.43570697,0,0.4486267,0,0,0.3503546,0,0.58125275,0.47003502,4
0.012246044,0.0026324778,0.066630654,0.09033223,0.32745847,0.37090993,0.36018774,0.2752291,0.3233466,0.41259706,0.34875163,0.22759955,0.37535492,0.41434798,0.3356422,0.23417214,0.44146824,0.46777534,7.39E-19,6.51E-19,0.013600403,5.45E-18,0.002737983,1.31E-06,5.14E-06,0.43570697,0.35267043,0.4486267,0.00015013662,0.61748385,0.22320399,0.3691063,0.58125275,0.47003502,0
0.7304703,0.6458523,0.008090918,7.88E-05,0.38159412,0.46982324,0.00040456618,1.22E-07,0.34851477,0.4641461,0.0002929224,7.30E-08,0.38961926,0.4486558,0.00027861167,7.46E-08,0.43765217,0.46403483,7.90E-23,8.55E-23,0.69596344,5.50E-08,0.66645676,1.23E-05,4.83E-05,0.43570697,0,0.4486267,0,0,0.009929078,0,0.58125275,0.47003502,3
0.39929304,0.42868847,0.0059136944,0.0001067707,0.38159412,0.46982324,7.19E-06,3.85E-11,0.34851477,0.4641461,0.0007475185,4.75E-07,0.38961926,0.4486558,0.00075630686,5.50E-07,0.43765217,0.46403483,1.31E-21,2.88E-21,0.30706078,1.20E-09,0.32372025,1.59E-05,6.25E-05,0.43570697,0,0.4486267,0,0,0.009929078,0,0.58125275,0.47003502,3
0.00013965499,0.0004140248,0.014629526,0.0042449045,0.38159412,0.46982324,0,4.83E-07,0.34851477,0.4641461,0.0020234552,3.82E-06,0.38961926,0.44848287,0.014095286,0.00019092865,0.43764865,0.4349072,0,7.74E-31,7.69E-06,1.62E-17,9.18E-05,2.02E-08,5.19E-16,0.43570697,4.12E-06,0.44845375,0.0003182048,0.014042199,0.032360554,0.00019089154,0.58124983,0.4412338,0
0.35764012,0.25380045,0.21239446,0.13916041,0.38159412,0.46982324,0.0011962015,1.07E-06,0.34851477,0.4641461,0.032524634,0.0008999282,0.38961926,0.4486558,0.030759744,0.0009092274,0.43765217,0.46403483,1.03E-21,1.20E-21,0.2661677,3.76E-06,0.19170518,5.91E-05,0.00023262894,0.43570697,0,0.4486267,0,0,0.35886526,0,0.58125275,0.47003502,1
0.22325037,0.28004864,7.50E-05,3.88E-06,0.38159412,0.46982324,0,0,0.34851477,0.4641461,0,0,0.38961926,0.4486558,0,0,0.43765217,0.46403483,0,0,0,0,0,0.98266304,0,0.43570697,0,0.4486267,0,0,2.08E-17,0,0.58125275,0.47003502,2
0.3625094,0.3819955,0.21245913,0.13914679,0.38159412,0.46982324,0.028981622,0.00062575075,0.34851477,0.4641461,0.034273837,0.000999329,0.38961926,0.4486558,0.028590852,0.00078552734,0.43765217,0.46403483,1.14E-21,2.07E-21,0.24881402,8.92E-09,0.28855854,2.13E-05,8.39E-05,0.43570697,0,0.4486267,0,0,0.35886526,0,0.58125275,0.47003502,1
0.44279686,0.5652158,0.21364154,0.13147439,0.38159412,0.46982324,0,0,0.34851477,0.4641461,0,0,0.38961926,0.4486558,0,0,0.43765217,0.46403483,0,0,0,0,0,0.98266494,0,0.43570697,0,0.4486267,0,0,2.08E-17,0,0.58125275,0.47003502,4
0.34918118,0.08793025,0.22041455,0.12988718,0.38159412,0.46982324,0,0,0.34851477,0.4641461,0,0,0.38961926,0.4486558,0,0,0.43765217,0.46403483,0,0,0,0,0,0.98266476,0,0.43570697,0,0.4486267,0,0,2.08E-17,0,0.58125275,0.47003502,4
0.22278479,0.3152459,7.28E-05,3.70E-06,0.38159412,0.46982324,0,0,0.34851477,0.4641461,0,0,0.38961926,0.4486558,0,0,0.43765217,0.46403483,0,0,0,0,0,0.9826632,0,0.43570697,0,0.4486267,0,0,2.08E-17,0,0.58125275,0.47003502,2
0.0035498952,0.003820521,0.046948824,0.073468536,0.38159412,0.46982324,1.39E-09,1.44E-18,0.34851477,0.4641461,9.93E-10,8.41E-19,0.38961926,0.4486558,2.98E-09,8.54E-18,0.43765217,0.46403483,6.49E-22,8.98E-21,0.0019111299,5.27E-17,0.001758254,6.18E-09,6.29E-14,0.43570697,9.07E-19,0.4486267,0.0060958643,1.98E-09,2.08E-17,3.80E-18,0.58125275,0.47003502,0
0.47180954,0.5883641,0.21516182,0.13114771,0.38159412,0.46982324,0,0,0.34851477,0.4641461,0,0,0.38961926,0.4486558,0,0,0.43765217,0.46403483,0,0,0,0,0,0.982665,0,0.43570697,0,0.4486267,0,0,2.08E-17,0,0.58125275,0.47003502,4
0.43009946,0.5436711,0.21363765,0.13147573,0.38159412,0.46982324,0.00057333655,2.45E-07,0.34851477,0.4641461,0.011054167,0.00010395253,0.38961926,0.4486558,0.013511937,0.00017544553,0.43765217,0.46403483,6.60E-22,1.38E-21,0.31440896,4.17E-12,0.42252716,6.93E-06,2.72E-05,0.43570697,0,0.4486267,0,0,0.3503546,0,0.58125275,0.47003502,4
0.0008517465,0.0015151552,0.008268213,0.00084107596,0.38159412,0.46982324,0.009775121,0.00018324614,0.3485147,0.4640333,0.038895763,0.0014210477,0.3897057,0.48283896,0.03173376,0.001208111,0.437958,0.5177584,1.70E-17,1.69E-17,0.00093110924,1.53E-17,0.0016362091,8.26E-10,1.54E-17,0.43570697,0.00033641423,0.4486267,0.0014238348,0.0008625815,0.038499963,0.0005534806,0.58125234,0.4664357,0
0.71609914,0.97486454,0.24440688,0.1214375,0.38159412,0.46982324,0.00027404094,5.59E-08,0.34851477,0.4641461,0.0071691275,4.37E-05,0.38961926,0.4486558,0.0068775485,4.55E-05,0.43765217,0.46403483,6.70E-23,1.52E-22,0.5873394,6.59E-17,0.86667365,1.19E-06,4.68E-06,0.43570697,0,0.4486267,0,0,0.3503546,0,0.58125275,0.47003502,4
0.37379757,0.26869062,0.18519066,0.13428482,0.38159412,0.46982324,0.001819737,2.47E-06,0.34851477,0.4641461,0.016262392,0.0002249841,0.38961926,0.4486558,0.01849384,0.00032867093,0.43765217,0.46403483,1.94E-21,1.56E-21,0.23608492,1.98E-06,0.18105057,5.80E-05,0.000228237,0.43570697,1.63E-15,0.4486267,0.6272968,1.26E-07,0.3503546,1.53E-14,0.58125275,0.47003502,5
0.4378795,0.4794438,0.21325783,0.13155414,0.38159412,0.46982324,0,0,0.34851477,0.4641461,0,0,0.38961926,0.4486558,0,0,0.43765217,0.46403483,0,0,0,0,0,0.9826649,0,0.43570697,0,0.4486267,0,0,2.08E-17,0,0.58125275,0.47003502,4
0.40891692,0.16707724,0.20787102,0.13981943,0.38159412,0.46982324,0.0001680036,2.10E-08,0.34851477,0.4641461,0.019772002,0.000332571,0.38961926,0.4486558,0.023888415,0.0005483802,0.43765217,0.46403483,9.89E-22,6.90E-19,0.2885673,4.37E-05,0.12342215,0.000118340686,0.000465485,0.43570697,0,0.4486267,0,0,0.35886526,0,0.58125275,0.47003502,1
0.41423377,0.30122334,0.21355549,0.13149221,0.38159412,0.46982324,1.76E-07,2.31E-14,0.34851477,0.4641461,0.007052209,4.23E-05,0.38961926,0.4486558,0.012837883,0.00015837766,0.43765217,0.46403483,1.38E-21,2.09E-21,0.29198056,3.29E-06,0.23400046,4.82E-05,0.00018979733,0.43570697,0,0.4486267,0,0,0.3503546,0,0.58125275,0.47003502,4
0.7155775,0.89854324,0.24409607,0.12157562,0.38159412,0.46982324,0,0,0.34851477,0.4641461,0,0,0.38961926,0.4486558,0,0,0.43765217,0.46403483,0,0,0,0,0,0.98266494,0,0.43570697,0,0.4486267,0,0,2.08E-17,0,0.58125275,0.47003502,4
0.22079046,0.19176707,7.89E-05,4.01E-06,0.38159412,0.46982324,0,0,0.34851477,0.4641461,0,0,0.38961926,0.4486558,0,0,0.43765217,0.46403483,0,0,0,0,0,0.9826629,0,0.43570697,0,0.4486267,0,0,2.08E-17,0,0.58125275,0.47003502,2
0.75072783,0.67162484,0.0070755025,9.59E-05,0.38159412,0.46982324,0,0,0.34851477,0.4641461,0,0,0.38961926,0.4486558,0,0,0.43765217,0.46403483,0,0,0,0,0,0.9826656,0,0.43570697,0,0.4486267,0,0,2.08E-17,0,0.58125275,0.47003502,3
0.011121069,0.002191881,0.06175489,0.08437261,0.37542826,0.44997084,0.34536114,0.15604974,0.33499187,0.42320374,0.3434482,0.19001485,0.36974174,0.39424148,0.33166832,0.20267385,0.43511102,0.46127257,3.47E-20,3.67E-19,0.012481353,2.31E-17,0.0021512944,6.04E-10,7.56E-17,0.55016255,0.18686959,0.5586579,0.00030019844,0.3829751,0.2002454,0.19566685,0.6635455,0.5756264,0
0.38679484,0.2685888,0.18401164,0.13426639,0.38159412,0.46982324,0,0,0.34851477,0.4641461,0,0,0.38961926,0.4486558,0,0,0.43765217,0.46403483,0,0,0,0,0,0.982667,0,0.43570697,0,0.4486267,0,0,2.08E-17,0,0.58125275,0.47003502,5
0.39375666,0.3200764,0.005465001,0.00010822957,0.38159412,0.46982324,0,0,0.34851477,0.4641461,0,0,0.38961926,0.4486558,0,0,0.43765217,0.46403483,0,0,0,0,0,0.98266554,0,0.43570697,0,0.4486267,0,0,2.08E-17,0,0.58125275,0.47003502,3
0.4430688,0.59350497,0.21498111,0.13118932,0.38159412,0.46982324,0,0,0.34851477,0.4641461,0,0,0.38961926,0.4486558,0,0,0.43765217,0.46403483,0,0,0,0,0,0.982665,0,0.43570697,0,0.4486267,0,0,2.08E-17,0,0.58125275,0.47003502,4
0.42923725,0.59693044,0.2135275,0.13149826,0.38159412,0.46982324,0,0,0.34851477,0.4641461,0,0,0.38961926,0.4486558,0,0,0.43765217,0.46403483,0,0,0,0,0,0.982665,0,0.43570697,0,0.4486267,0,0,2.08E-17,0,0.58125275,0.47003502,4
0.0011185743,0.0016039843,0.007959505,0.00073787605,0.38159412,0.46982324,2.24E-06,4.92E-05,0.34851477,0.46415615,0.016865425,0.0004986977,0.38962469,0.4544632,0.029737175,0.0010959903,0.43772572,0.47812802,4.59E-18,5.38E-18,0.0011037642,1.62E-17,0.0017186305,7.70E-10,1.74E-17,0.43570697,0.00017345237,0.448422,0.0015205626,0.0028546853,0.03921941,0.0005134283,0.58124936,0.46062586,0
0.44325888,0.41261017,0.21188712,0.13182792,0.38159412,0.46982324,0.0112523865,9.43E-05,0.34851477,0.4641461,0.019318849,0.0003175013,0.38961926,0.4486558,0.015207079,0.00022222796,0.43765217,0.46403483,5.57E-22,8.81E-22,0.30678418,7.10E-08,0.31806713,2.43E-05,9.56E-05,0.43570697,0,0.4486267,0,0,0.3503546,0,0.58125275,0.47003502,4
0.0011397478,0.0007426069,0.021928437,0.0034758272,0.38159412,0.46982324,1.97E-09,2.89E-18,0.34851477,0.4641461,0,0,0.38961926,0.4486558,0,0,0.43765217,0.46403483,1.11E-15,1.57E-13,0.00048155832,7.99E-13,8.53E-05,2.34E-07,8.92E-13,0.43570697,0,0.4486267,7.46E-05,1.40E-09,0.009929078,1.90E-18,0.58125275,0.47003502,0
0.35058734,0.29638344,0.21057595,0.13944688,0.38159412,0.46982324,0,0,0.34851477,0.4641461,0,0,0.38961926,0.4486558,0,0,0.43765217,0.46403483,0,0,0,0,0,0.98266613,0,0.43570697,0,0.4486267,0,0,2.08E-17,0,0.58125275,0.47003502,1
0.4551653,0.290459,0.21498102,0.13118753,0.38159412,0.46982324,0,0,0.34851477,0.4641461,0,0,0.38961926,0.4486558,0,0,0.43765217,0.46403483,0,0,0,0,0,0.9826648,0,0.43570697,0,0.4486267,0,0,2.08E-17,0,0.58125275,0.47003502,4
0.71538657,0.51056886,0.25013447,0.12750302,0.38159412,0.46982324,0.022069402,0.00036285838,0.34851477,0.4641461,0.011186102,0.00010644877,0.38961926,0.4486558,0.007635373,5.60E-05,0.43765217,0.46403483,1.82E-22,1.23E-22,0.5822246,8.20E-07,0.4535274,2.32E-05,9.13E-05,0.43570697,0,0.4486267,0,0,0.35886526,0,0.58125275,0.47003502,1
0.00030315542,0.0006054136,0.01329031,0.0012274472,0.38159412,0.46983844,0.002326827,8.34E-05,0.3485156,0.47882104,0.0083380295,0.0011911509,0.38973254,0.59742075,0.02861109,0.0030593807,0.43871137,0.56610584,1.07E-17,2.61E-17,0.0002703865,1.99E-16,0.00025179674,7.61E-09,2.19E-16,0.43570697,9.07E-19,0.4486267,0.0005109727,9.90E-10,0.017626109,3.90E-18,0.58125275,0.47003502,0
0.22197966,0.1958691,7.90E-05,3.99E-06,0.38159412,0.46982324,0,0,0.34851477,0.4641461,0,0,0.38961926,0.4486558,0,0,0.43765217,0.46403483,0,0,0,0,0,0.9826629,0,0.43570697,0,0.4486267,0,0,2.08E-17,0,0.58125275,0.47003502,2
0.28987506,0.091120094,0.18382514,0.13428207,0.38159412,0.46982324,0,0,0.34851477,0.4641461,0,0,0.38961926,0.4486558,0,0,0.43765217,0.46403483,0,0,0,0,0,0.98266697,0,0.43570697,0,0.4486267,0,0,2.08E-17,0,0.58125275,0.47003502,5
0.71276015,0.986618,0.24425317,0.12150572,0.38159412,0.46982324,0,0,0.34851477,0.4641461,0,0,0.38961926,0.4486558,0,0,0.43765217,0.46403483,0,0,0,0,0,0.98266506,0,0.43570697,0,0.4486267,0,0,2.08E-17,0,0.58125275,0.47003502,4
0.00016636119,0.00037019403,0.011033304,0.00046039285,0.38159412,0.46982324,2.41E-09,4.34E-18,0.34851477,0.4641461,9.46E-07,2.88E-07,0.38961926,0.4486558,0.0077412203,5.76E-05,0.4376513,0.4494189,0,3.86E-31,6.81E-06,7.27E-22,6.71E-05,2.61E-08,1.97E-16,0.43570697,3.11E-07,0.4486267,0.00023271023,0.0077120643,0.033757526,5.76E-05,0.58125216,0.4581512,0
0.49423566,0.5930996,0.21489464,0.13120747,0.38159412,0.46982324,0,0,0.34851477,0.4641461,0,0,0.38961926,0.4486558,0,0,0.43765217,0.46403483,0,0,0,0,0,0.982665,0,0.43570697,0,0.4486267,0,0,2.08E-17,0,0.58125275,0.47003502,4
0.7172429,0.87773377,0.24398525,0.12162493,0.38159412,0.46982324,2.61E-05,5.06E-10,0.34851477,0.4641461,0.0056789764,2.74E-05,0.38961926,0.4486558,0.006679045,4.29E-05,0.43765217,0.46403483,1.31E-22,1.09E-22,0.58329815,2.76E-12,0.7789714,3.83E-06,1.51E-05,0.43570697,0,0.4486267,0,0,0.3503546,0,0.58125275,0.47003502,4
0.7462677,0.48266962,0.007097628,9.55E-05,0.38159412,0.46982324,0,0,0.34851477,0.4641461,0,0,0.38961926,0.4486558,0,0,0.43765217,0.46403483,0,0,0,0,0,0.98266554,0,0.43570697,0,0.4486267,0,0,2.08E-17,0,0.58125275,0.47003502,3
0.22419243,0.3038823,7.58E-05,3.83E-06,0.38159412,0.46982324,0,0,0.34851477,0.4641461,0,0,0.38961926,0.4486558,0,0,0.43765217,0.46403483,0,0,0,0,0,0.9826631,0,0.43570697,0,0.4486267,0,0,2.08E-17,0,0.58125275,0.47003502,2
0.4139313,0.6021465,0.21245418,0.13171442,0.38159412,0.46982324,0,0,0.34851477,0.4641461,0,0,0.38961926,0.4486558,0,0,0.43765217,0.46403483,0,0,0,0,0,0.98266506,0,0.43570697,0,0.4486267,0,0,2.08E-17,0,0.58125275,0.47003502,4
0.41823965,0.5691555,0.21369497,0.13146184,0.38159412,0.46982324,3.08E-05,7.05E-10,0.34851477,0.4641461,0.009156856,7.13E-05,0.38961926,0.4486558,0.012825455,0.00015807115,0.43765217,0.46403483,7.43E-21,3.53E-21,0.29950145,1.19E-13,0.44243422,4.61E-06,1.81E-05,0.43570697,0,0.4486267,0,0,0.3503546,0,0.58125275,0.47003502,4
0.74258584,0.6346095,0.0070862295,9.57E-05,0.38159412,0.46982324,0,0,0.34851477,0.4641461,0,0,0.38961926,0.4486558,0,0,0.43765217,0.46403483,0,0,0,0,0,0.9826656,0,0.43570697,0,0.4486267,0,0,2.08E-17,0,0.58125275,0.47003502,3
0.0011244791,0.0015867836,0.008154255,0.0007083664,0.38159412,0.46982324,6.99E-05,0.00054391334,0.34851477,0.46543398,0.020369956,0.00058813236,0.38970473,0.5217128,0.029825496,0.0010619995,0.43792462,0.51858664,7.66E-19,4.35E-18,0.0010262722,7.37E-18,0.0015953283,8.47E-10,7.01E-18,0.43570808,0.001870943,0.4797086,0.001197029,0.05600812,0.043076843,0.0033031667,0.5816273,0.50348294,0
0.79045075,0.84228915,0.00810903,7.77E-05,0.38159412,0.46982324,1.36E-05,1.37E-10,0.34851477,0.4641461,0.00020261065,3.49E-08,0.38961926,0.4486558,0.0002529764,6.15E-08,0.43765217,0.46403483,1.08E-22,1.11E-22,0.76507,1.39E-10,0.87404436,5.20E-06,2.04E-05,0.43570697,0,0.4486267,0,0,0.009929078,0,0.58125275,0.47003502,3
0.47666708,0.46836904,0.006020241,0.00010620476,0.38159412,0.46982324,0.00047703754,1.70E-07,0.34851477,0.4641461,0.00079915515,5.43E-07,0.38961926,0.4486558,0.0007669494,5.65E-07,0.43765217,0.46403483,9.57E-22,1.73E-21,0.34309444,9.11E-11,0.3601192,1.12E-05,4.39E-05,0.43570697,0,0.4486267,0,0,0.009929078,0,0.58125275,0.47003502,3
0.7249294,0.8466983,0.2438258,0.12169519,0.38159412,0.46982324,0,0,0.34851477,0.4641461,0,0,0.38961926,0.4486558,0,0,0.43765217,0.46403483,0,0,0,0,0,0.9826649,0,0.43570697,0,0.4486267,0,0,2.08E-17,0,0.58125275,0.47003502,4
0.0072213537,0.0015623254,0.04770505,0.06097131,0.3842179,0.48038006,0.3300398,0.1375273,0.33740076,0.426299,0.31965432,0.20525931,0.3674978,0.38804534,0.2998069,0.21501772,0.4323822,0.45809606,3.91E-20,4.87E-19,0.007453205,5.14E-17,0.0013553001,1.24E-09,1.51E-16,0.50132227,0.17632997,0.5125283,0.00037533452,0.35704973,0.19242848,0.1845622,0.6262954,0.53143656,0
0.25207147,0.3223057,1.58E-05,1.61E-06,0.38159412,0.46982324,0,0,0.34851477,0.4641461,0,0,0.38961926,0.4486558,0,0,0.43765217,0.46403483,0,0,0,0,0,0.98266304,0,0.43570697,0,0.4486267,0,0,2.08E-17,0,0.58125275,0.47003502,2
0.4005167,0.4342828,0.21718968,0.13828215,0.38159412,0.46982324,0.00010050405,7.53E-09,0.34851477,0.4641461,0.020322395,0.00035134424,0.38961926,0.4486558,0.026870336,0.00069383037,0.43765217,0.46403483,1.19E-21,1.65E-21,0.30613768,2.76E-10,0.33530727,1.32E-05,5.21E-05,0.43570697,0,0.4486267,0,0,0.35886526,0,0.58125275,0.47003502,1
0.0015427613,0.00061540416,0.0137387095,0.0016658842,0.41819203,0.73914135,0.065088876,0.59853745,0.38520065,0.7369845,0.06297306,0.6251054,0.42508608,0.7176855,0.048603207,0.5058999,0.5201557,0.82183033,1.02E-17,1.16E-16,0.00083568384,3.12E-16,0.00026499256,7.68E-09,5.81E-16,0.6915736,0.7587482,0.7136061,0.0003752088,0.06711717,0.44151807,0.79415953,0.6662345,0.72621995,0
0.72326815,0.97468215,0.24397229,0.12163057,0.38159412,0.46982324,0.0010391647,8.04E-07,0.34851477,0.4641461,0.008195001,5.71E-05,0.38961926,0.4486558,0.0069741127,4.67E-05,0.43765217,0.46403483,5.75E-22,2.86E-22,0.5824958,8.61E-17,0.8649723,1.22E-06,4.81E-06,0.43570697,0,0.4486267,0,0,0.3503546,0,0.58125275,0.47003502,4
0.0011530429,0.0015366384,0.0083593065,0.00085524505,0.38159412,0.47020003,0.035976958,0.00096504233,0.3485282,0.48676187,0.041135542,0.0015378803,0.38981816,0.527151,0.032399066,0.0012280208,0.43788844,0.5053428,2.56E-20,1.74E-18,0.0009975801,5.78E-18,0.0016110855,8.38E-10,1.62E-11,0.43570697,0.00047297555,0.4486267,0.0013936919,0.00069444504,0.039063204,0.00051561574,0.5812525,0.46777233,0
0.0012429272,0.0015977795,0.0078073735,0.00074816955,0.38159412,0.46982324,9.84E-10,1.62E-18,0.34851477,0.4641461,1.41E-09,1.89E-18,0.38961926,0.4486558,1.12E-05,2.59E-09,0.43765217,0.46403491,0,2.31E-26,2.47E-05,5.82E-19,9.81E-05,1.84E-08,2.27E-17,0.43570697,2.03E-18,0.4486267,0.00034007334,0,0.017626109,2.84E-18,0.58125275,0.47003502,0
0.33611038,0.1065523,0.20129901,0.14049534,0.38159412,0.46982324,0,0,0.34851477,0.4641461,0,0,0.38961926,0.4486558,0,0,0.43765217,0.46403483,0,0,0,0,0,0.9826661,0,0.43570697,0,0.4486267,0,0,2.08E-17,0,0.58125275,0.47003502,1
0.46701384,0.21291262,0.20950916,0.13960102,0.38159412,0.46982324,0,0,0.34851477,0.4641461,0,0,0.38961926,0.4486558,0,0,0.43765217,0.46403483,0,0,0,0,0,0.9826661,0,0.43570697,0,0.4486267,0,0,2.08E-17,0,0.58125275,0.47003502,1
0.22476296,0.2843064,7.41E-05,3.79E-06,0.38159412,0.46982324,0,0,0.34851477,0.4641461,0,0,0.38961926,0.4486558,0,0,0.43765217,0.46403483,0,0,0,0,0,0.98266304,0,0.43570697,0,0.4486267,0,0,2.08E-17,0,0.58125275,0.47003502,2
0.3415791,0.3184201,0.18357684,0.13425535,0.38159412,0.46982324,0.033929188,0.00085763587,0.34851477,0.4641461,0.019729022,0.0003311267,0.38961926,0.4486558,0.01800603,0.00031156096,0.43765217,0.46403483,3.74E-21,1.66E-21,0.21037269,1.77E-07,0.21268222,3.84E-05,0.00015087098,0.43570697,5.80E-16,0.4486267,0.7369177,1.39E-07,0.3503546,1.88E-14,0.58125275,0.47003502,5
0.7980329,0.83741164,0.0081099365,7.77E-05,0.38159412,0.46982324,3.20E-05,7.62E-10,0.34851477,0.4641461,0.00022236041,4.21E-08,0.38961926,0.4486558,0.0002562394,6.31E-08,0.43765217,0.46403483,5.07E-23,6.93E-23,0.7747726,1.68E-10,0.8690144,5.33E-06,2.10E-05,0.43570697,0,0.4486267,0,0,0.009929078,0,0.58125275,0.47003502,3
0.7279596,0.64307785,0.008100733,7.86E-05,0.38159412,0.46982324,0.0005495881,2.25E-07,0.34851477,0.4641461,0.0003013871,7.73E-08,0.38961926,0.4486558,0.00027989747,7.53E-08,0.43765217,0.46403483,1.01E-22,8.26E-23,0.6984825,5.82E-08,0.66436034,1.24E-05,4.87E-05,0.43570697,0,0.4486267,0,0,0.009929078,0,0.58125275,0.47003502,3
0.39835966,0.41492978,0.0058976877,0.0001068719,0.38159412,0.46982324,0.0014667899,1.60E-06,0.34851477,0.4641461,0.0009794876,8.16E-07,0.38961926,0.4486558,0.00072426745,5.04E-07,0.43765217,0.46403483,5.00E-21,6.43E-21,0.29423156,4.49E-09,0.31238222,1.87E-05,7.36E-05,0.43570697,0,0.4486267,0,0,0.009929078,0,0.58125275,0.47003502,3
0.3644027,0.38374084,0.18458794,0.13427271,0.38159412,0.46982324,0,0,0.34851477,0.4641461,0,0,0.38961926,0.4486558,0,0,0.43765217,0.46403483,0,0,0,0,0,0.9826671,0,0.43570697,0,0.4486267,0,0,2.08E-17,0,0.58125275,0.47003502,5
0.38275096,0.25236222,0.18347757,0.13425523,0.38159412,0.46982324,0,0,0.34851477,0.4641461,0,0,0.38961926,0.4486558,0,0,0.43765217,0.46403483,0,0,0,0,0,0.982667,0,0.43570697,0,0.4486267,0,0,2.08E-17,0,0.58125275,0.47003502,5
0.7240479,0.5957901,0.008081733,7.92E-05,0.38159412,0.46982324,1.55E-06,1.80E-12,0.34851477,0.4641461,0.00020757009,3.67E-08,0.38961926,0.4486558,0.000279443,7.50E-08,0.43765217,0.46403483,1.89E-22,1.25E-22,0.68653005,1.77E-07,0.613358,1.50E-05,5.89E-05,0.43570697,0,0.4486267,0,0,0.009929078,0,0.58125275,0.47003502,3
0.35665432,0.39168385,0.18352868,0.1342532,0.38159412,0.46982324,0,0,0.34851477,0.4641461,0,0,0.38961926,0.4486558,0,0,0.43765217,0.46403483,0,0,0,0,0,0.9826671,0,0.43570697,0,0.4486267,0,0,2.08E-17,0,0.58125275,0.47003502,5
0.750215,0.8722613,0.007091775,9.57E-05,0.38159412,0.46982324,2.79E-05,5.80E-10,0.34851477,0.4641461,0.00023930625,4.87E-08,0.38961926,0.4486558,0.00025601935,6.30E-08,0.43765217,0.46403483,3.68E-23,7.16E-23,0.63374114,1.42E-11,0.79344445,4.47E-06,1.76E-05,0.43570697,0,0.4486267,0,0,0.009929078,0,0.58125275,0.47003502,3
0.20418319,0.2818222,7.35E-05,3.75E-06,0.38159412,0.46982324,0,0,0.34851477,0.4641461,0,0,0.38961926,0.4486558,0,0,0.43765217,0.46403483,0,0,0,0,0,0.98266304,0,0.43570697,0,0.4486267,0,0,2.08E-17,0,0.58125275,0.47003502,2
0.0003646671,0.00042688788,0.020503756,0.008427873,0.38155434,0.4619958,0.082791775,0.031144252,0.34609017,0.4015744,0.08272733,0.09192787,0.38107002,0.319802,0.13549954,0.080498606,0.44140416,0.4788474,3.68E-16,3.69E-16,0.00030683997,3.53E-16,0.00021928629,8.87E-09,3.40E-16,0.43570697,0.0064035216,0.4486267,0.00015013714,0.08320538,0.051471587,0.0067019793,0.58125275,0.47003502,0
0.728262,0.7590086,0.24354325,0.12181926,0.38159412,0.46982324,0.00047249993,1.66E-07,0.34851477,0.4641461,0.007496631,4.78E-05,0.38961926,0.4486558,0.0068371887,4.49E-05,0.43765217,0.46403483,3.95E-22,2.33E-22,0.59074515,1.13E-09,0.67238486,8.11E-06,3.19E-05,0.43570697,0,0.4486267,0,0,0.3503546,0,0.58125275,0.47003502,4
0.0012917093,0.0015884106,0.007987724,0.00076240604,0.38159412,0.46982324,0.00019729769,8.77E-06,0.34851477,0.4640837,0.025358332,0.00078653306,0.38961405,0.4453814,0.030567713,0.0011306783,0.43786916,0.50462955,9.97E-18,9.78E-18,0.0010952806,6.25E-18,0.001655525,8.00E-10,6.10E-18,0.4357066,0.00046208157,0.43704915,0.0014864075,0.0035777357,0.039214112,0.000519427,0.5812675,0.5026781,0
0.00037578942,0.00046096655,0.01906466,0.0155652445,0.38159412,0.46982324,2.30E-05,0.00016088849,0.34851477,0.4641461,0.006968924,0.0015226625,0.3896573,0.5014885,0.1949187,0.07487899,0.44325233,0.48088083,1.61E-29,7.34E-21,9.68E-05,7.46E-17,0.00023322494,8.36E-09,3.42E-16,0.43570697,1.81E-18,0.4486267,0.0003734684,0,0.017626109,0,0.58125275,0.47003502,0
0.43619174,0.52954054,0.21276997,0.13165313,0.38159412,0.46982324,0.0007395923,4.08E-07,0.34851477,0.4641461,0.012138454,0.00012534582,0.38961926,0.4486558,0.013966522,0.00018744922,0.43765217,0.46403483,7.78E-22,1.34E-21,0.30824083,2.64E-11,0.40988165,8.57E-06,3.37E-05,0.43570697,0,0.4486267,0,0,0.3503546,0,0.58125275,0.47003502,4
0.22073427,0.24118897,7.44E-05,3.77E-06,0.38159412,0.46982324,0,0,0.34851477,0.4641461,0,0,0.38961926,0.4486558,0,0,0.43765217,0.46403483,0,0,0,0,0,0.982663,0,0.43570697,0,0.4486267,0,0,2.08E-17,0,0.58125275,0.47003502,2
0.7188049,0.9829838,0.24403164,0.12160426,0.38159412,0.46982324,0,0,0.34851477,0.4641461,0,0,0.38961926,0.4486558,0,0,0.43765217,0.46403483,0,0,0,0,0,0.98266506,0,0.43570697,0,0.4486267,0,0,2.08E-17,0,0.58125275,0.47003502,4
0.47007945,0.31825534,0.21436448,0.13132165,0.38159412,0.46982324,0.020938508,0.0003266235,0.34851477,0.4641461,0.01988871,0.0003365087,0.38961926,0.4486558,0.015549723,0.00023235522,0.43765217,0.46403483,4.26E-22,7.97E-22,0.33896562,2.14E-06,0.24820526,4.42E-05,0.00017397759,0.43570697,0,0.4486267,0,0,0.3503546,0,0.58125275,0.47003502,4
0.7252437,0.7736938,0.24418257,0.12153714,0.38159412,0.46982324,0,0,0.34851477,0.4641461,0,0,0.38961926,0.4486558,0,0,0.43765217,0.46403483,0,0,0,0,0,0.9826649,0,0.43570697,0,0.4486267,0,0,2.08E-17,0,0.58125275,0.47003502,4
0.49527982,0.47562715,0.21302804,0.13160145,0.38159412,0.46982324,0.03933874,0.001152914,0.34851477,0.4641461,0.016916467,0.00024344587,0.38961926,0.4486558,0.01523973,0.00022318325,0.43765217,0.46403483,1.05E-21,8.39E-22,0.35277554,3.42E-09,0.3686234,1.57E-05,6.18E-05,0.43570697,0,0.4486267,0,0,0.3503546,0,0.58125275,0.47003502,4
0.43623668,0.5120544,0.21248785,0.13170983,0.38159412,0.46982324,0,0,0.34851477,0.4641461,0,0,0.38961926,0.4486558,0,0,0.43765217,0.46403483,0,0,0,0,0,0.9826649,0,0.43570697,0,0.4486267,0,0,2.08E-17,0,0.58125275,0.47003502,4
0.7514747,0.55167055,0.0070707067,9.59E-05,0.38159412,0.46982324,8.51E-08,5.39E-15,0.34851477,0.4641461,0.00016682476,2.37E-08,0.38961926,0.4486558,0.00022525291,4.88E-08,0.43765217,0.46403483,2.10E-22,1.79E-22,0.62391406,5.71E-07,0.50031054,2.04E-05,8.04E-05,0.43570697,0,0.4486267,0,0,0.009929078,0,0.58125275,0.47003502,3
0.0012608225,0.0016809144,0.014558611,0.005414109,0.38168943,0.48793736,0.06462277,0.0032495933,0.3487538,0.5093735,0.060313158,0.003187839,0.38985404,0.50179803,0.080153994,0.0066152704,0.43751284,0.45868835,8.96E-19,2.74E-18,0.0013525162,5.14E-18,0.0018210848,6.89E-10,5.73E-18,0.40024683,0.003915723,0.46188688,0.0019108666,0.065908544,0.05414102,0.004327101,0.5812766,0.4720787,0
0.0013829373,0.0016446386,0.008032524,0.0008525037,0.3815941,0.4678509,0.011652872,0.00010277081,0.34851015,0.4293057,0.011105119,0.00015810528,0.3896288,0.4784419,0.010369716,0.00016006315,0.43767738,0.4969877,7.18E-18,1.37E-17,0.0003375088,5.84E-17,0.00041743173,4.41E-09,6.06E-17,0.39906153,0.0001706079,0.47841084,0.0014472351,0.01033066,0.028599279,0.00016003204,0.5812734,0.5026186,0
0.4520464,0.60052294,0.21376146,0.13144916,0.38159412,0.46982324,5.07E-05,1.92E-09,0.34851477,0.4641461,0.009650439,7.92E-05,0.38961926,0.4486558,0.0125759905,0.00015198177,0.43765217,0.46403483,3.81E-22,5.79E-22,0.32286632,3.04E-16,0.4669601,2.42E-06,9.53E-06,0.43570697,0,0.4486267,0,0,0.3503546,0,0.58125275,0.47003502,4
0.0012242239,0.0016749542,0.008452375,0.0008155215,0.38159412,0.46983203,0.0031977117,0.000545351,0.34851602,0.47053522,0.030214708,0.0010301935,0.3897749,0.52342445,0.031474736,0.0011762613,0.43793893,0.5160004,6.48E-20,5.33E-18,0.0012466485,1.19E-17,0.0017642844,7.36E-10,1.48E-17,0.43538418,0.0030849348,0.41839898,0.0013432676,0.057857662,0.04538688,0.0035022886,0.58147436,0.48898605,0
0.22664374,0.24790744,7.37E-05,3.75E-06,0.38159412,0.46982324,0,0,0.34851477,0.4641461,0,0,0.38961926,0.4486558,0,0,0.43765217,0.46403483,0,0,0,0,0,0.982663,0,0.43570697,0,0.4486267,0,0,2.08E-17,0,0.58125275,0.47003502,2
0.2290426,0.13295266,8.15E-05,4.20E-06,0.38159412,0.46982324,0,0,0.34851477,0.4641461,0,0,0.38961926,0.4486558,0,0,0.43765217,0.46403483,0,0,0,0,0,0.98266286,0,0.43570697,0,0.4486267,0,0,2.08E-17,0,0.58125275,0.47003502,2
0.7134265,0.27442563,0.008043473,8.01E-05,0.38159412,0.46982324,0.0006005786,2.69E-07,0.34851477,0.4641461,0.0003875693,1.28E-07,0.38961926,0.4486558,0.00033825403,1.10E-07,0.43765217,0.46403483,4.13E-23,5.23E-16,0.6727321,3.94E-05,0.28194135,5.58E-05,0.00021951819,0.43570697,0,0.4486267,0,0,0.009929078,0,0.58125275,0.47003502,3
0.72165143,0.8218094,0.24402805,0.12160615,0.38159412,0.46982324,0.0007167462,3.83E-07,0.34851477,0.4641461,0.007845116,5.24E-05,0.38961926,0.4486558,0.0068900743,4.56E-05,0.43765217,0.46403483,1.26E-22,1.54E-22,0.5897988,7.64E-11,0.7294714,5.71E-06,2.25E-05,0.43570697,0,0.4486267,0,0,0.3503546,0,0.58125275,0.47003502,4
0.4208399,0.36581796,0.21392779,0.13141246,0.38159412,0.46982324,0.004129493,1.27E-05,0.34851477,0.4641461,0.015120417,0.00019449597,0.38961926,0.4486558,0.0146819735,0.00020714573,0.43765217,0.46403483,8.02E-22,1.93E-21,0.30281088,4.20E-07,0.284703,3.24E-05,0.00012747322,0.43570697,0,0.4486267,0,0,0.3503546,0,0.58125275,0.47003502,4
0.41747972,0.6018986,0.2123885,0.13172714,0.38159412,0.46982324,0,0,0.34851477,0.4641461,0,0,0.38961926,0.4486558,0,0,0.43765217,0.46403483,0,0,0,0,0,0.9826651,0,0.43570697,0,0.4486267,0,0,2.08E-17,0,0.58125275,0.47003502,4
0.7391393,0.45625767,0.00805624,7.93E-05,0.38159412,0.46982324,9.45E-06,6.65E-11,0.34851477,0.4641461,0.00020955295,3.74E-08,0.38961926,0.4486558,0.00026520502,6.76E-08,0.43765217,0.46403483,8.17E-23,7.86E-23,0.70222217,2.55E-06,0.4700325,2.56E-05,0.000100580866,0.43570697,0,0.4486267,0,0,0.009929078,0,0.58125275,0.47003502,3
0.7081275,0.86767817,0.24435732,0.12145899,0.38159412,0.46982324,0.0005581033,2.32E-07,0.34851477,0.4641461,0.0077335085,5.09E-05,0.38961926,0.4486558,0.00692297,4.61E-05,0.43765217,0.46403483,9.73E-23,1.70E-22,0.58323264,5.11E-12,0.7712251,4.12E-06,1.62E-05,0.43570697,0,0.4486267,0,0,0.3503546,0,0.58125275,0.47003502,4
0.7173726,0.98482573,0.24432066,0.121475905,0.38159412,0.46982324,9.51E-05,6.74E-09,0.34851477,0.4641461,0.0066269096,3.74E-05,0.38961926,0.4486558,0.0069888146,4.69E-05,0.43765217,0.46403483,9.38E-23,1.32E-22,0.5876087,6.55E-18,0.875223,9.35E-07,3.68E-06,0.43570697,0,0.4486267,0,0,0.3503546,0,0.58125275,0.47003502,4
0.73450756,0.8868935,0.0073471623,9.18E-05,0.38159412,0.46982324,3.48E-07,9.03E-14,0.34851477,0.4641461,0.00014159847,1.71E-08,0.38961926,0.4486558,0.00023880656,5.48E-08,0.43765217,0.46403483,1.71E-23,1.78E-23,0.75726736,4.98E-12,0.8358497,3.89E-06,1.53E-05,0.43570697,0,0.4486267,0,0,0.009929078,0,0.58125275,0.47003502,3
0.7971148,0.82491845,0.008093424,7.81E-05,0.38159412,0.46982324,0.00031686976,7.48E-08,0.34851477,0.4641461,0.0002792096,6.63E-08,0.38961926,0.4486558,0.00026424264,6.71E-08,0.43765217,0.46403483,1.64E-22,1.06E-22,0.7649403,2.65E-10,0.85414493,5.67E-06,2.23E-05,0.43570697,0,0.4486267,0,0,0.009929078,0,0.58125275,0.47003502,3
0.0003951072,0.0006275078,0.033442736,0.04154402,0.38159412,0.46982324,1.39E-09,1.62E-18,0.34851477,0.4641461,4.54E-06,1.76E-11,0.38961926,0.4706214,0.008872149,7.56E-05,0.43765286,0.4809605,0,3.86E-31,6.93E-06,1.20E-22,6.99E-05,2.53E-08,2.51E-16,0.43570697,1.90E-11,0.47059086,0.00024242526,0.008838733,0.033462092,7.56E-05,0.5812533,0.486771,0
0.32156256,0.43168837,0.20262788,0.1403914,0.38159412,0.46982324,0,0,0.34851477,0.4641461,0,0,0.38961926,0.4486558,0,0,0.43765217,0.46403483,0,0,0,0,0,0.9826662,0,0.43570697,0,0.4486267,0,0,2.08E-17,0,0.58125275,0.47003502,1
0.7052093,0.5961957,0.25005427,0.12753996,0.38159412,0.46982324,1.51E-06,1.71E-12,0.34851477,0.4641461,0.004314722,1.58E-05,0.38961926,0.4486558,0.006420177,3.96E-05,0.43765217,0.46403483,1.03E-22,1.15E-22,0.5736286,1.22E-07,0.5294038,1.64E-05,6.46E-05,0.43570697,0,0.4486267,0,0,0.35886526,0,0.58125275,0.47003502,1
0.25747952,0.35683653,1.61E-05,1.62E-06,0.38159412,0.46982324,0,0,0.34851477,0.4641461,0,0,0.38961926,0.4486558,0,0,0.43765217,0.46403483,0,0,0,0,0,0.98266315,0,0.43570697,0,0.4486267,0,0,2.08E-17,0,0.58125275,0.47003502,2
0.22522485,0.31300318,7.38E-05,3.67E-06,0.38159412,0.46982324,0,0,0.34851477,0.4641461,0,0,0.38961926,0.4486558,0,0,0.43765217,0.46403483,0,0,0,0,0,0.9826632,0,0.43570697,0,0.4486267,0,0,2.08E-17,0,0.58125275,0.47003502,2
0.41047025,0.60071564,0.21260029,0.13168417,0.38159412,0.46982324,0.036909875,0.0010149418,0.34851477,0.4641461,0.020772172,0.0003670683,0.38961926,0.4486558,0.014144301,0.00019225165,0.43765217,0.46403483,8.72E-22,7.31E-22,0.2892017,1.58E-19,0.46460328,1.13E-06,4.45E-06,0.43570697,0,0.4486267,0,0,0.3503546,0,0.58125275,0.47003502,4
0.00079334865,0.0015337742,0.008068764,0.0008063235,0.38159412,0.46982324,7.48E-05,0.0005418319,0.34851477,0.46420008,0.025459034,0.0008702013,0.38969696,0.493068,0.03124926,0.0011893733,0.43768522,0.46989977,7.18E-25,7.76E-19,0.00079904334,2.86E-17,0.0016295069,8.34E-10,1.77E-17,0.43570697,0.00050365384,0.44862646,0.0014122598,0.0008922547,0.038621858,0.0005457258,0.5812523,0.46585554,0
0.70557755,0.8249351,0.24944478,0.12781669,0.38159412,0.46982324,0,0,0.34851477,0.4641461,0,0,0.38961926,0.4486558,0,0,0.43765217,0.46403483,0,0,0,0,0,0.9826662,0,0.43570697,0,0.4486267,0,0,2.08E-17,0,0.58125275,0.47003502,1
0.43849784,0.6062984,0.21350278,0.13150255,0.38159412,0.46982324,0,0,0.34851477,0.4641461,0,0,0.38961926,0.4486558,0,0,0.43765217,0.46403483,0,0,0,0,0,0.98266506,0,0.43570697,0,0.4486267,0,0,2.08E-17,0,0.58125275,0.47003502,4
0.4819867,0.46998328,0.0060533443,0.00010601062,0.38159412,0.46982324,0.0009030625,6.08E-07,0.34851477,0.4641461,0.0008637194,6.35E-07,0.38961926,0.4486558,0.0007783647,5.82E-07,0.43765217,0.46403483,7.07E-22,1.26E-21,0.35946578,8.36E-11,0.36339176,1.10E-05,4.33E-05,0.43570697,0,0.4486267,0,0,0.009929078,0,0.58125275,0.47003502,3
0.37838438,0.22220029,0.18468079,0.13427714,0.38159412,0.46982324,0,0,0.34851477,0.4641461,0,0,0.38961926,0.4486558,0,0,0.43765217,0.46403483,0,0,0,0,0,0.982667,0,0.43570697,0,0.4486267,0,0,2.08E-17,0,0.58125275,0.47003502,5
0.9827558,0.94381446,0.008186579,7.61E-05,0.38159412,0.46982324,2.57E-05,4.91E-10,0.34851477,0.4641461,0.00020634463,3.62E-08,0.38961926,0.4486558,0.00024761548,5.89E-08,0.43765217,0.46403483,2.68E-23,3.52E-23,0.9761903,1.11E-11,0.98838603,3.66E-06,1.44E-05,0.43570697,0,0.4486267,0,0,0.009929078,0,0.58125275,0.47003502,3
0.35342973,0.29639092,0.1838681,0.13426061,0.38159412,0.46982324,0,0,0.34851477,0.4641461,0,0,0.38961926,0.4486558,0,0,0.43765217,0.46403483,0,0,0,0,0,0.982667,0,0.43570697,0,0.4486267,0,0,2.08E-17,0,0.58125275,0.47003502,5
0.22917652,0.15688263,7.47E-05,3.94E-06,0.38159412,0.46982324,0,0,0.34851477,0.4641461,0,0,0.38961926,0.4486558,0,0,0.43765217,0.46403483,0,0,0,0,0,0.98266286,0,0.43570697,0,0.4486267,0,0,2.08E-17,0,0.58125275,0.47003502,2
0.7143986,0.89175147,0.24411397,0.121567205,0.38159412,0.46982324,1.05E-07,8.14E-15,0.34851477,0.4641461,0.0032655748,9.07E-06,0.38961926,0.4486558,0.0062685255,3.78E-05,0.43765217,0.46403483,1.95E-22,2.18E-22,0.58418983,9.11E-13,0.79182,3.38E-06,1.33E-05,0.43570697,0,0.4486267,0,0,0.3503546,0,0.58125275,0.47003502,4
0.40979537,0.32703447,0.20980947,0.13955592,0.38159412,0.46982324,0,0,0.34851477,0.4641461,0,0,0.38961926,0.4486558,0,0,0.43765217,0.46403483,0,0,0,0,0,0.98266613,0,0.43570697,0,0.4486267,0,0,2.08E-17,0,0.58125275,0.47003502,1
0.34520748,0.44659138,0.20444076,0.14021793,0.38159412,0.46982324,0.00020135073,3.02E-08,0.34851477,0.4641461,0.020864407,0.0003703353,0.38961926,0.4486558,0.027149076,0.00070829986,0.43765217,0.46403483,2.18E-21,2.69E-21,0.2280416,2.90E-11,0.32457143,1.06E-05,4.17E-05,0.43570697,0,0.4486267,0,0,0.35886526,0,0.58125275,0.47003502,1
0.0010541474,0.0014787047,0.008287395,0.0008750255,0.38159412,0.46982324,1.39E-09,1.44E-18,0.34851477,0.4641461,0,8.41E-19,0.38961926,0.4486558,0.00046549653,1.27E-05,0.43765393,0.62134165,0,3.86E-31,6.64E-06,1.80E-19,6.24E-05,2.76E-08,1.56E-17,0.43570697,9.07E-19,0.4486267,0.00021619863,1.98E-09,0.017626109,3.90E-18,0.58125275,0.47003502,0
0.71112657,0.53821373,0.24991913,0.12760168,0.38159412,0.46982324,0.0011781354,1.03E-06,0.34851477,0.4641461,0.008391873,5.99E-05,0.38961926,0.4486558,0.0072253686,5.02E-05,0.43765217,0.46403483,1.85E-22,1.53E-22,0.5761538,4.61E-07,0.4776684,2.08E-05,8.18E-05,0.43570697,0,0.4486267,0,0,0.35886526,0,0.58125275,0.47003502,1
0.42672125,0.60262096,0.21158242,0.13188665,0.38159412,0.46982324,0.016338054,0.00019886423,0.34851477,0.4641461,0.015875433,0.00021440464,0.38961926,0.4486558,0.0136141535,0.00017811003,0.43765217,0.46403483,9.67E-22,1.34E-21,0.2956856,1.83E-20,0.46383524,9.10E-07,3.58E-06,0.43570697,0,0.4486267,0,0,0.3503546,0,0.58125275,0.47003502,4
0.3178856,0.107888296,0.0056210286,0.00010768554,0.38159412,0.46982324,0,0,0.34851477,0.4641461,0,0,0.38961926,0.4486558,0,0,0.43765217,0.46403483,0,0,0,0,0,0.9826655,0,0.43570697,0,0.4486267,0,0,2.08E-17,0,0.58125275,0.47003502,3
0.2213652,0.17878205,7.98E-05,4.16E-06,0.38159412,0.46982324,0,0,0.34851477,0.4641461,0,0,0.38961926,0.4486558,0,0,0.43765217,0.46403483,0,0,0,0,0,0.9826629,0,0.43570697,0,0.4486267,0,0,2.08E-17,0,0.58125275,0.47003502,2
0.00036464477,0.00047436316,0.014924671,0.006782338,0.38159412,0.46982324,1.39E-09,1.44E-18,0.34851477,0.4641461,0.0019173162,3.14E-06,0.38961926,0.44826138,0.014088119,0.00019073013,0.43765122,0.45387614,0,3.86E-31,7.17E-06,1.53E-17,9.04E-05,2.05E-08,5.34E-16,0.43570697,3.39E-06,0.4482323,0.00031351464,0.014035059,0.032258276,0.00019069308,0.5812519,0.4599902,0
0.30823505,0.09714073,0.0055025313,0.000107879205,0.38159412,0.46982324,3.57E-07,9.47E-14,0.34851477,0.4641461,0.00023532259,4.71E-08,0.38961926,0.4486558,0.00033791288,1.10E-07,0.43765217,0.46403483,1.52E-21,1.84E-11,0.20087095,0.00033177203,0.06822876,0.000252837,0.0009943785,0.43570697,0,0.4486267,0,0,0.009929078,0,0.58125275,0.47003502,3
0.70364815,0.52226293,0.25092423,0.12714124,0.38159412,0.46982324,0,0,0.34851477,0.4641461,0,0,0.38961926,0.4486558,0,0,0.43765217,0.46403483,0,0,0,0,0,0.98266613,0,0.43570697,0,0.4486267,0,0,2.08E-17,0,0.58125275,0.47003502,1
0.22666998,0.31801084,7.34E-05,3.68E-06,0.38159412,0.46982324,0,0,0.34851477,0.4641461,0,0,0.38961926,0.4486558,0,0,0.43765217,0.46403483,0,0,0,0,0,0.9826633,0,0.43570697,0,0.4486267,0,0,2.08E-17,0,0.58125275,0.47003502,2
0.41461506,0.3642751,0.21311548,0.13158202,0.38159412,0.46982324,0,0,0.34851477,0.4641461,0,0,0.38961926,0.4486558,0,0,0.43765217,0.46403483,0,0,0,0,0,0.9826648,0,0.43570697,0,0.4486267,0,0,2.08E-17,0,0.58125275,0.47003502,4
0.35035932,0.16367176,0.18283524,0.13424172,0.38159412,0.46982324,0,0,0.34851477,0.4641461,0,0,0.38961926,0.4486558,0,0,0.43765217,0.46403483,0,0,0,0,0,0.98266697,0,0.43570697,0,0.4486267,0,0,2.08E-17,0,0.58125275,0.47003502,5
0.0054967795,0.0012110187,0.053444438,0.066496626,0.35643834,0.40093392,0.3279201,0.19721584,0.31841087,0.38315853,0.3273427,0.22907314,0.35626847,0.36472136,0.30894437,0.23375256,0.42567778,0.45150325,4.13E-19,7.10E-18,0.0059797848,5.42E-17,0.0010739599,1.66E-09,1.77E-16,0.5476429,0.19495319,0.55654633,0.00030026116,0.38298926,0.20416665,0.20406155,0.66549104,0.5736289,0
0.77091235,0.88170856,0.0071414933,9.50E-05,0.38159412,0.46982324,6.02E-06,2.70E-11,0.34851477,0.4641461,0.00019798722,3.33E-08,0.38961926,0.4486558,0.0002499298,6.00E-08,0.43765217,0.46403483,2.36E-23,5.73E-23,0.68322855,9.74E-12,0.80766046,4.26E-06,1.68E-05,0.43570697,0,0.4486267,0,0,0.009929078,0,0.58125275,0.47003502,3
0.22059827,0.13890734,7.98E-05,4.14E-06,0.38159412,0.46982324,0,0,0.34851477,0.4641461,0,0,0.38961926,0.4486558,0,0,0.43765217,0.46403483,0,0,0,0,0,0.98266286,0,0.43570697,0,0.4486267,0,0,2.08E-17,0,0.58125275,0.47003502,2
0.731168,0.66239715,0.008094775,7.86E-05,0.38159412,0.46982324,0.0003575348,9.52E-08,0.34851477,0.4641461,0.00035561805,1.08E-07,0.38961926,0.4486558,0.0002926952,8.23E-08,0.43765217,0.46403483,4.53E-23,5.80E-23,0.70090914,3.56E-08,0.6841625,1.15E-05,4.51E-05,0.43570697,0,0.4486267,0,0,0.009929078,0,0.58125275,0.47003502,3
0.7382228,0.56117356,0.008067546,7.97E-05,0.38159412,0.46982324,8.10E-05,4.89E-09,0.34851477,0.4641461,0.00030894775,8.12E-08,0.38961926,0.4486558,0.00030001582,8.65E-08,0.43765217,0.46403483,7.02E-23,9.33E-23,0.6878656,3.93E-07,0.57627904,1.73E-05,6.79E-05,0.43570697,0,0.4486267,0,0,0.009929078,0,0.58125275,0.47003502,3
0.71951693,0.6639142,0.25008717,0.12752526,0.38159412,0.46982324,0,0,0.34851477,0.4641461,0,0,0.38961926,0.4486558,0,0,0.43765217,0.46403483,0,0,0,0,0,0.98266613,0,0.43570697,0,0.4486267,0,0,2.08E-17,0,0.58125275,0.47003502,1
0.7445294,0.6922934,0.007093228,9.56E-05,0.38159412,0.46982324,3.70E-05,1.02E-09,0.34851477,0.4641461,0.00024888886,5.27E-08,0.38961926,0.4486558,0.00025471422,6.23E-08,0.43765217,0.46403483,1.57E-22,1.58E-22,0.6280819,2.19E-08,0.6298708,1.17E-05,4.61E-05,0.43570697,0,0.4486267,0,0,0.009929078,0,0.58125275,0.47003502,3
0.21890213,0.2846559,7.33E-05,3.74E-06,0.38159412,0.46982324,0,0,0.34851477,0.4641461,0,0,0.38961926,0.4486558,0,0,0.43765217,0.46403483,0,0,0,0,0,0.98266304,0,0.43570697,0,0.4486267,0,0,2.08E-17,0,0.58125275,0.47003502,2
0.49412453,0.5570857,0.21336669,0.13153255,0.38159412,0.46982324,7.08E-05,3.73E-09,0.34851477,0.4641461,0.008538085,6.20E-05,0.38961926,0.4486558,0.013095357,0.00016479415,0.43765217,0.46403483,5.37E-22,6.15E-22,0.35485563,2.49E-12,0.43239537,6.50E-06,2.56E-05,0.43570697,0,0.4486267,0,0,0.3503546,0,0.58125275,0.47003502,4
0.7537434,0.675201,0.0070744366,9.59E-05,0.38159412,0.46982324,0.00042357546,1.34E-07,0.34851477,0.4641461,0.00031744083,8.57E-08,0.38961926,0.4486558,0.00026456872,6.73E-08,0.43765217,0.46403483,2.15E-22,1.79E-22,0.6253652,3.56E-08,0.6126642,1.27E-05,4.98E-05,0.43570697,0,0.4486267,0,0,0.009929078,0,0.58125275,0.47003502,3
0.4318425,0.40205812,0.21265905,0.13911448,0.38159412,0.46982324,0.0019835876,2.93E-06,0.34851477,0.4641461,0.02393452,0.0004873405,0.38961926,0.4486558,0.02712448,0.0007070171,0.43765217,0.46403483,5.85E-21,1.95E-21,0.29926965,4.34E-09,0.30395612,1.92E-05,7.55E-05,0.43570697,0,0.4486267,0,0,0.35886526,0,0.58125275,0.47003502,1
0.39535433,0.24216355,0.20765738,0.13985038,0.38159412,0.46982324,0,0,0.34851477,0.4641461,0,0,0.38961926,0.4486558,0,0,0.43765217,0.46403483,0,0,0,0,0,0.9826661,0,0.43570697,0,0.4486267,0,0,2.08E-17,0,0.58125275,0.47003502,1
0.26414427,0.3076908,1.58E-05,1.60E-06,0.38159412,0.46982324,0,0,0.34851477,0.4641461,0,0,0.38961926,0.4486558,0,0,0.43765217,0.46403483,0,0,0,0,0,0.982663,0,0.43570697,0,0.4486267,0,0,2.08E-17,0,0.58125275,0.47003502,2
0.2164567,0.28690952,7.52E-05,3.76E-06,0.38159412,0.46982324,0,0,0.34851477,0.4641461,0,0,0.38961926,0.4486558,0,0,0.43765217,0.46403483,0,0,0,0,0,0.98266304,0,0.43570697,0,0.4486267,0,0,2.08E-17,0,0.58125275,0.47003502,2
0.49017563,0.108538516,0.0070414557,9.66E-05,0.38159412,0.46982324,1.06E-05,8.38E-11,0.34851477,0.4641461,0.00024319087,5.03E-08,0.38961926,0.4486558,0.00029313256,8.26E-08,0.43765217,0.46403483,2.19E-16,1.81E-07,0.40816125,0.00045070445,0.097983435,0.00019488558,0.0007665079,0.43570697,0,0.4486267,0,0,0.009929078,0,0.58125275,0.47003502,3
0.34968218,0.33338368,0.18429506,0.13427119,0.38159412,0.46982324,0.0036298914,9.82E-06,0.34851477,0.4641461,0.019125646,0.0003111826,0.38961926,0.4486558,0.018267106,0.00032066135,0.43765217,0.46403483,3.85E-21,7.42E-21,0.219503,7.70E-08,0.22355385,3.37E-05,0.00013266808,0.43570697,1.16E-15,0.4486267,0.77457273,1.41E-07,0.3503546,1.92E-14,0.58125275,0.47003502,5
0.25057012,0.35815305,1.57E-05,1.60E-06,0.38159412,0.46982324,0,0,0.34851477,0.4641461,0,0,0.38961926,0.4486558,0,0,0.43765217,0.46403483,0,0,0,0,0,0.9826632,0,0.43570697,0,0.4486267,0,0,2.08E-17,0,0.58125275,0.47003502,2
0.72669077,0.9348618,0.2453056,0.121033326,0.38159412,0.46982324,0.018498482,0.00025493428,0.34851477,0.4641461,0.010731991,9.80E-05,0.38961926,0.4486558,0.0071261753,4.88E-05,0.43765217,0.46403483,7.60E-23,1.03E-22,0.606226,3.34E-14,0.8341721,2.31E-06,9.09E-06,0.43570697,0,0.4486267,0,0,0.3503546,0,0.58125275,0.47003502,4
0.00092271925,0.0015197741,0.00825014,0.00082878204,0.38159412,0.46982318,0.0006746653,1.34E-05,0.34851474,0.46270713,0.009633811,0.00014215463,0.38961476,0.4323767,0.010238712,0.00015788141,0.4376557,0.46868157,1.51E-25,1.94E-19,0.00023221287,4.14E-17,0.0003919935,4.69E-09,5.18E-17,0.43419343,0.00015339591,0.43234867,0.0013590408,0.010200149,0.028573351,0.00015785074,0.5812556,0.4746297,0
0.4133761,0.3638214,0.2134505,0.13898195,0.38159412,0.46982324,6.45E-07,3.10E-13,0.34851477,0.4641461,0.011213727,0.00010697518,0.38961926,0.4486558,0.024434125,0.0005737209,0.43765217,0.46403483,3.40E-22,8.69E-22,0.30971345,4.17E-08,0.27600443,2.66E-05,0.00010459238,0.43570697,0,0.4486267,0,0,0.35886526,0,0.58125275,0.47003502,1
0.22719708,0.31240556,7.50E-05,3.67E-06,0.38159412,0.46982324,0,0,0.34851477,0.4641461,0,0,0.38961926,0.4486558,0,0,0.43765217,0.46403483,0,0,0,0,0,0.98266315,0,0.43570697,0,0.4486267,0,0,2.08E-17,0,0.58125275,0.47003502,2
0.43989632,0.594136,0.21460304,0.13127227,0.38159412,0.46982324,2.30E-05,3.95E-10,0.34851477,0.4641461,0.008668459,6.39E-05,0.38961926,0.4486558,0.012499112,0.00015012927,0.43765217,0.46403483,7.05E-22,9.89E-22,0.31410235,5.39E-15,0.46381477,3.24E-06,1.28E-05,0.43570697,0,0.4486267,0,0,0.3503546,0,0.58125275,0.47003502,4
0.00024127477,0.00041796203,0.012463274,0.0014393348,0.38159412,0.46982324,7.13E-06,3.78E-11,0.34851477,0.4641461,0.016001038,0.00021781078,0.38961926,0.44865653,0.019123692,0.00035143958,0.43765318,0.47943142,0,1.60E-23,2.57E-05,7.90E-17,7.50E-05,2.83E-08,1.83E-08,0.43570697,0.0002350348,0.4486274,0.0002574598,0.019086802,0.029813966,0.00035266855,0.5812535,0.48524195,0
0.7141942,0.5716693,0.24984697,0.12763457,0.38159412,0.46982324,3.23E-05,7.75E-10,0.34851477,0.4641461,0.00582987,2.89E-05,0.38961926,0.4486558,0.0067618475,4.39E-05,0.43765217,0.46403483,4.22E-22,2.70E-22,0.5775835,2.23E-07,0.5072087,1.82E-05,7.16E-05,0.43570697,0,0.4486267,0,0,0.35886526,0,0.58125275,0.47003502,1
0.71197575,0.9620841,0.24457264,0.12136316,0.38159412,0.46982324,1.36E-05,1.37E-10,0.34851477,0.4641461,0.0053725042,2.46E-05,0.38961926,0.4486558,0.006653696,4.25E-05,0.43765217,0.46403483,5.52E-22,5.69E-22,0.57904375,5.71E-16,0.85588604,1.49E-06,5.87E-06,0.43570697,0,0.4486267,0,0,0.3503546,0,0.58125275,0.47003502,4
0.38383272,0.4545014,0.20394091,0.14026877,0.38159412,0.46982324,4.41E-05,1.45E-09,0.34851477,0.4641461,0.017016735,0.00024634032,0.38961926,0.4486558,0.026519587,0.0006758349,0.43765217,0.46403483,6.98E-21,4.85E-21,0.24919182,1.93E-11,0.32949293,1.01E-05,3.98E-05,0.43570697,0,0.4486267,0,0,0.35886526,0,0.58125275,0.47003502,1
0.4338243,0.18806547,0.21581177,0.13100234,0.38159412,0.46982324,0.012080712,0.00010872792,0.34851477,0.4641461,0.014333652,0.00017478204,0.38961926,0.4486558,0.013781892,0.00018252601,0.43765217,0.46403483,1.51E-21,3.83E-17,0.31022504,6.04E-05,0.14764298,0.0001029345,0.00040489185,0.43570697,0,0.4486267,0,0,0.3503546,0,0.58125275,0.47003502,4
0.7508029,0.765828,0.007087866,9.58E-05,0.38159412,0.46982324,8.42E-05,5.28E-09,0.34851477,0.4641461,0.0003110901,8.23E-08,0.38961926,0.4486558,0.00026788365,6.90E-08,0.43765217,0.46403483,5.40E-22,2.86E-22,0.6265367,2.54E-09,0.69622576,8.55E-06,3.36E-05,0.43570697,0,0.4486267,0,0,0.009929078,0,0.58125275,0.47003502,3
0.21923627,0.27711636,7.46E-05,3.87E-06,0.38159412,0.46982324,0,0,0.34851477,0.4641461,0,0,0.38961926,0.4486558,0,0,0.43765217,0.46403483,0,0,0,0,0,0.98266304,0,0.43570697,0,0.4486267,0,0,2.08E-17,0,0.58125275,0.47003502,2
0.4132441,0.47680575,0.0059686177,0.00010650048,0.38159412,0.46982324,0.001145871,9.78E-07,0.34851477,0.4641461,0.00093006116,7.36E-07,0.38961926,0.4486558,0.0008265162,6.56E-07,0.43765217,0.46403483,2.29E-21,2.56E-21,0.3043695,1.46E-11,0.3635529,9.09E-06,3.58E-05,0.43570697,0,0.4486267,0,0,0.009929078,0,0.58125275,0.47003502,3
0.7804209,0.88064396,0.007099779,9.56E-05,0.38159412,0.46982324,1.07E-05,8.47E-11,0.34851477,0.4641461,0.00021226706,3.83E-08,0.38961926,0.4486558,0.0002521889,6.11E-08,0.43765217,0.46403483,2.04E-22,1.35E-22,0.6629805,1.12E-11,0.80196476,4.34E-06,1.71E-05,0.43570697,0,0.4486267,0,0,0.009929078,0,0.58125275,0.47003502,3
0.00033017446,0.00056559575,0.01435504,0.0010375873,0.38159412,0.46982324,1.39E-09,1.44E-18,0.34851477,0.4641461,2.07E-05,3.66E-10,0.38961926,0.44865578,0.010076175,9.76E-05,0.43765157,0.4520925,0,0,6.97E-06,2.80E-21,7.31E-05,2.44E-08,3.15E-16,0.43570697,3.95E-10,0.44862664,0.0002532923,0.010038225,0.033247594,9.75E-05,0.5812522,0.45822653,0
0.44048446,0.3884707,0.21335728,0.13153148,0.38159412,0.46982324,0,0,0.34851477,0.4641461,0,0,0.38961926,0.4486558,0,0,0.43765217,0.46403483,0,0,0,0,0,0.9826648,0,0.43570697,0,0.4486267,0,0,2.08E-17,0,0.58125275,0.47003502,4
0.22073254,0.3033861,7.59E-05,3.84E-06,0.38159412,0.46982324,0,0,0.34851477,0.4641461,0,0,0.38961926,0.4486558,0,0,0.43765217,0.46403483,0,0,0,0,0,0.9826631,0,0.43570697,0,0.4486267,0,0,2.08E-17,0,0.58125275,0.47003502,2
0.40157512,0.5989644,0.21165392,0.13187301,0.38159412,0.46982324,0.009878189,7.27E-05,0.34851477,0.4641461,0.015042148,0.0001924876,0.38961926,0.4486558,0.013541931,0.00017622531,0.43765217,0.46403483,4.65E-20,1.12E-20,0.2795609,1.72E-20,0.46117517,9.00E-07,3.54E-06,0.43570697,0,0.4486267,0,0,0.3503546,0,0.58125275,0.47003502,4
0.254427,0.36008066,1.62E-05,1.64E-06,0.38159412,0.46982324,0,0,0.34851477,0.4641461,0,0,0.38961926,0.4486558,0,0,0.43765217,0.46403483,0,0,0,0,0,0.9826632,0,0.43570697,0,0.4486267,0,0,2.08E-17,0,0.58125275,0.47003502,2
0.7235813,0.33497807,0.0070765554,9.58E-05,0.38159412,0.46982324,0,0,0.34851477,0.4641461,0,0,0.38961926,0.4486558,0,0,0.43765217,0.46403483,0,0,0,0,0,0.98266554,0,0.43570697,0,0.4486267,0,0,2.08E-17,0,0.58125275,0.47003502,3
9.85E-05,0.0003325955,0.011300238,0.0005150668,0.38159412,0.46982324,0,0,0.34851477,0.4641461,0,0,0.38961926,0.4486558,9.93E-10,9.50E-19,0.43765217,0.46403483,0,0,2.39E-09,8.17E-19,4.99E-05,4.93E-08,1.35E-14,0.43570697,0,0.4486267,0.00017301342,9.90E-10,2.08E-17,9.50E-19,0.58125275,0.47003502,0
0.44303152,0.22888617,0.20969774,0.1395721,0.38159412,0.46982324,0,0,0.34851477,0.4641461,0,0,0.38961926,0.4486558,0,0,0.43765217,0.46403483,0,0,0,0,0,0.9826661,0,0.43570697,0,0.4486267,0,0,2.08E-17,0,0.58125275,0.47003502,1
0.412626,0.6019809,0.21264091,0.1316769,0.38159412,0.46982324,0,0,0.34851477,0.4641461,0,0,0.38961926,0.4486558,0,0,0.43765217,0.46403483,0,0,0,0,0,0.98266506,0,0.43570697,0,0.4486267,0,0,2.08E-17,0,0.58125275,0.47003502,4
0.6717583,0.22149475,0.0070197736,9.66E-05,0.38159412,0.46982324,0,0,0.34851477,0.4641461,0,0,0.38961926,0.4486558,0,0,0.43765217,0.46403483,0,0,0,0,0,0.9826655,0,0.43570697,0,0.4486267,0,0,2.08E-17,0,0.58125275,0.47003502,3
0.0012810329,0.0016202731,0.007933182,0.00072369317,0.38159412,0.46982324,0,0,0.34851477,0.4641461,1.41E-09,2.38E-18,0.38961926,0.4486558,7.68E-05,1.22E-07,0.43765223,0.68862,0,8.54E-26,2.56E-05,3.05E-18,0.00010082353,1.80E-08,9.71E-17,0.43570697,2.57E-18,0.4486267,0.0003495505,9.90E-10,0.017626109,3.01E-18,0.58125275,0.47003502,0
0.21906194,0.3169457,7.26E-05,3.64E-06,0.38159412,0.46982324,0,0,0.34851477,0.4641461,0,0,0.38961926,0.4486558,0,0,0.43765217,0.46403483,0,0,0,0,0,0.9826633,0,0.43570697,0,0.4486267,0,0,2.08E-17,0,0.58125275,0.47003502,2
0.75222564,0.6775967,0.007070388,9.60E-05,0.38159412,0.46982324,0.00031093904,7.20E-08,0.34851477,0.4641461,0.00030783206,8.06E-08,0.38961926,0.4486558,0.00026328894,6.66E-08,0.43765217,0.46403483,2.08E-22,1.55E-22,0.62177646,3.35E-08,0.6144898,1.25E-05,4.93E-05,0.43570697,0,0.4486267,0,0,0.009929078,0,0.58125275,0.47003502,3
0.0009747426,0.0015739702,0.008378996,0.0007702684,0.38159412,0.46982324,0.0005776379,0.000114577706,0.34851477,0.46482587,0.02999871,0.0009438052,0.38982612,0.55949205,0.03047951,0.0011125962,0.43788964,0.5093601,8.45E-18,8.67E-18,0.0008944755,1.22E-17,0.0016748414,7.99E-10,1.61E-17,0.43570697,0.0001551011,0.43454802,0.0015009668,0.0051650777,0.04023168,0.00046322978,0.5812746,0.50557923,0
0.0025042202,0.0037230148,0.04613732,0.07590864,0.38159412,0.46982324,1.97E-09,2.89E-18,0.34851477,0.4641461,9.93E-10,8.41E-19,0.38961926,0.4486558,2.62E-09,6.64E-18,0.43765217,0.46403483,5.36E-24,6.45E-23,0.0019391883,3.59E-05,0.0018141519,0.004758982,0.018537415,0.43570697,1.81E-18,0.4486267,0.0063162446,1.98E-09,2.08E-17,3.80E-18,0.58125275,0.47003502,0
0.45535508,0.26396438,0.21531713,0.13111344,0.38159412,0.46982324,8.96E-05,5.98E-09,0.34851477,0.4641461,0.012461391,0.00013210403,0.38961926,0.4486558,0.014540869,0.00020318321,0.43765217,0.46403483,1.17E-21,1.61E-21,0.32794085,1.03E-05,0.20676552,6.19E-05,0.00024350965,0.43570697,0,0.4486267,0,0,0.3503546,0,0.58125275,0.47003502,4
0.41482717,0.38646838,0.0058119316,0.000107270076,0.38159412,0.46982324,0,0,0.34851477,0.4641461,0,0,0.38961926,0.4486558,0,0,0.43765217,0.46403483,0,0,0,0,0,0.9826656,0,0.43570697,0,0.4486267,0,0,2.08E-17,0,0.58125275,0.47003502,3
0.4330566,0.19763456,0.21054363,0.1394487,0.38159412,0.46982324,0,0,0.34851477,0.4641461,0,0,0.38961926,0.4486558,0,0,0.43765217,0.46403483,0,0,0,0,0,0.9826661,0,0.43570697,0,0.4486267,0,0,2.08E-17,0,0.58125275,0.47003502,1
0.0008196807,0.0026936405,0.068611674,0.1013444,0.38159412,0.46982324,1.97E-09,2.89E-18,0.34851477,0.4641461,0,8.27E-09,0.38961926,0.4486558,0.004056,0.006665177,0.4376522,0.46404102,6.63E-19,2.85E-17,0.00033875508,1.75E-15,0.0001891686,1.49E-08,5.47E-15,0.43570697,0,0.4486267,0.00014756099,1.98E-09,0.009929078,3.80E-18,0.58125275,0.47003502,0
0.4614583,0.5625585,0.21363737,0.13147476,0.38159412,0.46982324,0.031774893,0.00075218425,0.34851477,0.4641461,0.015384133,0.00020133956,0.38961926,0.4486558,0.01343659,0.0001734943,0.43765217,0.46403483,4.41E-22,6.49E-22,0.33285096,1.04E-12,0.4372026,5.86E-06,2.31E-05,0.43570697,0,0.4486267,0,0,0.3503546,0,0.58125275,0.47003502,4
0.4872265,0.24127185,0.21560103,0.13105054,0.38159412,0.46982324,0,0,0.34851477,0.4641461,0,0,0.38961926,0.4486558,0,0,0.43765217,0.46403483,0,0,0,0,0,0.98266476,0,0.43570697,0,0.4486267,0,0,2.08E-17,0,0.58125275,0.47003502,4
0.0007827159,0.001556642,0.01272498,0.0020256636,0.38159412,0.46977505,0.0039577032,0.00025610544,0.3485101,0.43648764,0.04864002,0.0021211018,0.3891192,0.29860345,0.0495482,0.0025127386,0.43702927,0.39994967,6.07E-24,9.90E-19,0.00081595994,2.05E-17,0.001651603,8.13E-10,1.38E-17,0.43568054,0.0038700206,0.35395092,0.0017623478,0.06561424,0.051766917,0.004283743,0.5808082,0.43121666,0
0.44478983,0.41065842,0.21182443,0.13184074,0.38159412,0.46982324,0,0,0.34851477,0.4641461,0,0,0.38961926,0.4486558,0,0,0.43765217,0.46403483,0,0,0,0,0,0.9826648,0,0.43570697,0,0.4486267,0,0,2.08E-17,0,0.58125275,0.47003502,4
0.61696357,0.18402171,0.2486357,0.12817974,0.38159412,0.46982324,0,0,0.34851477,0.4641461,0,0,0.38961926,0.4486558,0,0,0.43765217,0.46403483,0,0,0,0,0,0.9826661,0,0.43570697,0,0.4486267,0,0,2.08E-17,0,0.58125275,0.47003502,1
0.15182278,0.024285762,0.23572862,0.124979764,0.38159412,0.46982324,0,0,0.34851477,0.4641461,0,0,0.38961926,0.4486558,0,0,0.43765217,0.46403483,0,0,0,0,0,0.98266476,0,0.43570697,0,0.4486267,0,0,2.08E-17,0,0.58125275,0.47003502,4
0.15737289,0.025209865,0.22905913,0.12734008,0.38159412,0.46982324,0,0,0.34851477,0.4641461,0,0,0.38961926,0.4486558,0,0,0.43765217,0.46403483,0,0,0,0,0,0.98266476,0,0.43570697,0,0.4486267,0,0,2.08E-17,0,0.58125275,0.47003502,4
0.74041194,0.8371309,0.007098523,9.56E-05,0.38159412,0.46982324,0,0,0.34851477,0.4641461,0,0,0.38961926,0.4486558,0,0,0.43765217,0.46403483,0,0,0,0,0,0.98266566,0,0.43570697,0,0.4486267,0,0,2.08E-17,0,0.58125275,0.47003502,3
0.43420354,0.5216629,0.21330221,0.13154373,0.38159412,0.46982324,0.00016971848,2.15E-08,0.34851477,0.4641461,0.0100628445,8.61E-05,0.38961926,0.4486558,0.01371661,0.00018080094,0.43765217,0.46403483,8.92E-22,1.33E-21,0.31335434,6.60E-11,0.404788,9.52E-06,3.75E-05,0.43570697,0,0.4486267,0,0,0.3503546,0,0.58125275,0.47003502,4
0.00094940624,0.0015026263,0.007950558,0.0009391173,0.38159412,0.46982324,2.82E-05,2.36E-06,0.34851477,0.46414468,0.022512924,0.0006888748,0.38961416,0.44496697,0.03402362,0.0053646686,0.43778253,0.4719634,9.20E-25,8.88E-19,0.0008170725,2.36E-17,0.0015365975,6.86E-05,0.00026963264,0.43570697,0.0005006132,0.4486267,0.0013727698,0.008462349,0.040269412,0.004642458,0.5816674,0.5997154,0
0.7139361,0.43625146,0.24270724,0.12218508,0.38159412,0.46982324,2.09E-06,3.24E-12,0.34851477,0.4641461,0.0043525575,1.61E-05,0.38961926,0.4486558,0.006479144,4.03E-05,0.43765217,0.46403483,5.78E-22,3.09E-22,0.57442486,3.62E-06,0.38513094,3.17E-05,0.00012460464,0.43570697,0,0.4486267,0,0,0.3503546,0,0.58125275,0.47003502,4
0.00077677594,0.0015795253,0.009528989,0.0011550023,0.38159412,0.46982324,4.78E-06,9.48E-05,0.34851477,0.46414658,0.02164014,0.00071333203,0.38963744,0.46169746,0.037593804,0.0015576566,0.4377477,0.4778256,8.40E-22,3.36E-19,0.00065628055,2.03E-17,0.0016664071,8.05E-10,1.62E-17,0.43570697,0.00019303116,0.4484623,0.0014252083,0.0024738023,0.03896719,0.0005285502,0.5812504,0.46270016,0
0.004608689,0.0030190793,0.048590027,0.07124279,0.33997563,0.35790315,0.2615392,0.30740836,0.30655885,0.35503232,0.2878735,0.33882412,0.36656365,0.3961147,0.3289134,0.26677126,0.43025455,0.4572321,5.47E-18,6.40E-18,0.0034487927,2.40E-17,0.0024756582,4.55E-10,5.28E-17,0.43570697,3.19E-05,0.4486267,7.51E-05,0.005873705,0.029689798,3.34E-05,0.58125275,0.47003502,0
0.20046343,0.03860575,0.18349507,0.13427418,0.38159412,0.46982324,0.0023006368,3.94E-06,0.34851477,0.4641461,0.024490874,0.0005102601,0.38961926,0.4486558,0.028790493,0.00079653575,0.43765217,0.46403483,2.13E-11,1.53E-05,0.124008186,0.0021338572,0.025791517,0.00076741545,0.0030165757,0.43570697,0,0.4486267,0.08927902,5.01E-08,0.3503546,2.43E-15,0.58125275,0.47003502,5
0.0010644891,0.0011017252,0.008935443,0.00092748756,0.38159412,0.46982324,0.0006917077,0.00010171395,0.34851477,0.46412164,0.009985418,0.00014012647,0.38960367,0.39280784,0.010699529,0.00016445584,0.43764323,0.45270336,1.53E-25,1.62E-19,0.00022382595,3.21E-05,0.00027906487,0.024137566,0.092517,0.43568122,0.00015120738,0.39278233,0.0009675175,0.010659231,0.02945114,0.00016442388,0.5812454,0.45883054,0
0.73807067,0.44156078,0.008050708,7.94E-05,0.38159412,0.46982324,0,0,0.34851477,0.4641461,0,0,0.38961926,0.4486558,0,0,0.43765217,0.46403483,0,0,0,0,0,0.98266554,0,0.43570697,0,0.4486267,0,0,2.08E-17,0,0.58125275,0.47003502,3
0.0009980681,0.0015497701,0.011162462,0.011013336,0.38159412,0.46982282,0.008674266,6.81E-05,0.34851444,0.46203634,0.0357351,0.0012333336,0.3895925,0.4369459,0.11672827,0.0144462455,0.437786,0.46623516,1.59E-21,1.73E-18,0.0010045605,6.80E-18,0.00166569,1.36E-07,5.32E-07,0.43570665,0.0004579204,0.43753168,0.0014797491,0.018417308,0.0437025,0.019715445,0.5812841,0.47222343,0
0.72348505,0.8443231,0.24410748,0.121570304,0.38159412,0.46982324,2.16E-06,3.49E-12,0.34851477,0.4641461,0.0043953145,1.64E-05,0.38961926,0.4486558,0.006414816,3.95E-05,0.43765217,0.46403483,1.26E-22,1.38E-22,0.591342,2.40E-11,0.7496894,4.95E-06,1.95E-05,0.43570697,0,0.4486267,0,0,0.3503546,0,0.58125275,0.47003502,4
0.0010201087,0.0015326428,0.008779223,0.0008867913,0.38159356,0.465425,0.06505618,0.0031580776,0.34844014,0.43194243,0.045218047,0.0018063438,0.3899115,0.5592479,0.03279224,0.001253175,0.43797043,0.51867956,5.80E-18,7.17E-18,0.0010359026,1.52E-17,0.0016299799,8.40E-10,3.02E-16,0.40157494,0.0038650483,0.47632653,0.0013474162,0.05822235,0.045005694,0.0035799183,0.58166164,0.503511,0
0.34036562,0.16330728,0.0051907212,0.00010824694,0.38159412,0.46982324,0.0001522649,1.73E-08,0.34851477,0.4641461,0.001145896,1.12E-06,0.38961926,0.4486558,0.0009895494,9.41E-07,0.43765217,0.46403483,1.81E-20,5.95E-19,0.19953515,5.77E-05,0.10821063,0.00013376997,0.00052616623,0.43570697,0,0.4486267,0,0,0.009929078,0,0.58125275,0.47003502,3
0.7700731,0.87870073,0.007108052,9.54E-05,0.38159412,0.46982324,0,0,0.34851477,0.4641461,0,0,0.38961926,0.4486558,0,0,0.43765217,0.46403483,0,0,0,0,0,0.98266566,0,0.43570697,0,0.4486267,0,0,2.08E-17,0,0.58125275,0.47003502,3
0.3499921,0.37294373,0.18416782,0.13426578,0.38159412,0.46982324,0,0,0.34851477,0.4641461,0,0,0.38961926,0.4486558,0,0,0.43765217,0.46403483,0,0,0,0,0,0.9826671,0,0.43570697,0,0.4486267,0,0,2.08E-17,0,0.58125275,0.47003502,5
0.25100756,0.30418998,1.65E-05,1.66E-06,0.38159412,0.46982324,0,0,0.34851477,0.4641461,0,0,0.38961926,0.4486558,0,0,0.43765217,0.46403483,0,0,0,0,0,0.982663,0,0.43570697,0,0.4486267,0,0,2.08E-17,0,0.58125275,0.47003502,2
0.75031966,0.5272078,0.008070045,7.95E-05,0.38159412,0.46982324,1.64E-05,2.00E-10,0.34851477,0.4641461,0.00028944545,7.13E-08,0.38961926,0.4486558,0.0002919308,8.19E-08,0.43765217,0.46403483,9.77E-23,8.42E-23,0.7021963,7.77E-07,0.5424813,1.97E-05,7.74E-05,0.43570697,0,0.4486267,0,0,0.009929078,0,0.58125275,0.47003502,3
0.3369984,0.18640354,0.00544128,0.00010820858,0.38159412,0.46982324,2.72E-06,5.51E-12,0.34851477,0.4641461,0.0007222072,4.44E-07,0.38961926,0.4486558,0.00086988753,7.27E-07,0.43765217,0.46403483,2.02E-20,6.80E-21,0.22840403,2.29E-05,0.1294637,0.0001033192,0.00040640522,0.43570697,0,0.4486267,0,0,0.009929078,0,0.58125275,0.47003502,3
0.46555033,0.54324895,0.21287933,0.13163126,0.38159412,0.46982324,0,0,0.34851477,0.4641461,0,0,0.38961926,0.4486558,0,0,0.43765217,0.46403483,0,0,0,0,0,0.98266494,0,0.43570697,0,0.4486267,0,0,2.08E-17,0,0.58125275,0.47003502,4
0.4050769,0.16626109,0.20821995,0.139775,0.38159412,0.46982324,0,0,0.34851477,0.4641461,0,0,0.38961926,0.4486558,0,0,0.43765217,0.46403483,0,0,0,0,0,0.9826661,0,0.43570697,0,0.4486267,0,0,2.08E-17,0,0.58125275,0.47003502,1
0.75011003,0.65999705,0.0070685823,9.60E-05,0.38159412,0.46982324,0,0,0.34851477,0.4641461,0,0,0.38961926,0.4486558,0,0,0.43765217,0.46403483,0,0,0,0,0,0.9826656,0,0.43570697,0,0.4486267,0,0,2.08E-17,0,0.58125275,0.47003502,3
0.22916451,0.25841048,7.45E-05,3.79E-06,0.38159412,0.46982324,0,0,0.34851477,0.4641461,0,0,0.38961926,0.4486558,0,0,0.43765217,0.46403483,0,0,0,0,0,0.982663,0,0.43570697,0,0.4486267,0,0,2.08E-17,0,0.58125275,0.47003502,2
0.71770453,0.99254125,0.24415812,0.12154818,0.38159412,0.46982324,8.46E-06,5.34E-11,0.34851477,0.4641461,0.0051651974,2.27E-05,0.38961926,0.4486558,0.006918083,4.60E-05,0.43765217,0.46403483,4.71E-23,8.15E-23,0.58873415,4.18E-19,0.8814912,7.05E-07,2.77E-06,0.43570697,0,0.4486267,0,0,0.3503546,0,0.58125275,0.47003502,4
0.69863164,0.84864736,0.0070734443,9.59E-05,0.38159412,0.46982324,9.17E-08,6.27E-15,0.34851477,0.4641461,0.0001737028,2.57E-08,0.38961926,0.4486558,0.00025002626,6.01E-08,0.43765217,0.46403483,5.74E-22,5.77E-22,0.57338095,4.43E-11,0.7699575,5.11E-06,2.01E-05,0.43570697,0,0.4486267,0,0,0.009929078,0,0.58125275,0.47003502,3
0.51063645,0.47237647,0.21368437,0.13146597,0.38159412,0.46982324,0,0,0.34851477,0.4641461,0,0,0.38961926,0.4486558,0,0,0.43765217,0.46403483,0,0,0,0,0,0.9826649,0,0.43570697,0,0.4486267,0,0,2.08E-17,0,0.58125275,0.47003502,4
0.42117757,0.4496623,0.21371429,0.13145857,0.38159412,0.46982324,0,0,0.34851477,0.4641461,0,0,0.38961926,0.4486558,0,0,0.43765217,0.46403483,0,0,0,0,0,0.9826649,0,0.43570697,0,0.4486267,0,0,2.08E-17,0,0.58125275,0.47003502,4
0.7133945,0.87112945,0.24402907,0.12160514,0.38159412,0.46982324,0.00021862637,3.56E-08,0.34851477,0.4641461,0.007047595,4.23E-05,0.38961926,0.4486558,0.0068487157,4.51E-05,0.43765217,0.46403483,1.10E-22,1.70E-22,0.5810882,4.24E-12,0.7732515,4.03E-06,1.59E-05,0.43570697,0,0.4486267,0,0,0.3503546,0,0.58125275,0.47003502,4
0.47545588,0.47789127,0.2135503,0.13149294,0.38159412,0.46982324,0.011574864,9.98E-05,0.34851477,0.4641461,0.015211683,0.00019685098,0.38961926,0.4486558,0.01500539,0.00021637231,0.43765217,0.46403483,5.64E-22,6.21E-22,0.343824,2.77E-09,0.3712804,1.52E-05,5.99E-05,0.43570697,0,0.4486267,0,0,0.3503546,0,0.58125275,0.47003502,4
0.72219545,0.6064804,0.24292414,0.12209068,0.38159412,0.46982324,3.92E-07,1.15E-13,0.34851477,0.4641461,0.0036821652,1.15E-05,0.38961926,0.4486558,0.006193418,3.69E-05,0.43765217,0.46403483,1.71E-22,1.74E-22,0.58302265,1.10E-07,0.5358897,1.61E-05,6.33E-05,0.43570697,0,0.4486267,0,0,0.3503546,0,0.58125275,0.47003502,4
0.25142053,0.26076108,1.51E-05,1.45E-06,0.38159412,0.46982324,0,0,0.34851477,0.4641461,0,0,0.38961926,0.4486558,0,0,0.43765217,0.46403483,0,0,0,0,0,0.9826629,0,0.43570697,0,0.4486267,0,0,2.08E-17,0,0.58125275,0.47003502,2
0.0018351616,0.00073237764,0.013483573,0.0075928825,0.38159412,0.46982324,0.021666203,0.00034972088,0.34851477,0.4641465,0.021249905,0.00038414702,0.38962105,0.4915918,0.020998653,0.00042373402,0.4376242,0.30910704,4.38E-17,2.68E-16,0.00027719582,4.86E-16,0.0001202834,3.19E-06,1.27E-05,0.43570697,0.00044871692,0.4486267,7.51E-05,0.022026392,0.01063831,0.0004696637,0.58125275,0.47003502,0
0.71601963,0.98007464,0.24456622,0.12136589,0.38159412,0.46982324,0.027577575,0.00056658906,0.34851477,0.4641461,0.011650443,0.00011546967,0.38961926,0.4486558,0.007411599,5.28E-05,0.43765217,0.46403483,7.20E-23,1.29E-22,0.5923458,2.03E-17,0.8718851,1.05E-06,4.14E-06,0.43570697,0,0.4486267,0,0,0.3503546,0,0.58125275,0.47003502,4
0.36854312,0.3759009,0.1841999,0.13426642,0.38159412,0.46982324,0,0,0.34851477,0.4641461,0,0,0.38961926,0.4486558,0,0,0.43765217,0.46403483,0,0,0,0,0,0.9826671,0,0.43570697,0,0.4486267,0,0,2.08E-17,0,0.58125275,0.47003502,5
0.22411881,0.30111623,7.45E-05,3.73E-06,0.38159412,0.46982324,0,0,0.34851477,0.4641461,0,0,0.38961926,0.4486558,0,0,0.43765217,0.46403483,0,0,0,0,0,0.9826631,0,0.43570697,0,0.4486267,0,0,2.08E-17,0,0.58125275,0.47003502,2
0.7091458,0.5631665,0.24361755,0.12178749,0.38159412,0.46982324,4.76E-05,1.69E-09,0.34851477,0.4641461,0.005965776,3.03E-05,0.38961926,0.4486558,0.006734758,4.36E-05,0.43765217,0.46403483,4.92E-23,8.97E-23,0.582208,2.90E-07,0.49904415,1.90E-05,7.48E-05,0.43570697,0,0.4486267,0,0,0.3503546,0,0.58125275,0.47003502,4
0.4175663,0.59430355,0.21381754,0.13143884,0.38159412,0.46982324,0,0,0.34851477,0.4641461,0,0,0.38961926,0.4486558,0,0,0.43765217,0.46403483,0,0,0,0,0,0.982665,0,0.43570697,0,0.4486267,0,0,2.08E-17,0,0.58125275,0.47003502,4
0.2568923,0.14709511,1.48E-05,1.51E-06,0.38159412,0.46982324,0,0,0.34851477,0.4641461,0,0,0.38961926,0.4486558,0,0,0.43765217,0.46403483,0,0,0,0,0,0.98266286,0,0.43570697,0,0.4486267,0,0,2.08E-17,0,0.58125275,0.47003502,2
0.46016887,0.50039035,0.21252558,0.13170289,0.38159412,0.46982324,0,0,0.34851477,0.4641461,0,0,0.38961926,0.4486558,0,0,0.43765217,0.46403483,0,0,0,0,0,0.9826649,0,0.43570697,0,0.4486267,0,0,2.08E-17,0,0.58125275,0.47003502,4
0.75430185,0.6863849,0.007073714,9.59E-05,0.38159412,0.46982324,0.00010153169,7.68E-09,0.34851477,0.4641461,0.00027494956,6.43E-08,0.38961926,0.4486558,0.00025866673,6.43E-08,0.43765217,0.46403483,3.36E-22,1.67E-22,0.6251849,2.67E-08,0.6227657,1.21E-05,4.76E-05,0.43570697,0,0.4486267,0,0,0.009929078,0,0.58125275,0.47003502,3
0.47418964,0.25587946,0.21460594,0.13126922,0.38159412,0.46982324,0,0,0.34851477,0.4641461,0,0,0.38961926,0.4486558,0,0,0.43765217,0.46403483,0,0,0,0,0,0.98266476,0,0.43570697,0,0.4486267,0,0,2.08E-17,0,0.58125275,0.47003502,4
0.26255816,0.35925046,1.52E-05,1.52E-06,0.38159412,0.46982324,0,0,0.34851477,0.4641461,0,0,0.38961926,0.4486558,0,0,0.43765217,0.46403483,0,0,0,0,0,0.9826632,0,0.43570697,0,0.4486267,0,0,2.08E-17,0,0.58125275,0.47003502,2
0.42169556,0.40140167,0.21309148,0.13158654,0.38159412,0.46982324,0.043243207,0.0013931305,0.34851477,0.4641461,0.01732092,0.000255226,0.38961926,0.4486558,0.014434148,0.00020021167,0.43765217,0.46403483,3.59E-21,3.77E-21,0.3011258,1.05E-07,0.31117183,2.58E-05,0.000101428195,0.43570697,0,0.4486267,0,0,0.3503546,0,0.58125275,0.47003502,4
0.0017340638,0.0016746807,0.008242127,0.000787608,0.38159412,0.46982324,9.84E-10,7.23E-19,0.34851477,0.4641461,9.93E-10,1.89E-18,0.38961926,0.4486558,1.72E-09,4.03E-18,0.43765217,0.46403483,0,1.24E-29,1.99E-05,3.76E-19,9.79E-05,1.88E-08,3.13E-16,0.43570697,2.03E-18,0.4486267,0.00033925023,1.72E-09,0.017626109,4.03E-18,0.58125275,0.47003502,0
0.24861017,0.3512809,1.49E-05,1.51E-06,0.38159412,0.46982324,0,0,0.34851477,0.4641461,0,0,0.38961926,0.4486558,0,0,0.43765217,0.46403483,0,0,0,0,0,0.98266315,0,0.43570697,0,0.4486267,0,0,2.08E-17,0,0.58125275,0.47003502,2
0.41949114,0.4132135,0.0058912984,0.00010690099,0.38159412,0.46982324,0.00040035657,1.19E-07,0.34851477,0.4641461,0.00073138997,4.55E-07,0.38961926,0.4486558,0.000672725,4.35E-07,0.43765217,0.46403483,1.06E-21,1.12E-21,0.31061995,5.68E-09,0.31068075,1.94E-05,7.61E-05,0.43570697,0,0.4486267,0,0,0.009929078,0,0.58125275,0.47003502,3
0.22466783,0.30901316,7.25E-05,3.68E-06,0.38159412,0.46982324,0,0,0.34851477,0.4641461,0,0,0.38961926,0.4486558,0,0,0.43765217,0.46403483,0,0,0,0,0,0.98266315,0,0.43570697,0,0.4486267,0,0,2.08E-17,0,0.58125275,0.47003502,2
0.2492531,0.33674878,1.55E-05,1.49E-06,0.38159412,0.46982324,0,0,0.34851477,0.4641461,0,0,0.38961926,0.4486558,0,0,0.43765217,0.46403483,0,0,0,0,0,0.98266304,0,0.43570697,0,0.4486267,0,0,2.08E-17,0,0.58125275,0.47003502,2
0.000979687,0.00070580945,0.028758649,0.0058688065,0.38159412,0.46981177,0.007914907,6.25E-05,0.3485135,0.45498106,0.009797049,0.00041299054,0.38960907,0.42910716,0.054877482,0.009272309,0.4377852,0.4679067,4.16E-19,3.93E-18,0.00028160607,4.77E-17,0.000251581,7.57E-09,1.81E-16,0.43570697,0,0.4486267,0,0,0.009219858,0,0.58125275,0.47003502,0
0.22355507,0.30781075,7.40E-05,3.75E-06,0.38159412,0.46982324,0,0,0.34851477,0.4641461,0,0,0.38961926,0.4486558,0,0,0.43765217,0.46403483,0,0,0,0,0,0.98266315,0,0.43570697,0,0.4486267,0,0,2.08E-17,0,0.58125275,0.47003502,2
0.2332198,0.3164442,7.19E-05,3.66E-06,0.38159412,0.46982324,0,0,0.34851477,0.4641461,0,0,0.38961926,0.4486558,0,0,0.43765217,0.46403483,0,0,0,0,0,0.9826632,0,0.43570697,0,0.4486267,0,0,2.08E-17,0,0.58125275,0.47003502,2
0.41471496,0.38645244,0.0058121714,0.00010726912,0.38159412,0.46982324,0,0,0.34851477,0.4641461,0,0,0.38961926,0.4486558,0,0,0.43765217,0.46403483,0,0,0,0,0,0.9826656,0,0.43570697,0,0.4486267,0,0,2.08E-17,0,0.58125275,0.47003502,3
0.44216964,0.6049311,0.21198653,0.13180682,0.38159412,0.46982324,0.00027121525,5.48E-08,0.34851477,0.4641461,0.012336599,0.00012947143,0.38961926,0.4486558,0.013438799,0.00017355138,0.43765217,0.46403483,3.68E-22,4.36E-22,0.30697227,5.64E-20,0.46649686,1.02E-06,4.02E-06,0.43570697,0,0.4486267,0,0,0.3503546,0,0.58125275,0.47003502,4
0.72521704,0.7933229,0.24365488,0.12177112,0.38159412,0.46982324,0,0,0.34851477,0.4641461,0,0,0.38961926,0.4486558,0,0,0.43765217,0.46403483,0,0,0,0,0,0.9826649,0,0.43570697,0,0.4486267,0,0,2.08E-17,0,0.58125275,0.47003502,4
0.73827714,0.61827815,0.008110708,7.85E-05,0.38159412,0.46982324,1.41E-07,1.48E-14,0.34851477,0.4641461,0.00016140683,2.22E-08,0.38961926,0.4486558,0.00026746775,6.87E-08,0.43765217,0.46403483,1.08E-22,1.23E-22,0.71410644,1.07E-07,0.63918215,1.37E-05,5.40E-05,0.43570697,0,0.4486267,0,0,0.009929078,0,0.58125275,0.47003502,3
0.7149681,0.8638285,0.007081268,9.58E-05,0.38159412,0.46982324,8.82E-05,5.80E-09,0.34851477,0.4641461,0.00027265717,6.32E-08,0.38961926,0.4486558,0.00026004747,6.50E-08,0.43765217,0.46403483,7.57E-23,1.35E-22,0.5963089,1.85E-11,0.78459495,4.61E-06,1.82E-05,0.43570697,0,0.4486267,0,0,0.009929078,0,0.58125275,0.47003502,3
0.0011410211,0.0015741559,0.007968361,0.00081231643,0.38159412,0.4698245,0.0012895948,0.00036532083,0.3485151,0.46914294,0.029670652,0.0010244354,0.38984224,0.5560055,0.031750917,0.0012014082,0.43798345,0.5227169,2.28E-21,1.07E-18,0.001088064,5.16E-18,0.0016174369,8.28E-10,6.01E-18,0.43570697,8.25E-05,0.4486267,0.0012883772,0.0005552039,0.04012289,0.0004344014,0.5812521,0.4598874,0
0.42082462,0.6038071,0.21341497,0.13152081,0.38159412,0.46982324,0.005220364,2.03E-05,0.34851477,0.4641461,0.016533589,0.00023255053,0.38961926,0.4486558,0.013591377,0.00017751456,0.43765217,0.46403483,8.36E-22,8.64E-22,0.29650775,1.18E-18,0.4687751,1.37E-06,5.40E-06,0.43570697,0,0.4486267,0,0,0.3503546,0,0.58125275,0.47003502,4
0.72521746,0.99880695,0.24410658,0.12157108,0.38159412,0.46982324,1.18E-05,1.04E-10,0.34851477,0.4641461,0.0053790333,2.46E-05,0.38961926,0.4486558,0.007066204,4.80E-05,0.43765217,0.46403483,2.89E-22,2.43E-22,0.59273356,5.57E-20,0.8868721,5.73E-07,2.26E-06,0.43570697,0,0.4486267,0,0,0.3503546,0,0.58125275,0.47003502,4
0.00087122084,0.0015295342,0.008043006,0.00082057575,0.38159412,0.46982324,1.39E-09,1.44E-18,0.34851477,0.4641461,0,1.68E-18,0.38961926,0.4486558,9.93E-10,9.50E-19,0.43765217,0.46403483,0,3.16E-26,2.86E-05,3.14E-19,9.91E-05,1.82E-08,5.88E-17,0.43570697,1.81E-18,0.4486267,0.00034364662,9.90E-10,0.017626109,9.50E-19,0.58125275,0.47003502,0
0.34379175,0.4353287,0.20138194,0.140495,0.38159412,0.46982324,0.010637165,8.43E-05,0.34851477,0.4641461,0.031264096,0.0008315241,0.38961926,0.4486558,0.027858606,0.0007458059,0.43765217,0.46403483,2.43E-20,1.04E-19,0.15055865,2.05E-10,0.3116711,1.29E-05,5.06E-05,0.43570697,0,0.4486267,0,0,0.35886526,0,0.58125275,0.47003502,1
0.7314884,0.9338873,0.24523982,0.12106301,0.38159412,0.46982324,4.02E-08,1.20E-15,0.34851477,0.4641461,0.0028771865,7.04E-06,0.38961926,0.4486558,0.0061500394,3.63E-05,0.43765217,0.46403483,4.34E-23,9.44E-23,0.60924625,3.88E-14,0.8330585,2.35E-06,9.25E-06,0.43570697,0,0.4486267,0,0,0.3503546,0,0.58125275,0.47003502,4
0.28794438,0.08939201,0.19403134,0.14086291,0.38159412,0.46982324,0,0,0.34851477,0.4641461,0,0,0.38961926,0.4486558,0,0,0.43765217,0.46403483,0,0,0,0,0,0.9826661,0,0.43570697,0,0.4486267,0,0,2.08E-17,0,0.58125275,0.47003502,1
0.73053694,0.93775797,0.24461475,0.12134404,0.38159412,0.46982324,0.0061273584,2.80E-05,0.34851477,0.4641461,0.0096529275,7.93E-05,0.38961926,0.4486558,0.0070427163,4.77E-05,0.43765217,0.46403483,7.89E-22,3.71E-22,0.59364057,2.70E-14,0.83439624,2.26E-06,8.88E-06,0.43570697,0,0.4486267,0,0,0.3503546,0,0.58125275,0.47003502,4
0.3880619,0.30328092,0.21003982,0.13952622,0.38159412,0.46982324,0,0,0.34851477,0.4641461,0,0,0.38961926,0.4486558,0,0,0.43765217,0.46403483,0,0,0,0,0,0.98266613,0,0.43570697,0,0.4486267,0,0,2.08E-17,0,0.58125275,0.47003502,1
0.0010884781,0.00159907,0.008214001,0.0008813363,0.38159412,0.46982324,1.39E-09,1.44E-18,0.34851477,0.4641461,1.41E-09,1.68E-18,0.38961926,0.4486558,0.00010050639,6.81E-08,0.43765217,0.4640424,4.10E-26,2.96E-20,0.00010618723,3.57E-17,0.00014548058,1.28E-08,1.22E-16,0.43570697,1.81E-18,0.4486267,0.0005043737,1.40E-09,0.017626109,1.90E-18,0.58125275,0.47003502,0
0.00035355636,0.00048807767,0.034760267,0.040839333,0.38159412,0.46982324,0,0,0.34851477,0.4641461,9.93E-10,8.41E-19,0.38961926,0.4486558,9.93E-10,9.50E-19,0.43765217,0.46403483,0,0,2.46E-08,7.80E-21,1.43E-05,8.91E-08,3.94E-13,0.43570697,9.07E-19,0.4486267,4.96E-05,9.90E-10,2.08E-17,9.50E-19,0.58125275,0.47003502,0
0.25948274,0.3411365,1.51E-05,1.52E-06,0.38159412,0.46982324,0,0,0.34851477,0.4641461,0,0,0.38961926,0.4486558,0,0,0.43765217,0.46403483,0,0,0,0,0,0.9826631,0,0.43570697,0,0.4486267,0,0,2.08E-17,0,0.58125275,0.47003502,2
0.22920275,0.27652353,7.35E-05,3.79E-06,0.38159412,0.46982324,0,0,0.34851477,0.4641461,0,0,0.38961926,0.4486558,0,0,0.43765217,0.46403483,0,0,0,0,0,0.982663,0,0.43570697,0,0.4486267,0,0,2.08E-17,0,0.58125275,0.47003502,2
0.4332798,0.5946549,0.21446349,0.13130222,0.38159412,0.46982324,0,0,0.34851477,0.4641461,0,0,0.38961926,0.4486558,0,0,0.43765217,0.46403483,0,0,0,0,0,0.982665,0,0.43570697,0,0.4486267,0,0,2.08E-17,0,0.58125275,0.47003502,4
0.35063723,0.32012182,0.1827174,0.13423304,0.38159412,0.46982324,0.030075446,0.00067387626,0.34851477,0.4641461,0.019533135,0.00032458387,0.38961926,0.4486558,0.017978588,0.00031061203,0.43765217,0.46403483,2.59E-21,1.64E-21,0.20949216,1.73E-07,0.21281753,3.82E-05,0.0001504112,0.43570697,4.64E-16,0.4486267,0.73738796,1.39E-07,0.3503546,1.88E-14,0.58125275,0.47003502,5
0.70998365,0.87420595,0.24446975,0.12140919,0.38159412,0.46982324,6.00E-05,2.68E-09,0.34851477,0.4641461,0.006178157,3.25E-05,0.38961926,0.4486558,0.006744775,4.37E-05,0.43765217,0.46403483,4.08E-23,8.11E-23,0.5873656,3.26E-12,0.7773821,3.91E-06,1.54E-05,0.43570697,0,0.4486267,0,0,0.3503546,0,0.58125275,0.47003502,4
0.40806964,0.43610975,0.21782057,0.13815321,0.38159412,0.46982324,7.24E-05,3.90E-09,0.34851477,0.4641461,0.019463522,0.00032227446,0.38961926,0.4486558,0.026704308,0.0006852827,0.43765217,0.46403483,7.23E-22,1.12E-21,0.31645042,2.53E-10,0.3376903,1.31E-05,5.14E-05,0.43570697,0,0.4486267,0,0,0.35886526,0,0.58125275,0.47003502,1
0.35020095,0.31378177,0.18372022,0.13425937,0.38159412,0.46982324,0,0,0.34851477,0.4641461,0,0,0.38961926,0.4486558,0,0,0.43765217,0.46403483,0,0,0,0,0,0.982667,0,0.43570697,0,0.4486267,0,0,2.08E-17,0,0.58125275,0.47003502,5
0.7399158,0.8320643,0.00710139,9.56E-05,0.38159412,0.46982324,0.00020733924,3.20E-08,0.34851477,0.4641461,0.00035855145,1.09E-07,0.38961926,0.4486558,0.00027214573,7.12E-08,0.43765217,0.46403483,9.50E-23,1.46E-22,0.6257406,1.89E-10,0.75783765,6.06E-06,2.38E-05,0.43570697,0,0.4486267,0,0,0.009929078,0,0.58125275,0.47003502,3
0.86584663,0.905315,0.008150835,7.69E-05,0.38159412,0.46982324,0.000537009,2.15E-07,0.34851477,0.4641461,0.00029704612,7.51E-08,0.38961926,0.4486558,0.0002609105,6.54E-08,0.43765217,0.46403483,1.72E-22,1.27E-21,0.84325534,2.30E-11,0.94359547,4.06E-06,1.60E-05,0.43570697,0,0.4486267,0,0,0.009929078,0,0.58125275,0.47003502,3
0.003521109,0.001071004,0.038947072,0.042141348,0.34686604,0.37843716,0.30077115,0.24001716,0.30996373,0.36413437,0.29928595,0.27467567,0.35056,0.3527094,0.26273534,0.24816881,0.4506697,0.47922426,1.93E-17,2.08E-17,0.0038777238,2.58E-17,0.00082741125,2.15E-09,1.20E-16,0.43570697,0,0.4486267,0,0,0.009929078,0,0.58125275,0.47003502,0
0.47824675,0.50089794,0.21286096,0.13163581,0.38159412,0.46982324,0.026337828,0.0005167922,0.34851477,0.4641461,0.016048467,0.0002191039,0.38961926,0.4486558,0.0147334365,0.00020860044,0.43765217,0.46403483,5.33E-22,1.04E-21,0.33848885,7.09E-10,0.38789424,1.27E-05,5.00E-05,0.43570697,0,0.4486267,0,0,0.3503546,0,0.58125275,0.47003502,4
0.6963892,0.24146408,0.007022333,9.65E-05,0.38159412,0.46982324,0.0009158453,6.25E-07,0.34851477,0.4641461,0.0003342486,9.50E-08,0.38961926,0.4486558,0.00027509514,7.27E-08,0.43765217,0.46403483,2.65E-22,5.95E-14,0.5759251,7.18E-05,0.21750042,7.56E-05,0.0002975147,0.43570697,0,0.4486267,0,0,0.009929078,0,0.58125275,0.47003502,3
0.9508064,0.93436503,0.00816352,7.66E-05,0.38159412,0.46982324,4.91E-05,1.80E-09,0.34851477,0.4641461,0.00022399175,4.27E-08,0.38961926,0.4486558,0.00025066803,6.04E-08,0.43765217,0.46403483,3.89E-23,4.88E-23,0.929782,1.31E-11,0.97565454,3.75E-06,1.47E-05,0.43570697,0,0.4486267,0,0,0.009929078,0,0.58125275,0.47003502,3
0.7246049,0.9666997,0.24455589,0.121370986,0.38159412,0.46982324,1.80E-06,2.42E-12,0.34851477,0.4641461,0.0043303734,1.60E-05,0.38961926,0.4486558,0.006503089,4.06E-05,0.43765217,0.46403483,1.17E-22,1.91E-22,0.59104246,3.71E-16,0.85993093,1.43E-06,5.61E-06,0.43570697,0,0.4486267,0,0,0.3503546,0,0.58125275,0.47003502,4
0.0013381697,0.0016435963,0.008371827,0.0008616909,0.3815941,0.4661346,0.029934967,0.000670438,0.34850445,0.44772512,0.03863579,0.0014213589,0.38962945,0.45259205,0.03250997,0.0012345535,0.43777168,0.48483384,3.26E-18,3.09E-18,0.0012458,4.86E-18,0.0017149397,7.58E-10,5.92E-18,0.43570697,0.00046987066,0.4485566,0.0014442789,0.003349583,0.03947543,0.000498803,0.58124906,0.46118432,0
0.7242287,0.8124617,0.24387164,0.12167499,0.38159412,0.46982324,0,0,0.34851477,0.4641461,0,0,0.38961926,0.4486558,0,0,0.43765217,0.46403483,0,0,0,0,0,0.9826649,0,0.43570697,0,0.4486267,0,0,2.08E-17,0,0.58125275,0.47003502,4
0.46064627,0.48005977,0.21319836,0.13156609,0.38159412,0.46982324,0,0,0.34851477,0.4641461,0,0,0.38961926,0.4486558,0,0,0.43765217,0.46403483,0,0,0,0,0,0.9826649,0,0.43570697,0,0.4486267,0,0,2.08E-17,0,0.58125275,0.47003502,4
0.72705054,0.71112275,0.008062058,7.91E-05,0.38159412,0.46982324,2.55E-07,4.84E-14,0.34851477,0.4641461,0.00017365799,2.57E-08,0.38961926,0.4486558,0.00026305384,6.65E-08,0.43765217,0.46403483,1.06E-22,1.16E-22,0.6851134,8.48E-09,0.73225355,9.25E-06,3.64E-05,0.43570697,0,0.4486267,0,0,0.009929078,0,0.58125275,0.47003502,3
0.7238321,0.794715,0.24375916,0.12172488,0.38159412,0.46982324,0,0,0.34851477,0.4641461,0,0,0.38961926,0.4486558,0,0,0.43765217,0.46403483,0,0,0,0,0,0.9826649,0,0.43570697,0,0.4486267,0,0,2.08E-17,0,0.58125275,0.47003502,4
0.25740796,0.19449368,1.77E-05,1.80E-06,0.38159412,0.46982324,0,0,0.34851477,0.4641461,0,0,0.38961926,0.4486558,0,0,0.43765217,0.46403483,0,0,0,0,0,0.98266286,0,0.43570697,0,0.4486267,0,0,2.08E-17,0,0.58125275,0.47003502,2
0.288508,0.076036446,0.21013756,0.13949881,0.38159412,0.46982324,0,0,0.34851477,0.4641461,0,0,0.38961926,0.4486558,0,0,0.43765217,0.46403483,0,0,0,0,0,0.9826661,0,0.43570697,0,0.4486267,0,0,2.08E-17,0,0.58125275,0.47003502,1
0.7918514,0.8216698,0.00809605,7.80E-05,0.38159412,0.46982324,0.00047071767,1.65E-07,0.34851477,0.4641461,0.00029142466,7.22E-08,0.38961926,0.4486558,0.00026581998,6.79E-08,0.43765217,0.46403483,9.85E-23,8.46E-23,0.7624982,2.89E-10,0.8510248,5.74E-06,2.26E-05,0.43570697,0,0.4486267,0,0,0.009929078,0,0.58125275,0.47003502,3
0.44322702,0.5972174,0.2141209,0.13137482,0.38159412,0.46982324,0,0,0.34851477,0.4641461,0,0,0.38961926,0.4486558,0,0,0.43765217,0.46403483,0,0,0,0,0,0.982665,0,0.43570697,0,0.4486267,0,0,2.08E-17,0,0.58125275,0.47003502,4
0.37697986,0.3773229,0.21224965,0.13918014,0.38159412,0.46982324,0.044306774,0.0014625012,0.34851477,0.4641461,0.033519853,0.0009558446,0.38961926,0.4486558,0.028012676,0.0007540781,0.43765217,0.46403483,1.17E-21,2.22E-21,0.25446635,1.44E-08,0.2847299,2.27E-05,8.94E-05,0.43570697,0,0.4486267,0,0,0.35886526,0,0.58125275,0.47003502,1
0.23391913,0.31463918,7.35E-05,3.65E-06,0.38159412,0.46982324,0,0,0.34851477,0.4641461,0,0,0.38961926,0.4486558,0,0,0.43765217,0.46403483,0,0,0,0,0,0.9826632,0,0.43570697,0,0.4486267,0,0,2.08E-17,0,0.58125275,0.47003502,2
0.39932793,0.59956497,0.21273826,0.13165684,0.38159412,0.46982324,0,0,0.34851477,0.4641461,0,0,0.38961926,0.4486558,0,0,0.43765217,0.46403483,0,0,0,0,0,0.98266506,0,0.43570697,0,0.4486267,0,0,2.08E-17,0,0.58125275,0.47003502,4
0.74566776,0.81915665,0.007092903,9.57E-05,0.38159412,0.46982324,0,0,0.34851477,0.4641461,0,0,0.38961926,0.4486558,0,0,0.43765217,0.46403483,0,0,0,0,0,0.9826656,0,0.43570697,0,0.4486267,0,0,2.08E-17,0,0.58125275,0.47003502,3
0.3767216,0.41025746,0.18408452,0.13426737,0.38159412,0.46982324,0,0,0.34851477,0.4641461,0,0,0.38961926,0.4486558,0,0,0.43765217,0.46403483,0,0,0,0,0,0.9826671,0,0.43570697,0,0.4486267,0,0,2.08E-17,0,0.58125275,0.47003502,5
0.4394001,0.59406495,0.21458176,0.13127686,0.38159412,0.46982324,2.33E-05,4.03E-10,0.34851477,0.4641461,0.008678138,6.41E-05,0.38961926,0.4486558,0.01250057,0.00015016431,0.43765217,0.46403483,7.48E-22,1.01E-21,0.3134479,5.40E-15,0.46371335,3.24E-06,1.28E-05,0.43570697,0,0.4486267,0,0,0.3503546,0,0.58125275,0.47003502,4
0.7249218,0.9734714,0.24393839,0.121645354,0.38159412,0.46982324,0.004544734,1.54E-05,0.34851477,0.4641461,0.009495113,7.67E-05,0.38961926,0.4486558,0.0070821606,4.82E-05,0.43765217,0.46403483,2.53E-22,2.21E-22,0.5820072,1.16E-16,0.86377966,1.26E-06,4.96E-06,0.43570697,0,0.4486267,0,0,0.3503546,0,0.58125275,0.47003502,4
0.2700822,0.074921265,0.0052814516,0.000108011955,0.38159412,0.46982324,0,0,0.34851477,0.4641461,0,0,0.38961926,0.4486558,0,0,0.43765217,0.46403483,0,0,0,0,0,0.9826655,0,0.43570697,0,0.4486267,0,0,2.08E-17,0,0.58125275,0.47003502,3
0.44947812,0.6066094,0.21441194,0.13131085,0.38159412,0.46982324,8.46E-06,5.34E-11,0.34851477,0.4641461,0.007800075,5.18E-05,0.38961926,0.4486558,0.012488516,0.00014987486,0.43765217,0.46403483,3.45E-22,4.60E-22,0.33206698,3.62E-18,0.47312623,1.54E-06,6.06E-06,0.43570697,0,0.4486267,0,0,0.3503546,0,0.58125275,0.47003502,4
0.0009321207,0.0015593936,0.008284807,0.00080870284,0.38159412,0.46982324,0.0006578281,1.67E-05,0.34851474,0.4633518,0.027275266,0.00074823364,0.38961393,0.4449605,0.031148855,0.0011650689,0.43777737,0.48683226,1.68E-21,1.69E-18,0.0009131864,6.75E-18,0.0016752164,7.86E-10,6.01E-18,0.43583098,0.00015206961,0.5342246,0.001517651,0.0051508783,0.040262084,0.00046059082,0.5813085,0.56108373,0
0.31253,0.09491624,0.18294235,0.13425611,0.38159412,0.46982324,0,0,0.34851477,0.4641461,0,0,0.38961926,0.4486558,0,0,0.43765217,0.46403483,0,0,0,0,0,0.98266697,0,0.43570697,0,0.4486267,0,0,2.08E-17,0,0.58125275,0.47003502,5
0.71551013,0.6355785,0.2434445,0.12186338,0.38159412,0.46982324,3.34E-08,8.33E-16,0.34851477,0.4641461,0.0025214031,5.41E-06,0.38961926,0.4486558,0.0058197216,3.25E-05,0.43765217,0.46403483,8.99E-23,1.27E-22,0.5845066,5.18E-08,0.5627997,1.42E-05,5.59E-05,0.43570697,0,0.4486267,0,0,0.3503546,0,0.58125275,0.47003502,4
0.7137306,0.75158757,0.25021726,0.12746656,0.38159412,0.46982324,0,0,0.34851477,0.4641461,0,0,0.38961926,0.4486558,0,0,0.43765217,0.46403483,0,0,0,0,0,0.9826662,0,0.43570697,0,0.4486267,0,0,2.08E-17,0,0.58125275,0.47003502,1
0.4121585,0.30074525,0.2133186,0.1315412,0.38159412,0.46982324,0,0,0.34851477,0.4641461,0,0,0.38961926,0.4486558,0,0,0.43765217,0.46403483,0,0,0,0,0,0.9826648,0,0.43570697,0,0.4486267,0,0,2.08E-17,0,0.58125275,0.47003502,4
0.69626194,0.8320926,0.249941,0.12759185,0.38159412,0.46982324,0,0,0.34851477,0.4641461,0,0,0.38961926,0.4486558,0,0,0.43765217,0.46403483,0,0,0,0,0,0.9826662,0,0.43570697,0,0.4486267,0,0,2.08E-17,0,0.58125275,0.47003502,1
0.2267925,0.31687808,7.46E-05,3.79E-06,0.38159412,0.46982324,0,0,0.34851477,0.4641461,0,0,0.38961926,0.4486558,0,0,0.43765217,0.46403483,0,0,0,0,0,0.9826633,0,0.43570697,0,0.4486267,0,0,2.08E-17,0,0.58125275,0.47003502,2
0.7227505,0.980191,0.24410547,0.12157115,0.38159412,0.46982324,2.10E-06,3.28E-12,0.34851477,0.4641461,0.004388433,1.64E-05,0.38961926,0.4486558,0.0065342644,4.10E-05,0.43765217,0.46403483,3.67E-22,2.80E-22,0.5870999,2.47E-17,0.8703253,1.07E-06,4.22E-06,0.43570697,0,0.4486267,0,0,0.3503546,0,0.58125275,0.47003502,4
0.7440589,0.3960227,0.008047759,7.96E-05,0.38159412,0.46982324,1.06E-07,8.42E-15,0.34851477,0.4641461,0.00016000964,2.18E-08,0.38961926,0.4486558,0.0002581957,6.41E-08,0.43765217,0.46403483,7.51E-23,8.87E-23,0.70399743,6.71E-06,0.40730974,3.25E-05,0.00012789223,0.43570697,0,0.4486267,0,0,0.009929078,0,0.58125275,0.47003502,3
0.0001818299,0.00057355646,0.034786705,0.006510948,0.38159412,0.46982324,0,1.44E-18,0.34851477,0.4641461,0.0310327,0.00081926084,0.38961926,0.4486558,0.0913265,0.008014948,0.43765217,0.46388143,0,2.69E-25,3.32E-05,1.22E-16,0.0003111277,6.87E-09,9.32E-16,0.43570697,0.0008777901,0.4486267,0.00041161058,0.084630884,0.08326407,0.006933588,0.58125275,0.47003502,0
0.32049784,0.091659136,0.1830957,0.13426429,0.38159412,0.46982324,0.02719246,0.0005508749,0.34851477,0.4641461,0.021402605,0.00038968737,0.38961926,0.4486558,0.022354035,0.00048019647,0.43765217,0.46403483,1.16E-21,3.01E-10,0.19743186,0.00045327903,0.061078817,0.00029087506,0.0011439349,0.43570697,2.32E-16,0.4486267,0.21156032,6.72E-08,0.3503546,4.37E-15,0.58125275,0.47003502,5
0.22701488,0.2980649,7.49E-05,3.78E-06,0.38159412,0.46982324,0,0,0.34851477,0.4641461,0,0,0.38961926,0.4486558,0,0,0.43765217,0.46403483,0,0,0,0,0,0.9826631,0,0.43570697,0,0.4486267,0,0,2.08E-17,0,0.58125275,0.47003502,2
0.43568265,0.4415875,0.21222082,0.13176279,0.38159412,0.46982324,0.005403431,2.18E-05,0.34851477,0.4641461,0.019071305,0.00030941682,0.38961926,0.4486558,0.015751848,0.00023843504,0.43765217,0.46403483,1.59E-21,1.40E-21,0.30900717,1.45E-08,0.34095308,1.94E-05,7.62E-05,0.43570697,0,0.4486267,0,0,0.3503546,0,0.58125275,0.47003502,4
0.4678334,0.55056113,0.21320193,0.13156672,0.38159412,0.46982324,0.00023475547,4.11E-08,0.34851477,0.4641461,0.009855225,8.26E-05,0.38961926,0.4486558,0.013329099,0.00017072953,0.43765217,0.46403483,8.22E-22,8.02E-22,0.33470613,3.32E-12,0.4270063,6.74E-06,2.65E-05,0.43570697,0,0.4486267,0,0,0.3503546,0,0.58125275,0.47003502,4
0.0013510279,0.0015918035,0.008271468,0.0012067242,0.38159412,0.46982324,0.0006738945,5.72E-07,0.34851477,0.46414536,0.0097460905,0.00014045616,0.38961032,0.41630515,0.010197692,0.0001554729,0.4376674,0.4845532,1.66E-25,1.61E-19,0.00020714429,3.64E-17,0.00036537263,5.05E-09,4.83E-17,0.43570617,0.00015156313,0.41627812,0.0012667464,0.010159284,0.028335918,0.00015544269,0.5812652,0.49032345,0
0.71988815,0.90765643,0.24425846,0.121503435,0.38159412,0.46982324,0.00047186457,1.66E-07,0.34851477,0.4641461,0.0074941535,4.78E-05,0.38961926,0.4486558,0.0068681687,4.53E-05,0.43765217,0.46403483,1.89E-22,1.80E-22,0.5908968,2.63E-13,0.8064331,2.93E-06,1.15E-05,0.43570697,0,0.4486267,0,0,0.3503546,0,0.58125275,0.47003502,4
0.71954685,0.8552413,0.24413949,0.12155666,0.38159412,0.46982324,9.12E-08,6.20E-15,0.34851477,0.4641461,0.0031740803,8.57E-06,0.38961926,0.4486558,0.006167499,3.66E-05,0.43765217,0.46403483,1.28E-22,1.42E-22,0.58804786,1.25E-11,0.75948036,4.58E-06,1.80E-05,0.43570697,0,0.4486267,0,0,0.3503546,0,0.58125275,0.47003502,4
0.7231169,0.8228993,0.24390012,0.121662855,0.38159412,0.46982324,0,0,0.34851477,0.4641461,0,0,0.38961926,0.4486558,0,0,0.43765217,0.46403483,0,0,0,0,0,0.9826649,0,0.43570697,0,0.4486267,0,0,2.08E-17,0,0.58125275,0.47003502,4
0.25775853,0.3582297,1.56E-05,1.58E-06,0.38159412,0.46982324,0,0,0.34851477,0.4641461,0,0,0.38961926,0.4486558,0,0,0.43765217,0.46403483,0,0,0,0,0,0.9826632,0,0.43570697,0,0.4486267,0,0,2.08E-17,0,0.58125275,0.47003502,2
0.22410792,0.27274564,7.42E-05,3.80E-06,0.38159412,0.46982324,0,0,0.34851477,0.4641461,0,0,0.38961926,0.4486558,0,0,0.43765217,0.46403483,0,0,0,0,0,0.982663,0,0.43570697,0,0.4486267,0,0,2.08E-17,0,0.58125275,0.47003502,2
0.7570416,0.7706988,0.0070862863,9.58E-05,0.38159412,0.46982324,4.19E-05,1.31E-09,0.34851477,0.4641461,0.00029009688,7.16E-08,0.38961926,0.4486558,0.00026528558,6.76E-08,0.43765217,0.46403483,5.94E-22,3.87E-22,0.6301652,2.21E-09,0.70048285,8.38E-06,3.30E-05,0.43570697,0,0.4486267,0,0,0.009929078,0,0.58125275,0.47003502,3
0.7096494,0.382341,0.24328494,0.12193381,0.38159412,0.46982324,0,0,0.34851477,0.4641461,0,0,0.38961926,0.4486558,0,0,0.43765217,0.46403483,0,0,0,0,0,0.98266476,0,0.43570697,0,0.4486267,0,0,2.08E-17,0,0.58125275,0.47003502,4
0.00036225328,0.00057132373,0.014492792,0.0028680882,0.38159412,0.46982324,0,7.23E-19,0.34851477,0.4641461,0.0019876193,3.37E-06,0.38961926,0.4482325,0.014093566,0.00019087765,0.43765363,0.47941115,0,1.16E-30,7.52E-06,1.58E-17,9.08E-05,2.04E-08,5.33E-16,0.43570697,3.64E-06,0.4482034,0.0003149681,0.014040485,0.032256473,0.00019084055,0.58125395,0.48523906,0
0.72557,0.76364046,0.2442099,0.12152462,0.38159412,0.46982324,0.00017996572,2.41E-08,0.34851477,0.4641461,0.0067817844,3.91E-05,0.38961926,0.4486558,0.006744455,4.37E-05,0.43765217,0.46403483,1.11E-22,1.41E-22,0.5999519,9.21E-10,0.6783388,7.89E-06,3.11E-05,0.43570697,0,0.4486267,0,0,0.3503546,0,0.58125275,0.47003502,4
0.39755514,0.27955103,0.0054436955,0.0001081993,0.38159412,0.46982324,0,0,0.34851477,0.4641461,0,0,0.38961926,0.4486558,0,0,0.43765217,0.46403483,0,0,0,0,0,0.98266554,0,0.43570697,0,0.4486267,0,0,2.08E-17,0,0.58125275,0.47003502,3
0.56383425,0.14146115,0.0070217485,9.67E-05,0.38159412,0.46982324,1.78E-06,2.36E-12,0.34851477,0.4641461,0.00019004462,3.07E-08,0.38961926,0.4486558,0.0002525643,6.13E-08,0.43765217,0.46403483,5.02E-21,5.08E-09,0.46774352,0.00027523568,0.12737279,0.00014466803,0.00056902587,0.43570697,0,0.4486267,0,0,0.009929078,0,0.58125275,0.47003502,3
0.25907487,0.047454316,0.22730196,0.12790225,0.38159412,0.46982324,0.012678936,0.00011976271,0.34851477,0.4641461,0.023373824,0.0004647748,0.38961926,0.4486558,0.023776188,0.00054323976,0.43765217,0.46403483,5.98E-10,3.27E-05,0.19661646,0.00149595,0.039260488,0.0005096155,0.0020037314,0.43570697,0,0.4486267,0,0,0.3503546,0,0.58125275,0.47003502,4
0.45232671,0.2777062,0.21456257,0.13127875,0.38159412,0.46982324,0,0,0.34851477,0.4641461,0,0,0.38961926,0.4486558,0,0,0.43765217,0.46403483,0,0,0,0,0,0.9826648,0,0.43570697,0,0.4486267,0,0,2.08E-17,0,0.58125275,0.47003502,4
0.70525557,0.4149424,0.2506292,0.1272781,0.38159412,0.46982324,5.26E-06,2.06E-11,0.34851477,0.4641461,0.0048729093,2.02E-05,0.38961926,0.4486558,0.0068388144,4.49E-05,0.43765217,0.46403483,1.40E-22,1.63E-22,0.5793028,4.68E-06,0.3693061,3.39E-05,0.00013343173,0.43570697,0,0.4486267,0,0,0.35886526,0,0.58125275,0.47003502,1
0.00096215773,0.0015251905,0.008442197,0.0015623878,0.38159412,0.49555945,0.010904481,8.86E-05,0.3485186,0.53848356,0.038151223,0.0012977861,0.38980785,0.54335463,0.044134233,0.0021366586,0.43793833,0.49431646,9.58E-18,9.39E-18,0.0009692345,8.18E-18,0.0015951972,8.48E-10,8.09E-18,0.43570697,2.39E-05,0.4486267,0.001273675,0.004869879,0.04085974,0.0017531179,0.5812519,0.46931234,0
0.7353913,0.6638037,0.008088805,7.87E-05,0.38159412,0.46982324,0,0,0.34851477,0.4641461,0,0,0.38961926,0.4486558,0,0,0.43765217,0.46403483,0,0,0,0,0,0.9826656,0,0.43570697,0,0.4486267,0,0,2.08E-17,0,0.58125275,0.47003502,3
0.46465418,0.58729523,0.21530859,0.13111512,0.38159412,0.46982324,0.00055708055,2.31E-07,0.34851477,0.4641461,0.010385517,9.18E-05,0.38961926,0.4486558,0.012644121,0.00015363295,0.43765217,0.46403483,5.95E-22,1.21E-21,0.3435297,2.47E-14,0.45998117,3.84E-06,1.51E-05,0.43570697,0,0.4486267,0,0,0.3503546,0,0.58125275,0.47003502,4
0.35955387,0.37979567,0.21197507,0.13922568,0.38159412,0.46982324,0,0,0.34851477,0.4641461,0,0,0.38961926,0.4486558,0,0,0.43765217,0.46403483,0,0,0,0,0,0.98266613,0,0.43570697,0,0.4486267,0,0,2.08E-17,0,0.58125275,0.47003502,1
0.22836295,0.30419618,7.48E-05,3.79E-06,0.38159412,0.46982324,0,0,0.34851477,0.4641461,0,0,0.38961926,0.4486558,0,0,0.43765217,0.46403483,0,0,0,0,0,0.9826631,0,0.43570697,0,0.4486267,0,0,2.08E-17,0,0.58125275,0.47003502,2
0.4575337,0.60589206,0.21377254,0.1314469,0.38159412,0.46982324,0.0007222936,3.89E-07,0.34851477,0.4641461,0.010987118,0.00010269532,0.38961926,0.4486558,0.012585615,0.00015221449,0.43765217,0.46403483,7.87E-22,1.06E-21,0.32958812,7.19E-17,0.47115982,2.08E-06,8.20E-06,0.43570697,0,0.4486267,0,0,0.3503546,0,0.58125275,0.47003502,4
0.33935836,0.3362321,0.1847134,0.1342757,0.38159412,0.46982324,0.0010515208,8.24E-07,0.34851477,0.4641461,0.016870992,0.00024213876,0.38961926,0.4486558,0.017925883,0.0003087935,0.43765217,0.46403483,4.15E-21,2.78E-21,0.21538958,5.99E-08,0.22596876,3.25E-05,0.00012775515,0.43570697,6.97E-16,0.4486267,0.78295815,1.42E-07,0.3503546,1.96E-14,0.58125275,0.47003502,5
0.23087728,0.15053321,7.64E-05,4.00E-06,0.38159412,0.46982324,0,0,0.34851477,0.4641461,0,0,0.38961926,0.4486558,0,0,0.43765217,0.46403483,0,0,0,0,0,0.98266286,0,0.43570697,0,0.4486267,0,0,2.08E-17,0,0.58125275,0.47003502,2
0.71462107,0.67503726,0.24365152,0.12177243,0.38159412,0.46982324,0.0002019045,3.04E-08,0.34851477,0.4641461,0.006883971,4.03E-05,0.38961926,0.4486558,0.0067720097,4.41E-05,0.43765217,0.46403483,1.87E-22,2.71E-22,0.58565485,1.73E-08,0.5982625,1.20E-05,4.71E-05,0.43570697,0,0.4486267,0,0,0.3503546,0,0.58125275,0.47003502,4
0.42869723,0.39743903,0.21228132,0.13917683,0.38159412,0.46982324,0.004694861,1.64E-05,0.34851477,0.4641461,0.026656806,0.00060450414,0.38961926,0.4486558,0.027575491,0.0007307243,0.43765217,0.46403483,7.68E-22,8.34E-22,0.29383615,5.39E-09,0.29994357,1.98E-05,7.80E-05,0.43570697,0,0.4486267,0,0,0.35886526,0,0.58125275,0.47003502,1
0.39076182,0.45280278,0.005943184,0.00010660861,0.38159412,0.46982324,0.00028980957,6.26E-08,0.34851477,0.4641461,0.0008953434,6.82E-07,0.38961926,0.4486558,0.0007755129,5.78E-07,0.43765217,0.46403483,4.95E-21,1.30E-20,0.2542878,1.49E-10,0.34370565,1.19E-05,4.69E-05,0.43570697,0,0.4486267,0,0,0.009929078,0,0.58125275,0.47003502,3
0.21507543,0.29083622,7.44E-05,3.67E-06,0.38159412,0.46982324,0,0,0.34851477,0.4641461,0,0,0.38961926,0.4486558,0,0,0.43765217,0.46403483,0,0,0,0,0,0.98266304,0,0.43570697,0,0.4486267,0,0,2.08E-17,0,0.58125275,0.47003502,2
0.71388316,0.9841109,0.24443987,0.12142267,0.38159412,0.46982324,0.00012783425,1.22E-08,0.34851477,0.4641461,0.0068246485,3.96E-05,0.38961926,0.4486558,0.0070101186,4.72E-05,0.43765217,0.46403483,6.70E-23,1.33E-22,0.587428,6.95E-18,0.87501484,9.41E-07,3.70E-06,0.43570697,0,0.4486267,0,0,0.3503546,0,0.58125275,0.47003502,4
0.51340425,0.25279084,0.0058194846,0.000107216285,0.38159412,0.46982324,0,0,0.34851477,0.4641461,0,0,0.38961926,0.4486558,0,0,0.43765217,0.46403483,0,0,0,0,0,0.98266554,0,0.43570697,0,0.4486267,0,0,2.08E-17,0,0.58125275,0.47003502,3
0.2474243,0.35922962,1.55E-05,1.58E-06,0.38159412,0.46982324,0,0,0.34851477,0.4641461,0,0,0.38961926,0.4486558,0,0,0.43765217,0.46403483,0,0,0,0,0,0.9826633,0,0.43570697,0,0.4486267,0,0,2.08E-17,0,0.58125275,0.47003502,2
0.49048504,0.4768299,0.2130065,0.13160583,0.38159412,0.46982324,0,0,0.34851477,0.4641461,0,0,0.38961926,0.4486558,0,0,0.43765217,0.46403483,0,0,0,0,0,0.9826649,0,0.43570697,0,0.4486267,0,0,2.08E-17,0,0.58125275,0.47003502,4
0.5881889,0.15587611,0.008017209,7.95E-05,0.38159412,0.46982324,1.95E-05,2.85E-10,0.34851477,0.4641461,0.0002747474,6.42E-08,0.38961926,0.4486558,0.0003214529,9.93E-08,0.43765217,0.46403483,7.48E-23,6.38E-10,0.55471534,0.00019271296,0.15982424,0.000113173584,0.00044516273,0.43570697,0,0.4486267,0,0,0.009929078,0,0.58125275,0.47003502,3
0.43501586,0.5313725,0.2131023,0.13158509,0.38159412,0.46982324,0.00024409402,4.44E-08,0.34851477,0.4641461,0.0107261855,9.79E-05,0.38961926,0.4486558,0.013767402,0.00018214241,0.43765217,0.46403483,4.99E-22,8.23E-22,0.31139317,2.06E-11,0.4119373,8.33E-06,3.28E-05,0.43570697,0,0.4486267,0,0,0.3503546,0,0.58125275,0.47003502,4
0.84839183,0.87211305,0.00812223,7.73E-05,0.38159412,0.46982324,5.06E-05,1.91E-09,0.34851477,0.4641461,0.00024512247,5.11E-08,0.38961926,0.4486558,0.00025876367,6.43E-08,0.43765217,0.46403483,6.38E-23,6.32E-23,0.8241767,6.23E-11,0.90676093,4.66E-06,1.83E-05,0.43570697,0,0.4486267,0,0,0.009929078,0,0.58125275,0.47003502,3
0.66491634,0.23777826,0.24877553,0.12811722,0.38159412,0.46982324,9.19E-08,6.29E-15,0.34851477,0.4641461,0.0033242186,9.40E-06,0.38961926,0.4486558,0.0066575017,4.26E-05,0.43765217,0.46403483,2.10E-22,1.86E-14,0.5380166,6.78E-05,0.21005791,7.73E-05,0.00030417886,0.43570697,0,0.4486267,0,0,0.35886526,0,0.58125275,0.47003502,1
0.21907464,0.31374815,7.46E-05,3.79E-06,0.38159412,0.46982324,0,0,0.34851477,0.4641461,0,0,0.38961926,0.4486558,0,0,0.43765217,0.46403483,0,0,0,0,0,0.9826632,0,0.43570697,0,0.4486267,0,0,2.08E-17,0,0.58125275,0.47003502,2
0.22510788,0.31642705,7.43E-05,3.78E-06,0.38159412,0.46982324,0,0,0.34851477,0.4641461,0,0,0.38961926,0.4486558,0,0,0.43765217,0.46403483,0,0,0,0,0,0.9826633,0,0.43570697,0,0.4486267,0,0,2.08E-17,0,0.58125275,0.47003502,2
0.0035722416,0.0028196748,0.049418304,0.0675559,0.41304386,0.7379922,0.056870963,0.5700368,0.38058323,0.743847,0.2340736,0.49974442,0.39888376,0.46984676,0.32552248,0.28344357,0.44001,0.46614614,4.35E-18,1.18E-17,0.002026124,3.52E-17,0.002274089,5.36E-10,6.06E-17,0.43570697,0,0.4486267,0,0,0.009929078,0,0.58125275,0.47003502,0
0.41270226,0.60231113,0.21297579,0.13161075,0.38159412,0.46982324,0.0010150159,7.68E-07,0.34851477,0.4641461,0.014208492,0.00017174298,0.38961926,0.4486558,0.013392754,0.00017236412,0.43765217,0.46403483,1.77E-21,1.69E-21,0.28578588,8.70E-19,0.46664596,1.33E-06,5.25E-06,0.43570697,0,0.4486267,0,0,0.3503546,0,0.58125275,0.47003502,4
0.7245223,0.79315144,0.24372226,0.121741414,0.38159412,0.46982324,0,0,0.34851477,0.4641461,0,0,0.38961926,0.4486558,0,0,0.43765217,0.46403483,0,0,0,0,0,0.9826649,0,0.43570697,0,0.4486267,0,0,2.08E-17,0,0.58125275,0.47003502,4
0.7055184,0.37672,0.24398121,0.12162703,0.38159412,0.46982324,0.00024762691,4.57E-08,0.34851477,0.4641461,0.00702153,4.19E-05,0.38961926,0.4486558,0.0072976565,5.12E-05,0.43765217,0.46403483,7.59E-23,2.70E-22,0.57931995,9.43E-06,0.3343276,4.02E-05,0.00015807795,0.43570697,0,0.4486267,0,0,0.3503546,0,0.58125275,0.47003502,4
0.0011507111,0.0016048151,0.00858292,0.0025818439,0.38159412,0.46982324,0.00025546443,1.02E-05,0.34851477,0.46480978,0.02647409,0.0007604546,0.38961998,0.449115,0.056826,0.0034794777,0.43773186,0.4693341,1.48E-17,1.47E-17,0.0010492309,1.36E-17,0.0016902724,7.87E-10,1.49E-17,0.43570697,0.00030121885,0.44807583,0.0014304229,0.0027120546,0.03928863,0.0005075577,0.58125776,0.48487073,0
0.22439477,0.30101258,7.41E-05,3.72E-06,0.38159412,0.46982324,0,0,0.34851477,0.4641461,0,0,0.38961926,0.4486558,0,0,0.43765217,0.46403483,0,0,0,0,0,0.9826631,0,0.43570697,0,0.4486267,0,0,2.08E-17,0,0.58125275,0.47003502,2
0.71670526,0.95571566,0.244675,0.121317595,0.38159412,0.46982324,0.010417287,8.08E-05,0.34851477,0.4641461,0.010337893,9.09E-05,0.38961926,0.4486558,0.007129436,4.88E-05,0.43765217,0.46403483,2.25E-22,1.99E-22,0.58488244,2.11E-15,0.8505877,1.71E-06,6.74E-06,0.43570697,0,0.4486267,0,0,0.3503546,0,0.58125275,0.47003502,4
0.70323485,0.32882002,0.24403776,0.12160232,0.38159412,0.46982324,0.009413041,6.60E-05,0.34851477,0.4641461,0.010125399,8.72E-05,0.38961926,0.4486558,0.008100185,6.31E-05,0.43765217,0.46403483,1.20E-22,1.41E-19,0.5778019,1.96E-05,0.29189157,4.95E-05,0.00019476023,0.43570697,0,0.4486267,0,0,0.3503546,0,0.58125275,0.47003502,4
0.47673976,0.3336495,0.21370533,0.13146153,0.38159412,0.46982324,0.0032409402,7.83E-06,0.34851477,0.4641461,0.016200313,0.00022326972,0.38961926,0.4486558,0.014902304,0.00021340958,0.43765217,0.46403483,9.51E-22,1.31E-21,0.33922437,1.42E-06,0.2594017,4.06E-05,0.00015978655,0.43570697,0,0.4486267,0,0,0.3503546,0,0.58125275,0.47003502,4
0.7212365,0.5754117,0.00806814,7.96E-05,0.38159412,0.46982324,1.46E-05,1.58E-10,0.34851477,0.4641461,0.0002612937,5.81E-08,0.38961926,0.4486558,0.0002910305,8.14E-08,0.43765217,0.46403483,2.21E-22,1.39E-22,0.67521316,2.81E-07,0.5911393,1.62E-05,6.39E-05,0.43570697,0,0.4486267,0,0,0.009929078,0,0.58125275,0.47003502,3
0.74707615,0.71367735,0.0070932135,9.56E-05,0.38159412,0.46982324,2.12E-06,3.33E-12,0.34851477,0.4641461,0.00018637808,2.96E-08,0.38961926,0.4486558,0.00024373688,5.71E-08,0.43765217,0.46403483,2.67E-22,2.22E-22,0.62890077,1.23E-08,0.64931154,1.07E-05,4.22E-05,0.43570697,0,0.4486267,0,0,0.009929078,0,0.58125275,0.47003502,3
0.43226635,0.42235512,0.21182759,0.13184004,0.38159412,0.46982324,0,0,0.34851477,0.4641461,0,0,0.38961926,0.4486558,0,0,0.43765217,0.46403483,0,0,0,0,0,0.9826648,0,0.43570697,0,0.4486267,0,0,2.08E-17,0,0.58125275,0.47003502,4
0.22513516,0.2949972,7.53E-05,3.75E-06,0.38159412,0.46982324,0,0,0.34851477,0.4641461,0,0,0.38961926,0.4486558,0,0,0.43765217,0.46403483,0,0,0,0,0,0.9826631,0,0.43570697,0,0.4486267,0,0,2.08E-17,0,0.58125275,0.47003502,2
0.2240457,0.31338587,7.39E-05,3.69E-06,0.38159412,0.46982324,0,0,0.34851477,0.4641461,0,0,0.38961926,0.4486558,0,0,0.43765217,0.46403483,0,0,0,0,0,0.9826632,0,0.43570697,0,0.4486267,0,0,2.08E-17,0,0.58125275,0.47003502,2
0.72032213,0.6951956,0.00806579,7.91E-05,0.38159412,0.46982324,2.79E-06,5.78E-12,0.34851477,0.4641461,0.00021979806,4.11E-08,0.38961926,0.4486558,0.00027224093,7.12E-08,0.43765217,0.46403483,2.99E-22,1.76E-22,0.67921466,1.36E-08,0.71602935,9.91E-06,3.90E-05,0.43570697,0,0.4486267,0,0,0.009929078,0,0.58125275,0.47003502,3
0.71126586,0.76838124,0.25012556,0.12750807,0.38159412,0.46982324,0.0023304664,4.05E-06,0.34851477,0.4641461,0.008959809,6.83E-05,0.38961926,0.4486558,0.0068782098,4.55E-05,0.43765217,0.46403483,2.42E-22,1.92E-22,0.57764,5.80E-10,0.68250465,7.46E-06,2.94E-05,0.43570697,0,0.4486267,0,0,0.35886526,0,0.58125275,0.47003502,1
0.0006890879,0.0006247549,0.014168311,0.0010930763,0.38159412,0.46982324,2.46E-06,0.007440052,0.34851477,0.4641461,0.036289714,0.008738951,0.38982224,0.4713469,0.04498879,0.009791689,0.44037378,0.5566155,3.86E-31,1.67E-21,0.00022686517,9.23E-16,0.0003045475,9.47E-09,6.38E-10,0.43570697,0,0.4486267,0,0,0.009929078,0,0.58125275,0.47003502,0
0.26070222,0.35482708,1.50E-05,1.52E-06,0.38159412,0.46982324,0,0,0.34851477,0.4641461,0,0,0.38961926,0.4486558,0,0,0.43765217,0.46403483,0,0,0,0,0,0.98266315,0,0.43570697,0,0.4486267,0,0,2.08E-17,0,0.58125275,0.47003502,2
0.7736391,0.4844768,0.008073,7.89E-05,0.38159412,0.46982324,0.000922578,6.34E-07,0.34851477,0.4641461,0.00042267184,1.52E-07,0.38961926,0.4486558,0.0003165471,9.63E-08,0.43765217,0.46403483,1.34E-22,1.05E-22,0.73894244,1.66E-06,0.5002222,2.31E-05,9.10E-05,0.43570697,0,0.4486267,0,0,0.009929078,0,0.58125275,0.47003502,3
0.7164807,0.98833185,0.24398227,0.12162607,0.38159412,0.46982324,0.018538482,0.00025603795,0.34851477,0.4641461,0.011204434,0.00010679793,0.38961926,0.4486558,0.007489085,5.39E-05,0.43765217,0.46403483,1.19E-22,1.83E-22,0.5816185,1.97E-18,0.8771338,8.26E-07,3.25E-06,0.43570697,0,0.4486267,0,0,0.3503546,0,0.58125275,0.47003502,4
0.7134207,0.8711349,0.24403143,0.12160409,0.38159412,0.46982324,0.00021836541,3.55E-08,0.34851477,0.4641461,0.007046745,4.22E-05,0.38961926,0.4486558,0.00684862,4.51E-05,0.43765217,0.46403483,1.10E-22,1.70E-22,0.5811583,4.24E-12,0.77326375,4.03E-06,1.59E-05,0.43570697,0,0.4486267,0,0,0.3503546,0,0.58125275,0.47003502,4
0.51259804,0.11703727,0.008069224,7.86E-05,0.38159412,0.46982324,0,0,0.34851477,0.4641461,0,0,0.38961926,0.4486558,0,0,0.43765217,0.46403483,0,0,0,0,0,0.9826655,0,0.43570697,0,0.4486267,0,0,2.08E-17,0,0.58125275,0.47003502,3
0.71661836,0.9781248,0.24440284,0.12143856,0.38159412,0.46982324,7.35E-06,4.02E-11,0.34851477,0.4641461,0.0049844505,2.11E-05,0.38961926,0.4486558,0.0066219135,4.21E-05,0.43765217,0.46403483,8.31E-23,1.41E-22,0.588799,3.18E-17,0.86955005,1.10E-06,4.34E-06,0.43570697,0,0.4486267,0,0,0.3503546,0,0.58125275,0.47003502,4
0.0002609992,0.0014176735,0.054432355,0.08253672,0.38159412,0.46982324,9.84E-10,7.23E-19,0.34851477,0.4641461,0.021209935,0.0075969636,0.3896326,0.45138115,0.3250609,0.18221848,0.45149487,0.48044777,0,1.34E-28,1.12E-05,9.96E-17,0.0011729661,1.49E-09,1.60E-16,0.43570697,2.03E-18,0.4486267,0.00029814264,2.42E-09,0.017626109,5.78E-18,0.58125275,0.47003502,0
0.0023175504,0.003823921,0.048594505,0.07685232,0.38159412,0.46983135,0.009462832,0.00031899547,0.3485158,0.46649364,0.3428016,0.28328788,0.39080024,0.45118296,0.3504213,0.30336434,0.42384204,0.4528586,1.43E-21,1.52E-18,0.0016844267,4.39E-17,0.002959259,3.04E-10,3.90E-17,0.43570697,2.57E-18,0.4486267,0.00015384969,1.40E-09,0.017626109,3.42E-18,0.58125275,0.47003502,0
0.7507154,0.71766335,0.008064153,7.90E-05,0.38159412,0.46982324,1.46E-07,1.58E-14,0.34851477,0.4641461,0.00016283979,2.26E-08,0.38961926,0.4486558,0.00026058164,6.53E-08,0.43765217,0.46403483,1.10E-22,1.40E-22,0.7087784,7.46E-09,0.7391829,9.08E-06,3.57E-05,0.43570697,0,0.4486267,0,0,0.009929078,0,0.58125275,0.47003502,3
0.2227469,0.312629,7.41E-05,3.68E-06,0.38159412,0.46982324,0,0,0.34851477,0.4641461,0,0,0.38961926,0.4486558,0,0,0.43765217,0.46403483,0,0,0,0,0,0.9826632,0,0.43570697,0,0.4486267,0,0,2.08E-17,0,0.58125275,0.47003502,2
0.22952943,0.30779135,7.45E-05,3.82E-06,0.38159412,0.46982324,0,0,0.34851477,0.4641461,0,0,0.38961926,0.4486558,0,0,0.43765217,0.46403483,0,0,0,0,0,0.98266315,0,0.43570697,0,0.4486267,0,0,2.08E-17,0,0.58125275,0.47003502,2
0.4238278,0.4085407,0.0058674095,0.00010702902,0.38159412,0.46982324,0,0,0.34851477,0.4641461,0,0,0.38961926,0.4486558,0,0,0.43765217,0.46403483,0,0,0,0,0,0.9826656,0,0.43570697,0,0.4486267,0,0,2.08E-17,0,0.58125275,0.47003502,3
0.7192768,0.9541096,0.24444517,0.12142022,0.38159412,0.46982324,8.04E-08,4.81E-15,0.34851477,0.4641461,0.0031676674,8.54E-06,0.38961926,0.4486558,0.0062414687,3.74E-05,0.43765217,0.46403483,5.83E-22,2.78E-22,0.58110285,2.91E-15,0.848341,1.77E-06,6.98E-06,0.43570697,0,0.4486267,0,0,0.3503546,0,0.58125275,0.47003502,4
0.7198122,0.94805825,0.24466278,0.12132293,0.38159412,0.46982324,0,0,0.34851477,0.4641461,0,0,0.38961926,0.4486558,0,0,0.43765217,0.46403483,0,0,0,0,0,0.982665,0,0.43570697,0,0.4486267,0,0,2.08E-17,0,0.58125275,0.47003502,4
0.00035840852,0.00066180783,0.022171253,0.0037741447,0.38159412,0.46982324,0.0032242313,0.00012009201,0.3485147,0.4637273,0.008853757,0.001592812,0.3896218,0.4513688,0.02415458,0.0026104,0.43777856,0.47957003,9.01E-24,2.99E-19,0.0001897982,9.10E-17,0.00023869259,8.04E-09,2.32E-16,0.43570697,1.28E-18,0.4486267,0.00048098518,9.90E-10,0.017626109,3.01E-18,0.58125275,0.47003502,0
0.827603,0.8827933,0.008132266,7.71E-05,0.38159412,0.46982324,7.02E-06,3.67E-11,0.34851477,0.4641461,0.00020071895,3.43E-08,0.38961926,0.4486558,0.0002516509,6.09E-08,0.43765217,0.46403483,9.46E-23,1.02E-22,0.8059877,4.18E-11,0.9191286,4.40E-06,1.73E-05,0.43570697,0,0.4486267,0,0,0.009929078,0,0.58125275,0.47003502,3
0.7122227,0.2900979,0.007077721,9.59E-05,0.38159412,0.46982324,3.90E-05,1.13E-09,0.34851477,0.4641461,0.00023928419,4.87E-08,0.38961926,0.4486558,0.0002422764,5.64E-08,0.43765217,0.46403483,7.38E-23,1.07E-16,0.5990574,3.68E-05,0.26333085,5.87E-05,0.00023075705,0.43570697,0,0.4486267,0,0,0.009929078,0,0.58125275,0.47003502,3
0.7585359,0.9252937,0.2451836,0.12108825,0.38159412,0.46982324,4.33E-06,1.40E-11,0.34851477,0.4641461,0.0045259045,1.74E-05,0.38961926,0.4486558,0.0064805006,4.04E-05,0.43765217,0.46403483,7.63E-23,1.01E-22,0.6380399,9.59E-14,0.8252093,2.61E-06,1.03E-05,0.43570697,0,0.4486267,0,0,0.3503546,0,0.58125275,0.47003502,4
0.00029051534,0.0003993913,0.011622609,0.00049350644,0.38159412,0.46982324,0,7.23E-19,0.34851477,0.4641461,1.40E-06,1.67E-12,0.38961926,0.4486558,0.010392051,0.00010378074,0.43765098,0.4414487,0,7.74E-31,6.95E-06,1.73E-23,6.93E-05,2.55E-08,2.05E-15,0.43570697,1.80E-12,0.4486267,0.00024039303,0.010352911,0.03318658,0.00010376057,0.58125174,0.447702,0
0.29545182,0.060515307,0.21931103,0.13016126,0.38159412,0.46982324,0,0,0.34851477,0.4641461,0,0,0.38961926,0.4486558,0,0,0.43765217,0.46403483,0,0,0,0,0,0.98266476,0,0.43570697,0,0.4486267,0,0,2.08E-17,0,0.58125275,0.47003502,4
0.71656805,0.6596758,0.24340947,0.12187833,0.38159412,0.46982324,0.0019415901,2.81E-06,0.34851477,0.4641461,0.008627405,6.33E-05,0.38961926,0.4486558,0.0070094843,4.72E-05,0.43765217,0.46403483,6.92E-23,9.49E-23,0.58434284,2.71E-08,0.58406985,1.28E-05,5.04E-05,0.43570697,0,0.4486267,0,0,0.3503546,0,0.58125275,0.47003502,4
0.00023299684,0.00057738705,0.029365242,0.03625013,0.38159412,0.46982324,6.85E-06,3.50E-11,0.34851477,0.4641461,0.015956094,0.00021658892,0.38961926,0.44865653,0.01912527,0.0003514976,0.43765315,0.47922766,0,1.47E-23,2.55E-05,7.82E-17,7.48E-05,2.38E-08,2.21E-16,0.43570697,0.0002337163,0.44862738,0.00025939217,0.019053238,0.029836781,0.0003514293,0.5812535,0.4850576,0
0.39451748,0.18161306,0.2099902,0.1395299,0.38159412,0.46982324,0,0,0.34851477,0.4641461,0,0,0.38961926,0.4486558,0,0,0.43765217,0.46403483,0,0,0,0,0,0.9826661,0,0.43570697,0,0.4486267,0,0,2.08E-17,0,0.58125275,0.47003502,1
0.71945727,0.60067993,0.24313752,0.12199754,0.38159412,0.46982324,7.43E-07,4.12E-13,0.34851477,0.4641461,0.0039269943,1.31E-05,0.38961926,0.4486558,0.0062612537,3.77E-05,0.43765217,0.46403483,2.23E-22,1.75E-22,0.5840868,1.26E-07,0.53123105,1.64E-05,6.47E-05,0.43570697,0,0.4486267,0,0,0.3503546,0,0.58125275,0.47003502,4
0.21834424,0.036611307,0.2332867,0.12586764,0.38159412,0.46982324,0.023078505,0.00039679967,0.34851477,0.4641461,0.02723141,0.00063084596,0.38961926,0.4486558,0.026929513,0.00069688977,0.43765217,0.46403483,3.59E-08,0.000108261156,0.1704491,0.002030945,0.031093901,0.00065395323,0.002570867,0.43570697,0,0.4486267,0,0,0.3503546,0,0.58125275,0.47003502,4
0.7187018,0.8993508,0.24398655,0.121624224,0.38159412,0.46982324,0.013228975,0.00013037922,0.34851477,0.4641461,0.010503757,9.39E-05,0.38961926,0.4486558,0.0071371766,4.90E-05,0.43765217,0.46403483,2.30E-22,1.87E-22,0.5851037,5.17E-13,0.7981697,3.17E-06,1.25E-05,0.43570697,0,0.4486267,0,0,0.3503546,0,0.58125275,0.47003502,4
0.70958024,0.99013716,0.24412377,0.12156308,0.38159412,0.46982324,0,0,0.34851477,0.4641461,0,0,0.38961926,0.4486558,0,0,0.43765217,0.46403483,0,0,0,0,0,0.98266506,0,0.43570697,0,0.4486267,0,0,2.08E-17,0,0.58125275,0.47003502,4
0.44371647,0.37005296,0.21493062,0.13119665,0.38159412,0.46982324,0,0,0.34851477,0.4641461,0,0,0.38961926,0.4486558,0,0,0.43765217,0.46403483,0,0,0,0,0,0.9826648,0,0.43570697,0,0.4486267,0,0,2.08E-17,0,0.58125275,0.47003502,4
0.74809253,0.5600597,0.0070873937,9.57E-05,0.38159412,0.46982324,3.44E-08,8.83E-16,0.34851477,0.4641461,0.0001522876,1.97E-08,0.38961926,0.4486558,0.00022134985,4.71E-08,0.43765217,0.46403483,2.26E-22,2.03E-22,0.6285696,4.76E-07,0.50912833,1.97E-05,7.76E-05,0.43570697,0,0.4486267,0,0,0.009929078,0,0.58125275,0.47003502,3
0.0010933765,0.0016822076,0.0106716985,0.002145534,0.38159412,0.45722082,0.019007444,0.00026939434,0.3485187,0.4871848,0.039728396,0.0014416217,0.38988113,0.55732286,0.051802438,0.002805619,0.4377,0.46819788,7.97E-18,7.85E-18,0.001098478,7.68E-18,0.0017448053,9.87E-10,9.72E-10,0.43570697,0.00032172562,0.4486267,0.0013395982,1.73E-05,0.039668158,0.000470443,0.58125275,0.4700306,0
0.39808694,0.43084478,0.18347934,0.13425463,0.38159412,0.46982324,0,0,0.34851477,0.4641461,0,0,0.38961926,0.4486558,0,0,0.43765217,0.46403483,0,0,0,0,0,0.9826671,0,0.43570697,0,0.4486267,0,0,2.08E-17,0,0.58125275,0.47003502,5
0.42929026,0.14228278,0.21674182,0.13079575,0.38159412,0.46982324,0,0,0.34851477,0.4641461,0,0,0.38961926,0.4486558,0,0,0.43765217,0.46403483,0,0,0,0,0,0.98266476,0,0.43570697,0,0.4486267,0,0,2.08E-17,0,0.58125275,0.47003502,4
6.48E-05,0.0003774606,0.012053485,0.001124855,0.38159412,0.46982324,1.97E-09,2.97E-18,0.34851477,0.4641461,0.00044392445,1.68E-07,0.38961926,0.4486319,0.012726293,0.00015563863,0.43765098,0.44853294,0,0,7.00E-06,7.93E-19,8.38E-05,2.18E-08,4.53E-16,0.43570697,1.82E-07,0.44860277,0.00029057675,0.0126783615,0.03264738,0.00015560839,0.58125174,0.45470685,0
0.0005768246,0.0014457554,0.06311269,0.08818075,0.38159412,0.46983173,0.0032257878,0.00016118785,0.34851572,0.47305167,0.22279869,0.08112158,0.38926074,0.4463466,0.33110625,0.19871457,0.42575106,0.450907,9.32E-23,7.81E-18,0.0003563058,5.69E-16,0.0015020259,1.09E-09,1.41E-16,0.43570697,9.07E-19,0.4486267,0.00026891995,1.40E-09,0.017626109,2.13E-18,0.58125275,0.47003502,0
0.2261906,0.24255525,7.34E-05,3.72E-06,0.38159412,0.46982324,0,0,0.34851477,0.4641461,0,0,0.38961926,0.4486558,0,0,0.43765217,0.46403483,0,0,0,0,0,0.982663,0,0.43570697,0,0.4486267,0,0,2.08E-17,0,0.58125275,0.47003502,2
0.22047216,0.31727698,7.30E-05,3.65E-06,0.38159412,0.46982324,0,0,0.34851477,0.4641461,0,0,0.38961926,0.4486558,0,0,0.43765217,0.46403483,0,0,0,0,0,0.9826633,0,0.43570697,0,0.4486267,0,0,2.08E-17,0,0.58125275,0.47003502,2
0.71944857,0.8907128,0.00749087,8.95E-05,0.38159412,0.46982324,4.30E-08,1.38E-15,0.34851477,0.4641461,0.00011234976,1.07E-08,0.38961926,0.4486558,0.00023111493,5.13E-08,0.43765217,0.46403483,1.54E-23,2.19E-23,0.7920731,3.14E-12,0.8558977,3.64E-06,1.43E-05,0.43570697,0,0.4486267,0,0,0.009929078,0,0.58125275,0.47003502,3
0.74912417,0.74122,0.007096496,9.57E-05,0.38159412,0.46982324,0.0001877444,2.63E-08,0.34851477,0.4641461,0.0002895297,7.13E-08,0.38961926,0.4486558,0.00025692995,6.34E-08,0.43765217,0.46403483,1.28E-22,1.66E-22,0.63136905,5.50E-09,0.67460483,9.54E-06,3.75E-05,0.43570697,0,0.4486267,0,0,0.009929078,0,0.58125275,0.47003502,3
0.7197965,0.9832085,0.24422768,0.12151719,0.38159412,0.46982324,0.0012751343,1.21E-06,0.34851477,0.4641461,0.008582951,6.27E-05,0.38961926,0.4486558,0.0071790293,4.95E-05,0.43765217,0.46403483,1.80E-22,1.39E-22,0.5873664,1.10E-17,0.87345725,9.87E-07,3.88E-06,0.43570697,0,0.4486267,0,0,0.3503546,0,0.58125275,0.47003502,4
0.7163228,0.72361594,0.24380259,0.12170544,0.38159412,0.46982324,9.52E-08,6.75E-15,0.34851477,0.4641461,0.0032013918,8.72E-06,0.38961926,0.4486558,0.0060581146,3.53E-05,0.43765217,0.46403483,1.04E-22,1.45E-22,0.5880383,3.73E-09,0.6417026,9.58E-06,3.77E-05,0.43570697,0,0.4486267,0,0,0.3503546,0,0.58125275,0.47003502,4
0.2270585,0.31767324,7.33E-05,3.71E-06,0.38159412,0.46982324,0,0,0.34851477,0.4641461,0,0,0.38961926,0.4486558,0,0,0.43765217,0.46403483,0,0,0,0,0,0.9826633,0,0.43570697,0,0.4486267,0,0,2.08E-17,0,0.58125275,0.47003502,2
0.7409404,0.60756207,0.0070803287,9.58E-05,0.38159412,0.46982324,4.24E-05,1.34E-09,0.34851477,0.4641461,0.0003139833,8.39E-08,0.38961926,0.4486558,0.00026789575,6.90E-08,0.43765217,0.46403483,1.16E-22,1.37E-22,0.6187353,1.75E-07,0.55176437,1.64E-05,6.47E-05,0.43570697,0,0.4486267,0,0,0.009929078,0,0.58125275,0.47003502,3
0.36531037,0.41324028,0.1837931,0.13426018,0.38159412,0.46982324,0.026505645,0.0005233988,0.34851477,0.4641461,0.02305605,0.00045222323,0.38961926,0.4486558,0.017954301,0.00030977337,0.43765217,0.46403483,1.25E-21,1.02E-21,0.22412504,2.50E-10,0.27634308,1.54E-05,6.06E-05,0.43570697,1.28E-15,0.4486267,0.95749813,9.70E-08,0.3503546,9.11E-15,0.58125275,0.47003502,5
0.80815756,0.88386434,0.008125719,7.72E-05,0.38159412,0.46982324,3.55E-06,9.39E-12,0.34851477,0.4641461,0.00019006821,3.07E-08,0.38961926,0.4486558,0.00024984247,6.00E-08,0.43765217,0.46403483,1.16E-22,1.39E-22,0.7815457,3.75E-11,0.91953504,4.34E-06,1.71E-05,0.43570697,0,0.4486267,0,0,0.009929078,0,0.58125275,0.47003502,3
0.35538232,0.37210447,0.18379645,0.1342579,0.38159412,0.46982324,0,0,0.34851477,0.4641461,0,0,0.38961926,0.4486558,0,0,0.43765217,0.46403483,0,0,0,0,0,0.9826671,0,0.43570697,0,0.4486267,0,0,2.08E-17,0,0.58125275,0.47003502,5
0.22017421,0.22287518,7.62E-05,3.81E-06,0.38159412,0.46982324,0,0,0.34851477,0.4641461,0,0,0.38961926,0.4486558,0,0,0.43765217,0.46403483,0,0,0,0,0,0.9826629,0,0.43570697,0,0.4486267,0,0,2.08E-17,0,0.58125275,0.47003502,2
0.7473056,0.69874877,0.0070889187,9.57E-05,0.38159412,0.46982324,0,0,0.34851477,0.4641461,0,0,0.38961926,0.4486558,0,0,0.43765217,0.46403483,0,0,0,0,0,0.9826656,0,0.43570697,0,0.4486267,0,0,2.08E-17,0,0.58125275,0.47003502,3
0.22124855,0.30681813,7.69E-05,3.92E-06,0.38159412,0.46982324,0,0,0.34851477,0.4641461,0,0,0.38961926,0.4486558,0,0,0.43765217,0.46403483,0,0,0,0,0,0.98266315,0,0.43570697,0,0.4486267,0,0,2.08E-17,0,0.58125275,0.47003502,2
0.2627988,0.34973297,1.48E-05,1.44E-06,0.38159412,0.46982324,0,0,0.34851477,0.4641461,0,0,0.38961926,0.4486558,0,0,0.43765217,0.46403483,0,0,0,0,0,0.9826631,0,0.43570697,0,0.4486267,0,0,2.08E-17,0,0.58125275,0.47003502,2
0.2290095,0.18002188,7.91E-05,4.13E-06,0.38159412,0.46982324,0,0,0.34851477,0.4641461,0,0,0.38961926,0.4486558,0,0,0.43765217,0.46403483,0,0,0,0,0,0.9826629,0,0.43570697,0,0.4486267,0,0,2.08E-17,0,0.58125275,0.47003502,2
0.7444684,0.6979944,0.007098174,9.56E-05,0.38159412,0.46982324,1.69E-05,2.13E-10,0.34851477,0.4641461,0.00022987038,4.50E-08,0.38961926,0.4486558,0.0002516255,6.08E-08,0.43765217,0.46403483,5.13E-23,9.72E-23,0.6306485,1.87E-08,0.63550943,1.14E-05,4.50E-05,0.43570697,0,0.4486267,0,0,0.009929078,0,0.58125275,0.47003502,3
0.00094165787,0.0015274674,0.00821723,0.0007897003,0.38159412,0.4698237,0.00017834542,7.29E-06,0.34851477,0.4652218,0.025937285,0.0007915706,0.38971588,0.50881886,0.0307459,0.0011354114,0.43784514,0.50008607,1.15E-17,1.13E-17,0.0010074353,6.92E-18,0.0016464338,8.07E-10,6.16E-18,0.43570697,0.00045580303,0.43066075,0.0014686962,0.003897056,0.039597254,0.0004949949,0.58122945,0.42162964,0
0.32991958,0.13302137,0.18362714,0.13426928,0.38159412,0.46982324,0.0006486311,3.13E-07,0.34851477,0.4641461,0.016881501,0.00024244051,0.38961926,0.4486558,0.02059451,0.0004075773,0.43765217,0.46403483,2.49E-20,5.35E-15,0.20511754,0.00013974657,0.08888812,0.00017838263,0.0007016128,0.43570697,1.39E-15,0.4486267,0.3079282,4.48E-08,0.3503546,1.94E-15,0.58125275,0.47003502,5
0.4463258,0.2618863,0.21400164,0.13139805,0.38159412,0.46982324,0,0,0.34851477,0.4641461,0,0,0.38961926,0.4486558,0,0,0.43765217,0.46403483,0,0,0,0,0,0.98266476,0,0.43570697,0,0.4486267,0,0,2.08E-17,0,0.58125275,0.47003502,4
0.70946884,0.9596841,0.24490759,0.1212124,0.38159412,0.46982324,0.00016579579,2.05E-08,0.34851477,0.4641461,0.0068298676,3.97E-05,0.38961926,0.4486558,0.0068224515,4.47E-05,0.43765217,0.46403483,8.41E-22,6.95E-22,0.58466315,9.23E-16,0.8549229,1.57E-06,6.17E-06,0.43570697,0,0.4486267,0,0,0.3503546,0,0.58125275,0.47003502,4
0.71671814,0.38309756,0.008043166,7.98E-05,0.38159412,0.46982324,2.32E-07,4.01E-14,0.34851477,0.4641461,0.0001749996,2.61E-08,0.38961926,0.4486558,0.0002644244,6.72E-08,0.43765217,0.46403483,7.73E-23,1.77E-22,0.6764082,8.03E-06,0.3937844,3.41E-05,0.000134138,0.43570697,0,0.4486267,0,0,0.009929078,0,0.58125275,0.47003502,3
0.7444206,0.74050707,0.008086472,7.85E-05,0.38159412,0.46982324,0.00050025264,1.86E-07,0.34851477,0.4641461,0.0002953612,7.42E-08,0.38961926,0.4486558,0.0002703316,7.02E-08,0.43765217,0.46403483,6.32E-23,8.63E-23,0.7145464,3.68E-09,0.7650857,8.18E-06,3.22E-05,0.43570697,0,0.4486267,0,0,0.009929078,0,0.58125275,0.47003502,3
0.0010507266,0.0015681108,0.0074457796,0.00071072,0.38159412,0.46982324,1.36E-06,0.00012958843,0.34851477,0.46414542,0.015991755,0.0006442189,0.38961914,0.44853094,0.029743431,0.0010993682,0.437747,0.4821379,4.15E-21,3.40E-18,0.0009664404,7.23E-18,0.0015965897,8.45E-10,6.37E-18,0.43570697,0.00030033602,0.44862577,0.0013864137,0.0018938752,0.03943561,0.0004923449,0.58125097,0.46235996,0
0.73701423,0.4425969,0.0080428785,7.96E-05,0.38159412,0.46982324,3.16E-05,7.45E-10,0.34851477,0.4641461,0.00023548817,4.72E-08,0.38961926,0.4486558,0.00027252737,7.14E-08,0.43765217,0.46403483,1.41E-22,1.04E-22,0.69512224,3.22E-06,0.45515725,2.70E-05,0.00010621247,0.43570697,0,0.4486267,0,0,0.009929078,0,0.58125275,0.47003502,3
0.00025994788,0.00045685394,0.021103688,0.016753517,0.38159412,0.46982324,1.39E-09,0.00014876363,0.34851477,0.4641461,0.0028886918,0.0013915484,0.38962942,0.4842752,0.21937893,0.09514421,0.4622758,0.5223914,0,7.74E-30,8.66E-06,1.11E-16,0.000191585,1.05E-08,6.62E-16,0.43570697,1.81E-18,0.4486267,0.00025132223,2.80E-09,0.017626109,8.50E-18,0.58125275,0.47003502,0
0.71143794,0.7580673,0.2504913,0.12734051,0.38159412,0.46982324,0.018452823,0.00025367728,0.34851477,0.4641461,0.0109835435,0.0001026285,0.38961926,0.4486558,0.00706619,4.80E-05,0.43765217,0.46403483,1.17E-22,1.34E-22,0.5842921,8.71E-10,0.6743303,7.88E-06,3.10E-05,0.43570697,0,0.4486267,0,0,0.35886526,0,0.58125275,0.47003502,1
0.71344,0.99108857,0.24406232,0.12159051,0.38159412,0.46982324,3.58E-05,9.57E-10,0.34851477,0.4641461,0.006002011,3.06E-05,0.38961926,0.4486558,0.0070258724,4.74E-05,0.43765217,0.46403483,1.89E-22,2.04E-22,0.58309287,5.65E-19,0.8798576,7.27E-07,2.86E-06,0.43570697,0,0.4486267,0,0,0.3503546,0,0.58125275,0.47003502,4
0.00033166423,0.0006584283,0.023132235,0.016911387,0.38159412,0.46982324,3.13E-05,0.00016014409,0.34851477,0.4641536,0.008973548,0.0011811209,0.38964,0.47405913,0.2111337,0.12216056,0.46427223,0.519919,0,7.80E-22,0.00010862145,1.02E-16,0.00029073845,6.80E-09,3.77E-16,0.43570697,0,0.4486267,0,0,0.009929078,0,0.58125275,0.47003502,0
0.46806744,0.22823925,0.2147675,0.13123463,0.38159412,0.46982324,0,0,0.34851477,0.4641461,0,0,0.38961926,0.4486558,0,0,0.43765217,0.46403483,0,0,0,0,0,0.98266476,0,0.43570697,0,0.4486267,0,0,2.08E-17,0,0.58125275,0.47003502,4
0.42055482,0.60219544,0.21208607,0.13178751,0.38159412,0.46982324,1.09E-05,8.79E-11,0.34851477,0.4641461,0.009105056,7.05E-05,0.38961926,0.4486558,0.013038873,0.00016337559,0.43765217,0.46403483,3.81E-22,5.92E-22,0.29563087,3.10E-20,0.46459636,9.60E-07,3.78E-06,0.43570697,0,0.4486267,0,0,0.3503546,0,0.58125275,0.47003502,4
0.0009514106,0.0015868758,0.012067678,0.0018323718,0.38159412,0.4698232,0.007529947,4.42E-05,0.34851468,0.46287698,0.049509544,0.0021626304,0.38944492,0.39311248,0.04728423,0.0022984268,0.43729886,0.4248303,1.71E-22,3.50E-19,0.0007967429,6.90E-18,0.0016658627,7.93E-10,6.33E-18,0.43570697,0.0001892047,0.448396,0.0013920715,0.0022736953,0.03951184,0.00048859103,0.58125156,0.46585193,0
0.461114,0.09758922,0.0069883973,9.68E-05,0.38159412,0.46982324,1.99E-05,2.95E-10,0.34851477,0.4641461,0.00026744124,6.08E-08,0.38961926,0.4486558,0.00031203343,9.36E-08,0.43765217,0.46403483,9.70E-15,6.36E-07,0.37986386,0.0005450748,0.08749709,0.00022083383,0.0008685422,0.43570697,0,0.4486267,0,0,0.009929078,0,0.58125275,0.47003502,3
0.0010741559,0.00161694,0.008236236,0.0008258402,0.38159412,0.46982324,0.0004276157,0.0005367695,0.34851477,0.46427009,0.02844621,0.0009304407,0.38962182,0.4500084,0.03202523,0.0012245303,0.4375996,0.4549029,3.66E-21,1.88E-18,0.0009260024,8.17E-18,0.0016665839,7.95E-10,8.17E-18,0.43570697,0.00016943939,0.4486267,0.0013401884,0.00038762932,0.03942977,0.00048871775,0.58125263,0.46798,0
0.0010663804,0.0015932058,0.0086455345,0.0008469095,0.38159412,0.46982324,0.0007725645,4.45E-07,0.34851477,0.4641461,0.01169486,0.00012571021,0.38961637,0.4351488,0.010719822,0.00015547729,0.43765905,0.47323474,6.04E-26,5.02E-20,0.00013250494,1.94E-17,0.0003571848,5.17E-09,4.99E-17,0.43570697,0.0001356511,0.43512055,0.0012383591,0.010679447,0.028373152,0.00015544708,0.58125836,0.47913185,0
0.21713601,0.22133714,7.64E-05,3.81E-06,0.38159412,0.46982324,0,0,0.34851477,0.4641461,0,0,0.38961926,0.4486558,0,0,0.43765217,0.46403483,0,0,0,0,0,0.9826629,0,0.43570697,0,0.4486267,0,0,2.08E-17,0,0.58125275,0.47003502,2
0.38153008,0.40691605,0.18433425,0.13427165,0.38159412,0.46982324,0,0,0.34851477,0.4641461,0,0,0.38961926,0.4486558,0,0,0.43765217,0.46403483,0,0,0,0,0,0.9826671,0,0.43570697,0,0.4486267,0,0,2.08E-17,0,0.58125275,0.47003502,5
0.22897673,0.30456918,7.56E-05,3.82E-06,0.38159412,0.46982324,0,0,0.34851477,0.4641461,0,0,0.38961926,0.4486558,0,0,0.43765217,0.46403483,0,0,0,0,0,0.9826631,0,0.43570697,0,0.4486267,0,0,2.08E-17,0,0.58125275,0.47003502,2
0.9919756,0.9478888,0.008186966,7.61E-05,0.38159412,0.46982324,0,0,0.34851477,0.4641461,0,0,0.38961926,0.4486558,0,0,0.43765217,0.46403483,0,0,0,0,0,0.98266566,0,0.43570697,0,0.4486267,0,0,2.08E-17,0,0.58125275,0.47003502,3
0.21367562,0.15930274,7.59E-05,4.01E-06,0.38159412,0.46982324,0,0,0.34851477,0.4641461,0,0,0.38961926,0.4486558,0,0,0.43765217,0.46403483,0,0,0,0,0,0.98266286,0,0.43570697,0,0.4486267,0,0,2.08E-17,0,0.58125275,0.47003502,2
0.42432874,0.52746195,0.2128238,0.13164182,0.38159412,0.46982324,0.00095357146,6.77E-07,0.34851477,0.4641461,0.0125742685,0.00013450811,0.38961926,0.4486558,0.014023839,0.0001889909,0.43765217,0.46403483,9.50E-22,1.91E-21,0.30050275,2.83E-11,0.40837666,8.64E-06,3.40E-05,0.43570697,0,0.4486267,0,0,0.3503546,0,0.58125275,0.47003502,4
0.70571345,0.8239593,0.24969909,0.12770188,0.38159412,0.46982324,4.32E-08,1.39E-15,0.34851477,0.4641461,0.0023360702,4.64E-06,0.38961926,0.4486558,0.0058068815,3.24E-05,0.43765217,0.46403483,3.28E-22,2.31E-22,0.56800824,3.94E-11,0.73060656,5.32E-06,2.09E-05,0.43570697,0,0.4486267,0,0,0.35886526,0,0.58125275,0.47003502,1
0.705485,0.34364527,0.24403344,0.12160435,0.38159412,0.46982324,0.0031932443,7.60E-06,0.34851477,0.4641461,0.009069207,7.00E-05,0.38961926,0.4486558,0.007837969,5.90E-05,0.43765217,0.46403483,1.23E-22,1.64E-20,0.5794584,1.57E-05,0.3050445,4.64E-05,0.00018235408,0.43570697,0,0.4486267,0,0,0.3503546,0,0.58125275,0.47003502,4
0.7148388,0.78475493,0.24425314,0.12150589,0.38159412,0.46982324,0,0,0.34851477,0.4641461,0,0,0.38961926,0.4486558,0,0,0.43765217,0.46403483,0,0,0,0,0,0.9826649,0,0.43570697,0,0.4486267,0,0,2.08E-17,0,0.58125275,0.47003502,4
0.4595148,0.56959337,0.21357937,0.13148737,0.38159412,0.46982324,0,0,0.34851477,0.4641461,0,0,0.38961926,0.4486558,0,0,0.43765217,0.46403483,0,0,0,0,0,0.98266494,0,0.43570697,0,0.4486267,0,0,2.08E-17,0,0.58125275,0.47003502,4
0.7732635,0.4848905,0.008077032,7.88E-05,0.38159412,0.46982324,0.0008802062,5.77E-07,0.34851477,0.4641461,0.0004207152,1.51E-07,0.38961926,0.4486558,0.0003162119,9.61E-08,0.43765217,0.46403483,1.07E-22,9.87E-23,0.7401929,1.64E-06,0.50090307,2.31E-05,9.08E-05,0.43570697,0,0.4486267,0,0,0.009929078,0,0.58125275,0.47003502,3
0.7089226,0.6189882,0.24965277,0.12772277,0.38159412,0.46982324,8.91E-08,5.92E-15,0.34851477,0.4641461,0.0032560043,9.02E-06,0.38961926,0.4486558,0.0061298483,3.61E-05,0.43765217,0.46403483,4.28E-22,2.16E-22,0.57165205,6.95E-08,0.5487582,1.50E-05,5.89E-05,0.43570697,0,0.4486267,0,0,0.35886526,0,0.58125275,0.47003502,1
0.00019816011,0.0022374473,0.04517025,0.06923272,0.38159412,0.46982324,9.84E-10,7.23E-19,0.34851477,0.4641461,0.049412403,0.006330168,0.38962963,0.4496815,0.35329655,0.30618104,0.4361556,0.4628383,0,8.89E-24,2.56E-05,1.19E-16,0.001512744,1.07E-09,1.32E-16,0.43570697,2.87E-18,0.4486267,0.0001748858,1.40E-09,0.017626109,2.13E-18,0.58125275,0.47003502,0
0.24744664,0.23883858,1.56E-05,1.49E-06,0.38159412,0.46982324,0,0,0.34851477,0.4641461,0,0,0.38961926,0.4486558,0,0,0.43765217,0.46403483,0,0,0,0,0,0.9826629,0,0.43570697,0,0.4486267,0,0,2.08E-17,0,0.58125275,0.47003502,2
0.0010891757,0.0015313821,0.00813282,0.0008863062,0.38159412,0.46982378,0.010113814,7.62E-05,0.34851485,0.46637896,0.038023386,0.0012561502,0.38969126,0.49341932,0.033248827,0.0011314937,0.43784276,0.50757056,1.67E-17,1.66E-17,0.0010005085,1.29E-17,0.0015522086,1.57E-07,6.25E-07,0.43570697,3.63E-18,0.4486267,0.0013007161,0.0004127353,0.044208873,8.37E-06,0.5812539,0.64099586,0
0.45833358,0.45887184,0.2137472,0.13145319,0.38159412,0.46982324,7.95E-05,4.71E-09,0.34851477,0.4641461,0.012145173,0.00012548461,0.38961926,0.4486558,0.014782695,0.0002099976,0.43765217,0.46403483,8.54E-22,1.40E-21,0.33726043,5.88E-09,0.35682955,1.71E-05,6.71E-05,0.43570697,0,0.4486267,0,0,0.3503546,0,0.58125275,0.47003502,4
0.24608694,0.13149168,1.76E-05,1.80E-06,0.38159412,0.46982324,0,0,0.34851477,0.4641461,0,0,0.38961926,0.4486558,0,0,0.43765217,0.46403483,0,0,0,0,0,0.98266286,0,0.43570697,0,0.4486267,0,0,2.08E-17,0,0.58125275,0.47003502,2
0.70869595,0.36449412,0.24305868,0.12203283,0.38159412,0.46982324,0,0,0.34851477,0.4641461,0,0,0.38961926,0.4486558,0,0,0.43765217,0.46403483,0,0,0,0,0,0.98266476,0,0.43570697,0,0.4486267,0,0,2.08E-17,0,0.58125275,0.47003502,4
0.00033187724,0.0005762325,0.022606222,0.018989295,0.38159412,0.46982324,1.39E-09,1.44E-18,0.34851477,0.4641461,0.00042788227,1.56E-07,0.38961926,0.4486336,0.012715159,0.0001553664,0.43765098,0.4485441,0,3.86E-31,6.84E-06,7.40E-19,8.32E-05,2.20E-08,4.59E-16,0.43570697,1.69E-07,0.44860446,0.00028828296,0.012667269,0.032650385,0.00015533622,0.58125174,0.45471793,0
0.8028285,0.8457938,0.008102346,7.78E-05,0.38159412,0.46982324,9.42E-06,6.61E-11,0.34851477,0.4641461,0.0001956643,3.26E-08,0.38961926,0.4486558,0.00025178422,6.09E-08,0.43765217,0.46403483,7.11E-23,9.05E-23,0.77186286,1.30E-10,0.8769816,5.15E-06,2.03E-05,0.43570697,0,0.4486267,0,0,0.009929078,0,0.58125275,0.47003502,3
0.008359034,0.0015856734,0.06540255,0.090249486,0.3707185,0.4372973,0.33848286,0.16931173,0.32987276,0.41020694,0.33926013,0.20046142,0.36376652,0.37984467,0.3247589,0.20943375,0.43711478,0.46345532,4.87E-18,6.33E-18,0.010154603,1.08E-17,0.001773926,8.26E-10,9.38E-17,0.5001835,0.18299891,0.5108679,0.00037528406,0.3570367,0.1955863,0.19159058,0.62655044,0.5297899,0
0.0011528642,0.001599726,0.008139206,0.0008298551,0.38159412,0.47243017,0.007985947,0.00013286903,0.34851852,0.4800016,0.034758706,0.001218659,0.3897988,0.5248892,0.031269778,0.0011813459,0.43795183,0.5177253,4.20E-21,3.49E-18,0.0011033482,6.30E-18,0.001688196,7.76E-10,6.11E-18,0.43570697,0.00027421766,0.44392616,0.0014009123,0.0030895392,0.039800778,0.00047218104,0.5812576,0.48298532,0
0.7526992,0.7350571,0.007084935,9.58E-05,0.38159412,0.46982324,0,0,0.34851477,0.4641461,0,0,0.38961926,0.4486558,0,0,0.43765217,0.46403483,0,0,0,0,0,0.9826656,0,0.43570697,0,0.4486267,0,0,2.08E-17,0,0.58125275,0.47003502,3
0.7151888,0.5107374,0.25022933,0.12745976,0.38159412,0.46982324,0.021462271,0.00034316847,0.34851477,0.4641461,0.0111552235,0.00010586188,0.38961926,0.4486558,0.0076311845,5.60E-05,0.43765217,0.46403483,1.60E-22,1.18E-22,0.5831841,8.15E-07,0.4538492,2.32E-05,9.12E-05,0.43570697,0,0.4486267,0,0,0.35886526,0,0.58125275,0.47003502,1
0.74539155,0.8421255,0.007095765,9.56E-05,0.38159412,0.46982324,2.52E-05,4.74E-10,0.34851477,0.4641461,0.00029056787,7.18E-08,0.38961926,0.4486558,0.0002650061,6.75E-08,0.43765217,0.46403483,1.01E-22,1.18E-22,0.6266176,1.24E-10,0.7664204,5.74E-06,2.26E-05,0.43570697,0,0.4486267,0,0,0.009929078,0,0.58125275,0.47003502,3
0.8865226,0.9148643,0.0081433095,7.71E-05,0.38159412,0.46982324,0,0,0.34851477,0.4641461,0,0,0.38961926,0.4486558,0,0,0.43765217,0.46403483,0,0,0,0,0,0.98266566,0,0.43570697,0,0.4486267,0,0,2.08E-17,0,0.58125275,0.47003502,3
0.0004741501,0.0004475095,0.013311329,0.00090514816,0.38159412,0.46982324,0.0032460901,7.85E-06,0.34851477,0.46414608,0.009381221,0.0006011736,0.38959816,0.41387916,0.03955421,0.0054877386,0.43770254,0.46666214,4.43E-20,4.32E-17,0.000112153095,3.45E-16,0.0001794473,1.07E-08,2.99E-16,0.43570697,1.28E-18,0.4486267,0.00032655406,9.90E-10,0.017626109,3.01E-18,0.58125275,0.47003502,0
0.0010875189,0.0015571048,0.008078936,0.00083548046,0.38159412,0.46958023,0.005778653,2.50E-05,0.34851512,0.48132393,0.03509092,0.0011672397,0.38982874,0.5480162,0.032110125,0.0011984818,0.43797135,0.5214205,1.01E-17,9.92E-18,0.0010694416,6.43E-18,0.001612679,8.32E-10,6.31E-18,0.43570697,0.00017292995,0.4480708,0.0014827678,0.003490459,0.040009737,0.00045936988,0.5812572,0.48087096,0
6.05E-05,0.00042384714,0.01465505,0.0024464747,0.38159412,0.46982324,0,1.44E-18,0.34851477,0.4641461,0.00044248815,1.67E-07,0.38961926,0.4486558,0.012727167,0.0001556577,0.43765217,0.4640348,0,0,6.97E-06,7.86E-19,8.39E-05,2.18E-08,4.53E-16,0.43570697,1.80E-07,0.4486267,0.0002907285,0.012679233,0.019337282,0.00015562747,0.58125275,0.47003502,0
0.35112298,0.1893406,0.18408816,0.13426517,0.38159412,0.46982324,0,0,0.34851477,0.4641461,0,0,0.38961926,0.4486558,0,0,0.43765217,0.46403483,0,0,0,0,0,0.98266697,0,0.43570697,0,0.4486267,0,0,2.08E-17,0,0.58125275,0.47003502,5
0.00049244065,0.0006046313,0.034261636,0.021690037,0.38159412,0.46982324,1.39E-09,1.44E-18,0.34851477,0.4641461,0.0015158503,1.97E-06,0.38961926,0.44842973,0.014049957,0.00018969826,0.43765113,0.45293337,0,7.74E-31,5.51E-06,1.13E-17,8.49E-05,2.18E-08,5.97E-16,0.43570697,2.12E-06,0.44840065,0.0002943513,0.01399704,0.03227139,0.0001896614,0.58125186,0.459058,0
0.2190057,0.3055551,7.55E-05,3.87E-06,0.38159412,0.46982324,0,0,0.34851477,0.4641461,0,0,0.38961926,0.4486558,0,0,0.43765217,0.46403483,0,0,0,0,0,0.98266315,0,0.43570697,0,0.4486267,0,0,2.08E-17,0,0.58125275,0.47003502,2
0.43608406,0.53144836,0.21298695,0.13160862,0.38159412,0.46982324,0.0002566579,4.91E-08,0.34851477,0.4641461,0.010784288,9.89E-05,0.38961926,0.4486558,0.013776086,0.00018237227,0.43765217,0.46403483,6.20E-22,8.93E-22,0.31071654,2.08E-11,0.4117732,8.34E-06,3.28E-05,0.43570697,0,0.4486267,0,0,0.3503546,0,0.58125275,0.47003502,4
0.44146404,0.59491307,0.21455695,0.13128185,0.38159412,0.46982324,9.24E-06,6.37E-11,0.34851477,0.4641461,0.007906879,5.32E-05,0.38961926,0.4486558,0.012380333,0.00014728947,0.43765217,0.46403483,5.73E-22,8.91E-22,0.31528854,4.48E-15,0.46431848,3.18E-06,1.25E-05,0.43570697,0,0.4486267,0,0,0.3503546,0,0.58125275,0.47003502,4
0.22716892,0.31302333,7.36E-05,3.63E-06,0.38159412,0.46982324,0,0,0.34851477,0.4641461,0,0,0.38961926,0.4486558,0,0,0.43765217,0.46403483,0,0,0,0,0,0.9826632,0,0.43570697,0,0.4486267,0,0,2.08E-17,0,0.58125275,0.47003502,2
0.36947644,0.12696633,0.19809043,0.1407096,0.38159412,0.46982324,0,0,0.34851477,0.4641461,0,0,0.38961926,0.4486558,0,0,0.43765217,0.46403483,0,0,0,0,0,0.9826661,0,0.43570697,0,0.4486267,0,0,2.08E-17,0,0.58125275,0.47003502,1
0.001159496,0.0017172879,0.008470245,0.00071305584,0.38159412,0.46984407,0.00010460763,4.81E-08,0.34851477,0.47721538,0.021257585,0.00050740124,0.3895847,0.41490605,0.029110571,0.0010438488,0.43763307,0.46018326,4.06E-25,4.07E-19,0.0010438595,2.01E-17,0.0018469417,6.85E-10,1.46E-17,0.43570608,0.00025497936,0.42926607,0.0015790807,0.0049184416,0.03946374,0.00051683193,0.5812803,0.5144595,0
0.0013357556,0.0015826179,0.008809055,0.0011009641,0.38159412,0.46982324,9.84E-10,7.23E-19,0.34851477,0.4641461,9.93E-10,1.89E-18,0.38961926,0.4486558,0.0002573632,1.36E-06,0.43765217,0.46412113,9.66E-32,6.35E-22,5.19E-05,4.31E-17,0.00012031025,1.54E-08,2.34E-16,0.43570697,2.03E-18,0.4486267,0.00041705687,1.98E-09,0.017626109,3.80E-18,0.58125275,0.47003502,0
0.4193928,0.59552395,0.21384852,0.13143094,0.38159412,0.46982324,9.62E-05,6.89E-09,0.34851477,0.4641461,0.010583332,9.53E-05,0.38961926,0.4486558,0.012697095,0.00015492298,0.43765217,0.46403483,7.55E-22,1.25E-21,0.30033243,3.66E-16,0.46326423,2.47E-06,9.72E-06,0.43570697,0,0.4486267,0,0,0.3503546,0,0.58125275,0.47003502,4
0.74802583,0.5154652,0.008062129,7.92E-05,0.38159412,0.46982324,0,0,0.34851477,0.4641461,0,0,0.38961926,0.4486558,0,0,0.43765217,0.46403483,0,0,0,0,0,0.98266554,0,0.43570697,0,0.4486267,0,0,2.08E-17,0,0.58125275,0.47003502,3
0.45727432,0.56415445,0.21346945,0.13150994,0.38159412,0.46982324,0.007486476,4.18E-05,0.34851477,0.4641461,0.013489216,0.00015479483,0.38961926,0.4486558,0.013235154,0.00016833137,0.43765217,0.46403483,4.60E-22,8.41E-22,0.32663685,8.03E-13,0.43809414,5.69E-06,2.24E-05,0.43570697,0,0.4486267,0,0,0.3503546,0,0.58125275,0.47003502,4
0.4493571,0.606026,0.21325171,0.13155498,0.38159412,0.46982324,0.03123883,0.00072701863,0.34851477,0.4641461,0.01739269,0.00025734547,0.38961926,0.4486558,0.013322048,0.00017054896,0.43765217,0.46403483,1.01E-21,1.18E-21,0.31704098,5.27E-17,0.4701321,2.02E-06,7.93E-06,0.43570697,0,0.4486267,0,0,0.3503546,0,0.58125275,0.47003502,4
0.72136784,0.7377913,0.24349207,0.1218427,0.38159412,0.46982324,0,0,0.34851477,0.4641461,0,0,0.38961926,0.4486558,0,0,0.43765217,0.46403483,0,0,0,0,0,0.9826649,0,0.43570697,0,0.4486267,0,0,2.08E-17,0,0.58125275,0.47003502,4
0.704313,0.7820414,0.25048926,0.12734218,0.38159412,0.46982324,0,0,0.34851477,0.4641461,0,0,0.38961926,0.4486558,0,0,0.43765217,0.46403483,0,0,0,0,0,0.9826662,0,0.43570697,0,0.4486267,0,0,2.08E-17,0,0.58125275,0.47003502,1
0.42146638,0.39619493,0.21235397,0.13916542,0.38159412,0.46982324,0,0,0.34851477,0.4641461,0,0,0.38961926,0.4486558,0,0,0.43765217,0.46403483,0,0,0,0,0,0.98266613,0,0.43570697,0,0.4486267,0,0,2.08E-17,0,0.58125275,0.47003502,1
0.43868214,0.6058218,0.21374796,0.13145126,0.38159412,0.46982324,0,0,0.34851477,0.4641461,0,0,0.38961926,0.4486558,0,0,0.43765217,0.46403483,0,0,0,0,0,0.98266506,0,0.43570697,0,0.4486267,0,0,2.08E-17,0,0.58125275,0.47003502,4
0.4640129,0.22434835,0.20896448,0.13967678,0.38159412,0.46982324,0,0,0.34851477,0.4641461,0,0,0.38961926,0.4486558,0,0,0.43765217,0.46403483,0,0,0,0,0,0.9826661,0,0.43570697,0,0.4486267,0,0,2.08E-17,0,0.58125275,0.47003502,1
0.44262436,0.6003212,0.21352503,0.13149804,0.38159412,0.46982324,1.46E-05,1.58E-10,0.34851477,0.4641461,0.008468557,6.10E-05,0.38961926,0.4486558,0.012404453,0.00014786395,0.43765217,0.46403483,2.05E-21,1.53E-21,0.31395933,2.34E-16,0.46628216,2.36E-06,9.28E-06,0.43570697,0,0.4486267,0,0,0.3503546,0,0.58125275,0.47003502,4
0.9814274,0.9435161,0.008185246,7.61E-05,0.38159412,0.46982324,2.61E-05,5.08E-10,0.34851477,0.4641461,0.00020683436,3.64E-08,0.38961926,0.4486558,0.000247705,5.90E-08,0.43765217,0.46403483,2.81E-23,3.60E-23,0.9739232,1.11E-11,0.98791033,3.66E-06,1.44E-05,0.43570697,0,0.4486267,0,0,0.009929078,0,0.58125275,0.47003502,3
0.22451238,0.2347565,7.52E-05,3.76E-06,0.38159412,0.46982324,0,0,0.34851477,0.4641461,0,0,0.38961926,0.4486558,0,0,0.43765217,0.46403483,0,0,0,0,0,0.9826629,0,0.43570697,0,0.4486267,0,0,2.08E-17,0,0.58125275,0.47003502,2
0.0008881904,0.0015643847,0.008048894,0.0007728923,0.38159412,0.46982324,6.68E-06,2.54E-06,0.34851477,0.46414572,0.019365173,0.0006400434,0.38960427,0.4362379,0.030585501,0.00114656,0.43761888,0.45791507,3.61E-19,2.86E-18,0.0009053728,7.28E-18,0.0016639223,7.95E-10,7.19E-18,0.43555796,0.0016200675,0.48915616,0.0013415184,0.055805475,0.042784497,0.003277719,0.58162904,0.5039337,0
0.21321271,0.3152439,7.53E-05,3.82E-06,0.38159412,0.46982324,0,0,0.34851477,0.4641461,0,0,0.38961926,0.4486558,0,0,0.43765217,0.46403483,0,0,0,0,0,0.9826633,0,0.43570697,0,0.4486267,0,0,2.08E-17,0,0.58125275,0.47003502,2
0.70115566,0.31073675,0.2425645,0.12224679,0.38159412,0.46982324,0,0,0.34851477,0.4641461,0,0,0.38961926,0.4486558,0,0,0.43765217,0.46403483,0,0,0,0,0,0.98266476,0,0.43570697,0,0.4486267,0,0,2.08E-17,0,0.58125275,0.47003502,4
0.42074552,0.60385215,0.21366139,0.13146926,0.38159412,0.46982324,0.009251903,6.38E-05,0.34851477,0.4641461,0.017448176,0.00025899007,0.38961926,0.4486558,0.013663383,0.00017940046,0.43765217,0.46403483,1.34E-21,1.16E-21,0.29957604,1.31E-18,0.46935278,1.39E-06,5.46E-06,0.43570697,0,0.4486267,0,0,0.3503546,0,0.58125275,0.47003502,4
0.00068021886,0.0006042643,0.017938431,0.012824812,0.38159412,0.46982324,0.02190849,0.0003575863,0.34851477,0.4641461,0.022030594,0.00041289104,0.38961926,0.44865525,0.01783006,0.00030550116,0.43765262,0.47150642,2.69E-16,2.69E-16,0.00016589525,3.76E-16,9.51E-05,1.96E-08,1.03E-14,0.43570697,0.00044554158,0.4486261,0.0003296731,0.017762907,0.030607708,0.00030544182,0.5812531,0.47742286,0
0.000900216,0.0014607536,0.008270797,0.0008786157,0.38159412,0.4698232,0.0011255132,7.23E-05,0.3485147,0.4628513,0.03198093,0.0009279077,0.38964435,0.46514866,0.031775966,0.0010576037,0.43777043,0.49123052,3.76E-21,4.62E-19,0.000827611,1.14E-17,0.0015279255,9.14E-10,3.60E-17,0.43570697,2.98E-09,0.4486267,0.0013280018,0.002615194,0.044307437,4.90E-05,0.58125937,0.5358259,0
0.00019406374,0.00044308457,0.0122915,0.0016721142,0.38159412,0.46982324,0,7.23E-19,0.34851477,0.4641461,0.0020103462,3.45E-06,0.38961926,0.44821635,0.014086979,0.00019070013,0.43765032,0.44578493,0,1.16E-30,7.60E-06,1.61E-17,9.20E-05,2.02E-08,5.18E-16,0.43570697,3.72E-06,0.39614388,0.000318822,0.014033923,0.032279797,0.00019066308,0.5812509,0.44811833,0
0.8268922,0.8644631,0.008127806,7.72E-05,0.38159412,0.46982324,0.00010325985,7.94E-09,0.34851477,0.4641461,0.00026566943,6.00E-08,0.38961926,0.4486558,0.0002616868,6.58E-08,0.43765217,0.46403483,9.32E-23,6.80E-23,0.80935645,7.32E-11,0.89937127,4.76E-06,1.87E-05,0.43570697,0,0.4486267,0,0,0.009929078,0,0.58125275,0.47003502,3
0.2270743,0.2287335,7.57E-05,3.77E-06,0.38159412,0.46982324,0,0,0.34851477,0.4641461,0,0,0.38961926,0.4486558,0,0,0.43765217,0.46403483,0,0,0,0,0,0.9826629,0,0.43570697,0,0.4486267,0,0,2.08E-17,0,0.58125275,0.47003502,2
0.00052659895,0.00038505284,0.015023155,0.0013008461,0.38159412,0.46982324,9.84E-10,7.23E-19,0.34851477,0.4641461,9.93E-10,8.41E-19,0.38961926,0.4486558,1.41E-09,1.90E-18,0.43765217,0.46403483,5.60E-13,1.26E-12,0.00013078802,1.41E-12,2.15E-05,5.92E-07,1.41E-12,0.43570697,1.81E-18,0.4486267,0.00025304733,1.40E-09,2.08E-17,1.90E-18,0.58125275,0.47003502,0
0.4398958,0.5961481,0.21408232,0.13138334,0.38159412,0.46982324,0.03336332,0.00082926726,0.34851477,0.4641461,0.016061086,0.00021944863,0.38961926,0.4486558,0.012977907,0.00016185139,0.43765217,0.46403483,5.88E-22,5.47E-22,0.31010953,2.42E-15,0.464266,2.99E-06,1.18E-05,0.43570697,0,0.4486267,0,0,0.3503546,0,0.58125275,0.47003502,4
0.0009727832,0.0015818423,0.008054635,0.0007535455,0.38159412,0.46982324,3.74E-06,3.49E-07,0.34851477,0.4641461,0.0071480055,0.00010265492,0.38962346,0.47169152,0.009989605,0.00014724494,0.43767163,0.4916391,1.11E-30,1.26E-21,0.000130991,4.28E-17,0.00035911123,5.14E-09,5.21E-17,0.43570697,0.00011077265,0.4716609,0.0012450381,0.009951981,0.027914502,0.00014721633,0.58126867,0.49732995,0
0.28150174,0.077322744,0.20521414,0.14012973,0.38159412,0.46982324,0,0,0.34851477,0.4641461,0,0,0.38961926,0.4486558,0,0,0.43765217,0.46403483,0,0,0,0,0,0.9826661,0,0.43570697,0,0.4486267,0,0,2.08E-17,0,0.58125275,0.47003502,1
0.6841234,0.27754295,0.24977875,0.12766536,0.38159412,0.46982324,2.95E-08,6.48E-16,0.34851477,0.4641461,0.0025024777,5.33E-06,0.38961926,0.4486558,0.005989006,3.45E-05,0.43765217,0.46403483,2.76E-22,8.75E-17,0.5586981,3.84E-05,0.24617207,6.26E-05,0.00024615906,0.43570697,0,0.4486267,0,0,0.35886526,0,0.58125275,0.47003502,1
0.46484217,0.26906535,0.21416073,0.13136551,0.38159412,0.46982324,0,0,0.34851477,0.4641461,0,0,0.38961926,0.4486558,0,0,0.43765217,0.46403483,0,0,0,0,0,0.9826648,0,0.43570697,0,0.4486267,0,0,2.08E-17,0,0.58125275,0.47003502,4
0.0011106188,0.001545707,0.0080536865,0.00078768417,0.38159412,0.4698232,0.0010199838,0.00015474926,0.3485147,0.4626999,0.030141434,0.0009363587,0.38962296,0.45066765,0.030957412,0.0011470838,0.4378285,0.4966881,3.17E-18,3.31E-18,0.0010154578,5.65E-18,0.0016306781,8.19E-10,6.18E-18,0.43570697,4.51E-05,0.4486267,0.0013265492,4.81E-07,0.03983117,0.00045764953,0.58125275,0.46996844,0
0.43722108,0.42185712,0.21214896,0.13177752,0.38159412,0.46982324,0.0007775564,4.50E-07,0.34851477,0.4641461,0.014961713,0.00019043453,0.38961926,0.4486558,0.014650492,0.00020625834,0.43765217,0.46403483,6.46E-22,1.21E-21,0.3065073,4.26E-08,0.32558835,2.26E-05,8.88E-05,0.43570697,0,0.4486267,0,0,0.3503546,0,0.58125275,0.47003502,4
0.7234071,0.7619062,0.24409838,0.12157411,0.38159412,0.46982324,0,0,0.34851477,0.4641461,0,0,0.38961926,0.4486558,0,0,0.43765217,0.46403483,0,0,0,0,0,0.9826649,0,0.43570697,0,0.4486267,0,0,2.08E-17,0,0.58125275,0.47003502,4
0.7451063,0.6147901,0.007085203,9.58E-05,0.38159412,0.46982324,1.93E-05,2.79E-10,0.34851477,0.4641461,0.0002899754,7.15E-08,0.38961926,0.4486558,0.00026424314,6.71E-08,0.43765217,0.46403483,1.12E-22,1.25E-22,0.6248385,1.49E-07,0.55872196,1.60E-05,6.30E-05,0.43570697,0,0.4486267,0,0,0.009929078,0,0.58125275,0.47003502,3
0.0012382469,0.0015450709,0.008229647,0.00082308304,0.38159412,0.46981543,0.011679325,0.00010162406,0.34851462,0.45775408,0.011373841,0.00015913452,0.38962242,0.4584288,0.010392274,0.00015998524,0.4376785,0.49843806,3.94E-17,3.98E-17,0.00027640094,5.70E-17,0.00037096013,4.97E-09,5.22E-17,0.42898378,0.00017171854,0.45839903,0.0012861182,0.010353133,0.028580127,0.00015995416,0.5812743,0.5040527,0
0.42842892,0.3963112,0.21294859,0.13161595,0.38159412,0.46982324,0,0,0.34851477,0.4641461,0,0,0.38961926,0.4486558,0,0,0.43765217,0.46403483,0,0,0,0,0,0.9826648,0,0.43570697,0,0.4486267,0,0,2.08E-17,0,0.58125275,0.47003502,4
0.0009868908,0.0015573654,0.008015951,0.0008169285,0.38159412,0.46982324,0.00063907524,2.51E-05,0.34851477,0.4654563,0.03067751,0.0008613399,0.38972396,0.5209639,0.03216262,0.0010647594,0.43787268,0.51665294,2.14E-22,5.25E-19,0.0008376495,1.17E-17,0.0015556249,1.10E-09,8.38E-10,0.43570697,1.09E-17,0.4486267,0.0013025786,1.52E-05,0.044206753,1.12E-08,0.58125275,0.47003502,0
0.0003775489,0.00044362198,0.010887263,0.0030860938,0.38159412,0.46982324,3.50E-05,9.11E-10,0.34851477,0.4641461,0.008301935,0.00027845864,0.38962406,0.46182808,0.09309771,0.018419946,0.44525096,0.55950135,9.66E-32,2.04E-21,4.98E-05,1.35E-16,0.0001721979,1.15E-08,5.98E-16,0.43570697,0,0.4486267,0,0,0.009219858,0,0.58125275,0.47003502,0
0.49583766,0.46836224,0.21387011,0.1314272,0.38159412,0.46982324,2.81E-05,5.90E-10,0.34851477,0.4641461,0.010611839,9.58E-05,0.38961926,0.4486558,0.014487395,0.00020169155,0.43765217,0.46403483,7.35E-22,1.10E-21,0.3641006,4.49E-09,0.36441302,1.64E-05,6.44E-05,0.43570697,0,0.4486267,0,0,0.3503546,0,0.58125275,0.47003502,4
0.7270574,0.74445724,0.008078307,7.86E-05,0.38159412,0.46982324,0.00019440836,2.82E-08,0.34851477,0.4641461,0.00027056987,6.23E-08,0.38961926,0.4486558,0.0002669672,6.85E-08,0.43765217,0.46403483,1.57E-22,1.84E-22,0.6927745,3.08E-09,0.7684754,7.98E-06,3.14E-05,0.43570697,0,0.4486267,0,0,0.009929078,0,0.58125275,0.47003502,3
0.0012001974,0.001573894,0.007981799,0.0007645491,0.38159412,0.46982324,1.80E-05,1.01E-07,0.34851477,0.46418843,0.02027378,0.00050973165,0.389585,0.41550708,0.030433364,0.0011324423,0.4377963,0.4908619,7.17E-18,7.63E-18,0.0011077324,8.07E-18,0.0016686404,7.91E-10,6.52E-18,0.43570697,0.00019341764,0.4486267,0.0014742283,0.0003446216,0.038985226,0.0005206513,0.58125263,0.46830407,0
0.32520178,0.13195696,0.005314263,0.00010815849,0.38159412,0.46982324,0.0056355284,2.37E-05,0.34851477,0.4641461,0.0014754714,1.85E-06,0.38961926,0.4486558,0.0009889137,9.40E-07,0.43765217,0.46403483,9.58E-20,2.61E-14,0.18956503,0.00014823613,0.089580506,0.00017665357,0.0006948123,0.43570697,0,0.4486267,0,0,0.009929078,0,0.58125275,0.47003502,3
0.3830581,0.41235116,0.005879472,0.00010696004,0.38159412,0.46982324,0.001321689,1.30E-06,0.34851477,0.4641461,0.0009105465,7.05E-07,0.38961926,0.4486558,0.00070800254,4.82E-07,0.43765217,0.46403483,4.49E-20,1.77E-20,0.27764174,4.90E-09,0.30944002,1.89E-05,7.45E-05,0.43570697,0,0.4486267,0,0,0.009929078,0,0.58125275,0.47003502,3
0.0012244958,0.0015887838,0.008385941,0.0008659988,0.38159415,0.47039366,0.06044708,0.002722412,0.3485309,0.47991163,0.04267867,0.0016455358,0.3898046,0.51834655,0.03247073,0.0012168976,0.43793893,0.5150318,4.32E-18,5.55E-18,0.0012245865,1.51E-17,0.0016726406,8.03E-10,1.88E-17,0.43570605,0.0040697767,0.42949256,0.0012834324,0.059091616,0.044492137,0.0036043962,0.58146214,0.48810074,0
0.44883922,0.45623857,0.21383661,0.13143438,0.38159412,0.46982324,0.00011250147,9.43E-09,0.34851477,0.4641461,0.012669875,0.00013656134,0.38961926,0.4486558,0.014873371,0.00021258173,0.43765217,0.46403483,1.13E-21,1.98E-21,0.33204514,6.40E-09,0.35493198,1.73E-05,6.79E-05,0.43570697,0,0.4486267,0,0,0.3503546,0,0.58125275,0.47003502,4
0.3620288,0.42155507,0.18330012,0.1342498,0.38159412,0.46982324,0,0,0.34851477,0.4641461,0,0,0.38961926,0.4486558,0,0,0.43765217,0.46403483,0,0,0,0,0,0.9826671,0,0.43570697,0,0.4486267,0,0,2.08E-17,0,0.58125275,0.47003502,5
0.00033937278,0.0006804274,0.04132155,0.052731205,0.38159412,0.46982324,0,0,0.34851477,0.4641461,0,7.13E-06,0.38961926,0.4486558,0.00011859984,0.00014143602,0.43765214,0.4591944,0,0,2.20E-06,5.96E-21,4.25E-05,3.83E-08,1.25E-16,0.43570697,0,0.4486267,0,0,0.009219858,0,0.58125275,0.47003502,0
0.23389271,0.03923603,0.22343047,0.12905042,0.38159412,0.46982324,0.021960352,0.0003592813,0.34851477,0.4641461,0.026792346,0.0006106671,0.38961926,0.4486558,0.02656261,0.0006780295,0.43765217,0.46403483,2.75E-08,9.80E-05,0.17353235,0.001965926,0.031913817,0.0006362313,0.0025012426,0.43570697,0,0.4486267,0,0,0.3503546,0,0.58125275,0.47003502,4
0.4344061,0.41537333,0.21203217,0.13179946,0.38159412,0.46982324,0,0,0.34851477,0.4641461,0,0,0.38961926,0.4486558,0,0,0.43765217,0.46403483,0,0,0,0,0,0.9826648,0,0.43570697,0,0.4486267,0,0,2.08E-17,0,0.58125275,0.47003502,4
0.7964016,0.83664376,0.008103208,7.78E-05,0.38159412,0.46982324,3.58E-05,9.52E-10,0.34851477,0.4641461,0.00022526595,4.32E-08,0.38961926,0.4486558,0.00025669666,6.33E-08,0.43765217,0.46403483,5.93E-23,7.66E-23,0.7686855,1.72E-10,0.86748797,5.35E-06,2.11E-05,0.43570697,0,0.4486267,0,0,0.009929078,0,0.58125275,0.47003502,3
0.7056334,0.42994273,0.24375458,0.12172694,0.38159412,0.46982324,0,0,0.34851477,0.4641461,0,0,0.38961926,0.4486558,0,0,0.43765217,0.46403483,0,0,0,0,0,0.9826648,0,0.43570697,0,0.4486267,0,0,2.08E-17,0,0.58125275,0.47003502,4
0.35429418,0.4483518,0.20410326,0.14025253,0.38159412,0.46982324,0.00011385236,9.66E-09,0.34851477,0.4641461,0.019642422,0.0003282261,0.38961926,0.4486558,0.026972437,0.0006991131,0.43765217,0.46403483,9.32E-21,7.73E-21,0.23096417,2.57E-11,0.32530758,1.05E-05,4.11E-05,0.43570697,0,0.4486267,0,0,0.35886526,0,0.58125275,0.47003502,1
0.23067714,0.26643613,7.49E-05,3.77E-06,0.38159412,0.46982324,0,0,0.34851477,0.4641461,0,0,0.38961926,0.4486558,0,0,0.43765217,0.46403483,0,0,0,0,0,0.982663,0,0.43570697,0,0.4486267,0,0,2.08E-17,0,0.58125275,0.47003502,2
0.7493446,0.50596356,0.0070795985,9.59E-05,0.38159412,0.46982324,6.46E-06,3.11E-11,0.34851477,0.4641461,0.00025634366,5.59E-08,0.38961926,0.4486558,0.00024542687,5.79E-08,0.43765217,0.46403483,8.34E-23,1.16E-22,0.6261706,1.35E-06,0.4594074,2.43E-05,9.55E-05,0.43570697,0,0.4486267,0,0,0.009929078,0,0.58125275,0.47003502,3
0.0012722649,0.0016289011,0.008349194,0.0008092406,0.38159412,0.46984637,0.014433962,0.0001553747,0.34851578,0.47401825,0.036237683,0.0011990162,0.38959637,0.43721673,0.03133183,0.001152936,0.43782425,0.49601337,7.58E-18,7.68E-18,0.0012654249,1.29E-17,0.0017176194,7.69E-10,1.61E-17,0.48922753,0.00026226146,0.5075401,0.0014976641,0.004789443,0.040074077,0.00046979744,0.5812833,0.52309865,0
0.7205369,0.7958972,0.24394804,0.12164144,0.38159412,0.46982324,0,0,0.34851477,0.4641461,0,0,0.38961926,0.4486558,0,0,0.43765217,0.46403483,0,0,0,0,0,0.9826649,0,0.43570697,0,0.4486267,0,0,2.08E-17,0,0.58125275,0.47003502,4
0.21853606,0.18175988,7.91E-05,4.09E-06,0.38159412,0.46982324,0,0,0.34851477,0.4641461,0,0,0.38961926,0.4486558,0,0,0.43765217,0.46403483,0,0,0,0,0,0.9826629,0,0.43570697,0,0.4486267,0,0,2.08E-17,0,0.58125275,0.47003502,2
0.45393375,0.48324603,0.21318994,0.1315682,0.38159412,0.46982324,0.00093157095,6.47E-07,0.34851477,0.4641461,0.012267797,0.00012803132,0.38961926,0.4486558,0.014573919,0.00020410788,0.43765217,0.46403483,6.81E-22,1.71E-21,0.32407817,1.80E-09,0.37479892,1.44E-05,5.65E-05,0.43570697,0,0.4486267,0,0,0.3503546,0,0.58125275,0.47003502,4
0.25209618,0.29503924,1.59E-05,1.61E-06,0.38159412,0.46982324,0,0,0.34851477,0.4641461,0,0,0.38961926,0.4486558,0,0,0.43765217,0.46403483,0,0,0,0,0,0.982663,0,0.43570697,0,0.4486267,0,0,2.08E-17,0,0.58125275,0.47003502,2
0.6324206,0.19867215,0.24984568,0.12763742,0.38159412,0.46982324,1.07E-06,8.53E-13,0.34851477,0.4641461,0.0043294025,1.59E-05,0.38961926,0.4486558,0.0074479813,5.33E-05,0.43765217,0.46403483,1.26E-22,2.32E-12,0.51806825,0.00011493073,0.17626864,9.68E-05,0.0003807007,0.43570697,0,0.4486267,0,0,0.35886526,0,0.58125275,0.47003502,1
0.26202723,0.3198423,1.50E-05,1.49E-06,0.38159412,0.46982324,0,0,0.34851477,0.4641461,0,0,0.38961926,0.4486558,0,0,0.43765217,0.46403483,0,0,0,0,0,0.98266304,0,0.43570697,0,0.4486267,0,0,2.08E-17,0,0.58125275,0.47003502,2
0.43598583,0.6038385,0.21226917,0.13175075,0.38159412,0.46982324,0.0004841671,1.75E-07,0.34851477,0.4641461,0.01305727,0.00014504,0.38961926,0.4486558,0.013516942,0.00017557554,0.43765217,0.46403483,1.34E-21,7.40E-22,0.3062635,6.32E-20,0.46627656,1.03E-06,4.06E-06,0.43570697,0,0.4486267,0,0,0.3503546,0,0.58125275,0.47003502,4
0.70766693,0.5334413,0.24327451,0.12193818,0.38159412,0.46982324,0,0,0.34851477,0.4641461,0,0,0.38961926,0.4486558,0,0,0.43765217,0.46403483,0,0,0,0,0,0.9826648,0,0.43570697,0,0.4486267,0,0,2.08E-17,0,0.58125275,0.47003502,4
0.7183971,0.90860325,0.24411705,0.12156639,0.38159412,0.46982324,0,0,0.34851477,0.4641461,0,0,0.38961926,0.4486558,0,0,0.43765217,0.46403483,0,0,0,0,0,0.98266494,0,0.43570697,0,0.4486267,0,0,2.08E-17,0,0.58125275,0.47003502,4
0.0017355259,0.0019199839,0.012965516,0.0052435542,0.38172865,0.55436164,0.034104493,0.001018792,0.34877113,0.5857633,0.03409464,0.0011644781,0.38991734,0.5818067,0.078060105,0.111421436,0.44531804,0.50817204,9.78E-19,2.22E-18,0.0019922387,1.17E-17,0.0020524384,5.76E-10,1.49E-17,0.52791226,0.0005316473,0.5208054,0.0015666425,0.04427383,0.070435286,0.11636245,0.5831136,0.49225336,0
0.38772672,0.24482921,0.1838224,0.13426189,0.38159412,0.46982324,0.0066925283,3.34E-05,0.34851477,0.4641461,0.016355522,0.00022756834,0.38961926,0.4486558,0.018524626,0.00032976607,0.43765217,0.46403483,1.38E-21,1.83E-21,0.23798484,4.96E-06,0.16375153,7.04E-05,0.0002768701,0.43570697,2.32E-16,0.4486267,0.56735855,1.06E-07,0.3503546,1.09E-14,0.58125275,0.47003502,5
0.43530884,0.29166675,0.0055750664,0.00010797479,0.38159412,0.46982324,0,0,0.34851477,0.4641461,0,0,0.38961926,0.4486558,0,0,0.43765217,0.46403483,0,0,0,0,0,0.98266554,0,0.43570697,0,0.4486267,0,0,2.08E-17,0,0.58125275,0.47003502,3
0.22066954,0.29222685,7.55E-05,3.72E-06,0.38159412,0.46982324,0,0,0.34851477,0.4641461,0,0,0.38961926,0.4486558,0,0,0.43765217,0.46403483,0,0,0,0,0,0.98266304,0,0.43570697,0,0.4486267,0,0,2.08E-17,0,0.58125275,0.47003502,2
0.009471109,0.0030648098,0.06813841,0.09705668,0.38151175,0.46913508,0.3316415,0.25222275,0.3399083,0.4442472,0.35348132,0.24908537,0.37498572,0.41571444,0.34325278,0.25618353,0.4327268,0.4595473,7.60E-19,3.33E-18,0.011121952,3.47E-18,0.0032827232,2.36E-10,3.84E-17,0.43570697,0,0.4486267,0,0,0.009929078,0,0.58125275,0.47003502,0
0.3225206,0.10134298,0.18088843,0.13418287,0.38159412,0.46982324,0.045628265,0.0015510432,0.34851477,0.4641461,0.026823355,0.0006120815,0.38961926,0.4486558,0.024818005,0.0005918897,0.43765217,0.46403483,2.41E-21,2.66E-11,0.1934558,0.00035308415,0.06673229,0.00025914406,0.0010191783,0.43570697,8.13E-16,0.4486267,0.23109156,5.13E-08,0.3503546,2.55E-15,0.58125275,0.47003502,5
0.427179,0.3719959,0.0056596883,0.00010782234,0.38159412,0.46982324,6.71E-06,3.35E-11,0.34851477,0.4641461,0.00052976125,2.39E-07,0.38961926,0.4486558,0.00069766596,4.68E-07,0.43765217,0.46403483,3.05E-21,3.41E-21,0.30387184,5.06E-08,0.26861736,2.78E-05,0.000109358545,0.43570697,0,0.4486267,0,0,0.009929078,0,0.58125275,0.47003502,3
0.46089813,0.578174,0.21480662,0.1312251,0.38159412,0.46982324,1.92E-06,2.74E-12,0.34851477,0.4641461,0.0065556187,3.66E-05,0.38961926,0.4486558,0.012353399,0.0001466493,0.43765217,0.46403483,3.02E-21,2.18E-21,0.3401121,6.11E-14,0.45177433,4.28E-06,1.68E-05,0.43570697,0,0.4486267,0,0,0.3503546,0,0.58125275,0.47003502,4
0.39516008,0.10877122,0.21867804,0.13033114,0.38159412,0.46982324,0,0,0.34851477,0.4641461,0,0,0.38961926,0.4486558,0,0,0.43765217,0.46403483,0,0,0,0,0,0.98266476,0,0.43570697,0,0.4486267,0,0,2.08E-17,0,0.58125275,0.47003502,4
0.22495987,0.3072474,7.53E-05,3.87E-06,0.38159412,0.46982324,0,0,0.34851477,0.4641461,0,0,0.38961926,0.4486558,0,0,0.43765217,0.46403483,0,0,0,0,0,0.98266315,0,0.43570697,0,0.4486267,0,0,2.08E-17,0,0.58125275,0.47003502,2
0.2522239,0.2137233,1.51E-05,1.48E-06,0.38159412,0.46982324,0,0,0.34851477,0.4641461,0,0,0.38961926,0.4486558,0,0,0.43765217,0.46403483,0,0,0,0,0,0.9826629,0,0.43570697,0,0.4486267,0,0,2.08E-17,0,0.58125275,0.47003502,2
0.7252128,0.36935645,0.0070804814,9.57E-05,0.38159412,0.46982324,1.52E-07,1.73E-14,0.34851477,0.4641461,0.00013617713,1.58E-08,0.38961926,0.4486558,0.00020309117,3.96E-08,0.43765217,0.46403483,7.54E-23,1.77E-21,0.6102427,1.19E-05,0.3354321,4.12E-05,0.00016214546,0.43570697,0,0.4486267,0,0,0.009929078,0,0.58125275,0.47003502,3
0.7243683,0.6907454,0.008090067,7.86E-05,0.38159412,0.46982324,4.99E-06,1.86E-11,0.34851477,0.4641461,0.00023362039,4.64E-08,0.38961926,0.4486558,0.00027473274,7.25E-08,0.43765217,0.46403483,4.24E-23,5.82E-23,0.69653517,1.53E-08,0.71352106,1.01E-05,3.97E-05,0.43570697,0,0.4486267,0,0,0.009929078,0,0.58125275,0.47003502,3
0.0012157301,0.00165617,0.008437746,0.00080526044,0.38159412,0.46982324,0.0005767998,3.64E-05,0.34851474,0.463663,0.027538609,0.00087181217,0.3896177,0.44777,0.031142965,0.0011631447,0.43777794,0.48698556,8.49E-18,8.65E-18,0.0011022032,1.10E-17,0.0017649018,7.37E-10,1.54E-17,0.43570697,0.00051239034,0.44641656,0.001549868,0.004265181,0.039124843,0.00053225027,0.58125585,0.47573024,0
0.7053083,0.5078233,0.24368696,0.1217563,0.38159412,0.46982324,0.015367919,0.00017594872,0.34851477,0.4641461,0.010659019,9.67E-05,0.38961926,0.4486558,0.0075127413,5.42E-05,0.43765217,0.46403483,8.49E-23,1.59E-22,0.5789261,9.25E-07,0.45013836,2.37E-05,9.31E-05,0.43570697,0,0.4486267,0,0,0.3503546,0,0.58125275,0.47003502,4
0.42617616,0.597032,0.21355018,0.13149466,0.38159412,0.46982324,0,0,0.34851477,0.4641461,0,0,0.38961926,0.4486558,0,0,0.43765217,0.46403483,0,0,0,0,0,0.982665,0,0.43570697,0,0.4486267,0,0,2.08E-17,0,0.58125275,0.47003502,4
0.43547148,0.20230557,0.21590528,0.13097985,0.38159412,0.46982324,0,0,0.34851477,0.4641461,0,0,0.38961926,0.4486558,0,0,0.43765217,0.46403483,0,0,0,0,0,0.98266476,0,0.43570697,0,0.4486267,0,0,2.08E-17,0,0.58125275,0.47003502,4
0.0011172618,0.0015251386,0.008269575,0.00081846374,0.38159412,0.46982324,0,0,0.34851477,0.4641461,9.93E-10,2.66E-18,0.38961926,0.4486558,2.43E-09,8.06E-18,0.43765217,0.46403483,0,0,1.64E-05,1.22E-21,7.83E-05,2.26E-08,5.97E-17,0.43570697,2.87E-18,0.4486267,0.00027161208,2.42E-09,0.017626109,8.06E-18,0.58125275,0.47003502,0
0.33038235,0.105205916,0.1990655,0.14065252,0.38159412,0.46982324,0.052190915,0.002029298,0.34851477,0.4641461,0.028914489,0.0007112366,0.38961926,0.4486558,0.02433695,0.0005691666,0.43765217,0.46403483,5.42E-22,4.47E-13,0.20794722,0.00022992375,0.07442096,0.00022423337,0.0008819101,0.43570697,0,0.4486267,0,0,0.35886526,0,0.58125275,0.47003502,1
0.40782893,0.33292323,0.005525336,0.00010812612,0.38159412,0.46982324,7.10E-09,3.76E-17,0.34851477,0.4641461,0.00029046996,7.18E-08,0.38961926,0.4486558,0.00067002274,4.31E-07,0.43765217,0.46403483,4.74E-22,1.11E-21,0.27139658,2.60E-07,0.23456752,3.71E-05,0.00014586498,0.43570697,0,0.4486267,0,0,0.009929078,0,0.58125275,0.47003502,3
0.25198767,0.3560017,1.62E-05,1.64E-06,0.38159412,0.46982324,0,0,0.34851477,0.4641461,0,0,0.38961926,0.4486558,0,0,0.43765217,0.46403483,0,0,0,0,0,0.98266315,0,0.43570697,0,0.4486267,0,0,2.08E-17,0,0.58125275,0.47003502,2
0.46327645,0.5690223,0.21397041,0.1314046,0.38159412,0.46982324,0.031988516,0.00076233206,0.34851477,0.4641461,0.017574498,0.00026275372,0.38961926,0.4486558,0.013763405,0.00018203667,0.43765217,0.46403483,7.01E-22,1.34E-21,0.33730674,4.40E-13,0.4429229,5.31E-06,2.09E-05,0.43570697,0,0.4486267,0,0,0.3503546,0,0.58125275,0.47003502,4
0.38360193,0.21316943,0.18513295,0.13428485,0.38159412,0.46982324,7.84E-05,4.58E-09,0.34851477,0.4641461,0.012638596,0.00013588788,0.38961926,0.4486558,0.018644348,0.00033404233,0.43765217,0.46403483,5.17E-22,9.99E-22,0.24423698,1.31E-05,0.1435938,8.87E-05,0.00034880167,0.43570697,1.16E-15,0.4486267,0.49751282,8.89E-08,0.3503546,7.65E-15,0.58125275,0.47003502,5
0.43093878,0.34675795,0.0055309576,0.00010810969,0.38159412,0.46982324,0,0,0.34851477,0.4641461,0,0,0.38961926,0.4486558,0,0,0.43765217,0.46403483,0,0,0,0,0,0.9826656,0,0.43570697,0,0.4486267,0,0,2.08E-17,0,0.58125275,0.47003502,3
0.731145,0.6436494,0.00809162,7.88E-05,0.38159412,0.46982324,0,0,0.34851477,0.4641461,0,0,0.38961926,0.4486558,0,0,0.43765217,0.46403483,0,0,0,0,0,0.9826656,0,0.43570697,0,0.4486267,0,0,2.08E-17,0,0.58125275,0.47003502,3
0.22833301,0.31796694,7.34E-05,3.71E-06,0.38159412,0.46982324,0,0,0.34851477,0.4641461,0,0,0.38961926,0.4486558,0,0,0.43765217,0.46403483,0,0,0,0,0,0.9826633,0,0.43570697,0,0.4486267,0,0,2.08E-17,0,0.58125275,0.47003502,2
0.76564157,0.8044405,0.008094375,7.81E-05,0.38159412,0.46982324,1.36E-07,1.37E-14,0.34851477,0.4641461,0.00015933909,2.16E-08,0.38961926,0.4486558,0.00025336654,6.17E-08,0.43765217,0.46403483,6.53E-23,8.09E-23,0.7383198,4.75E-10,0.83279604,6.14E-06,2.42E-05,0.43570697,0,0.4486267,0,0,0.009929078,0,0.58125275,0.47003502,3
0.0011527314,0.0015996909,0.008571537,0.0024481835,0.38159412,0.46982327,6.77E-05,1.54E-06,0.34851477,0.46601972,0.022886178,0.0005945699,0.38968942,0.5069885,0.055467073,0.0033119502,0.43789735,0.48118576,7.42E-18,7.81E-18,0.0011863342,8.50E-18,0.0016732684,7.90E-10,8.09E-18,0.48073447,0.00013910029,0.45641103,0.0015593921,0.005388308,0.040948763,0.00040776012,0.5812792,0.51398665,0
0.00089457206,0.0017391028,0.04203971,0.12135573,0.38159412,0.46982324,7.36E-05,1.00E-06,0.34851477,0.4647602,0.02449817,0.0007254787,0.38968083,0.4904704,0.39047205,0.15591863,0.43650228,0.46212292,1.50E-21,1.26E-18,0.0008583028,8.24E-18,0.0018258741,8.22E-10,5.28E-10,0.43570697,0.00028505546,0.4486267,0.0013513301,0.00028493418,0.039539203,0.00048085113,0.5812526,0.46554145,0
0.4803612,0.32134727,0.21363273,0.13147669,0.38159412,0.46982324,0.017405905,0.00022570915,0.34851477,0.4641461,0.019384969,0.0003196784,0.38961926,0.4486558,0.015466112,0.00022986317,0.43765217,0.46403483,5.27E-22,7.38E-22,0.3409732,2.03E-06,0.24975994,4.38E-05,0.0001721109,0.43570697,0,0.4486267,0,0,0.3503546,0,0.58125275,0.47003502,4
0.003351762,0.0027203255,0.052636575,0.07713497,0.38159412,0.46982324,1.39E-09,1.44E-18,0.34851477,0.4641461,9.93E-10,8.41E-19,0.38961926,0.4486558,2.43E-09,5.70E-18,0.43765217,0.46403483,1.31E-25,8.84E-24,0.0018848405,9.59E-15,0.0009552936,1.84E-08,8.47E-14,0.43570697,9.07E-19,0.4486267,0.0033120015,2.42E-09,2.08E-17,5.70E-18,0.58125275,0.47003502,0
0.42952842,0.605079,0.21337016,0.13152996,0.38159412,0.46982324,0,0,0.34851477,0.4641461,0,0,0.38961926,0.4486558,0,0,0.43765217,0.46403483,0,0,0,0,0,0.98266506,0,0.43570697,0,0.4486267,0,0,2.08E-17,0,0.58125275,0.47003502,4
0.48375288,0.3515377,0.2135085,0.13150239,0.38159412,0.46982324,0.0002268249,3.83E-08,0.34851477,0.4641461,0.012408317,0.00013098115,0.38961926,0.4486558,0.014150422,0.00019241807,0.43765217,0.46403483,9.00E-22,1.02E-21,0.3427351,8.31E-07,0.2730465,3.66E-05,0.0001440642,0.43570697,0,0.4486267,0,0,0.3503546,0,0.58125275,0.47003502,4
0.45702973,0.20871413,0.20916505,0.13964811,0.38159412,0.46982324,0.045549765,0.001545711,0.34851477,0.4641461,0.028278947,0.00068031414,0.38961926,0.4486558,0.025422188,0.0006210591,0.43765217,0.46403483,6.98E-22,1.03E-21,0.31769335,1.69E-05,0.15516494,8.64E-05,0.00033991432,0.43570697,0,0.4486267,0,0,0.35886526,0,0.58125275,0.47003502,1
0.71309143,0.29528928,0.0070716236,9.60E-05,0.38159412,0.46982324,2.79E-05,5.80E-10,0.34851477,0.4641461,0.00023121212,4.55E-08,0.38961926,0.4486558,0.00023940008,5.51E-08,0.43765217,0.46403483,7.18E-23,5.51E-17,0.5982485,3.44E-05,0.2678167,5.73E-05,0.00022531004,0.43570697,0,0.4486267,0,0,0.009929078,0,0.58125275,0.47003502,3
0.4692023,0.36513212,0.2140353,0.13139023,0.38159412,0.46982324,0.017306894,0.00022314864,0.34851477,0.4641461,0.016673906,0.0002365145,0.38961926,0.4486558,0.014918306,0.00021386816,0.43765217,0.46403483,6.68E-22,9.80E-22,0.33811265,5.11E-07,0.2843163,3.35E-05,0.00013161167,0.43570697,0,0.4486267,0,0,0.3503546,0,0.58125275,0.47003502,4
0.40807876,0.32641453,0.21016231,0.13950434,0.38159412,0.46982324,0,0,0.34851477,0.4641461,0,0,0.38961926,0.4486558,0,0,0.43765217,0.46403483,0,0,0,0,0,0.98266613,0,0.43570697,0,0.4486267,0,0,2.08E-17,0,0.58125275,0.47003502,1
0.00037710578,0.00046132779,0.015570376,0.0012615285,0.38159412,0.46982324,0,0.008105061,0.34851477,0.4641461,0.00014707245,0.008849959,0.38961926,0.4487548,0.06670118,0.010448827,0.44089317,0.5386384,0,0,7.71E-10,3.51E-19,0.00010293637,2.74E-08,9.70E-15,0.43570697,0,0.4486267,0,0,0.009929078,0,0.58125275,0.47003502,0
0.43105108,0.6031431,0.21177155,0.13185038,0.38159412,0.46982324,0.040197022,0.0012037706,0.34851477,0.4641461,0.021079777,0.00037802028,0.38961926,0.4486558,0.014354478,0.00019800759,0.43765217,0.46403483,3.56E-21,3.83E-21,0.30236465,1.54E-20,0.46467096,8.91E-07,3.51E-06,0.43570697,0,0.4486267,0,0,0.3503546,0,0.58125275,0.47003502,4
0.00117606,0.0015831441,0.008937875,0.0037622103,0.38159412,0.46983412,0.0035263314,0.0005486248,0.34851712,0.47490984,0.032028496,0.001100663,0.38983002,0.54461086,0.06944422,0.006912201,0.43785772,0.47023097,2.30E-20,3.60E-18,0.0010882479,7.45E-18,0.0016322149,8.19E-10,7.52E-18,0.43539834,0.0030905828,0.41793272,0.0012481275,0.0572952,0.04454236,0.0034564242,0.5814872,0.49004754,0
0.77457386,0.8812342,0.0071238605,9.52E-05,0.38159412,0.46982324,7.64E-06,4.35E-11,0.34851477,0.4641461,0.00020385487,3.54E-08,0.38961926,0.4486558,0.000250881,6.05E-08,0.43765217,0.46403483,4.56E-23,8.14E-23,0.67468613,1.03E-11,0.80522925,4.29E-06,1.69E-05,0.43570697,0,0.4486267,0,0,0.009929078,0,0.58125275,0.47003502,3
0.3981385,0.5983742,0.21396814,0.1314055,0.38159412,0.46982324,0,0,0.34851477,0.4641461,0,0,0.38961926,0.4486558,0,0,0.43765217,0.46403483,0,0,0,0,0,0.98266506,0,0.43570697,0,0.4486267,0,0,2.08E-17,0,0.58125275,0.47003502,4
0.21670045,0.20954272,7.79E-05,3.92E-06,0.38159412,0.46982324,0,0,0.34851477,0.4641461,0,0,0.38961926,0.4486558,0,0,0.43765217,0.46403483,0,0,0,0,0,0.9826629,0,0.43570697,0,0.4486267,0,0,2.08E-17,0,0.58125275,0.47003502,2
0.25874275,0.25516284,1.50E-05,1.52E-06,0.38159412,0.46982324,0,0,0.34851477,0.4641461,0,0,0.38961926,0.4486558,0,0,0.43765217,0.46403483,0,0,0,0,0,0.9826629,0,0.43570697,0,0.4486267,0,0,2.08E-17,0,0.58125275,0.47003502,2
0.38109887,0.2500322,0.18396759,0.13426507,0.38159412,0.46982324,0.0025970472,5.02E-06,0.34851477,0.4641461,0.014854441,0.0001877136,0.38961926,0.4486558,0.018135387,0.00031605363,0.43765217,0.46403483,9.43E-22,1.19E-21,0.23456739,4.09E-06,0.16735946,6.75E-05,0.00026535083,0.43570697,1.16E-16,0.4486267,0.5798748,1.15E-07,0.3503546,1.29E-14,0.58125275,0.47003502,5
0.011896471,0.00305492,0.0700196,0.098819114,0.41080058,0.6401354,0.25177044,0.477878,0.34671408,0.46026197,0.3432266,0.28734124,0.3780315,0.42408562,0.33918816,0.28995815,0.42229667,0.4509258,9.90E-19,1.06E-18,0.014159496,1.30E-17,0.0034384762,2.24E-10,5.24E-17,0.43570697,0,0.4486267,0,0,0.009929078,0,0.58125275,0.47003502,0
0.4195781,0.44899648,0.21336405,0.13153122,0.38159412,0.46982324,0.0003734207,1.04E-07,0.34851477,0.4641461,0.014441265,0.00017741628,0.38961926,0.4486558,0.015149547,0.00022054966,0.43765217,0.46403483,1.99E-20,5.54E-21,0.3078189,8.32E-09,0.3485292,1.79E-05,7.05E-05,0.43570697,0,0.4486267,0,0,0.3503546,0,0.58125275,0.47003502,4
1.96E-08,1.16E-05,0.022661425,6.01E-18,0.38159412,0.46982324,0,0,0.34851477,0.4641461,0,0,0.38961926,0.4486558,2.43E-09,5.70E-18,0.43765217,0.46403483,0,0,2.45E-08,2.19E-22,1.57E-05,8.11E-08,2.34E-19,0.43570697,0,0.4486267,5.45E-05,2.42E-09,0.021276595,5.70E-18,0.58125275,0.47003502,0
0.7202606,0.97039264,0.24465238,0.121326916,0.38159412,0.46982324,4.86E-08,1.76E-15,0.34851477,0.4641461,0.002993237,7.62E-06,0.38961926,0.4486558,0.006255035,3.76E-05,0.43765217,0.46403483,1.16E-22,2.16E-22,0.59265965,1.77E-16,0.86354923,1.32E-06,5.19E-06,0.43570697,0,0.4486267,0,0,0.3503546,0,0.58125275,0.47003502,4
0.74034995,0.6076001,0.008094602,7.89E-05,0.38159412,0.46982324,4.67E-07,1.63E-13,0.34851477,0.4641461,0.00018333957,2.86E-08,0.38961926,0.4486558,0.00027347766,7.19E-08,0.43765217,0.46403483,7.52E-23,7.24E-23,0.7088426,1.38E-07,0.6267099,1.43E-05,5.64E-05,0.43570697,0,0.4486267,0,0,0.009929078,0,0.58125275,0.47003502,3
0.26268733,0.3581743,1.52E-05,1.51E-06,0.38159412,0.46982324,0,0,0.34851477,0.4641461,0,0,0.38961926,0.4486558,0,0,0.43765217,0.46403483,0,0,0,0,0,0.9826632,0,0.43570697,0,0.4486267,0,0,2.08E-17,0,0.58125275,0.47003502,2
0.39104256,0.42668742,0.21532269,0.13864468,0.38159412,0.46982324,0.00094165624,6.61E-07,0.34851477,0.4641461,0.026132379,0.00058095297,0.38961926,0.4486558,0.027827358,0.00074413384,0.43765217,0.46403483,2.18E-21,2.15E-21,0.28705093,4.57E-10,0.3266412,1.42E-05,5.59E-05,0.43570697,0,0.4486267,0,0,0.35886526,0,0.58125275,0.47003502,1
0.41188332,0.33386588,0.0055182423,0.00010813706,0.38159412,0.46982324,0,0,0.34851477,0.4641461,0,0,0.38961926,0.4486558,0,0,0.43765217,0.46403483,0,0,0,0,0,0.9826656,0,0.43570697,0,0.4486267,0,0,2.08E-17,0,0.58125275,0.47003502,3
0.43702596,0.39896923,0.2129591,0.13161397,0.38159412,0.46982324,1.23E-05,1.13E-10,0.34851477,0.4641461,0.008333172,5.91E-05,0.38961926,0.4486558,0.013291823,0.00016977596,0.43765217,0.46403483,1.03E-21,1.23E-21,0.30988568,1.28E-07,0.3090759,2.66E-05,0.00010446959,0.43570697,0,0.4486267,0,0,0.3503546,0,0.58125275,0.47003502,4
0.4847191,0.5861406,0.21503219,0.13117653,0.38159412,0.46982324,0.005743596,2.46E-05,0.34851477,0.4641461,0.0128376465,0.00014020188,0.38961926,0.4486558,0.012960004,0.00016140513,0.43765217,0.46403483,1.06E-21,1.30E-21,0.35657498,3.77E-14,0.45849496,4.04E-06,1.59E-05,0.43570697,0,0.4486267,0,0,0.3503546,0,0.58125275,0.47003502,4
0.0027507888,0.0027007426,0.054142725,0.07407007,0.38159412,0.46982324,0,0,0.34851477,0.4641461,0,0,0.38961926,0.4486558,2.82E-09,7.60E-18,0.43765217,0.46403483,3.40E-19,8.49E-19,0.0017900328,6.41E-15,0.0009228318,1.83E-08,8.43E-14,0.43570697,1.81E-18,0.4486267,7.46E-05,0,0.009929078,0,0.58125275,0.47003502,0
0.7253053,0.70678556,0.008075716,7.88E-05,0.38159412,0.46982324,4.56E-07,1.55E-13,0.34851477,0.4641461,0.0001842289,2.89E-08,0.38961926,0.4486558,0.0002653134,6.76E-08,0.43765217,0.46403483,3.65E-23,8.11E-23,0.6913165,9.54E-09,0.72904694,9.41E-06,3.70E-05,0.43570697,0,0.4486267,0,0,0.009929078,0,0.58125275,0.47003502,3
0.21635608,0.26036856,7.51E-05,3.79E-06,0.38159412,0.46982324,0,0,0.34851477,0.4641461,0,0,0.38961926,0.4486558,0,0,0.43765217,0.46403483,0,0,0,0,0,0.982663,0,0.43570697,0,0.4486267,0,0,2.08E-17,0,0.58125275,0.47003502,2
0.42800602,0.3396196,0.00553514,0.000108090535,0.38159412,0.46982324,0.0011752677,1.03E-06,0.34851477,0.4641461,0.0006730831,3.85E-07,0.38961926,0.4486558,0.00071348686,4.89E-07,0.43765217,0.46403483,2.05E-21,1.19E-21,0.28688845,2.13E-07,0.23978952,3.58E-05,0.0001406638,0.43570697,0,0.4486267,0,0,0.009929078,0,0.58125275,0.47003502,3
0.71714735,0.95914185,0.24450038,0.12139567,0.38159412,0.46982324,0,0,0.34851477,0.4641461,0,0,0.38961926,0.4486558,0,0,0.43765217,0.46403483,0,0,0,0,0,0.982665,0,0.43570697,0,0.4486267,0,0,2.08E-17,0,0.58125275,0.47003502,4
0.00087251054,0.0014813397,0.008344737,0.0008400602,0.38159412,0.46982434,0.008831738,7.49E-05,0.3485167,0.4762414,0.039084733,0.0013911265,0.3898773,0.5605634,0.031984515,0.0011894244,0.437893,0.5076584,3.32E-22,5.43E-19,0.0007973057,6.47E-18,0.0015679072,8.68E-10,9.63E-18,0.43570697,0.00015983175,0.44402045,0.001376427,0.003304475,0.039983995,0.00045968092,0.581257,0.48087323,0
0.25465682,0.21629784,1.55E-05,1.48E-06,0.38159412,0.46982324,0,0,0.34851477,0.4641461,0,0,0.38961926,0.4486558,0,0,0.43765217,0.46403483,0,0,0,0,0,0.9826629,0,0.43570697,0,0.4486267,0,0,2.08E-17,0,0.58125275,0.47003502,2
0.38157618,0.4206198,0.005780878,0.00010736666,0.38159412,0.46982324,0.00023790095,4.22E-08,0.34851477,0.4641461,0.0011300847,1.09E-06,0.38961926,0.4486558,0.00079649204,6.10E-07,0.43765217,0.46403483,4.72E-22,1.05E-21,0.24857567,2.75E-09,0.3104113,1.76E-05,6.93E-05,0.43570697,0,0.4486267,0,0,0.009929078,0,0.58125275,0.47003502,3
0.35043475,0.34060645,0.18407035,0.13426615,0.38159412,0.46982324,0,0,0.34851477,0.4641461,0,0,0.38961926,0.4486558,0,0,0.43765217,0.46403483,0,0,0,0,0,0.982667,0,0.43570697,0,0.4486267,0,0,2.08E-17,0,0.58125275,0.47003502,5
0.7292731,0.57999426,0.008060612,7.98E-05,0.38159412,0.46982324,9.24E-06,6.36E-11,0.34851477,0.4641461,0.00025051986,5.34E-08,0.38961926,0.4486558,0.00028888194,8.02E-08,0.43765217,0.46403483,7.15E-23,9.29E-23,0.6800545,2.58E-07,0.5953601,1.60E-05,6.29E-05,0.43570697,0,0.4486267,0,0,0.009929078,0,0.58125275,0.47003502,3
0.25270757,0.36067617,1.52E-05,1.51E-06,0.38159412,0.46982324,0,0,0.34851477,0.4641461,0,0,0.38961926,0.4486558,0,0,0.43765217,0.46403483,0,0,0,0,0,0.9826633,0,0.43570697,0,0.4486267,0,0,2.08E-17,0,0.58125275,0.47003502,2
0.22777256,0.30764797,7.52E-05,3.86E-06,0.38159412,0.46982324,0,0,0.34851477,0.4641461,0,0,0.38961926,0.4486558,0,0,0.43765217,0.46403483,0,0,0,0,0,0.98266315,0,0.43570697,0,0.4486267,0,0,2.08E-17,0,0.58125275,0.47003502,2
0.22612447,0.31040862,7.18E-05,3.58E-06,0.38159412,0.46982324,0,0,0.34851477,0.4641461,0,0,0.38961926,0.4486558,0,0,0.43765217,0.46403483,0,0,0,0,0,0.98266315,0,0.43570697,0,0.4486267,0,0,2.08E-17,0,0.58125275,0.47003502,2
0.25944415,0.2497708,1.61E-05,1.63E-06,0.38159412,0.46982324,0,0,0.34851477,0.4641461,0,0,0.38961926,0.4486558,0,0,0.43765217,0.46403483,0,0,0,0,0,0.9826629,0,0.43570697,0,0.4486267,0,0,2.08E-17,0,0.58125275,0.47003502,2
0.00046252168,0.00054324936,0.012852677,0.0006298929,0.38159412,0.46982324,1.97E-09,0.007196486,0.34851477,0.4641461,8.73E-06,0.008643396,0.38961926,0.4486558,0.02084029,0.009794272,0.43775392,0.47143355,3.86E-31,1.68E-21,0.00014150639,4.58E-16,0.00022649339,1.19E-08,4.06E-15,0.43570697,0,0.4486267,0,0,0.009929078,0,0.58125275,0.47003502,0
0.29611784,0.080241755,0.18196559,0.13423263,0.38159412,0.46982324,0,0,0.34851477,0.4641461,0,0,0.38961926,0.4486558,0,0,0.43765217,0.46403483,0,0,0,0,0,0.98266697,0,0.43570697,0,0.4486267,0,0,2.08E-17,0,0.58125275,0.47003502,5
0.43607175,0.5943769,0.21427964,0.13134171,0.38159412,0.46982324,7.49E-06,4.18E-11,0.34851477,0.4641461,0.0077421796,5.10E-05,0.38961926,0.4486558,0.012353217,0.00014664499,0.43765217,0.46403483,2.87E-21,1.32E-21,0.3078963,4.30E-15,0.46330017,3.17E-06,1.25E-05,0.43570697,0,0.4486267,0,0,0.3503546,0,0.58125275,0.47003502,4
0.21974419,0.31644258,7.42E-05,3.76E-06,0.38159412,0.46982324,0,0,0.34851477,0.4641461,0,0,0.38961926,0.4486558,0,0,0.43765217,0.46403483,0,0,0,0,0,0.9826633,0,0.43570697,0,0.4486267,0,0,2.08E-17,0,0.58125275,0.47003502,2
0.4464858,0.2971207,0.0056011304,0.00010792429,0.38159412,0.46982324,0,0,0.34851477,0.4641461,0,0,0.38961926,0.4486558,0,0,0.43765217,0.46403483,0,0,0,0,0,0.98266554,0,0.43570697,0,0.4486267,0,0,2.08E-17,0,0.58125275,0.47003502,3
0.43976352,0.59842736,0.21357897,0.13148977,0.38159412,0.46982324,0.009172345,6.27E-05,0.34851477,0.4641461,0.0162364,0.00022426555,0.38961926,0.4486558,0.013242792,0.00016852573,0.43765217,0.46403483,3.48E-22,3.96E-22,0.30701625,8.61E-16,0.4649521,2.69E-06,1.06E-05,0.43570697,0,0.4486267,0,0,0.3503546,0,0.58125275,0.47003502,4
0.7434086,0.8850969,0.0072807716,9.29E-05,0.38159412,0.46982324,8.91E-07,5.91E-13,0.34851477,0.4641461,0.00015764439,2.11E-08,0.38961926,0.4486558,0.00024239108,5.65E-08,0.43765217,0.46403483,1.62E-23,1.70E-23,0.73642516,6.17E-12,0.8266053,4.01E-06,1.58E-05,0.43570697,0,0.4486267,0,0,0.009929078,0,0.58125275,0.47003502,3
0.41229483,0.37178466,0.005669752,0.00010778951,0.38159412,0.46982324,0,0,0.34851477,0.4641461,0,0,0.38961926,0.4486558,0,0,0.43765217,0.46403483,0,0,0,0,0,0.9826656,0,0.43570697,0,0.4486267,0,0,2.08E-17,0,0.58125275,0.47003502,3
0.0007201169,0.00051166455,0.015170815,0.006996656,0.38159412,0.46982324,4.90E-06,0.0001607107,0.34851477,0.4641461,0.0062421495,0.0013947784,0.38963735,0.47796997,0.14451881,0.042028643,0.4399966,0.4766908,0,7.31E-22,8.60E-05,2.39E-16,0.00020459855,9.76E-09,5.78E-16,0.43570697,1.81E-18,0.4486267,0.00040669198,0,0.017626109,0,0.58125275,0.47003502,0
0.39633325,0.5288289,0.21297541,0.13161182,0.38159412,0.46982324,2.40E-05,4.29E-10,0.34851477,0.4641461,0.008823677,6.62E-05,0.38961926,0.4486558,0.013469961,0.00017435715,0.43765217,0.46403483,9.60E-22,1.84E-21,0.28161207,1.39E-11,0.4097161,7.97E-06,3.14E-05,0.43570697,0,0.4486267,0,0,0.3503546,0,0.58125275,0.47003502,4
0.0010300019,0.0015122008,0.008344473,0.0009028139,0.38159412,0.48741785,0.0066472185,3.29E-05,0.34851614,0.5417227,0.036819823,0.0011782136,0.38978866,0.56059176,0.033391397,0.001140342,0.43778983,0.49531737,2.35E-17,2.34E-17,0.000984926,1.49E-17,0.0015603265,6.80E-08,2.69E-07,0.43570697,9.07E-18,0.4486267,0.0013015588,0.00027106484,0.044207666,3.61E-06,0.58125323,0.6407608,0
0.22549245,0.312022,7.37E-05,3.61E-06,0.38159412,0.46982324,0,0,0.34851477,0.4641461,0,0,0.38961926,0.4486558,0,0,0.43765217,0.46403483,0,0,0,0,0,0.98266315,0,0.43570697,0,0.4486267,0,0,2.08E-17,0,0.58125275,0.47003502,2
0.22682714,0.25715828,7.59E-05,3.86E-06,0.38159412,0.46982324,0,0,0.34851477,0.4641461,0,0,0.38961926,0.4486558,0,0,0.43765217,0.46403483,0,0,0,0,0,0.982663,0,0.43570697,0,0.4486267,0,0,2.08E-17,0,0.58125275,0.47003502,2
0.4553038,0.21907543,0.20990463,0.13954213,0.38159412,0.46982324,0,0,0.34851477,0.4641461,0,0,0.38961926,0.4486558,0,0,0.43765217,0.46403483,0,0,0,0,0,0.9826661,0,0.43570697,0,0.4486267,0,0,2.08E-17,0,0.58125275,0.47003502,1
0.7063799,0.3763573,0.24375664,0.121726334,0.38159412,0.46982324,0.00025984083,5.03E-08,0.34851477,0.4641461,0.007056474,4.24E-05,0.38961926,0.4486558,0.00730736,5.13E-05,0.43765217,0.46403483,9.44E-23,2.96E-22,0.57805115,9.52E-06,0.33369827,4.03E-05,0.00015849863,0.43570697,0,0.4486267,0,0,0.3503546,0,0.58125275,0.47003502,4
0.00089515373,0.0015198729,0.008071175,0.001964502,0.38159412,0.46982324,1.82E-05,3.44E-07,0.34851477,0.46547902,0.021396523,0.0006305711,0.38968635,0.5018116,0.049520418,0.0027050902,0.4378864,0.48349103,5.85E-19,3.38E-18,0.0008662174,7.07E-18,0.0015997986,8.43E-10,6.74E-18,0.43570796,0.0018680735,0.48022988,0.0012330794,0.056081783,0.04307427,0.003309913,0.58161956,0.50276667,0
0.41726893,0.6017071,0.2119015,0.13182363,0.38159412,0.46982324,2.47E-05,4.53E-10,0.34851477,0.4641461,0.0098556485,8.26E-05,0.38961926,0.4486558,0.0131409895,0.00016594464,0.43765217,0.46403483,4.13E-21,1.54E-21,0.29001978,3.63E-20,0.46381775,9.75E-07,3.84E-06,0.43570697,0,0.4486267,0,0,0.3503546,0,0.58125275,0.47003502,4
0.43245497,0.1847442,0.2170138,0.13072573,0.38159412,0.46982324,0.016133897,0.00019392536,0.34851477,0.4641461,0.014771053,0.00018561195,0.38961926,0.4486558,0.013916899,0.00018611958,0.43765217,0.46403483,1.02E-21,6.83E-17,0.3140845,6.42E-05,0.1458446,0.00010496182,0.00041286543,0.43570697,0,0.4486267,0,0,0.3503546,0,0.58125275,0.47003502,4
0.38950783,0.43710452,0.006048374,0.00010603145,0.38159412,0.46982324,5.06E-08,1.91E-15,0.34851477,0.4641461,0.00044641912,1.70E-07,0.38961926,0.4486558,0.0007036597,4.76E-07,0.43765217,0.46403483,3.88E-22,1.31E-21,0.3097097,4.28E-10,0.33766085,1.37E-05,5.41E-05,0.43570697,0,0.4486267,0,0,0.009929078,0,0.58125275,0.47003502,3
0.4255065,0.60273826,0.21241012,0.13172287,0.38159412,0.46982324,0,0,0.34851477,0.4641461,0,0,0.38961926,0.4486558,0,0,0.43765217,0.46403483,0,0,0,0,0,0.9826651,0,0.43570697,0,0.4486267,0,0,2.08E-17,0,0.58125275,0.47003502,4
0.8257758,0.8648936,0.008131476,7.72E-05,0.38159412,0.46982324,0,0,0.34851477,0.4641461,0,0,0.38961926,0.4486558,0,0,0.43765217,0.46403483,0,0,0,0,0,0.98266566,0,0.43570697,0,0.4486267,0,0,2.08E-17,0,0.58125275,0.47003502,3
0.22448456,0.29564068,7.49E-05,3.75E-06,0.38159412,0.46982324,0,0,0.34851477,0.4641461,0,0,0.38961926,0.4486558,0,0,0.43765217,0.46403483,0,0,0,0,0,0.9826631,0,0.43570697,0,0.4486267,0,0,2.08E-17,0,0.58125275,0.47003502,2
0.22306894,0.2766259,7.34E-05,3.79E-06,0.38159412,0.46982324,0,0,0.34851477,0.4641461,0,0,0.38961926,0.4486558,0,0,0.43765217,0.46403483,0,0,0,0,0,0.982663,0,0.43570697,0,0.4486267,0,0,2.08E-17,0,0.58125275,0.47003502,2
0.37333897,0.22698513,0.18407153,0.13426499,0.38159412,0.46982324,9.27E-06,6.41E-11,0.34851477,0.4641461,0.010251381,8.94E-05,0.38961926,0.4486558,0.017696913,0.00030095538,0.43765217,0.46403483,4.51E-21,4.51E-21,0.23109023,8.60E-06,0.15201192,7.99E-05,0.00031423513,0.43570697,1.97E-15,0.4486267,0.52671355,1.01E-07,0.3503546,9.96E-15,0.58125275,0.47003502,5
0.36926016,0.41635644,0.005769783,0.00010740775,0.38159412,0.46982324,0,0,0.34851477,0.4641461,0,0,0.38961926,0.4486558,0,0,0.43765217,0.46403483,0,0,0,0,0,0.9826656,0,0.43570697,0,0.4486267,0,0,2.08E-17,0,0.58125275,0.47003502,3
0.43656737,0.52966183,0.21264364,0.13167866,0.38159412,0.46982324,0,0,0.34851477,0.4641461,0,0,0.38961926,0.4486558,0,0,0.43765217,0.46403483,0,0,0,0,0,0.98266494,0,0.43570697,0,0.4486267,0,0,2.08E-17,0,0.58125275,0.47003502,4
0.71561164,0.98796266,0.2438218,0.12169727,0.38159412,0.46982324,0.029258272,0.0006377542,0.34851477,0.4641461,0.011731164,0.000117075295,0.38961926,0.4486558,0.0075243902,5.44E-05,0.43765217,0.46403483,7.57E-22,3.57E-22,0.5769085,2.16E-18,0.8762308,8.34E-07,3.28E-06,0.43570697,0,0.4486267,0,0,0.3503546,0,0.58125275,0.47003502,4
0.64765376,0.2005558,0.008035643,7.96E-05,0.38159412,0.46982324,1.45E-06,1.56E-12,0.34851477,0.4641461,0.00020153497,3.46E-08,0.38961926,0.4486558,0.00027590716,7.32E-08,0.43765217,0.46403483,5.65E-23,3.51E-12,0.61178696,0.000103685736,0.20593214,8.34E-05,0.0003279408,0.43570697,0,0.4486267,0,0,0.009929078,0,0.58125275,0.47003502,3
0.74297774,0.9333543,0.24479279,0.12126478,0.38159412,0.46982324,9.05E-08,6.11E-15,0.34851477,0.4641461,0.0031606231,8.50E-06,0.38961926,0.4486558,0.0062158345,3.71E-05,0.43765217,0.46403483,4.76E-22,2.86E-22,0.6098532,4.68E-14,0.83106685,2.40E-06,9.45E-06,0.43570697,0,0.4486267,0,0,0.3503546,0,0.58125275,0.47003502,4
0.0010947735,0.0015864271,0.010002127,0.008373277,0.38159412,0.46982324,7.89E-05,0.00011858927,0.34851477,0.46439558,0.023425287,0.00076016,0.38969347,0.4974964,0.10365996,0.011329846,0.43795353,0.47041762,3.46E-21,3.17E-18,0.0009546149,8.37E-18,0.0016409591,8.13E-10,7.59E-18,0.43570697,0.00033515503,0.44861358,0.0015186754,0.0021449865,0.038118813,0.00060649053,0.5812548,0.47702712,0
0.000720809,0.0005105908,0.012604723,0.0014168594,0.38159412,0.46982324,0,0.007455889,0.34851477,0.4641461,1.38E-08,0.008675381,0.38961926,0.4486558,0.019793628,0.009795432,0.43774903,0.47144988,3.18E-20,4.56E-16,0.00028481282,1.05E-14,0.00013883409,2.12E-08,8.17E-15,0.43570697,0,0.4486267,0.00021653369,0,0.009929078,0,0.58125275,0.47003502,0
0.22487354,0.3102276,7.19E-05,3.59E-06,0.38159412,0.46982324,0,0,0.34851477,0.4641461,0,0,0.38961926,0.4486558,0,0,0.43765217,0.46403483,0,0,0,0,0,0.98266315,0,0.43570697,0,0.4486267,0,0,2.08E-17,0,0.58125275,0.47003502,2
0.47831413,0.25090635,0.21581599,0.13100089,0.38159412,0.46982324,0.000698512,3.63E-07,0.34851477,0.4641461,0.0148277655,0.00018703999,0.38961926,0.4486558,0.015199862,0.00022201709,0.43765217,0.46403483,3.56E-22,7.48E-22,0.3465428,1.45E-05,0.19699875,6.76E-05,0.00026608983,0.43570697,0,0.4486267,0,0,0.3503546,0,0.58125275,0.47003502,4
0.0006980534,0.00055445,0.018920055,0.017741924,0.38159412,0.46982324,0.02190849,0.0003575863,0.34851477,0.4641461,0.022031462,0.00041292357,0.38961926,0.4486558,0.017801588,0.00030452613,0.43765217,0.46436933,2.71E-16,2.71E-16,0.0001657395,3.77E-16,9.65E-05,1.93E-08,5.33E-16,0.43570697,0.00044557668,0.4486267,0.00033439512,0.01773454,0.03059822,0.00030446696,0.58125275,0.47044817,0
0.23299961,0.30663934,7.49E-05,3.82E-06,0.38159412,0.46982324,0,0,0.34851477,0.4641461,0,0,0.38961926,0.4486558,0,0,0.43765217,0.46403483,0,0,0,0,0,0.9826631,0,0.43570697,0,0.4486267,0,0,2.08E-17,0,0.58125275,0.47003502,2
0.7142691,0.79844296,0.25019312,0.12747698,0.38159412,0.46982324,3.05E-06,6.94E-12,0.34851477,0.4641461,0.004606124,1.80E-05,0.38961926,0.4486558,0.006314493,3.83E-05,0.43765217,0.46403483,1.35E-22,1.43E-22,0.5815841,1.53E-10,0.7093884,6.29E-06,2.47E-05,0.43570697,0,0.4486267,0,0,0.35886526,0,0.58125275,0.47003502,1
0.0008849604,0.0015239107,0.009757955,0.0012165514,0.38159412,0.46982324,0.00030208932,1.04E-05,0.34851477,0.46475393,0.029315742,0.0008409716,0.38971823,0.5111977,0.03859911,0.0015972719,0.4377873,0.4837565,1.66E-17,1.65E-17,0.00085929123,1.42E-17,0.0016030332,8.50E-10,1.38E-17,0.43570697,0.00015844282,0.4486267,0.0013180721,5.40E-07,0.03993812,0.0004490973,0.58125275,0.4700326,0
0.39977777,0.32361773,0.20967993,0.13957424,0.38159412,0.46982324,0,0,0.34851477,0.4641461,0,0,0.38961926,0.4486558,0,0,0.43765217,0.46403483,0,0,0,0,0,0.98266613,0,0.43570697,0,0.4486267,0,0,2.08E-17,0,0.58125275,0.47003502,1
0.22508879,0.31583342,7.35E-05,3.73E-06,0.38159412,0.46982324,0,0,0.34851477,0.4641461,0,0,0.38961926,0.4486558,0,0,0.43765217,0.46403483,0,0,0,0,0,0.9826632,0,0.43570697,0,0.4486267,0,0,2.08E-17,0,0.58125275,0.47003502,2
0.0012721323,0.001763059,0.028284086,0.06965642,0.38159412,0.4698206,0.0015458222,0.00032336812,0.34851417,0.45635432,0.02986457,0.00095170474,0.38962036,0.44923687,0.2938674,0.09011757,0.4415139,0.47454542,8.91E-18,1.89E-17,0.0012074708,2.00E-17,0.0018852708,6.62E-10,5.36E-13,0.43570697,0.00047985194,0.44787455,0.0014153993,0.049418516,0.07748437,0.14605923,0.5837148,0.49354142,0
0.56711,0.14923881,0.008068755,7.85E-05,0.38159412,0.46982324,2.64E-05,5.19E-10,0.34851477,0.4641461,0.00028581763,6.95E-08,0.38961926,0.4486558,0.0003283574,1.04E-07,0.43765217,0.46403483,1.10E-22,1.16E-09,0.5411279,0.00020855771,0.15400398,0.00011808877,0.00046449396,0.43570697,0,0.4486267,0,0,0.009929078,0,0.58125275,0.47003502,3
0.0074697644,0.0014353913,0.06612099,0.09024253,0.3771962,0.45551667,0.33960146,0.1620564,0.3339125,0.42070454,0.33828777,0.20306076,0.36188218,0.3753016,0.3252608,0.21546315,0.4235495,0.44912115,3.98E-18,9.40E-18,0.009143517,1.77E-17,0.0016002451,9.66E-10,1.08E-16,0.50294113,0.17622484,0.51268137,0.00037523572,0.35702366,0.1924244,0.18455121,0.6263031,0.5314512,0
1.94E-08,1.04E-05,0.022661425,2.00E-18,0.38159412,0.46982324,0,0,0.34851477,0.4641461,1.41E-09,1.68E-18,0.38961926,0.4486558,1.41E-09,1.90E-18,0.43765217,0.46403483,0,0,2.42E-08,7.97E-22,1.41E-05,2.17E-07,5.02E-07,0.43570697,1.81E-18,0.4486267,4.89E-05,1.40E-09,0.021276595,1.90E-18,0.58125275,0.47003502,0
0.42507756,0.60449034,0.21351917,0.13149875,0.38159412,0.46982324,0.01133737,9.58E-05,0.34851477,0.4641461,0.017785864,0.00026911194,0.38961926,0.4486558,0.013689241,0.00018008014,0.43765217,0.46403483,1.02E-21,1.01E-21,0.30059043,1.36E-18,0.4695364,1.39E-06,5.48E-06,0.43570697,0,0.4486267,0,0,0.3503546,0,0.58125275,0.47003502,4
0.28699568,0.0586898,0.22378497,0.12895648,0.38159412,0.46982324,0,0,0.34851477,0.4641461,0,0,0.38961926,0.4486558,0,0,0.43765217,0.46403483,0,0,0,0,0,0.98266476,0,0.43570697,0,0.4486267,0,0,2.08E-17,0,0.58125275,0.47003502,4
0.42671567,0.34706154,0.0055517503,0.000108067106,0.38159412,0.46982324,0.00075887423,4.29E-07,0.34851477,0.4641461,0.0008192789,5.71E-07,0.38961926,0.4486558,0.0007455819,5.34E-07,0.43765217,0.46403483,3.53E-22,4.57E-22,0.2884047,1.59E-07,0.24577868,3.39E-05,0.00013335753,0.43570697,0,0.4486267,0,0,0.009929078,0,0.58125275,0.47003502,3
0.45182878,0.35401675,0.20958176,0.1395898,0.38159412,0.46982324,0,0,0.34851477,0.4641461,0,0,0.38961926,0.4486558,0,0,0.43765217,0.46403483,0,0,0,0,0,0.98266613,0,0.43570697,0,0.4486267,0,0,2.08E-17,0,0.58125275,0.47003502,1
0.43279067,0.5964902,0.21425316,0.13134679,0.38159412,0.46982324,0.04036388,0.0012137851,0.34851477,0.4641461,0.019030856,0.00030810566,0.38961926,0.4486558,0.013462018,0.00017415159,0.43765217,0.46403483,8.19E-22,1.30E-21,0.31006423,1.18E-15,0.46491423,2.78E-06,1.09E-05,0.43570697,0,0.4486267,0,0,0.3503546,0,0.58125275,0.47003502,4
0.72854155,0.94297206,0.24483976,0.12124352,0.38159412,0.46982324,0.00029143554,6.33E-08,0.34851477,0.4641461,0.0071524004,4.35E-05,0.38961926,0.4486558,0.006814231,4.46E-05,0.43765217,0.46403483,1.89E-22,1.99E-22,0.5963958,1.48E-14,0.8398037,2.11E-06,8.31E-06,0.43570697,0,0.4486267,0,0,0.3503546,0,0.58125275,0.47003502,4
0.36917502,0.4144638,0.18324633,0.13424781,0.38159412,0.46982324,0.019914037,0.0002954436,0.34851477,0.4641461,0.022480346,0.00042992135,0.38961926,0.4486558,0.01789812,0.00030783776,0.43765217,0.46403483,6.49E-22,8.12E-22,0.22137226,2.38E-10,0.27633604,1.53E-05,6.03E-05,0.43570697,1.51E-15,0.4486267,0.9574774,9.70E-08,0.3503546,9.11E-15,0.58125275,0.47003502,5
0.74072474,0.65168256,0.0070866286,9.57E-05,0.38159412,0.46982324,2.36E-07,4.15E-14,0.34851477,0.4641461,0.00018663911,2.96E-08,0.38961926,0.4486558,0.00024550743,5.79E-08,0.43765217,0.46403483,2.24E-22,2.27E-22,0.6216708,6.17E-08,0.592362,1.38E-05,5.43E-05,0.43570697,0,0.4486267,0,0,0.009929078,0,0.58125275,0.47003502,3
0.0010230796,0.0015802921,0.022823313,0.05141986,0.38159412,0.46982324,0.004193829,1.31E-05,0.34851477,0.4641455,0.011787296,0.00012758728,0.38961202,0.41520846,0.010710855,0.00015780298,0.4376616,0.47642294,7.17E-21,5.64E-18,0.00018727082,4.13E-17,0.00037298776,4.94E-09,5.07E-17,0.43570635,0.00013767662,0.4151815,0.001293148,0.010670514,0.028565798,0.00015777232,0.58126044,0.4822843,0
0.7142264,0.9868291,0.24419022,0.12153374,0.38159412,0.46982324,0,0,0.34851477,0.4641461,0,0,0.38961926,0.4486558,0,0,0.43765217,0.46403483,0,0,0,0,0,0.98266506,0,0.43570697,0,0.4486267,0,0,2.08E-17,0,0.58125275,0.47003502,4
0.754976,0.70059377,0.007083057,9.58E-05,0.38159412,0.46982324,1.46E-05,1.58E-10,0.34851477,0.4641461,0.00022645893,4.36E-08,0.38961926,0.4486558,0.00025105203,6.06E-08,0.43765217,0.46403483,3.07E-22,2.00E-22,0.6305099,1.81E-08,0.636496,1.14E-05,4.48E-05,0.43570697,0,0.4486267,0,0,0.009929078,0,0.58125275,0.47003502,3
0.0010408228,0.0010421866,0.009593292,0.0010688225,0.38159412,0.46982324,0.009477138,0.00012857828,0.34851483,0.46444228,0.03777033,0.0013289958,0.38972175,0.49268964,0.03632482,0.0014613444,0.43778506,0.48438352,1.08E-17,1.06E-17,0.0009981415,2.89E-05,0.0010817929,0.007296247,0.02840136,0.43570697,0.00018520711,0.43711495,0.0008913105,0.004154047,0.039967194,0.0004698021,0.5812713,0.507188,0
0.37390602,0.5081858,0.212705,0.1316658,0.38159412,0.46982324,0,0,0.34851477,0.4641461,0,0,0.38961926,0.4486558,0,0,0.43765217,0.46403483,0,0,0,0,0,0.9826649,0,0.43570697,0,0.4486267,0,0,2.08E-17,0,0.58125275,0.47003502,4
0.00093000947,0.0015670779,0.009636184,0.002109053,0.38159412,0.46982324,4.84E-07,1.35E-06,0.34851477,0.46414605,0.014903609,0.00047697307,0.38961053,0.43808484,0.05091522,0.002787276,0.4376609,0.46476063,3.28E-17,3.28E-17,0.0009597382,2.48E-17,0.0016702479,8.03E-10,1.68E-17,0.43570697,0.00030037944,0.4486267,0.0013954805,0.0015557829,0.039083906,0.0006277515,0.5812524,0.46853876,0
0.40722087,0.43102598,0.21557494,0.13859579,0.38159412,0.46982324,0.0004510996,1.52E-07,0.34851477,0.4641461,0.0238221,0.0004827732,0.38961926,0.4486558,0.027471866,0.0007252428,0.43765217,0.46403483,1.02E-21,1.07E-21,0.29886144,3.80E-10,0.3303359,1.38E-05,5.44E-05,0.43570697,0,0.4486267,0,0,0.35886526,0,0.58125275,0.47003502,1
0.0009799675,0.0015094562,0.007995437,0.00078840833,0.38159412,0.46982324,0.00020110735,6.66E-06,0.34851477,0.4640904,0.026478393,0.000792574,0.38958868,0.42955607,0.03081139,0.0011449178,0.43776658,0.4851958,1.06E-17,1.04E-17,0.0009856699,6.52E-18,0.001616564,8.29E-10,1.59E-17,0.43570697,0.00032952364,0.4486212,0.0014301239,0.0020163327,0.0390042,0.00052370754,0.58125097,0.4630237,0
0.25187287,0.35894686,1.50E-05,1.46E-06,0.38159412,0.46982324,0,0,0.34851477,0.4641461,0,0,0.38961926,0.4486558,0,0,0.43765217,0.46403483,0,0,0,0,0,0.9826632,0,0.43570697,0,0.4486267,0,0,2.08E-17,0,0.58125275,0.47003502,2
0.008872528,0.0019550077,0.0536815,0.06948168,0.36457494,0.4187613,0.33223817,0.17007403,0.32579085,0.39775902,0.3332392,0.19984663,0.36304012,0.3768761,0.31490514,0.20339744,0.4453504,0.47268057,2.60E-18,3.08E-18,0.009686388,7.21E-18,0.0017347664,8.10E-10,5.85E-17,0.43570697,3.19E-05,0.4486267,7.51E-05,0.005873705,0.029689785,3.34E-05,0.58125275,0.47003502,0
0.69231915,0.24502483,0.007093376,9.55E-05,0.38159412,0.46982324,0.00065911806,3.24E-07,0.34851477,0.4641461,0.00032207984,8.82E-08,0.38961926,0.4486558,0.0002709623,7.06E-08,0.43765217,0.46403483,7.24E-23,3.08E-14,0.5867339,6.67E-05,0.2229445,7.34E-05,0.00028864172,0.43570697,0,0.4486267,0,0,0.009929078,0,0.58125275,0.47003502,3
0.26234612,0.35662147,1.50E-05,1.52E-06,0.38159412,0.46982324,0,0,0.34851477,0.4641461,0,0,0.38961926,0.4486558,0,0,0.43765217,0.46403483,0,0,0,0,0,0.98266315,0,0.43570697,0,0.4486267,0,0,2.08E-17,0,0.58125275,0.47003502,2
0.009427623,0.0031818643,0.12552506,0.3444592,0.35585073,0.39912397,0.21585219,0.5808973,0.3214485,0.40247726,0.2277737,0.6815834,0.33824337,0.34536567,0.22826713,0.77030873,0.2934961,0.35604715,1.56E-14,1.72E-13,0.0059857094,4.38E-13,0.00096920773,5.08E-08,4.85E-13,0.38436508,0.69977087,0.4374618,0.00082343706,0.12501913,0.56785655,0.7324312,0.5779374,0.46444744,0
0.0013877035,0.003493037,0.05222979,0.076199636,0.38159412,0.46982324,0.021908488,0.00035758628,0.34851477,0.4641461,0.022036077,0.00041309663,0.38961926,0.4486558,0.0178313,0.0003055435,0.43765217,0.46403483,2.81E-16,2.81E-16,0.0001648816,3.82E-16,9.56E-05,1.95E-08,5.41E-16,0.43570697,0.00044576343,0.4486267,0.00033144144,0.01776414,0.016928118,0.00030548414,0.58125275,0.47003502,0
0.48296583,0.59423476,0.21448693,0.13129586,0.38159412,0.46982324,0,0,0.34851477,0.4641461,0,0,0.38961926,0.4486558,0,0,0.43765217,0.46403483,0,0,0,0,0,0.982665,0,0.43570697,0,0.4486267,0,0,2.08E-17,0,0.58125275,0.47003502,4
0.37208885,0.44341502,0.20281602,0.14037469,0.38159412,0.46982324,0,0,0.34851477,0.4641461,0,0,0.38961926,0.4486558,0,0,0.43765217,0.46403483,0,0,0,0,0,0.9826662,0,0.43570697,0,0.4486267,0,0,2.08E-17,0,0.58125275,0.47003502,1
0.4453156,0.54371184,0.21272938,0.13166222,0.38159412,0.46982324,0,0,0.34851477,0.4641461,0,0,0.38961926,0.4486558,0,0,0.43765217,0.46403483,0,0,0,0,0,0.98266494,0,0.43570697,0,0.4486267,0,0,2.08E-17,0,0.58125275,0.47003502,4
0.44888538,0.6056575,0.21393326,0.13141257,0.38159412,0.46982324,0,0,0.34851477,0.4641461,0,0,0.38961926,0.4486558,0,0,0.43765217,0.46403483,0,0,0,0,0,0.98266506,0,0.43570697,0,0.4486267,0,0,2.08E-17,0,0.58125275,0.47003502,4
0.005040706,0.0013863968,0.045529615,0.050775077,0.34905452,0.38512266,0.33127987,0.21318656,0.3103887,0.36701104,0.3289011,0.24638386,0.3492112,0.35160115,0.3016184,0.23543376,0.41754082,0.44265446,3.45E-18,3.83E-18,0.004870381,1.80E-17,0.00094250264,1.87E-09,1.31E-16,0.43570697,0.18728027,0.4486267,0.00015013637,0.44997233,0.16742368,0.19600713,0.58125275,0.47003502,0
0.22172609,0.17090587,7.61E-05,4.02E-06,0.38159412,0.46982324,0,0,0.34851477,0.4641461,0,0,0.38961926,0.4486558,0,0,0.43765217,0.46403483,0,0,0,0,0,0.98266286,0,0.43570697,0,0.4486267,0,0,2.08E-17,0,0.58125275,0.47003502,2
0.45225242,0.6063374,0.21321073,0.13156328,0.38159412,0.46982324,0,0,0.34851477,0.4641461,0,0,0.38961926,0.4486558,0,0,0.43765217,0.46403483,0,0,0,0,0,0.98266506,0,0.43570697,0,0.4486267,0,0,2.08E-17,0,0.58125275,0.47003502,4
0.689625,0.23736903,0.007060559,9.60E-05,0.38159412,0.46982324,6.38E-09,3.04E-17,0.34851477,0.4641461,9.90E-05,8.34E-09,0.38961926,0.4486558,0.00018409295,3.26E-08,0.43765217,0.46403483,1.67E-22,8.26E-14,0.5780225,7.47E-05,0.21495211,7.69E-05,0.00030231648,0.43570697,0,0.4486267,0,0,0.009929078,0,0.58125275,0.47003502,3
0.46448794,0.33074397,0.21459483,0.13127282,0.38159412,0.46982324,0,0,0.34851477,0.4641461,0,0,0.38961926,0.4486558,0,0,0.43765217,0.46403483,0,0,0,0,0,0.9826648,0,0.43570697,0,0.4486267,0,0,2.08E-17,0,0.58125275,0.47003502,4
0.383119,0.21253103,0.18424277,0.13427159,0.38159412,0.46982324,8.97E-05,6.00E-09,0.34851477,0.4641461,0.012872006,0.00014095339,0.38961926,0.4486558,0.018733427,0.0003372419,0.43765217,0.46403483,6.47E-22,1.18E-21,0.23954916,1.36E-05,0.14247584,8.95E-05,0.00035214447,0.43570697,1.16E-15,0.4486267,0.49363628,8.46E-08,0.3503546,6.93E-15,0.58125275,0.47003502,5
0.2239969,0.31141087,7.12E-05,3.52E-06,0.38159412,0.46982324,0,0,0.34851477,0.4641461,0,0,0.38961926,0.4486558,0,0,0.43765217,0.46403483,0,0,0,0,0,0.98266315,0,0.43570697,0,0.4486267,0,0,2.08E-17,0,0.58125275,0.47003502,2
0.39797837,0.36867976,0.21597344,0.138522,0.38159412,0.46982324,0,0,0.34851477,0.4641461,0,0,0.38961926,0.4486558,0,0,0.43765217,0.46403483,0,0,0,0,0,0.98266613,0,0.43570697,0,0.4486267,0,0,2.08E-17,0,0.58125275,0.47003502,1
0.0007554465,0.0006700314,0.012470004,0.0013499159,0.38159412,0.46982324,0.0012688088,1.08E-05,0.34851477,0.46416137,0.009984898,0.00080975733,0.38968638,0.53811264,0.058187112,0.010323245,0.44097108,0.5504274,1.04E-25,7.70E-21,0.00018299485,3.31E-17,0.00023463569,8.20E-09,2.57E-16,0.43570697,1.28E-18,0.4486267,0.00038770694,9.90E-10,0.017626109,9.50E-19,0.58125275,0.47003502,0
0.3561418,0.29921418,0.1832252,0.13424619,0.38159412,0.46982324,0.0014124983,1.49E-06,0.34851477,0.4641461,0.015264617,0.00019822338,0.38961926,0.4486558,0.017951576,0.00030967934,0.43765217,0.46403483,7.02E-22,8.45E-22,0.21489333,5.15E-07,0.19946928,4.56E-05,0.00017941928,0.43570697,2.55E-15,0.4486267,0.6911391,1.28E-07,0.3503546,1.59E-14,0.58125275,0.47003502,5
0.73121005,0.62176985,0.008106978,7.85E-05,0.38159412,0.46982324,8.74E-08,5.69E-15,0.34851477,0.4641461,0.00015414687,2.02E-08,0.38961926,0.4486558,0.00026537082,6.77E-08,0.43765217,0.46403483,4.91E-23,8.43E-23,0.70515877,9.77E-08,0.64256513,1.35E-05,5.31E-05,0.43570697,0,0.4486267,0,0,0.009929078,0,0.58125275,0.47003502,3
0.39280757,0.3779508,0.005812818,0.00010727182,0.38159412,0.46982324,0,0,0.34851477,0.4641461,0,0,0.38961926,0.4486558,0,0,0.43765217,0.46403483,0,0,0,0,0,0.9826656,0,0.43570697,0,0.4486267,0,0,2.08E-17,0,0.58125275,0.47003502,3
0.43684614,0.542748,0.21270803,0.13166659,0.38159412,0.46982324,0.0027954173,5.82E-06,0.34851477,0.4641461,0.012744595,0.00013817681,0.38961926,0.4486558,0.013732146,0.00018121071,0.43765217,0.46403483,1.55E-20,4.33E-21,0.3076452,5.55E-12,0.4199787,7.15E-06,2.81E-05,0.43570697,0,0.4486267,0,0,0.3503546,0,0.58125275,0.47003502,4
0.0012077595,0.0015757487,0.00844505,0.000884334,0.38159412,0.46982324,3.77E-06,3.50E-07,0.34851477,0.4641461,0.007126707,0.00010386894,0.38962373,0.4729155,0.01002273,0.00015300029,0.43767455,0.49475086,1.11E-30,1.28E-21,0.00012456822,3.84E-17,0.00038409105,4.81E-09,5.89E-17,0.43570697,0.00011208267,0.4728848,0.0013316431,0.00998498,0.028248863,0.00015297056,0.58127105,0.5004068,0
0.7133794,0.9512581,0.24501461,0.12116438,0.38159412,0.46982324,0,0,0.34851477,0.4641461,0,0,0.38961926,0.4486558,0,0,0.43765217,0.46403483,0,0,0,0,0,0.982665,0,0.43570697,0,0.4486267,0,0,2.08E-17,0,0.58125275,0.47003502,4
0.21425425,0.070480436,8.02E-05,4.33E-06,0.38159412,0.46982324,0,0,0.34851477,0.4641461,0,0,0.38961926,0.4486558,0,0,0.43765217,0.46403483,0,0,0,0,0,0.98266286,0,0.43570697,0,0.4486267,0,0,2.08E-17,0,0.58125275,0.47003502,2
0.2479766,0.34120572,1.50E-05,1.46E-06,0.38159412,0.46982324,0,0,0.34851477,0.4641461,0,0,0.38961926,0.4486558,0,0,0.43765217,0.46403483,0,0,0,0,0,0.9826631,0,0.43570697,0,0.4486267,0,0,2.08E-17,0,0.58125275,0.47003502,2
0.74540323,0.7938367,0.007082912,9.58E-05,0.38159412,0.46982324,5.18E-07,2.00E-13,0.34851477,0.4641461,0.00018851768,3.02E-08,0.38961926,0.4486558,0.00025017554,6.01E-08,0.43765217,0.46403483,3.10E-22,2.27E-22,0.61730576,9.32E-10,0.7211159,7.46E-06,2.93E-05,0.43570697,0,0.4486267,0,0,0.009929078,0,0.58125275,0.47003502,3
0.72805834,0.96707016,0.24436902,0.12145446,0.38159412,0.46982324,2.00E-06,2.98E-12,0.34851477,0.4641461,0.0043758503,1.63E-05,0.38961926,0.4486558,0.0065102982,4.07E-05,0.43765217,0.46403483,2.06E-22,2.32E-22,0.5895407,3.79E-16,0.8596032,1.43E-06,5.62E-06,0.43570697,0,0.4486267,0,0,0.3503546,0,0.58125275,0.47003502,4
0.40308052,0.27578133,0.005418612,0.00010823833,0.38159412,0.46982324,0,0,0.34851477,0.4641461,0,0,0.38961926,0.4486558,0,0,0.43765217,0.46403483,0,0,0,0,0,0.98266554,0,0.43570697,0,0.4486267,0,0,2.08E-17,0,0.58125275,0.47003502,3
0.7124524,0.7016364,0.008069663,7.90E-05,0.38159412,0.46982324,8.71E-07,5.65E-13,0.34851477,0.4641461,0.00019640937,3.28E-08,0.38961926,0.4486558,0.0002677823,6.89E-08,0.43765217,0.46403483,1.96E-22,1.83E-22,0.6747283,1.08E-08,0.7231285,9.59E-06,3.77E-05,0.43570697,0,0.4486267,0,0,0.009929078,0,0.58125275,0.47003502,3
0.24799095,0.33693048,1.52E-05,1.47E-06,0.38159412,0.46982324,0,0,0.34851477,0.4641461,0,0,0.38961926,0.4486558,0,0,0.43765217,0.46403483,0,0,0,0,0,0.98266304,0,0.43570697,0,0.4486267,0,0,2.08E-17,0,0.58125275,0.47003502,2
0.7147176,0.7241673,0.25014606,0.12749866,0.38159412,0.46982324,4.15E-07,1.28E-13,0.34851477,0.4641461,0.003777277,1.21E-05,0.38961926,0.4486558,0.0062008533,3.69E-05,0.43765217,0.46403483,2.59E-22,1.87E-22,0.5811581,3.11E-09,0.6432741,9.37E-06,3.69E-05,0.43570697,0,0.4486267,0,0,0.35886526,0,0.58125275,0.47003502,1
0.21928501,0.30925003,7.18E-05,3.61E-06,0.38159412,0.46982324,0,0,0.34851477,0.4641461,0,0,0.38961926,0.4486558,0,0,0.43765217,0.46403483,0,0,0,0,0,0.98266315,0,0.43570697,0,0.4486267,0,0,2.08E-17,0,0.58125275,0.47003502,2
0.7502216,0.8258245,0.007089577,9.57E-05,0.38159412,0.46982324,0.0002355421,4.13E-08,0.34851477,0.4641461,0.0002859398,6.96E-08,0.38961926,0.4486558,0.0002548855,6.24E-08,0.43765217,0.46403483,8.25E-23,1.21E-22,0.62686217,2.63E-10,0.7509359,6.32E-06,2.49E-05,0.43570697,0,0.4486267,0,0,0.009929078,0,0.58125275,0.47003502,3
0.00061836594,0.00041910115,0.009058457,0.00046710935,0.38159412,0.46982324,9.84E-10,7.23E-19,0.34851477,0.4641461,9.93E-10,8.41E-19,0.38961926,0.4486558,9.93E-10,9.50E-19,0.43765217,0.46403483,1.46E-18,8.66E-16,0.0005717046,6.68E-15,0.00015413432,1.95E-08,7.63E-15,0.43570697,9.07E-19,0.4486267,0.00053438346,9.90E-10,2.08E-17,9.50E-19,0.58125275,0.47003502,0
0.7424946,0.5858691,0.007091083,9.57E-05,0.38159412,0.46982324,0,0,0.34851477,0.4641461,0,0,0.38961926,0.4486558,0,0,0.43765217,0.46403483,0,0,0,0,0,0.98266554,0,0.43570697,0,0.4486267,0,0,2.08E-17,0,0.58125275,0.47003502,3
0.39878544,0.24557798,0.20933421,0.1396265,0.38159412,0.46982324,0.016593484,0.00020513094,0.34851477,0.4641461,0.041028745,0.0014320543,0.38961926,0.4486558,0.032305356,0.0010028967,0.43765217,0.46403483,4.99E-21,2.29E-21,0.2781125,5.98E-06,0.18285263,6.52E-05,0.00025663813,0.43570697,0,0.4486267,0,0,0.35886526,0,0.58125275,0.47003502,1
0.25592667,0.3603435,1.59E-05,1.62E-06,0.38159412,0.46982324,0,0,0.34851477,0.4641461,0,0,0.38961926,0.4486558,0,0,0.43765217,0.46403483,0,0,0,0,0,0.9826633,0,0.43570697,0,0.4486267,0,0,2.08E-17,0,0.58125275,0.47003502,2
0.6768977,0.84306914,0.007076822,9.59E-05,0.38159412,0.46982324,2.44E-07,4.44E-14,0.34851477,0.4641461,0.00019477586,3.23E-08,0.38961926,0.4486558,0.0002532923,6.17E-08,0.43765217,0.46403483,2.43E-22,2.03E-21,0.5560125,5.57E-11,0.7652497,5.25E-06,2.06E-05,0.43570697,0,0.4486267,0,0,0.009929078,0,0.58125275,0.47003502,3
0.7124963,0.54545325,0.24293663,0.12208591,0.38159412,0.46982324,0.0003513371,9.20E-08,0.34851477,0.4641461,0.007308942,4.54E-05,0.38961926,0.4486558,0.0069896677,4.69E-05,0.43765217,0.46403483,1.93E-22,1.33E-22,0.5760975,4.35E-07,0.48200023,2.05E-05,8.06E-05,0.43570697,0,0.4486267,0,0,0.3503546,0,0.58125275,0.47003502,4
0.007556329,0.0014909154,0.05898694,0.08004382,0.36770624,0.42844886,0.3357277,0.17436711,0.327064,0.40293553,0.3341936,0.20649537,0.36354902,0.37984982,0.32196444,0.2180921,0.41635293,0.44151846,6.80E-19,1.02E-18,0.008617619,4.23E-17,0.0014753724,1.12E-09,1.87E-16,0.50126964,0.17633057,0.51252323,0.00037532047,0.35704935,0.19242918,0.18456227,0.62629503,0.5314361,0
0.22322391,0.31748152,7.30E-05,3.66E-06,0.38159412,0.46982324,0,0,0.34851477,0.4641461,0,0,0.38961926,0.4486558,0,0,0.43765217,0.46403483,0,0,0,0,0,0.9826633,0,0.43570697,0,0.4486267,0,0,2.08E-17,0,0.58125275,0.47003502,2
0.32223845,0.14522037,0.005073657,0.000108030916,0.38159412,0.46982324,0.0021693849,3.51E-06,0.34851477,0.4641461,0.0015869904,2.14E-06,0.38961926,0.4486558,0.0010865865,1.13E-06,0.43765217,0.46403483,8.45E-20,1.21E-16,0.16740754,0.00011106223,0.09409967,0.00016136878,0.00063470425,0.43570697,0,0.4486267,0,0,0.009929078,0,0.58125275,0.47003502,3
0.71315485,0.37393382,0.25009573,0.12752274,0.38159412,0.46982324,0.00016728384,2.08E-08,0.34851477,0.4641461,0.0068721,4.02E-05,0.38961926,0.4486558,0.0074648913,5.35E-05,0.43765217,0.46403483,1.72E-22,2.72E-22,0.58092654,9.31E-06,0.33210456,4.04E-05,0.00015898225,0.43570697,0,0.4486267,0,0,0.35886526,0,0.58125275,0.47003502,1
0.3853467,0.23451552,0.18456897,0.1342751,0.38159412,0.46982324,0,0,0.34851477,0.4641461,0,0,0.38961926,0.4486558,0,0,0.43765217,0.46403483,0,0,0,0,0,0.982667,0,0.43570697,0,0.4486267,0,0,2.08E-17,0,0.58125275,0.47003502,5
0.0025821812,0.0033113428,0.04872989,0.06872341,0.38159412,0.46982327,0.005832526,2.53E-05,0.34851477,0.46505326,0.3021017,0.24279757,0.38318026,0.43187314,0.34460235,0.27572176,0.42966342,0.45709765,8.30E-17,8.55E-17,0.00087550684,6.94E-17,0.002392475,4.91E-10,5.98E-17,0.43570697,3.19E-05,0.4486267,7.50E-05,0.0058737034,0.029688656,3.34E-05,0.58125275,0.47003502,0
0.3892125,0.42448995,0.215022,0.13869977,0.38159412,0.46982324,0.001742873,2.26E-06,0.34851477,0.4641461,0.028250001,0.00067892217,0.38961926,0.4486558,0.028122753,0.00076001603,0.43765217,0.46403483,9.65E-22,1.53E-21,0.28422335,5.34E-10,0.3245139,1.45E-05,5.71E-05,0.43570697,0,0.4486267,0,0,0.35886526,0,0.58125275,0.47003502,1
0.70115894,0.8274873,0.24989533,0.12761228,0.38159412,0.46982324,0.022543889,0.0003786288,0.34851477,0.4641461,0.011342728,0.00010945058,0.38961926,0.4486558,0.006999544,4.71E-05,0.43765217,0.46403483,8.61E-23,1.40E-22,0.56931394,3.09E-11,0.7343302,5.17E-06,2.03E-05,0.43570697,0,0.4486267,0,0,0.35886526,0,0.58125275,0.47003502,1
0.7105,0.69369835,0.24361812,0.12178737,0.38159412,0.46982324,1.09E-05,8.92E-11,0.34851477,0.4641461,0.005158611,2.26E-05,0.38961926,0.4486558,0.0064884494,4.05E-05,0.43765217,0.46403483,8.25E-23,1.16E-22,0.58144695,9.69E-09,0.6147132,1.10E-05,4.32E-05,0.43570697,0,0.4486267,0,0,0.3503546,0,0.58125275,0.47003502,4
0.7239545,0.74371105,0.008073162,7.87E-05,0.38159412,0.46982324,0.00021859068,3.56E-08,0.34851477,0.4641461,0.0002732176,6.35E-08,0.38961926,0.4486558,0.0002673287,6.87E-08,0.43765217,0.46403483,2.20E-22,2.10E-22,0.68661535,3.14E-09,0.76720715,8.00E-06,3.15E-05,0.43570697,0,0.4486267,0,0,0.009929078,0,0.58125275,0.47003502,3
0.713696,0.8019139,0.25050423,0.12733476,0.38159412,0.46982324,1.30E-06,1.26E-12,0.34851477,0.4641461,0.004221267,1.52E-05,0.38961926,0.4486558,0.0062449295,3.75E-05,0.43765217,0.46403483,8.89E-23,9.32E-23,0.5866857,1.29E-10,0.7133572,6.15E-06,2.42E-05,0.43570697,0,0.4486267,0,0,0.35886526,0,0.58125275,0.47003502,1
0.2287361,0.23797768,7.51E-05,3.77E-06,0.38159412,0.46982324,0,0,0.34851477,0.4641461,0,0,0.38961926,0.4486558,0,0,0.43765217,0.46403483,0,0,0,0,0,0.9826629,0,0.43570697,0,0.4486267,0,0,2.08E-17,0,0.58125275,0.47003502,2
0.3868394,0.23536202,0.18398625,0.13426508,0.38159412,0.46982324,0,0,0.34851477,0.4641461,0,0,0.38961926,0.4486558,0,0,0.43765217,0.46403483,0,0,0,0,0,0.982667,0,0.43570697,0,0.4486267,0,0,2.08E-17,0,0.58125275,0.47003502,5
0.7195608,0.7832842,0.2441435,0.121554896,0.38159412,0.46982324,3.63E-06,9.80E-12,0.34851477,0.4641461,0.004602401,1.80E-05,0.38961926,0.4486558,0.0064025405,3.94E-05,0.43765217,0.46403483,1.55E-22,1.83E-22,0.59159034,4.24E-10,0.69559497,7.11E-06,2.80E-05,0.43570697,0,0.4486267,0,0,0.3503546,0,0.58125275,0.47003502,4
0.45791316,0.38839814,0.21313642,0.13157739,0.38159412,0.46982324,0,0,0.34851477,0.4641461,0,0,0.38961926,0.4486558,0,0,0.43765217,0.46403483,0,0,0,0,0,0.9826648,0,0.43570697,0,0.4486267,0,0,2.08E-17,0,0.58125275,0.47003502,4
0.7164016,0.68899465,0.24326026,0.12194426,0.38159412,0.46982324,2.64E-05,5.19E-10,0.34851477,0.4641461,0.005627213,2.69E-05,0.38961926,0.4486558,0.006571597,4.15E-05,0.43765217,0.46403483,1.70E-22,2.29E-22,0.58032066,1.15E-08,0.60964906,1.13E-05,4.43E-05,0.43570697,0,0.4486267,0,0,0.3503546,0,0.58125275,0.47003502,4
0.3817484,0.331948,0.20985545,0.13954918,0.38159412,0.46982324,0,0,0.34851477,0.4641461,0,0,0.38961926,0.4486558,0,0,0.43765217,0.46403483,0,0,0,0,0,0.98266613,0,0.43570697,0,0.4486267,0,0,2.08E-17,0,0.58125275,0.47003502,1
0.44552466,0.27365974,0.21484476,0.13121632,0.38159412,0.46982324,2.29E-05,3.89E-10,0.34851477,0.4641461,0.010918212,0.00010141125,0.38961926,0.4486558,0.01408963,0.00019076833,0.43765217,0.46403483,6.53E-21,3.73E-21,0.31894338,7.87E-06,0.21388392,5.81E-05,0.00022862604,0.43570697,0,0.4486267,0,0,0.3503546,0,0.58125275,0.47003502,4
0.24824123,0.35940608,1.52E-05,1.55E-06,0.38159412,0.46982324,0,0,0.34851477,0.4641461,0,0,0.38961926,0.4486558,0,0,0.43765217,0.46403483,0,0,0,0,0,0.9826633,0,0.43570697,0,0.4486267,0,0,2.08E-17,0,0.58125275,0.47003502,2
0.35544357,0.2543028,0.21167311,0.13927715,0.38159412,0.46982324,0,0,0.34851477,0.4641461,0,0,0.38961926,0.4486558,0,0,0.43765217,0.46403483,0,0,0,0,0,0.9826661,0,0.43570697,0,0.4486267,0,0,2.08E-17,0,0.58125275,0.47003502,1
0.35480955,0.27705863,0.18393898,0.13426344,0.38159412,0.46982324,0,0,0.34851477,0.4641461,0,0,0.38961926,0.4486558,0,0,0.43765217,0.46403483,0,0,0,0,0,0.982667,0,0.43570697,0,0.4486267,0,0,2.08E-17,0,0.58125275,0.47003502,5
0.8515722,0.87813437,0.008122529,7.73E-05,0.38159412,0.46982324,0,0,0.34851477,0.4641461,0,0,0.38961926,0.4486558,0,0,0.43765217,0.46403483,0,0,0,0,0,0.98266566,0,0.43570697,0,0.4486267,0,0,2.08E-17,0,0.58125275,0.47003502,3
0.0009491389,0.00052017224,0.014795645,0.0022791128,0.42192203,0.74213743,0.07141726,0.6046973,0.38789928,0.7297371,0.06877287,0.65901744,0.43169394,0.73327583,0.05987449,0.48916808,0.5229787,0.7695098,2.22E-17,2.26E-17,0.00067532365,6.15E-17,0.00027020773,7.20E-09,2.98E-16,0.71494853,0.75874954,0.71758705,0.0003002601,0.07180354,0.44192797,0.794163,0.67286724,0.72818965,0
0.44500536,0.50758207,0.21273665,0.13166049,0.38159412,0.46982324,0,0,0.34851477,0.4641461,0,0,0.38961926,0.4486558,0,0,0.43765217,0.46403483,0,0,0,0,0,0.9826649,0,0.43570697,0,0.4486267,0,0,2.08E-17,0,0.58125275,0.47003502,4
0.73382616,0.9318169,0.24534509,0.12101541,0.38159412,0.46982324,9.97E-08,7.40E-15,0.34851477,0.4641461,0.0031802838,8.60E-06,0.38961926,0.4486558,0.0062202085,3.72E-05,0.43765217,0.46403483,1.43E-22,1.76E-22,0.6145798,4.74E-14,0.83156997,2.40E-06,9.46E-06,0.43570697,0,0.4486267,0,0,0.3503546,0,0.58125275,0.47003502,4
0.74573064,0.84363854,0.0070934626,9.57E-05,0.38159412,0.46982324,1.82E-05,2.47E-10,0.34851477,0.4641461,0.00028124033,6.73E-08,0.38961926,0.4486558,0.0002639198,6.69E-08,0.43765217,0.46403483,1.82E-22,1.64E-22,0.6252773,1.16E-10,0.76755226,5.70E-06,2.24E-05,0.43570697,0,0.4486267,0,0,0.009929078,0,0.58125275,0.47003502,3
0.23237848,0.058455486,0.005004659,0.00010759377,0.38159412,0.46982324,6.39E-05,3.04E-09,0.34851477,0.4641461,0.00046819696,1.86E-07,0.38961926,0.4486558,0.0004765948,2.18E-07,0.43765217,0.46403483,1.28E-17,5.91E-07,0.11815702,0.0013134895,0.03730731,0.0005030898,0.001978088,0.43570697,0,0.4486267,0,0,0.009929078,0,0.58125275,0.47003502,3
0.7301117,0.567905,0.008082426,7.93E-05,0.38159412,0.46982324,3.46E-05,8.94E-10,0.34851477,0.4641461,0.0002843293,6.88E-08,0.38961926,0.4486558,0.0002954893,8.39E-08,0.43765217,0.46403483,4.29E-23,6.03E-23,0.68878263,3.32E-07,0.584365,1.67E-05,6.59E-05,0.43570697,0,0.4486267,0,0,0.009929078,0,0.58125275,0.47003502,3
0.7198686,0.38075957,0.00801692,8.03E-05,0.38159412,0.46982324,3.01E-07,6.73E-14,0.34851477,0.4641461,0.00017961503,2.74E-08,0.38961926,0.4486558,0.0002662566,6.81E-08,0.43765217,0.46403483,1.03E-22,2.57E-22,0.67072845,8.46E-06,0.39008096,3.46E-05,0.00013600355,0.43570697,0,0.4486267,0,0,0.009929078,0,0.58125275,0.47003502,3
0.25437036,0.28510416,1.53E-05,1.55E-06,0.38159412,0.46982324,0,0,0.34851477,0.4641461,0,0,0.38961926,0.4486558,0,0,0.43765217,0.46403483,0,0,0,0,0,0.982663,0,0.43570697,0,0.4486267,0,0,2.08E-17,0,0.58125275,0.47003502,2
0.0027138933,0.0007302081,0.040938012,0.0439035,0.34107128,0.36785537,0.2975432,0.27246457,0.30162165,0.34935296,0.29457384,0.31817144,0.33837163,0.33055228,0.2614488,0.2978945,0.42400938,0.4495219,2.73E-17,3.27E-17,0.0028370519,4.64E-17,0.00059604563,3.21E-09,2.31E-16,0.6295987,0.1343019,0.63608474,0.0002251614,0.36140805,0.1768742,0.1405504,0.6706305,0.6500296,0
0.0040797223,0.0011220606,0.034629185,0.0405634,0.34010795,0.36261174,0.30602372,0.24481447,0.30493793,0.35405946,0.30326757,0.28273076,0.34816858,0.34962374,0.2694095,0.25881362,0.43977836,0.46640477,4.67E-18,5.22E-18,0.0037575662,4.37E-17,0.00077999674,2.34E-09,1.57E-16,0.5579444,0.15364495,0.5672045,0.00030024708,0.36419395,0.18383043,0.16083542,0.65284914,0.58392966,0
0.71182394,0.99566317,0.24426398,0.12150098,0.38159412,0.46982324,0.00012829833,1.23E-08,0.34851477,0.4641461,0.00686248,4.01E-05,0.38961926,0.4486558,0.007245152,5.04E-05,0.43765217,0.46403483,5.67E-23,1.61E-22,0.5856866,9.05E-20,0.88465464,6.02E-07,2.37E-06,0.43570697,0,0.4486267,0,0,0.3503546,0,0.58125275,0.47003502,4
0.4159852,0.601774,0.2127629,0.13165238,0.38159412,0.46982324,0,0,0.34851477,0.4641461,0,0,0.38961926,0.4486558,0,0,0.43765217,0.46403483,0,0,0,0,0,0.98266506,0,0.43570697,0,0.4486267,0,0,2.08E-17,0,0.58125275,0.47003502,4
0.71764416,0.8910522,0.0075061326,8.92E-05,0.38159412,0.46982324,3.41E-08,8.69E-16,0.34851477,0.4641461,0.00010963264,1.02E-08,0.38961926,0.4486558,0.0002303076,5.10E-08,0.43765217,0.46403483,1.77E-23,2.11E-23,0.7945868,2.99E-12,0.85797143,3.62E-06,1.42E-05,0.43570697,0,0.4486267,0,0,0.009929078,0,0.58125275,0.47003502,3
0.73625726,0.45270246,0.00805699,7.93E-05,0.38159412,0.46982324,0,0,0.34851477,0.4641461,0,0,0.38961926,0.4486558,0,0,0.43765217,0.46403483,0,0,0,0,0,0.98266554,0,0.43570697,0,0.4486267,0,0,2.08E-17,0,0.58125275,0.47003502,3
0.00095130975,0.0015691073,0.010231887,0.0013448956,0.38159412,0.46982226,0.041900612,0.0013424169,0.34849855,0.45581576,0.053327315,0.0024974048,0.38943827,0.39717463,0.04096493,0.001768612,0.43765557,0.46449542,5.78E-22,4.04E-19,0.0008904704,1.11E-17,0.0016065957,8.47E-10,1.38E-17,0.43517905,0.0041632755,0.40134275,0.0015282414,0.063886546,0.047943003,0.004109093,0.5808152,0.43327564,0
0.0005426699,0.0012373526,0.05652861,0.07944954,0.38159412,0.46982324,0.021908486,0.0003575862,0.34851477,0.4641461,0.022032464,0.00041296112,0.38961926,0.44865504,0.01781274,0.00030490794,0.43765262,0.47147128,2.73E-16,2.73E-16,0.00016552658,3.80E-16,9.62E-05,1.94E-08,5.37E-16,0.43570697,0.0004456172,0.44862592,0.00033347725,0.017745651,0.03061876,0.00030484868,0.5812531,0.47738814,0
0.21880366,0.1284554,8.26E-05,4.24E-06,0.38159412,0.46982324,0,0,0.34851477,0.4641461,0,0,0.38961926,0.4486558,0,0,0.43765217,0.46403483,0,0,0,0,0,0.98266286,0,0.43570697,0,0.4486267,0,0,2.08E-17,0,0.58125275,0.47003502,2
0.3157648,0.16888455,0.0052739037,0.00010829543,0.38159412,0.46982324,4.64E-05,1.61E-09,0.34851477,0.4641461,0.0010026589,8.55E-07,0.38961926,0.4486558,0.00095155963,8.70E-07,0.43765217,0.46403483,1.24E-20,6.65E-20,0.19500926,4.42E-05,0.11369126,0.00012367438,0.00048646177,0.43570697,0,0.4486267,0,0,0.009929078,0,0.58125275,0.47003502,3
0.2207465,0.31745005,7.34E-05,3.66E-06,0.38159412,0.46982324,0,0,0.34851477,0.4641461,0,0,0.38961926,0.4486558,0,0,0.43765217,0.46403483,0,0,0,0,0,0.9826633,0,0.43570697,0,0.4486267,0,0,2.08E-17,0,0.58125275,0.47003502,2
0.4344705,0.43925127,0.21191908,0.1318222,0.38159412,0.46982324,0,0,0.34851477,0.4641461,0,0,0.38961926,0.4486558,0,0,0.43765217,0.46403483,0,0,0,0,0,0.9826649,0,0.43570697,0,0.4486267,0,0,2.08E-17,0,0.58125275,0.47003502,4
0.22126271,0.31435886,7.24E-05,3.67E-06,0.38159412,0.46982324,0,0,0.34851477,0.4641461,0,0,0.38961926,0.4486558,0,0,0.43765217,0.46403483,0,0,0,0,0,0.9826632,0,0.43570697,0,0.4486267,0,0,2.08E-17,0,0.58125275,0.47003502,2
0.7164921,0.88061684,0.24396731,0.12163305,0.38159412,0.46982324,8.75E-06,5.70E-11,0.34851477,0.4641461,0.0050973296,2.21E-05,0.38961926,0.4486558,0.006596172,4.18E-05,0.43765217,0.46403483,1.40E-22,1.75E-22,0.5823839,2.22E-12,0.78147143,3.74E-06,1.47E-05,0.43570697,0,0.4486267,0,0,0.3503546,0,0.58125275,0.47003502,4
0.72302634,0.833496,0.24409123,0.12157789,0.38159412,0.46982324,3.95E-05,1.16E-09,0.34851477,0.4641461,0.0058665616,2.93E-05,0.38961926,0.4486558,0.006645635,4.24E-05,0.43765217,0.46403483,1.30E-22,1.31E-22,0.59128904,4.27E-11,0.7400315,5.31E-06,2.09E-05,0.43570697,0,0.4486267,0,0,0.3503546,0,0.58125275,0.47003502,4
0.73695236,0.66404945,0.008085308,7.88E-05,0.38159412,0.46982324,0,0,0.34851477,0.4641461,0,0,0.38961926,0.4486558,0,0,0.43765217,0.46403483,0,0,0,0,0,0.9826656,0,0.43570697,0,0.4486267,0,0,2.08E-17,0,0.58125275,0.47003502,3
0.7382749,0.6153561,0.0070885946,9.57E-05,0.38159412,0.46982324,0,0,0.34851477,0.4641461,0,0,0.38961926,0.4486558,0,0,0.43765217,0.46403483,0,0,0,0,0,0.98266554,0,0.43570697,0,0.4486267,0,0,2.08E-17,0,0.58125275,0.47003502,3
0.001138193,0.001568672,0.008424465,0.0008474825,0.38159412,0.4698172,0.011672684,0.00010150821,0.34851465,0.45826176,0.011394596,0.00015881685,0.38962147,0.45552126,0.010425089,0.00016029377,0.43768224,0.5032528,3.98E-17,4.05E-17,0.0002702721,5.68E-17,0.00037439915,4.93E-09,5.25E-17,0.42951775,0.00017137574,0.45549166,0.0012980413,0.010385824,0.028625803,0.00016026261,0.5812774,0.5088135,0
0.70994055,0.41788605,0.24361427,0.12178842,0.38159412,0.46982324,0,0,0.34851477,0.4641461,0,0,0.38961926,0.4486558,0,0,0.43765217,0.46403483,0,0,0,0,0,0.9826648,0,0.43570697,0,0.4486267,0,0,2.08E-17,0,0.58125275,0.47003502,4
0.0063844062,0.0028523288,0.025164044,0.017608529,0.38159412,0.46982354,0.0054484266,9.29E-05,0.34851602,0.4732269,0.01317442,0.0016467357,0.389766,0.5525236,0.014990934,0.0018986562,0.43887985,0.7467197,1.03E-22,3.39E-18,0.00090973085,4.48E-17,0.0003676585,5.28E-09,2.63E-16,0.43570697,2.87E-18,0.4486267,0.0004950612,0,0.017626109,2.84E-18,0.58125275,0.47003502,0
0.7533679,0.5809894,0.007073283,9.59E-05,0.38159412,0.46982324,0.00089769333,6.00E-07,0.34851477,0.4641461,0.00042362887,1.53E-07,0.38961926,0.4486558,0.0002825761,7.67E-08,0.43765217,0.46403483,1.22E-22,1.09E-22,0.6259262,3.18E-07,0.52714634,1.83E-05,7.20E-05,0.43570697,0,0.4486267,0,0,0.009929078,0,0.58125275,0.47003502,3
0.0012397505,0.0018769561,0.05631858,0.15904616,0.3815108,0.36479115,0.055965032,0.002405135,0.34802824,0.3293147,0.17583564,0.029645367,0.3929767,0.5103195,0.4357562,0.21057479,0.5152799,0.54641616,1.43E-19,6.66E-19,0.0013312628,4.72E-18,0.0020721185,5.56E-10,6.13E-18,0.43570697,0.0005096205,0.4486267,0.0013586623,0.00012867482,0.039445344,0.00048743575,0.58125275,0.4696967,0
0.74122363,0.40966344,0.008033977,7.99E-05,0.38159412,0.46982324,0.00043690644,1.42E-07,0.34851477,0.4641461,0.00030695493,8.02E-08,0.38961926,0.4486558,0.00029111537,8.14E-08,0.43765217,0.46403483,1.68E-22,1.42E-22,0.6966827,5.47E-06,0.4206893,3.08E-05,0.00012119774,0.43570697,0,0.4486267,0,0,0.009929078,0,0.58125275,0.47003502,3
0.32371154,0.11586203,0.18075307,0.1341748,0.38159412,0.46982324,0,0,0.34851477,0.4641461,0,0,0.38961926,0.4486558,0,0,0.43765217,0.46403483,0,0,0,0,0,0.98266697,0,0.43570697,0,0.4486267,0,0,2.08E-17,0,0.58125275,0.47003502,5
0.00152666,0.0011345409,0.0080683045,0.0007047605,0.38163927,0.56837964,0.008004153,0.0004614225,0.34855428,0.5504861,0.016826183,0.00061552145,0.389627,0.45595405,0.028839223,0.0010278572,0.437582,0.44968346,2.48E-18,9.72E-18,0.0016948727,2.06E-06,0.0012382885,0.005146757,0.020068027,0.5015446,0.0004936232,0.5093065,0.0010658555,0.005153626,0.040347837,0.00045379117,0.5812682,0.4954906,0
0.0039640483,0.0011558393,0.030160574,0.028916353,0.3335495,0.36258388,0.3010463,0.3201781,0.30166805,0.35997567,0.29086325,0.34531015,0.3584289,0.37896824,0.24718477,0.28455037,0.45188147,0.48039028,1.75E-18,1.91E-18,0.0029491314,1.82E-17,0.00068044965,2.75E-09,1.53E-10,0.43570697,0.14250621,0.4486267,0.0001501377,0.39252073,0.14848661,0.14915076,0.58125275,0.47003502,0
0.7246115,0.6666357,0.008069643,7.91E-05,0.38159412,0.46982324,0,0,0.34851477,0.4641461,0,0,0.38961926,0.4486558,0,0,0.43765217,0.46403483,0,0,0,0,0,0.9826656,0,0.43570697,0,0.4486267,0,0,2.08E-17,0,0.58125275,0.47003502,3
0.7068395,0.6886698,0.2507275,0.1272327,0.38159412,0.46982324,0.00011973181,1.07E-08,0.34851477,0.4641461,0.006639648,3.75E-05,0.38961926,0.4486558,0.006721265,4.34E-05,0.43765217,0.46403483,6.56E-23,1.16E-22,0.5837795,9.62E-09,0.6131715,1.10E-05,4.33E-05,0.43570697,0,0.4486267,0,0,0.35886526,0,0.58125275,0.47003502,1
0.2497717,0.28499964,1.52E-05,1.54E-06,0.38159412,0.46982324,0,0,0.34851477,0.4641461,0,0,0.38961926,0.4486558,0,0,0.43765217,0.46403483,0,0,0,0,0,0.982663,0,0.43570697,0,0.4486267,0,0,2.08E-17,0,0.58125275,0.47003502,2
0.00089131866,0.0015552536,0.008412665,0.00080774777,0.38159412,0.46982324,0.00088429044,1.02E-05,0.34851477,0.4641647,0.011117537,0.00013577058,0.3896073,0.4047845,0.010648001,0.00015950909,0.43765023,0.46147645,2.30E-25,3.12E-19,0.0002946895,4.62E-17,0.00039665162,4.64E-09,5.26E-17,0.43572652,0.00014650702,0.40475821,0.0013751906,0.010607897,0.028819297,0.00015947809,0.58125114,0.4675053,0
0.00033218102,0.00040325322,0.013142084,0.00039950616,0.38159412,0.46982324,3.42E-05,0.00016088891,0.34851477,0.46431822,0.0071096458,0.0015255185,0.38968977,0.5445744,0.010170428,0.0017563552,0.43804118,0.60096264,1.35E-28,1.30E-20,0.00010377618,8.80E-17,0.00019331525,1.00E-08,3.61E-16,0.43570697,9.07E-19,0.4486267,0.00040156193,0,0.017626109,2.84E-18,0.58125275,0.47003502,0
0.47693357,0.3374798,0.21439871,0.13131489,0.38159412,0.46982324,0.0018676115,2.60E-06,0.34851477,0.4641461,0.015218437,0.00019702582,0.38961926,0.4486558,0.014713597,0.000208039,0.43765217,0.46403483,6.94E-22,7.55E-22,0.34489417,1.25E-06,0.26322886,3.96E-05,0.00015576395,0.43570697,0,0.4486267,0,0,0.3503546,0,0.58125275,0.47003502,4
0.43541214,0.20065106,0.20923129,0.13963707,0.38159412,0.46982324,0.04920169,0.0018034995,0.34851477,0.4641461,0.02567757,0.000560907,0.38961926,0.4486558,0.024469227,0.0005753705,0.43765217,0.46403483,2.33E-21,2.03E-21,0.30403054,1.98E-05,0.14920376,9.09E-05,0.00035767857,0.43570697,0,0.4486267,0,0,0.35886526,0,0.58125275,0.47003502,1
0.57705265,0.1464266,0.006974153,9.73E-05,0.38159412,0.46982324,1.43E-06,1.51E-12,0.34851477,0.4641461,0.00018466456,2.90E-08,0.38961926,0.4486558,0.00024851278,5.93E-08,0.43765217,0.46403483,1.47E-21,3.26E-09,0.47299427,0.00025987253,0.13095354,0.00014006319,0.0005509162,0.43570697,0,0.4486267,0,0,0.009929078,0,0.58125275,0.47003502,3
0.6919409,0.25201818,0.008058263,8.00E-05,0.38159412,0.46982324,0.00026912388,5.40E-08,0.34851477,0.4641461,0.0003011988,7.72E-08,0.38961926,0.4486558,0.00030255568,8.80E-08,0.43765217,0.46403483,1.41E-22,1.06E-14,0.65435153,5.29E-05,0.25925142,6.23E-05,0.00024518443,0.43570697,0,0.4486267,0,0,0.009929078,0,0.58125275,0.47003502,3
0.23055,0.05572434,0.0052190837,0.00010794871,0.38159412,0.46982324,0,0,0.34851477,0.4641461,0,0,0.38961926,0.4486558,0,0,0.43765217,0.46403483,0,0,0,0,0,0.9826655,0,0.43570697,0,0.4486267,0,0,2.08E-17,0,0.58125275,0.47003502,3
0.71604955,0.89634496,0.24394608,0.12164196,0.38159412,0.46982324,2.49E-08,4.63E-16,0.34851477,0.4641461,0.002748352,6.43E-06,0.38961926,0.4486558,0.0061464873,3.63E-05,0.43765217,0.46403483,1.80E-22,1.93E-22,0.58192545,6.45E-13,0.7953499,3.25E-06,1.28E-05,0.43570697,0,0.4486267,0,0,0.3503546,0,0.58125275,0.47003502,4
0.2525231,0.35183766,1.49E-05,1.51E-06,0.38159412,0.46982324,0,0,0.34851477,0.4641461,0,0,0.38961926,0.4486558,0,0,0.43765217,0.46403483,0,0,0,0,0,0.98266315,0,0.43570697,0,0.4486267,0,0,2.08E-17,0,0.58125275,0.47003502,2
0.22929244,0.3110915,7.15E-05,3.56E-06,0.38159412,0.46982324,0,0,0.34851477,0.4641461,0,0,0.38961926,0.4486558,0,0,0.43765217,0.46403483,0,0,0,0,0,0.98266315,0,0.43570697,0,0.4486267,0,0,2.08E-17,0,0.58125275,0.47003502,2
0.0010505571,0.0015543076,0.008198013,0.0008250578,0.38159412,0.46982324,0.003333346,7.07E-05,0.3485147,0.4635484,0.034043867,0.0011475689,0.38966465,0.4694327,0.031739328,0.001194495,0.4379712,0.52099854,4.04E-20,1.22E-18,0.00096122327,5.28E-18,0.0016337646,8.16E-10,5.98E-18,0.43416706,0.003017603,0.43482134,0.0013276547,0.05716269,0.044397425,0.003435993,0.5815,0.49132708,0
0.37282738,0.4670496,0.0058791153,0.000106932675,0.38159412,0.46982324,0,0,0.34851477,0.4641461,0,0,0.38961926,0.4486558,0,0,0.43765217,0.46403483,0,0,0,0,0,0.98266566,0,0.43570697,0,0.4486267,0,0,2.08E-17,0,0.58125275,0.47003502,3
0.7292953,0.8282381,0.24386378,0.1216787,0.38159412,0.46982324,0.00018256133,2.48E-08,0.34851477,0.4641461,0.006844792,3.99E-05,0.38961926,0.4486558,0.006774071,4.41E-05,0.43765217,0.46403483,1.76E-22,2.41E-22,0.59237874,5.81E-11,0.7346804,5.52E-06,2.17E-05,0.43570697,0,0.4486267,0,0,0.3503546,0,0.58125275,0.47003502,4
0.43162775,0.6053665,0.21376875,0.1314471,0.38159412,0.46982324,0.049984626,0.0018613538,0.34851477,0.4641461,0.02036887,0.00035295304,0.38961926,0.4486558,0.013876113,0.00018503027,0.43765217,0.46403483,9.55E-22,9.25E-22,0.30856118,1.79E-18,0.47077212,1.43E-06,5.63E-06,0.43570697,0,0.4486267,0,0,0.3503546,0,0.58125275,0.47003502,4
0.75322235,0.77208084,0.0070962547,9.56E-05,0.38159412,0.46982324,0,0,0.34851477,0.4641461,0,0,0.38961926,0.4486558,0,0,0.43765217,0.46403483,0,0,0,0,0,0.9826656,0,0.43570697,0,0.4486267,0,0,2.08E-17,0,0.58125275,0.47003502,3
0.73438466,0.5322518,0.007078717,9.58E-05,0.38159412,0.46982324,4.57E-07,1.56E-13,0.34851477,0.4641461,0.00019845813,3.35E-08,0.38961926,0.4486558,0.00023301638,5.22E-08,0.43765217,0.46403483,2.78E-22,2.10E-22,0.61372393,8.08E-07,0.48324916,2.19E-05,8.60E-05,0.43570697,0,0.4486267,0,0,0.009929078,0,0.58125275,0.47003502,3
0.42404225,0.14068997,0.21845193,0.13038574,0.38159412,0.46982324,0,0,0.34851477,0.4641461,0,0,0.38961926,0.4486558,0,0,0.43765217,0.46403483,0,0,0,0,0,0.98266476,0,0.43570697,0,0.4486267,0,0,2.08E-17,0,0.58125275,0.47003502,4
0.71484447,0.99040663,0.2438374,0.1216898,0.38159412,0.46982324,0,0,0.34851477,0.4641461,0,0,0.38961926,0.4486558,0,0,0.43765217,0.46403483,0,0,0,0,0,0.98266506,0,0.43570697,0,0.4486267,0,0,2.08E-17,0,0.58125275,0.47003502,4
0.7142789,0.8974576,0.24427882,0.12149429,0.38159412,0.46982324,0,0,0.34851477,0.4641461,0,0,0.38961926,0.4486558,0,0,0.43765217,0.46403483,0,0,0,0,0,0.98266494,0,0.43570697,0,0.4486267,0,0,2.08E-17,0,0.58125275,0.47003502,4
0.7098066,0.4618632,0.2434403,0.121865556,0.38159412,0.46982324,1.92E-07,2.74E-14,0.34851477,0.4641461,0.003431919,1.00E-05,0.38961926,0.4486558,0.006142344,3.63E-05,0.43765217,0.46403483,8.30E-23,1.15E-22,0.579123,2.25E-06,0.40897042,2.85E-05,0.00011198637,0.43570697,0,0.4486267,0,0,0.3503546,0,0.58125275,0.47003502,4
0.35129496,0.17497177,0.18238482,0.13422473,0.38159412,0.46982324,0.019088537,0.0002714571,0.34851477,0.4641461,0.022847012,0.00044406022,0.38961926,0.4486558,0.021846492,0.00045863847,0.43765217,0.46403483,2.51E-21,4.79E-20,0.21358405,4.28E-05,0.116139494,0.000121778015,0.00047900423,0.43570697,2.44E-15,0.4486267,0.4022926,9.89E-08,0.3503546,9.48E-15,0.58125275,0.47003502,5
0.00018959503,0.0006806159,0.01846887,0.012505168,0.38159412,0.46982324,1.05E-08,8.23E-17,0.34851477,0.4641461,0.008740566,6.50E-05,0.38961926,0.4486558,0.015417378,0.00022841686,0.43765217,0.46403483,0,1.52E-27,2.28E-05,2.24E-16,0.00010346875,1.82E-08,5.59E-16,0.43570697,7.01E-05,0.4486267,0.000358726,0.015359311,0.018263467,0.00022837248,0.58125275,0.47003502,0
0.7007154,0.7732073,0.25071102,0.12724033,0.38159412,0.46982324,0.0005904359,2.60E-07,0.34851477,0.4641461,0.007817697,5.20E-05,0.38961926,0.4486558,0.0067569786,4.39E-05,0.43765217,0.46403483,5.54E-23,8.58E-23,0.5793994,4.41E-10,0.6883976,7.20E-06,2.83E-05,0.43570697,0,0.4486267,0,0,0.35886526,0,0.58125275,0.47003502,1
0.4692078,0.5781546,0.21519485,0.13113911,0.38159412,0.46982324,0,0,0.34851477,0.4641461,0,0,0.38961926,0.4486558,0,0,0.43765217,0.46403483,0,0,0,0,0,0.98266494,0,0.43570697,0,0.4486267,0,0,2.08E-17,0,0.58125275,0.47003502,4
0.0005145141,0.00085394405,0.026568575,0.029905068,0.38159412,0.46982324,1.97E-09,2.89E-18,0.34851477,0.4641461,1.41E-09,0.008668481,0.38961926,0.4486558,0.0010721715,0.009787979,0.4376522,0.46404362,1.57E-24,1.28E-19,0.00029364342,1.32E-16,0.0002704332,9.66E-09,3.09E-15,0.43570697,1.81E-18,0.4486267,0.0002758339,0,0.009929078,0,0.58125275,0.47003502,0
0.45198083,0.21965519,0.0056923726,0.00010769026,0.38159412,0.46982324,1.54E-07,1.78E-14,0.34851477,0.4641461,0.00047104064,1.89E-07,0.38961926,0.4486558,0.0007653227,5.63E-07,0.43765217,0.46403483,6.42E-22,8.00E-22,0.3343722,9.73E-06,0.1595757,7.99E-05,0.00031445423,0.43570697,0,0.4486267,0,0,0.009929078,0,0.58125275,0.47003502,3
0.22033226,0.3111165,7.18E-05,3.54E-06,0.38159412,0.46982324,0,0,0.34851477,0.4641461,0,0,0.38961926,0.4486558,0,0,0.43765217,0.46403483,0,0,0,0,0,0.98266315,0,0.43570697,0,0.4486267,0,0,2.08E-17,0,0.58125275,0.47003502,2
0.0010220166,0.0016562851,0.009080661,0.0012352163,0.38159412,0.46982324,0.00035821294,0.00022305964,0.34851477,0.4645131,0.029882843,0.0009409663,0.389821,0.5568416,0.03910253,0.0017506114,0.4378464,0.48817053,1.34E-17,1.33E-17,0.0008446549,1.37E-17,0.0017308639,7.61E-10,1.23E-11,0.43570697,8.86E-05,0.4760161,0.0014770955,0.005251973,0.04057844,0.00043666374,0.58128256,0.5190839,0
0.41093606,0.6024311,0.21348956,0.13150516,0.38159412,0.46982324,0,0,0.34851477,0.4641461,0,0,0.38961926,0.4486558,0,0,0.43765217,0.46403483,0,0,0,0,0,0.98266506,0,0.43570697,0,0.4486267,0,0,2.08E-17,0,0.58125275,0.47003502,4
0.43531498,0.6055093,0.21317203,0.13157088,0.38159412,0.46982324,0.00059022155,2.60E-07,0.34851477,0.4641461,0.0133592235,0.00015182578,0.38961926,0.4486558,0.013312215,0.00017029728,0.43765217,0.46403483,3.86E-22,7.46E-22,0.30491817,7.69E-19,0.46955472,1.32E-06,5.18E-06,0.43570697,0,0.4486267,0,0,0.3503546,0,0.58125275,0.47003502,4
0.49781814,0.4761351,0.2133016,0.1315454,0.38159412,0.46982324,0.03507534,0.0009165576,0.34851477,0.4641461,0.01674709,0.0002385952,0.38961926,0.4486558,0.015216955,0.0002225167,0.43765217,0.46403483,6.07E-22,6.92E-22,0.35764816,3.35E-09,0.36949068,1.57E-05,6.16E-05,0.43570697,0,0.4486267,0,0,0.3503546,0,0.58125275,0.47003502,4
0.42836866,0.40591693,0.21298368,0.1390594,0.38159412,0.46982324,0.00067835423,3.43E-07,0.34851477,0.4641461,0.021516113,0.00039383172,0.38961926,0.4486558,0.026692173,0.0006846599,0.43765217,0.46403483,2.34E-21,1.78E-21,0.2998153,3.51E-09,0.30732843,1.86E-05,7.31E-05,0.43570697,0,0.4486267,0,0,0.35886526,0,0.58125275,0.47003502,1
0.41848883,0.60355365,0.21393016,0.13141334,0.38159412,0.46982324,0,0,0.34851477,0.4641461,0,0,0.38961926,0.4486558,0,0,0.43765217,0.46403483,0,0,0,0,0,0.98266506,0,0.43570697,0,0.4486267,0,0,2.08E-17,0,0.58125275,0.47003502,4
0.41849458,0.19178863,0.2089294,0.13967982,0.38159412,0.46982324,9.66E-06,6.95E-11,0.34851477,0.4641461,0.014695152,0.00018370932,0.38961926,0.4486558,0.02160643,0.00044861433,0.43765217,0.46403483,8.57E-22,3.56E-21,0.29208794,2.41E-05,0.14237396,9.68E-05,0.00038073718,0.43570697,0,0.4486267,0,0,0.35886526,0,0.58125275,0.47003502,1
0.22385907,0.30889156,7.26E-05,3.68E-06,0.38159412,0.46982324,0,0,0.34851477,0.4641461,0,0,0.38961926,0.4486558,0,0,0.43765217,0.46403483,0,0,0,0,0,0.98266315,0,0.43570697,0,0.4486267,0,0,2.08E-17,0,0.58125275,0.47003502,2
0.37636483,0.41309994,0.18320414,0.1342475,0.38159412,0.46982324,0,0,0.34851477,0.4641461,0,0,0.38961926,0.4486558,0,0,0.43765217,0.46403483,0,0,0,0,0,0.9826671,0,0.43570697,0,0.4486267,0,0,2.08E-17,0,0.58125275,0.47003502,5
0.34256998,0.37117782,0.21268031,0.13910991,0.38159412,0.46982324,0.0034578892,8.91E-06,0.34851477,0.4641461,0.031183437,0.000827239,0.38961926,0.4486558,0.027565807,0.00073021126,0.43765217,0.46403483,4.35E-21,5.59E-21,0.2338091,1.71E-08,0.2806492,2.33E-05,9.15E-05,0.43570697,0,0.4486267,0,0,0.35886526,0,0.58125275,0.47003502,1
0.7161223,0.6866616,0.24329674,0.12192822,0.38159412,0.46982324,3.74E-05,1.04E-09,0.34851477,0.4641461,0.0058259205,2.89E-05,0.38961926,0.4486558,0.0066053383,4.19E-05,0.43765217,0.46403483,3.96E-22,3.39E-22,0.58067673,1.24E-08,0.6076762,1.14E-05,4.48E-05,0.43570697,0,0.4486267,0,0,0.3503546,0,0.58125275,0.47003502,4
0.70955694,0.56981033,0.2437102,0.12174667,0.38159412,0.46982324,2.15E-05,3.45E-10,0.34851477,0.4641461,0.0055274963,2.60E-05,0.38961926,0.4486558,0.006644088,4.24E-05,0.43765217,0.46403483,5.04E-22,4.19E-22,0.5837036,2.49E-07,0.50512254,1.85E-05,7.28E-05,0.43570697,0,0.4486267,0,0,0.3503546,0,0.58125275,0.47003502,4
0.39233732,0.31987223,0.005465907,0.00010822862,0.38159412,0.46982324,7.07E-08,3.72E-15,0.34851477,0.4641461,0.00039135225,1.30E-07,0.38961926,0.4486558,0.00070412527,4.76E-07,0.43765217,0.46403483,6.63E-22,1.29E-20,0.24299908,4.72E-07,0.2229462,4.10E-05,0.00016110834,0.43570697,0,0.4486267,0,0,0.009929078,0,0.58125275,0.47003502,3
0.21968211,0.044077806,0.22081658,0.13748458,0.38159412,0.46982324,0,0,0.34851477,0.4641461,0,0,0.38961926,0.4486558,0,0,0.43765217,0.46403483,0,0,0,0,0,0.9826661,0,0.43570697,0,0.4486267,0,0,2.08E-17,0,0.58125275,0.47003502,1
0.7151788,0.8917093,0.0075326925,8.87E-05,0.38159412,0.46982324,2.30E-08,3.95E-16,0.34851477,0.4641461,0.00010502047,9.38E-09,0.38961926,0.4486558,0.00022889672,5.03E-08,0.43765217,0.46403483,5.53E-23,3.76E-23,0.7992121,2.74E-12,0.86164755,3.57E-06,1.41E-05,0.43570697,0,0.4486267,0,0,0.009929078,0,0.58125275,0.47003502,3
0.41611248,0.60285693,0.21288286,0.1316287,0.38159412,0.46982324,0,0,0.34851477,0.4641461,0,0,0.38961926,0.4486558,0,0,0.43765217,0.46403483,0,0,0,0,0,0.98266506,0,0.43570697,0,0.4486267,0,0,2.08E-17,0,0.58125275,0.47003502,4
0.0133372815,0.0020616434,0.78997797,0.7502303,0.38159314,0.46320182,0.2516446,0.047177106,0.3484291,0.3159739,0.3477613,0.10288345,0.389117,0.066109575,0.36003482,0.12456503,0.43612126,0.0606129,0.0015012448,0.013329116,0.013691515,0.034183674,0.0021601769,0.0096171815,0.037414964,0.27985826,0.111019254,0.066105284,0.0074893297,0.35867882,0.95047235,0.12454082,0.57999897,0.07113414,0
0.21877126,0.22899385,7.57E-05,3.79E-06,0.38159412,0.46982324,0,0,0.34851477,0.4641461,0,0,0.38961926,0.4486558,0,0,0.43765217,0.46403483,0,0,0,0,0,0.9826629,0,0.43570697,0,0.4486267,0,0,2.08E-17,0,0.58125275,0.47003502,2
0.7215689,0.6093874,0.24292266,0.12209141,0.38159412,0.46982324,2.75E-07,5.64E-14,0.34851477,0.4641461,0.0035527134,1.07E-05,0.38961926,0.4486558,0.0061562285,3.64E-05,0.43765217,0.46403483,2.13E-22,1.53E-22,0.5823606,1.03E-07,0.5384547,1.59E-05,6.25E-05,0.43570697,0,0.4486267,0,0,0.3503546,0,0.58125275,0.47003502,4
0.41610214,0.5112164,0.21265994,0.13167536,0.38159412,0.46982324,0,0,0.34851477,0.4641461,0,0,0.38961926,0.4486558,0,0,0.43765217,0.46403483,0,0,0,0,0,0.9826649,0,0.43570697,0,0.4486267,0,0,2.08E-17,0,0.58125275,0.47003502,4
0.7149426,0.8410597,0.24441195,0.12143464,0.38159412,0.46982324,3.85E-06,1.10E-11,0.34851477,0.4641461,0.004653999,1.84E-05,0.38961926,0.4486558,0.006459596,4.01E-05,0.43765217,0.46403483,1.13E-22,1.51E-22,0.5904605,2.69E-11,0.74772376,5.02E-06,1.98E-05,0.43570697,0,0.4486267,0,0,0.3503546,0,0.58125275,0.47003502,4
0.48206052,0.5546576,0.21360439,0.13148312,0.38159412,0.46982324,9.09E-05,6.15E-09,0.34851477,0.4641461,0.008819622,6.62E-05,0.38961926,0.4486558,0.013148982,0.00016614656,0.43765217,0.46403483,4.33E-22,6.79E-22,0.34934145,2.66E-12,0.43099147,6.56E-06,2.58E-05,0.43570697,0,0.4486267,0,0,0.3503546,0,0.58125275,0.47003502,4
0.39715526,0.1854718,0.21000525,0.13952518,0.38159412,0.46982324,0,0,0.34851477,0.4641461,0,0,0.38961926,0.4486558,0,0,0.43765217,0.46403483,0,0,0,0,0,0.9826661,0,0.43570697,0,0.4486267,0,0,2.08E-17,0,0.58125275,0.47003502,1
0.40264988,0.24629582,0.20878907,0.1397022,0.38159412,0.46982324,0,0,0.34851477,0.4641461,0,0,0.38961926,0.4486558,0,0,0.43765217,0.46403483,0,0,0,0,0,0.9826661,0,0.43570697,0,0.4486267,0,0,2.08E-17,0,0.58125275,0.47003502,1
0.34909523,0.13823089,0.20018114,0.1405783,0.38159412,0.46982324,0.0032431176,7.84E-06,0.34851477,0.4641461,0.029168077,0.0007237668,0.38961926,0.4486558,0.02749885,0.0007266682,0.43765217,0.46403483,1.20E-21,2.57E-16,0.22944455,9.51E-05,0.09836258,0.00015686796,0.00061700464,0.43570697,0,0.4486267,0,0,0.35886526,0,0.58125275,0.47003502,1
0.4641713,0.21355174,0.21491839,0.13120174,0.38159412,0.46982324,0.0339807,0.00086024206,0.34851477,0.4641461,0.02276972,0.00044106078,0.38961926,0.4486558,0.017189438,0.00028394253,0.43765217,0.46403483,6.64E-22,1.96E-19,0.32985076,3.43E-05,0.16699207,8.65E-05,0.00034034302,0.43570697,0,0.4486267,0,0,0.3503546,0,0.58125275,0.47003502,4
0.26271823,0.23488508,1.51E-05,1.52E-06,0.38159412,0.46982324,0,0,0.34851477,0.4641461,0,0,0.38961926,0.4486558,0,0,0.43765217,0.46403483,0,0,0,0,0,0.9826629,0,0.43570697,0,0.4486267,0,0,2.08E-17,0,0.58125275,0.47003502,2
0.795728,0.8482142,0.008106685,7.77E-05,0.38159412,0.46982324,5.44E-06,2.20E-11,0.34851477,0.4641461,0.00018498952,2.91E-08,0.38961926,0.4486558,0.00024987198,6.00E-08,0.43765217,0.46403483,1.49E-22,1.16E-22,0.76730657,1.16E-10,0.88000077,5.07E-06,1.99E-05,0.43570697,0,0.4486267,0,0,0.009929078,0,0.58125275,0.47003502,3
0.43119338,0.51991796,0.2132363,0.13155745,0.38159412,0.46982324,0,0,0.34851477,0.4641461,0,0,0.38961926,0.4486558,0,0,0.43765217,0.46403483,0,0,0,0,0,0.9826649,0,0.43570697,0,0.4486267,0,0,2.08E-17,0,0.58125275,0.47003502,4
0.71311194,0.74064636,0.24411952,0.121565334,0.38159412,0.46982324,0,0,0.34851477,0.4641461,0,0,0.38961926,0.4486558,0,0,0.43765217,0.46403483,0,0,0,0,0,0.9826649,0,0.43570697,0,0.4486267,0,0,2.08E-17,0,0.58125275,0.47003502,4
0.4596735,0.5423047,0.2131639,0.13157304,0.38159412,0.46982324,0,0,0.34851477,0.4641461,0,0,0.38961926,0.4486558,0,0,0.43765217,0.46403483,0,0,0,0,0,0.98266494,0,0.43570697,0,0.4486267,0,0,2.08E-17,0,0.58125275,0.47003502,4
0.73415977,0.88657475,0.0073406673,9.19E-05,0.38159412,0.46982324,3.82E-07,1.09E-13,0.34851477,0.4641461,0.00014310252,1.74E-08,0.38961926,0.4486558,0.0002391596,5.50E-08,0.43765217,0.46403483,2.08E-23,1.91E-23,0.7542147,5.09E-12,0.8348093,3.90E-06,1.54E-05,0.43570697,0,0.4486267,0,0,0.009929078,0,0.58125275,0.47003502,3
0.0008952715,0.0006163337,0.013061064,0.0006305427,0.38159412,0.46982324,0,7.23E-19,0.34851477,0.4641461,9.93E-10,1.19E-18,0.38961926,0.4486558,0.035194915,0.0033198479,0.43878654,0.55083275,1.35E-30,1.05E-20,4.93E-05,1.73E-16,0.00011349177,1.64E-08,3.36E-16,0.43570697,1.28E-18,0.4486267,0.00038979112,1.40E-09,0.017626109,3.42E-18,0.58125275,0.47003502,0
0.4270319,0.5997819,0.21354148,0.1314938,0.38159412,0.46982324,0,0,0.34851477,0.4641461,0,0,0.38961926,0.4486558,0,0,0.43765217,0.46403483,0,0,0,0,0,0.982665,0,0.43570697,0,0.4486267,0,0,2.08E-17,0,0.58125275,0.47003502,4
0.36671594,0.33114484,0.18317859,0.13424627,0.38159412,0.46982324,0,0,0.34851477,0.4641461,0,0,0.38961926,0.4486558,0,0,0.43765217,0.46403483,0,0,0,0,0,0.982667,0,0.43570697,0,0.4486267,0,0,2.08E-17,0,0.58125275,0.47003502,5
0.4380293,0.22010063,0.21474214,0.1312387,0.38159412,0.46982324,0.011426486,9.73E-05,0.34851477,0.4641461,0.020715237,0.0003650588,0.38961926,0.4486558,0.016730536,0.0002689842,0.43765217,0.46403483,3.10E-21,2.52E-20,0.31103545,2.84E-05,0.1719663,8.20E-05,0.0003224055,0.43570697,0,0.4486267,0,0,0.3503546,0,0.58125275,0.47003502,4
0.25292933,0.3518177,1.50E-05,1.52E-06,0.38159412,0.46982324,0,0,0.34851477,0.4641461,0,0,0.38961926,0.4486558,0,0,0.43765217,0.46403483,0,0,0,0,0,0.98266315,0,0.43570697,0,0.4486267,0,0,2.08E-17,0,0.58125275,0.47003502,2
0.7253555,0.33532873,0.00805527,7.96E-05,0.38159412,0.46982324,0,0,0.34851477,0.4641461,0,0,0.38961926,0.4486558,0,0,0.43765217,0.46403483,0,0,0,0,0,0.98266554,0,0.43570697,0,0.4486267,0,0,2.08E-17,0,0.58125275,0.47003502,3
0.74953246,0.83075726,0.0070869955,9.57E-05,0.38159412,0.46982324,0.00038151722,1.08E-07,0.34851477,0.4641461,0.00038064024,1.23E-07,0.38961926,0.4486558,0.0002742293,7.23E-08,0.43765217,0.46403483,3.88E-22,2.25E-22,0.6243868,2.13E-10,0.7551801,6.15E-06,2.42E-05,0.43570697,0,0.4486267,0,0,0.009929078,0,0.58125275,0.47003502,3
0.7271531,0.94641435,0.24465449,0.121326655,0.38159412,0.46982324,3.65E-05,9.92E-10,0.34851477,0.4641461,0.0058163567,2.88E-05,0.38961926,0.4486558,0.0066620577,4.27E-05,0.43765217,0.46403483,2.70E-22,2.19E-22,0.5908576,9.81E-15,0.8422283,2.02E-06,7.95E-06,0.43570697,0,0.4486267,0,0,0.3503546,0,0.58125275,0.47003502,4
0.7597792,0.49473056,0.008066162,7.90E-05,0.38159412,0.46982324,0.0003564227,9.46E-08,0.34851477,0.4641461,0.00038604703,1.27E-07,0.38961926,0.4486558,0.0003101746,9.25E-08,0.43765217,0.46403483,2.01E-22,1.43E-22,0.72203344,1.38E-06,0.51044726,2.22E-05,8.74E-05,0.43570697,0,0.4486267,0,0,0.009929078,0,0.58125275,0.47003502,3
0.3699309,0.41837966,0.0057940115,0.00010732013,0.38159412,0.46982324,0,0,0.34851477,0.4641461,0,0,0.38961926,0.4486558,0,0,0.43765217,0.46403483,0,0,0,0,0,0.9826656,0,0.43570697,0,0.4486267,0,0,2.08E-17,0,0.58125275,0.47003502,3
0.42442456,0.6041529,0.21330966,0.13154192,0.38159412,0.46982324,0.00012768172,1.21E-08,0.34851477,0.4641461,0.01140193,0.0001105961,0.38961926,0.4486558,0.013105153,0.00016504078,0.43765217,0.46403483,3.54E-22,4.69E-22,0.30104184,5.61E-19,0.46879953,1.28E-06,5.02E-06,0.43570697,0,0.4486267,0,0,0.3503546,0,0.58125275,0.47003502,4
0.4675605,0.57791764,0.2152693,0.13112263,0.38159412,0.46982324,0,0,0.34851477,0.4641461,0,0,0.38961926,0.4486558,0,0,0.43765217,0.46403483,0,0,0,0,0,0.98266494,0,0.43570697,0,0.4486267,0,0,2.08E-17,0,0.58125275,0.47003502,4
0.31918323,0.43120185,0.20459586,0.14020099,0.38159412,0.46982324,0,0,0.34851477,0.4641461,0,0,0.38961926,0.4486558,0,0,0.43765217,0.46403483,0,0,0,0,0,0.9826662,0,0.43570697,0,0.4486267,0,0,2.08E-17,0,0.58125275,0.47003502,1
0.00092974317,0.0013781581,0.00828821,0.00078895,0.38159412,0.46982324,0.00070509006,5.81E-07,0.34851477,0.46385795,0.00977769,0.0001420714,0.38961062,0.41769096,0.010195614,0.00015380075,0.43765694,0.47049576,1.54E-25,1.62E-19,0.00020616723,2.92E-09,0.00031919073,0.008357713,0.032482993,0.43540388,0.0001533061,0.41766384,0.0011066337,0.0101572145,0.028237619,0.00015377086,0.5812566,0.47642356,0
0.6980943,0.8343975,0.2499384,0.12759316,0.38159412,0.46982324,0.0023223439,4.02E-06,0.34851477,0.4641461,0.00904648,6.96E-05,0.38961926,0.4486558,0.006814115,4.46E-05,0.43765217,0.46403483,9.99E-23,1.44E-22,0.5694932,1.96E-11,0.74058765,4.90E-06,1.93E-05,0.43570697,0,0.4486267,0,0,0.35886526,0,0.58125275,0.47003502,1
0.2301322,0.30660397,7.56E-05,3.86E-06,0.38159412,0.46982324,0,0,0.34851477,0.4641461,0,0,0.38961926,0.4486558,0,0,0.43765217,0.46403483,0,0,0,0,0,0.9826631,0,0.43570697,0,0.4486267,0,0,2.08E-17,0,0.58125275,0.47003502,2
0.74930876,0.6882319,0.0070799426,9.58E-05,0.38159412,0.46982324,0,0,0.34851477,0.4641461,0,0,0.38961926,0.4486558,0,0,0.43765217,0.46403483,0,0,0,0,0,0.9826656,0,0.43570697,0,0.4486267,0,0,2.08E-17,0,0.58125275,0.47003502,3
0.7496763,0.6574641,0.0070739705,9.59E-05,0.38159412,0.46982324,1.36E-07,1.38E-14,0.34851477,0.4641461,0.00017643326,2.65E-08,0.38961926,0.4486558,0.00024328269,5.69E-08,0.43765217,0.46403483,2.97E-22,2.42E-22,0.6222556,5.51E-08,0.59655607,1.36E-05,5.34E-05,0.43570697,0,0.4486267,0,0,0.009929078,0,0.58125275,0.47003502,3
0.35589933,0.3721333,0.18382774,0.13425855,0.38159412,0.46982324,0,0,0.34851477,0.4641461,0,0,0.38961926,0.4486558,0,0,0.43765217,0.46403483,0,0,0,0,0,0.9826671,0,0.43570697,0,0.4486267,0,0,2.08E-17,0,0.58125275,0.47003502,5
0.4315078,0.60489833,0.2139259,0.13141409,0.38159412,0.46982324,0.024586603,0.00045035296,0.34851477,0.4641461,0.015771156,0.0002115973,0.38961926,0.4486558,0.013205035,0.00016756612,0.43765217,0.46403483,4.92E-22,5.65E-22,0.31058842,2.55E-18,0.47073784,1.48E-06,5.84E-06,0.43570697,0,0.4486267,0,0,0.3503546,0,0.58125275,0.47003502,4
0.45040053,0.6059595,0.21433344,0.1313276,0.38159412,0.46982324,1.74E-05,2.26E-10,0.34851477,0.4641461,0.008573652,6.25E-05,0.38961926,0.4486558,0.012618577,0.00015301284,0.43765217,0.46403483,6.84E-22,6.63E-22,0.33333367,4.37E-18,0.47244903,1.57E-06,6.18E-06,0.43570697,0,0.4486267,0,0,0.3503546,0,0.58125275,0.47003502,4
0.22615087,0.14669736,7.89E-05,4.15E-06,0.38159412,0.46982324,0,0,0.34851477,0.4641461,0,0,0.38961926,0.4486558,0,0,0.43765217,0.46403483,0,0,0,0,0,0.98266286,0,0.43570697,0,0.4486267,0,0,2.08E-17,0,0.58125275,0.47003502,2
0.40559983,0.3650149,0.21577582,0.13856082,0.38159412,0.46982324,3.81E-07,1.08E-13,0.34851477,0.4641461,0.010444166,9.28E-05,0.38961926,0.4486558,0.024133496,0.00055969006,0.43765217,0.46403483,4.29E-22,6.67E-22,0.3208255,3.61E-08,0.27992052,2.59E-05,0.00010203186,0.43570697,0,0.4486267,0,0,0.35886526,0,0.58125275,0.47003502,1
0.43050367,0.40410796,0.212959,0.13906409,0.38159412,0.46982324,0.0010774938,8.65E-07,0.34851477,0.4641461,0.0225798,0.00043373377,0.38961926,0.4486558,0.026887711,0.00069472793,0.43765217,0.46403483,6.21E-22,1.19E-21,0.3010062,3.86E-09,0.30592963,1.89E-05,7.42E-05,0.43570697,0,0.4486267,0,0,0.35886526,0,0.58125275,0.47003502,1
0.7401455,0.53475916,0.00706932,9.60E-05,0.38159412,0.46982324,0,0,0.34851477,0.4641461,0,0,0.38961926,0.4486558,0,0,0.43765217,0.46403483,0,0,0,0,0,0.98266554,0,0.43570697,0,0.4486267,0,0,2.08E-17,0,0.58125275,0.47003502,3
0.0011026849,0.0016312207,0.008421873,0.0008256711,0.38159412,0.47041082,0.0012852235,1.09E-05,0.34851483,0.47154742,0.030600997,0.0010455183,0.3897475,0.50947505,0.031490326,0.0011783289,0.4376498,0.46360323,1.25E-17,2.20E-17,0.0011436477,1.98E-17,0.0017441164,7.53E-10,1.73E-17,0.43570697,0.00028522796,0.44196895,0.0014701968,0.004472667,0.039835114,0.00048384132,0.5812773,0.5151337,0
0.71535945,0.65047795,0.25008205,0.1275271,0.38159412,0.46982324,0.03540214,0.00093371654,0.34851477,0.4641461,0.011728999,0.0001170321,0.38961926,0.4486558,0.0073295487,5.16E-05,0.43765217,0.46403483,1.63E-22,1.50E-22,0.5829287,3.00E-08,0.5776823,1.31E-05,5.15E-05,0.43570697,0,0.4486267,0,0,0.35886526,0,0.58125275,0.47003502,1
0.0005392085,0.0005533905,0.024917219,0.007991601,0.38159412,0.46982324,5.70E-07,1.91E-11,0.34851477,0.4641461,0.004013214,0.00035497794,0.38962072,0.45597118,0.12910873,0.04460685,0.43898135,0.4715992,0,3.13E-24,4.26E-05,3.98E-17,0.00020638437,9.36E-09,3.13E-16,0.43570697,0,0.4486267,0,0,0.009219858,0,0.58125275,0.47003502,0
0.74488187,0.532393,0.00807598,7.96E-05,0.38159412,0.46982324,9.80E-06,7.15E-11,0.34851477,0.4641461,0.00027499578,6.43E-08,0.38961926,0.4486558,0.00028897275,8.02E-08,0.43765217,0.46403483,3.03E-22,1.73E-22,0.69525427,7.01E-07,0.54746,1.93E-05,7.58E-05,0.43570697,0,0.4486267,0,0,0.009929078,0,0.58125275,0.47003502,3
0.32192352,0.36750215,0.2138052,0.13891754,0.38159412,0.46982324,0,0,0.34851477,0.4641461,0,0,0.38961926,0.4486558,0,0,0.43765217,0.46403483,0,0,0,0,0,0.98266613,0,0.43570697,0,0.4486267,0,0,2.08E-17,0,0.58125275,0.47003502,1
0.48187786,0.46455067,0.21336064,0.13153273,0.38159412,0.46982324,4.35E-05,1.41E-09,0.34851477,0.4641461,0.011273409,0.00010811691,0.38961926,0.4486558,0.014621605,0.00020544576,0.43765217,0.46403483,1.53E-21,1.81E-21,0.3491194,5.07E-09,0.36058778,1.67E-05,6.56E-05,0.43570697,0,0.4486267,0,0,0.3503546,0,0.58125275,0.47003502,4
0.32594767,0.36546564,0.2140676,0.13887107,0.38159412,0.46982324,0.029404685,0.00064415304,0.34851477,0.4641461,0.037239563,0.0011797559,0.38961926,0.4486558,0.02819404,0.000763874,0.43765217,0.46403483,3.27E-21,8.72E-21,0.23525587,2.44E-08,0.2781501,2.43E-05,9.57E-05,0.43570697,0,0.4486267,0,0,0.35886526,0,0.58125275,0.47003502,1
0.00022365659,0.0004209751,0.012646624,0.000382006,0.38159412,0.46983165,0.0032234343,0.00016107362,0.34851566,0.47250202,0.009127363,0.0014618495,0.3896758,0.5098653,0.012741414,0.0017702238,0.43777522,0.49851534,1.80E-21,1.85E-18,0.00014833092,3.41E-16,0.0001724008,1.14E-08,5.80E-16,0.43570697,1.28E-18,0.4486267,0.00031566602,1.98E-09,0.017626109,5.36E-18,0.58125275,0.47003502,0
0.001225691,0.0015715861,0.008142789,0.00084590015,0.38159412,0.469845,0.011095145,9.19E-05,0.34851536,0.4731027,0.034869965,0.0010919729,0.3897685,0.5350679,0.031909894,0.0012521083,0.43789038,0.50407314,5.62E-18,5.90E-18,0.0013347658,1.25E-17,0.0016783661,7.99E-10,2.05E-17,0.43570697,0.00017129113,0.44862628,0.0014703984,0.0024466084,0.039444923,0.0005844331,0.5812507,0.46387422,0
0.22765309,0.31813502,7.23E-05,3.63E-06,0.38159412,0.46982324,0,0,0.34851477,0.4641461,0,0,0.38961926,0.4486558,0,0,0.43765217,0.46403483,0,0,0,0,0,0.9826633,0,0.43570697,0,0.4486267,0,0,2.08E-17,0,0.58125275,0.47003502,2
0.71738154,0.81583923,0.24439642,0.12144204,0.38159412,0.46982324,0.0025576728,4.87E-06,0.34851477,0.4641461,0.008899988,6.74E-05,0.38961926,0.4486558,0.0070000635,4.71E-05,0.43765217,0.46403483,5.42E-23,7.64E-23,0.59371805,9.83E-11,0.7252668,5.90E-06,2.32E-05,0.43570697,0,0.4486267,0,0,0.3503546,0,0.58125275,0.47003502,4
0.22257383,0.122773886,8.14E-05,4.17E-06,0.38159412,0.46982324,0,0,0.34851477,0.4641461,0,0,0.38961926,0.4486558,0,0,0.43765217,0.46403483,0,0,0,0,0,0.98266286,0,0.43570697,0,0.4486267,0,0,2.08E-17,0,0.58125275,0.47003502,2
0.0010747801,0.0015658262,0.00833641,0.00084831147,0.3815904,0.45610136,0.0648788,0.0031364819,0.34845823,0.42223987,0.04559455,0.0018704812,0.39005142,0.59369415,0.032268718,0.0012208221,0.43797335,0.5204565,1.76E-18,3.66E-18,0.00096719165,6.21E-18,0.0016360412,8.15E-10,6.21E-18,0.4288858,0.0040010274,0.45581874,0.0012930838,0.058317896,0.04520127,0.0035560867,0.5816494,0.5034897,0
0.47108674,0.5430659,0.21273522,0.13166031,0.38159412,0.46982324,0.018875415,0.00026542938,0.34851477,0.4641461,0.015312233,0.00019946197,0.38961926,0.4486558,0.014035311,0.00018930023,0.43765217,0.46403483,3.08E-22,4.39E-22,0.33226043,8.01E-12,0.42028403,7.47E-06,2.94E-05,0.43570697,0,0.4486267,0,0,0.3503546,0,0.58125275,0.47003502,4
0.21930008,0.12796725,8.32E-05,4.27E-06,0.38159412,0.46982324,0,0,0.34851477,0.4641461,0,0,0.38961926,0.4486558,0,0,0.43765217,0.46403483,0,0,0,0,0,0.98266286,0,0.43570697,0,0.4486267,0,0,2.08E-17,0,0.58125275,0.47003502,2
0.4232791,0.37357235,0.005665284,0.000107800006,0.38159412,0.46982324,4.54E-06,1.53E-11,0.34851477,0.4641461,0.00050771324,2.19E-07,0.38961926,0.4486558,0.00069253234,4.61E-07,0.43765217,0.46403483,1.06E-20,7.31E-21,0.3009148,4.64E-08,0.27004573,2.74E-05,0.00010775332,0.43570697,0,0.4486267,0,0,0.009929078,0,0.58125275,0.47003502,3
3.22E-05,0.0004934939,0.024106538,0.006047894,0.38159412,0.46982324,1.39E-09,1.44E-18,0.34851477,0.4641461,2.00E-05,3.42E-10,0.38961926,0.4486558,0.010055571,9.72E-05,0.43765217,0.46403483,0,0,6.96E-06,1.70E-21,7.28E-05,2.45E-08,3.14E-16,0.43570697,3.69E-10,0.4486267,0.00025244526,0.010017699,0.020112675,9.71E-05,0.58125275,0.47003502,0
0.25298694,0.34099627,1.51E-05,1.50E-06,0.38159412,0.46982324,0,0,0.34851477,0.4641461,0,0,0.38961926,0.4486558,0,0,0.43765217,0.46403483,0,0,0,0,0,0.9826631,0,0.43570697,0,0.4486267,0,0,2.08E-17,0,0.58125275,0.47003502,2
0.0090033235,0.0016833072,0.061315764,0.08613188,0.37021223,0.43597075,0.34568518,0.16957934,0.3291571,0.40894508,0.3453188,0.2033023,0.36243472,0.3778247,0.33606938,0.21963377,0.41549918,0.4414192,3.47E-18,5.20E-18,0.009741741,1.14E-17,0.0016316127,9.34E-10,1.00E-16,0.43570697,0.18729734,0.4486267,0.0001501324,0.4499744,0.16742626,0.19600892,0.58125275,0.47003502,0
0.7127831,0.74775654,0.24991047,0.12760602,0.38159412,0.46982324,0,0,0.34851477,0.4641461,0,0,0.38961926,0.4486558,0,0,0.43765217,0.46403483,0,0,0,0,0,0.98266613,0,0.43570697,0,0.4486267,0,0,2.08E-17,0,0.58125275,0.47003502,1
0.7304035,0.65659624,0.008076742,7.90E-05,0.38159412,0.46982324,0.00078873977,4.63E-07,0.34851477,0.4641461,0.00038633484,1.27E-07,0.38961926,0.4486558,0.00029654824,8.45E-08,0.43765217,0.46403483,6.05E-23,8.85E-23,0.6898298,4.20E-08,0.676556,1.18E-05,4.63E-05,0.43570697,0,0.4486267,0,0,0.009929078,0,0.58125275,0.47003502,3
0.21883757,0.2377728,7.57E-05,3.81E-06,0.38159412,0.46982324,0,0,0.34851477,0.4641461,0,0,0.38961926,0.4486558,0,0,0.43765217,0.46403483,0,0,0,0,0,0.9826629,0,0.43570697,0,0.4486267,0,0,2.08E-17,0,0.58125275,0.47003502,2
0.010148862,0.0018612165,0.06921959,0.09764463,0.3823973,0.47260642,0.34425744,0.14184761,0.34530878,0.45367888,0.34027568,0.18516484,0.3741003,0.40515694,0.33136824,0.20383337,0.43155342,0.45742756,1.81E-19,3.25E-18,0.012551235,1.31E-17,0.0021728454,6.07E-10,8.57E-17,0.5492006,0.18683796,0.5585617,0.0003001098,0.38296634,0.20024751,0.19566359,0.663537,0.57561713,0
0.38503662,0.44888344,0.20386745,0.14027517,0.38159412,0.46982324,0,0,0.34851477,0.4641461,0,0,0.38961926,0.4486558,0,0,0.43765217,0.46403483,0,0,0,0,0,0.9826662,0,0.43570697,0,0.4486267,0,0,2.08E-17,0,0.58125275,0.47003502,1
0.769438,0.72882015,0.008080406,7.86E-05,0.38159412,0.46982324,4.32E-08,1.39E-15,0.34851477,0.4641461,0.00014157446,1.71E-08,0.38961926,0.4486558,0.00025519985,6.26E-08,0.43765217,0.46403483,1.71E-22,1.11E-22,0.73620886,5.64E-09,0.75227165,8.71E-06,3.43E-05,0.43570697,0,0.4486267,0,0,0.009929078,0,0.58125275,0.47003502,3
0.73223686,0.7730853,0.24368589,0.121756986,0.38159412,0.46982324,0,0,0.34851477,0.4641461,0,0,0.38961926,0.4486558,0,0,0.43765217,0.46403483,0,0,0,0,0,0.9826649,0,0.43570697,0,0.4486267,0,0,2.08E-17,0,0.58125275,0.47003502,4
0.7169705,0.67955786,0.25047073,0.12735063,0.38159412,0.46982324,0.00059522886,2.64E-07,0.34851477,0.4641461,0.0077617792,5.13E-05,0.38961926,0.4486558,0.006878726,4.55E-05,0.43765217,0.46403483,2.73E-22,2.15E-22,0.5881434,1.31E-08,0.6044411,1.15E-05,4.54E-05,0.43570697,0,0.4486267,0,0,0.35886526,0,0.58125275,0.47003502,1
0.25171185,0.28793934,1.52E-05,1.50E-06,0.38159412,0.46982324,0,0,0.34851477,0.4641461,0,0,0.38961926,0.4486558,0,0,0.43765217,0.46403483,0,0,0,0,0,0.982663,0,0.43570697,0,0.4486267,0,0,2.08E-17,0,0.58125275,0.47003502,2
0.71803564,0.97903925,0.2445874,0.12135618,0.38159412,0.46982324,0,0,0.34851477,0.4641461,0,0,0.38961926,0.4486558,0,0,0.43765217,0.46403483,0,0,0,0,0,0.98266506,0,0.43570697,0,0.4486267,0,0,2.08E-17,0,0.58125275,0.47003502,4
0.7112989,0.48136756,0.2433427,0.121908344,0.38159412,0.46982324,3.86E-08,1.11E-15,0.34851477,0.4641461,0.0028691052,7.00E-06,0.38961926,0.4486558,0.0059112282,3.36E-05,0.43765217,0.46403483,1.56E-22,1.72E-22,0.5795199,1.57E-06,0.42606834,2.64E-05,0.00010371725,0.43570697,0,0.4486267,0,0,0.3503546,0,0.58125275,0.47003502,4
0.006017277,0.0026918098,0.05460103,0.07249132,0.32950237,0.34947526,0.28034738,0.3416429,0.29715502,0.34588754,0.31960303,0.2816663,0.37787068,0.42183498,0.32356656,0.23916136,0.43659174,0.46298,4.07E-17,4.21E-17,0.005294062,2.56E-17,0.0023651882,5.04E-10,6.25E-17,0.63954186,0.1365897,0.6448333,0.00022518565,0.37475732,0.17036624,0.1429611,0.6635391,0.6583469,0
0.3548784,0.16106316,0.18236709,0.13422865,0.38159412,0.46982324,0.009436982,6.63E-05,0.34851477,0.4641461,0.019337585,0.0003181175,0.38961926,0.4486558,0.020787986,0.00041527132,0.43765217,0.46403483,8.15E-22,3.60E-18,0.21542531,6.56E-05,0.10688899,0.00013822553,0.0005436899,0.43570697,1.39E-15,0.4486267,0.37028158,8.61E-08,0.3503546,7.17E-15,0.58125275,0.47003502,5
0.84901667,0.8777395,0.008126957,7.72E-05,0.38159412,0.46982324,0,0,0.34851477,0.4641461,0,0,0.38961926,0.4486558,0,0,0.43765217,0.46403483,0,0,0,0,0,0.98266566,0,0.43570697,0,0.4486267,0,0,2.08E-17,0,0.58125275,0.47003502,3
0.22730355,0.26909032,7.40E-05,3.77E-06,0.38159412,0.46982324,0,0,0.34851477,0.4641461,0,0,0.38961926,0.4486558,0,0,0.43765217,0.46403483,0,0,0,0,0,0.982663,0,0.43570697,0,0.4486267,0,0,2.08E-17,0,0.58125275,0.47003502,2
0.7457222,0.9313011,0.24499701,0.121172704,0.38159412,0.46982324,2.68E-07,5.34E-14,0.34851477,0.4641461,0.0034722122,1.03E-05,0.38961926,0.4486558,0.006283028,3.79E-05,0.43765217,0.46403483,1.17E-22,1.24E-22,0.61804193,5.65E-14,0.8299314,2.45E-06,9.65E-06,0.43570697,0,0.4486267,0,0,0.3503546,0,0.58125275,0.47003502,4
0.30293897,0.08042158,0.0053581875,0.00010797966,0.38159412,0.46982324,0,0,0.34851477,0.4641461,0,0,0.38961926,0.4486558,0,0,0.43765217,0.46403483,0,0,0,0,0,0.9826655,0,0.43570697,0,0.4486267,0,0,2.08E-17,0,0.58125275,0.47003502,3
0.7130098,0.79632026,0.24999453,0.12756728,0.38159412,0.46982324,0,0,0.34851477,0.4641461,0,0,0.38961926,0.4486558,0,0,0.43765217,0.46403483,0,0,0,0,0,0.9826662,0,0.43570697,0,0.4486267,0,0,2.08E-17,0,0.58125275,0.47003502,1
0.42405412,0.37375575,0.0056692655,0.00010778798,0.38159412,0.46982324,4.35E-06,1.41E-11,0.34851477,0.4641461,0.0005054795,2.17E-07,0.38961926,0.4486558,0.00069200597,4.60E-07,0.43765217,0.46403483,8.68E-21,6.75E-21,0.30261138,4.60E-08,0.27037054,2.73E-05,0.0001075894,0.43570697,0,0.4486267,0,0,0.009929078,0,0.58125275,0.47003502,3
0.0011720016,0.0015887648,0.008640584,0.00348221,0.38158998,0.43692592,0.010768417,0.00012826902,0.3484893,0.37328887,0.011109209,0.0001521123,0.3896226,0.45941755,0.010404884,0.0001573281,0.43766603,0.4824073,1.74E-18,7.78E-18,0.00030229,5.03E-17,0.0003778738,4.88E-09,5.15E-17,0.34014258,0.00016414102,0.45938772,0.0013100879,0.010365696,0.02843065,0.00015729753,0.5812641,0.4882016,0
0.48029038,0.32181484,0.21405734,0.13138679,0.38159412,0.46982324,0.016053163,0.00019198938,0.34851477,0.4641461,0.019168042,0.0003125637,0.38961926,0.4486558,0.015429362,0.00022877206,0.43765217,0.46403483,3.89E-22,6.50E-22,0.344153,1.98E-06,0.25061962,4.35E-05,0.00017129359,0.43570697,0,0.4486267,0,0,0.3503546,0,0.58125275,0.47003502,4
0.0011323538,0.0014740519,0.008904759,0.0021443274,0.38159412,0.46982324,0.00077126815,4.43E-07,0.34851477,0.4641461,0.011696824,0.00012585588,0.38961655,0.4359913,0.010756436,0.00015944186,0.43766537,0.48121962,5.99E-26,5.02E-20,0.00013289017,1.98E-17,0.0003479872,5.31E-09,8.32E-17,0.43570697,0.00013580828,0.43596298,0.0012052219,0.010715861,0.028353382,0.00015941281,0.58126354,0.48702326,0
0.23061638,0.29151452,7.29E-05,3.61E-06,0.38159412,0.46982324,0,0,0.34851477,0.4641461,0,0,0.38961926,0.4486558,0,0,0.43765217,0.46403483,0,0,0,0,0,0.98266304,0,0.43570697,0,0.4486267,0,0,2.08E-17,0,0.58125275,0.47003502,2
0.3762455,0.45177484,0.20474069,0.14018722,0.38159412,0.46982324,0,0,0.34851477,0.4641461,0,0,0.38961926,0.4486558,0,0,0.43765217,0.46403483,0,0,0,0,0,0.9826662,0,0.43570697,0,0.4486267,0,0,2.08E-17,0,0.58125275,0.47003502,1
0.70916146,0.49795207,0.24336743,0.12189644,0.38159412,0.46982324,0,0,0.34851477,0.4641461,0,0,0.38961926,0.4486558,0,0,0.43765217,0.46403483,0,0,0,0,0,0.9826648,0,0.43570697,0,0.4486267,0,0,2.08E-17,0,0.58125275,0.47003502,4
0.411943,0.56788915,0.21399333,0.13139933,0.38159412,0.46982324,0,0,0.34851477,0.4641461,0,0,0.38961926,0.4486558,0,0,0.43765217,0.46403483,0,0,0,0,0,0.98266494,0,0.43570697,0,0.4486267,0,0,2.08E-17,0,0.58125275,0.47003502,4
0.0010662854,0.0015583808,0.00871672,0.0008851213,0.38159412,0.46982324,0.00066894793,5.43E-07,0.34851477,0.46414533,0.009746055,0.00014032611,0.38961014,0.41559312,0.010196042,0.00015597709,0.43766782,0.48504594,1.49E-25,1.57E-19,0.00020665387,3.67E-17,0.00037018373,4.98E-09,4.97E-17,0.43570617,0.0001514228,0.41556615,0.0012834264,0.01015764,0.028366148,0.00015594678,0.58126557,0.4908107,0
0.74529976,0.92679197,0.24526311,0.12105244,0.38159412,0.46982324,1.40E-06,1.45E-12,0.34851477,0.4641461,0.0040701427,1.41E-05,0.38961926,0.4486558,0.0063999533,3.94E-05,0.43765217,0.46403483,1.03E-22,1.48E-22,0.6263626,7.76E-14,0.82681245,2.55E-06,1.00E-05,0.43570697,0,0.4486267,0,0,0.3503546,0,0.58125275,0.47003502,4
0.2905489,0.0714601,0.18400629,0.1342839,0.38159412,0.46982324,0,0,0.34851477,0.4641461,0,0,0.38961926,0.4486558,0,0,0.43765217,0.46403483,0,0,0,0,0,0.98266697,0,0.43570697,0,0.4486267,0,0,2.08E-17,0,0.58125275,0.47003502,5
0.41860852,0.56974894,0.21402518,0.13139236,0.38159412,0.46982324,0,0,0.34851477,0.4641461,0,0,0.38961926,0.4486558,0,0,0.43765217,0.46403483,0,0,0,0,0,0.98266494,0,0.43570697,0,0.4486267,0,0,2.08E-17,0,0.58125275,0.47003502,4
0.70167446,0.82956374,0.24949096,0.12779525,0.38159412,0.46982324,0.012728207,0.000120695324,0.34851477,0.4641461,0.010733798,9.80E-05,0.38961926,0.4486558,0.0069537894,4.65E-05,0.43765217,0.46403483,3.68E-22,2.46E-22,0.56255776,2.77E-11,0.73498094,5.10E-06,2.01E-05,0.43570697,0,0.4486267,0,0,0.35886526,0,0.58125275,0.47003502,1
0.0035960553,0.0031585724,0.05113404,0.07658545,0.38159412,0.46982324,9.84E-10,7.23E-19,0.34851477,0.4641461,1.41E-09,1.68E-18,0.38961926,0.4486558,2.23E-09,4.74E-18,0.43765217,0.46403483,1.57E-24,1.20E-22,0.0019361208,2.18E-15,0.0012473664,1.23E-08,5.67E-14,0.43570697,1.81E-18,0.4486267,0.0043246173,2.22E-09,2.08E-17,4.74E-18,0.58125275,0.47003502,0
0.0010979361,0.0016879622,0.009862568,0.0012872781,0.38159412,0.46982324,9.07E-05,6.16E-05,0.34851477,0.46363622,0.017745007,0.00063914363,0.38959834,0.43016136,0.03981852,0.0017174685,0.43759024,0.45575127,7.59E-18,7.58E-18,0.0011038117,7.44E-18,0.0017543822,7.33E-10,4.55E-15,0.43570697,0.00050089665,0.44831562,0.0014164379,0.0022402115,0.039227832,0.0005091354,0.58125633,0.4829193,0
0.46535406,0.10133552,0.00804936,7.91E-05,0.38159412,0.46982324,0.00039736507,1.18E-07,0.34851477,0.4641461,0.00041368164,1.46E-07,0.38961926,0.4486558,0.00041006636,1.62E-07,0.43765217,0.46403483,7.82E-16,2.64E-07,0.44143966,0.00043696474,0.10416234,0.00018419822,0.0007244812,0.43570697,0,0.4486267,0,0,0.009929078,0,0.58125275,0.47003502,3
0.0011491115,0.0015648799,0.008389801,0.0008366357,0.38159412,0.46982202,0.012521111,0.00011697258,0.3485145,0.46107268,0.036287002,0.0011978959,0.38961738,0.4476978,0.031820912,0.0011576856,0.4377589,0.4841097,6.84E-18,6.97E-18,0.0012675006,1.35E-17,0.0016579345,8.12E-10,1.67E-17,0.43570697,0.00029396865,0.43520036,0.00151634,0.004567463,0.040519994,0.00043059804,0.5812572,0.47861832,0
0.72159564,0.9623953,0.24455723,0.121369824,0.38159412,0.46982324,6.81E-05,3.45E-09,0.34851477,0.4641461,0.006244352,3.32E-05,0.38961926,0.4486558,0.006757944,4.39E-05,0.43765217,0.46403483,1.23E-21,1.12E-21,0.58649784,7.71E-16,0.85611063,1.54E-06,6.06E-06,0.43570697,0,0.4486267,0,0,0.3503546,0,0.58125275,0.47003502,4
0.751625,0.682858,0.007082765,9.58E-05,0.38159412,0.46982324,0,0,0.34851477,0.4641461,0,0,0.38961926,0.4486558,0,0,0.43765217,0.46403483,0,0,0,0,0,0.9826656,0,0.43570697,0,0.4486267,0,0,2.08E-17,0,0.58125275,0.47003502,3
0.436102,0.18721001,0.21465632,0.13125753,0.38159412,0.46982324,0.014693055,0.00016083488,0.34851477,0.4641461,0.014618327,0.00018179351,0.38961926,0.4486558,0.013869532,0.0001848548,0.43765217,0.46403483,2.41E-21,5.67E-17,0.3065936,6.28E-05,0.14618471,0.00010424828,0.00041005903,0.43570697,0,0.4486267,0,0,0.3503546,0,0.58125275,0.47003502,4
0.73434156,0.4335518,0.008071964,7.90E-05,0.38159412,0.46982324,0,0,0.34851477,0.4641461,0,0,0.38961926,0.4486558,0,0,0.43765217,0.46403483,0,0,0,0,0,0.98266554,0,0.43570697,0,0.4486267,0,0,2.08E-17,0,0.58125275,0.47003502,3
0.7003743,0.38884038,0.25107354,0.12707236,0.38159412,0.46982324,0,0,0.34851477,0.4641461,0,0,0.38961926,0.4486558,0,0,0.43765217,0.46403483,0,0,0,0,0,0.9826661,0,0.43570697,0,0.4486267,0,0,2.08E-17,0,0.58125275,0.47003502,1
0.23132037,0.25084627,7.45E-05,3.78E-06,0.38159412,0.46982324,0,0,0.34851477,0.4641461,0,0,0.38961926,0.4486558,0,0,0.43765217,0.46403483,0,0,0,0,0,0.982663,0,0.43570697,0,0.4486267,0,0,2.08E-17,0,0.58125275,0.47003502,2
0.4129602,0.6004557,0.21368937,0.13146374,0.38159412,0.46982324,3.07E-05,7.00E-10,0.34851477,0.4641461,0.009492543,7.67E-05,0.38961926,0.4486558,0.012754091,0.00015631695,0.43765217,0.46403483,3.86E-22,1.07E-21,0.29822746,5.35E-18,0.4667533,1.61E-06,6.32E-06,0.43570697,0,0.4486267,0,0,0.3503546,0,0.58125275,0.47003502,4
0.94006634,0.93241453,0.008178089,7.63E-05,0.38159412,0.46982324,0,0,0.34851477,0.4641461,0,0,0.38961926,0.4486558,0,0,0.43765217,0.46403483,0,0,0,0,0,0.98266566,0,0.43570697,0,0.4486267,0,0,2.08E-17,0,0.58125275,0.47003502,3
0.00066031277,0.000675505,0.024769086,0.004152143,0.38159412,0.46982324,0.012121637,0.00010946582,0.34851477,0.4641461,0.020079054,0.00034298058,0.38961926,0.4486558,0.016669123,0.0002670131,0.43765217,0.46403483,8.47E-19,6.63E-17,0.00024287845,2.97E-16,0.000115127244,1.66E-08,6.19E-16,0.43570697,0.00037010273,0.4486267,0.00039914597,0.01660634,0.017627187,0.0002669612,0.58125275,0.47003502,0
0.42759413,0.40561634,0.0058534835,0.00010708238,0.38159412,0.46982324,0.0005696669,2.42E-07,0.34851477,0.4641461,0.00045930807,1.79E-07,0.38961926,0.4486558,0.00062762655,3.79E-07,0.43765217,0.46403483,5.38E-22,7.35E-22,0.31179556,8.97E-09,0.3029609,2.08E-05,8.18E-05,0.43570697,0,0.4486267,0,0,0.009929078,0,0.58125275,0.47003502,3
0.71681774,0.94817615,0.24470131,0.121305704,0.38159412,0.46982324,0,0,0.34851477,0.4641461,0,0,0.38961926,0.4486558,0,0,0.43765217,0.46403483,0,0,0,0,0,0.982665,0,0.43570697,0,0.4486267,0,0,2.08E-17,0,0.58125275,0.47003502,4
0.22900945,0.3139329,7.37E-05,3.66E-06,0.38159412,0.46982324,0,0,0.34851477,0.4641461,0,0,0.38961926,0.4486558,0,0,0.43765217,0.46403483,0,0,0,0,0,0.9826632,0,0.43570697,0,0.4486267,0,0,2.08E-17,0,0.58125275,0.47003502,2
0.005163876,0.0013003552,0.044784375,0.053489603,0.3523362,0.39087626,0.3235406,0.20688601,0.3153801,0.37653014,0.32404223,0.24284,0.35248148,0.35757115,0.31090844,0.25538078,0.4023929,0.42917606,8.86E-18,9.85E-18,0.005070144,6.09E-17,0.0008768853,2.19E-09,2.73E-16,0.5473967,0.19496046,0.5565227,0.00030026407,0.38299063,0.2041673,0.20406231,0.6654895,0.57362664,0
0.0032889151,0.0010346927,0.02562212,0.023026697,0.34199587,0.36713433,0.26089293,0.3171116,0.30840993,0.36125064,0.25851476,0.35788515,0.35260195,0.35767934,0.22169207,0.30747208,0.44435352,0.47225642,3.69E-18,4.61E-18,0.0026230868,6.13E-17,0.0005850703,3.32E-09,5.77E-12,0.43570697,3.19E-05,0.4486267,7.51E-05,0.005873705,0.029689807,3.34E-05,0.58125275,0.47003502,0
0.71474916,0.7382499,0.24990933,0.1276065,0.38159412,0.46982324,3.15E-08,7.40E-16,0.34851477,0.4641461,0.0029557617,7.43E-06,0.38961926,0.4486558,0.0059931707,3.45E-05,0.43765217,0.46403483,1.98E-22,1.61E-22,0.57665265,1.91E-09,0.6551605,8.76E-06,3.44E-05,0.43570697,0,0.4486267,0,0,0.35886526,0,0.58125275,0.47003502,1
0.70805043,0.5039896,0.2434956,0.12184039,0.38159412,0.46982324,0.02336959,0.00040687234,0.34851477,0.4641461,0.011117184,0.00010514112,0.38961926,0.4486558,0.0075759725,5.52E-05,0.43765217,0.46403483,1.69E-22,2.11E-22,0.5788317,1.01E-06,0.44638988,2.41E-05,9.47E-05,0.43570697,0,0.4486267,0,0,0.3503546,0,0.58125275,0.47003502,4
0.6999713,0.82132393,0.25007445,0.1275315,0.38159412,0.46982324,0,0,0.34851477,0.4641461,0,0,0.38961926,0.4486558,0,0,0.43765217,0.46403483,0,0,0,0,0,0.9826662,0,0.43570697,0,0.4486267,0,0,2.08E-17,0,0.58125275,0.47003502,1
0.0010685512,0.0015612642,0.007908731,0.0007481629,0.38159412,0.46982324,2.49E-06,0.00016096229,0.34851477,0.46413496,0.017166015,0.0006452194,0.38966477,0.48970285,0.030433167,0.0011362368,0.43780953,0.49319986,5.26E-21,3.85E-18,0.00094303774,8.67E-18,0.0016146312,8.33E-10,7.65E-18,0.43570697,4.79E-05,0.4486267,0.0013405303,0.00067406206,0.039708436,0.00046785062,0.58125216,0.46317774,0
0.70467865,0.3148171,0.2499224,0.12760122,0.38159412,0.46982324,0.013015139,0.00012619833,0.34851477,0.4641461,0.01070402,9.75E-05,0.38961926,0.4486558,0.008502999,6.95E-05,0.43765217,0.46403483,2.59E-22,5.60E-19,0.5754927,2.26E-05,0.27941388,5.24E-05,0.0002062783,0.43570697,0,0.4486267,0,0,0.35886526,0,0.58125275,0.47003502,1
0.31851047,0.4311062,0.20464128,0.14019623,0.38159412,0.46982324,0,0,0.34851477,0.4641461,0,0,0.38961926,0.4486558,0,0,0.43765217,0.46403483,0,0,0,0,0,0.9826662,0,0.43570697,0,0.4486267,0,0,2.08E-17,0,0.58125275,0.47003502,1
0.70795625,0.24579531,0.008075109,7.97E-05,0.38159412,0.46982324,0.0004256663,1.35E-07,0.34851477,0.4641461,0.00031443962,8.41E-08,0.38961926,0.4486558,0.00030780118,9.10E-08,0.43765217,0.46403483,6.71E-23,2.66E-14,0.67295617,5.76E-05,0.25336233,6.45E-05,0.00025376116,0.43570697,0,0.4486267,0,0,0.009929078,0,0.58125275,0.47003502,3
0.26216784,0.33451882,1.48E-05,1.44E-06,0.38159412,0.46982324,0,0,0.34851477,0.4641461,0,0,0.38961926,0.4486558,0,0,0.43765217,0.46403483,0,0,0,0,0,0.98266304,0,0.43570697,0,0.4486267,0,0,2.08E-17,0,0.58125275,0.47003502,2
0.71780133,0.70846915,0.2438172,0.121698596,0.38159412,0.46982324,1.22E-06,1.10E-12,0.34851477,0.4641461,0.0041178484,1.44E-05,0.38961926,0.4486558,0.006279569,3.79E-05,0.43765217,0.46403483,8.87E-23,1.04E-22,0.5902203,6.17E-09,0.6283103,1.03E-05,4.05E-05,0.43570697,0,0.4486267,0,0,0.3503546,0,0.58125275,0.47003502,4
0.322684,0.41006526,0.21299084,0.13905893,0.38159412,0.46982324,0.032382414,0.000781222,0.34851477,0.4641461,0.041930538,0.001495698,0.38961926,0.4486558,0.029518103,0.0008373056,0.43765217,0.46403483,1.55E-21,5.82E-21,0.21894188,1.18E-09,0.31056955,1.60E-05,6.29E-05,0.43570697,0,0.4486267,0,0,0.35886526,0,0.58125275,0.47003502,1
0.0012549132,0.0016116324,0.009000002,0.0023959682,0.38159412,0.46981588,0.011677484,0.00010159194,0.34851462,0.45787174,0.01139555,0.00015895632,0.38962156,0.45574287,0.010399735,0.00016040946,0.4376812,0.50186324,4.03E-17,4.07E-17,0.0002709561,5.70E-17,0.00037610068,4.90E-09,5.28E-17,0.42910752,0.00017152623,0.45571327,0.0013039404,0.010360566,0.02863557,0.00016037829,0.5812765,0.5074395,0
0.42194405,0.19547103,0.20864782,0.1397196,0.38159412,0.46982324,0,0,0.34851477,0.4641461,0,0,0.38961926,0.4486558,0,0,0.43765217,0.46403483,0,0,0,0,0,0.9826661,0,0.43570697,0,0.4486267,0,0,2.08E-17,0,0.58125275,0.47003502,1
0.7195963,0.6325036,0.24309047,0.12201859,0.38159412,0.46982324,2.95E-08,6.48E-16,0.34851477,0.4641461,0.002648682,5.97E-06,0.38961926,0.4486558,0.005865947,3.31E-05,0.43765217,0.46403483,3.70E-22,2.11E-22,0.58258885,5.71E-08,0.5592634,1.44E-05,5.67E-05,0.43570697,0,0.4486267,0,0,0.3503546,0,0.58125275,0.47003502,4
0.73380965,0.66005903,0.008076426,7.90E-05,0.38159412,0.46982324,0,0,0.34851477,0.4641461,0,0,0.38961926,0.4486558,0,0,0.43765217,0.46403483,0,0,0,0,0,0.9826656,0,0.43570697,0,0.4486267,0,0,2.08E-17,0,0.58125275,0.47003502,3
0.22526947,0.26075557,7.50E-05,3.81E-06,0.38159412,0.46982324,0,0,0.34851477,0.4641461,0,0,0.38961926,0.4486558,0,0,0.43765217,0.46403483,0,0,0,0,0,0.982663,0,0.43570697,0,0.4486267,0,0,2.08E-17,0,0.58125275,0.47003502,2
0.73667985,0.5358816,0.008068125,7.98E-05,0.38159412,0.46982324,0,0,0.34851477,0.4641461,0,0,0.38961926,0.4486558,0,0,0.43765217,0.46403483,0,0,0,0,0,0.98266554,0,0.43570697,0,0.4486267,0,0,2.08E-17,0,0.58125275,0.47003502,3
0.22524127,0.3097912,7.35E-05,3.70E-06,0.38159412,0.46982324,0,0,0.34851477,0.4641461,0,0,0.38961926,0.4486558,0,0,0.43765217,0.46403483,0,0,0,0,0,0.98266315,0,0.43570697,0,0.4486267,0,0,2.08E-17,0,0.58125275,0.47003502,2
0.7169078,0.79014677,0.24433412,0.12147001,0.38159412,0.46982324,7.79E-07,4.52E-13,0.34851477,0.4641461,0.003951545,1.33E-05,0.38961926,0.4486558,0.006276423,3.79E-05,0.43765217,0.46403483,9.55E-23,1.40E-22,0.5927949,3.13E-10,0.70223504,6.84E-06,2.69E-05,0.43570697,0,0.4486267,0,0,0.3503546,0,0.58125275,0.47003502,4
0.453745,0.4719219,0.0060131927,0.00010622589,0.38159412,0.46982324,0,0,0.34851477,0.4641461,0,0,0.38961926,0.4486558,0,0,0.43765217,0.46403483,0,0,0,0,0,0.98266566,0,0.43570697,0,0.4486267,0,0,2.08E-17,0,0.58125275,0.47003502,3
0.8013047,0.8468203,0.008115878,7.75E-05,0.38159412,0.46982324,7.30E-06,3.97E-11,0.34851477,0.4641461,0.00019057252,3.09E-08,0.38961926,0.4486558,0.0002508825,6.05E-08,0.43765217,0.46403483,4.91E-23,7.36E-23,0.77961904,1.23E-10,0.87953067,5.11E-06,2.01E-05,0.43570697,0,0.4486267,0,0,0.009929078,0,0.58125275,0.47003502,3
0.25709003,0.3473387,1.54E-05,1.55E-06,0.38159412,0.46982324,0,0,0.34851477,0.4641461,0,0,0.38961926,0.4486558,0,0,0.43765217,0.46403483,0,0,0,0,0,0.9826631,0,0.43570697,0,0.4486267,0,0,2.08E-17,0,0.58125275,0.47003502,2
0.2573771,0.20015906,1.67E-05,1.69E-06,0.38159412,0.46982324,0,0,0.34851477,0.4641461,0,0,0.38961926,0.4486558,0,0,0.43765217,0.46403483,0,0,0,0,0,0.9826629,0,0.43570697,0,0.4486267,0,0,2.08E-17,0,0.58125275,0.47003502,2
0.42561927,0.14027695,0.21812283,0.1304661,0.38159412,0.46982324,2.79E-06,5.81E-12,0.34851477,0.4641461,0.008024655,5.48E-05,0.38961926,0.4486558,0.012984991,0.00016202813,0.43765217,0.46403483,5.28E-22,1.58E-12,0.30857036,0.00017622327,0.111301094,0.00015188503,0.00059740775,0.43570697,0,0.4486267,0,0,0.3503546,0,0.58125275,0.47003502,4
0.44969982,0.60676146,0.21407163,0.13138373,0.38159412,0.46982324,0,0,0.34851477,0.4641461,0,0,0.38961926,0.4486558,0,0,0.43765217,0.46403483,0,0,0,0,0,0.98266506,0,0.43570697,0,0.4486267,0,0,2.08E-17,0,0.58125275,0.47003502,4
0.23165952,0.31719255,7.38E-05,3.75E-06,0.38159412,0.46982324,0,0,0.34851477,0.4641461,0,0,0.38961926,0.4486558,0,0,0.43765217,0.46403483,0,0,0,0,0,0.9826632,0,0.43570697,0,0.4486267,0,0,2.08E-17,0,0.58125275,0.47003502,2
0.2518778,0.30636188,1.58E-05,1.59E-06,0.38159412,0.46982324,0,0,0.34851477,0.4641461,0,0,0.38961926,0.4486558,0,0,0.43765217,0.46403483,0,0,0,0,0,0.982663,0,0.43570697,0,0.4486267,0,0,2.08E-17,0,0.58125275,0.47003502,2
0.41223237,0.6017887,0.21277788,0.13164972,0.38159412,0.46982324,3.42E-06,8.70E-12,0.34851477,0.4641461,0.008085316,5.56E-05,0.38961926,0.4486558,0.012678061,0.00015445883,0.43765217,0.46403483,9.89E-22,8.87E-22,0.2893251,2.82E-19,0.4657896,1.19E-06,4.70E-06,0.43570697,0,0.4486267,0,0,0.3503546,0,0.58125275,0.47003502,4
0.35957658,0.42352974,0.18369152,0.13425884,0.38159412,0.46982324,5.87E-05,2.57E-09,0.34851477,0.4641461,0.012697711,0.00013716203,0.38961926,0.4486558,0.016709512,0.00026830862,0.43765217,0.46403483,1.56E-21,2.75E-21,0.22311613,7.59E-11,0.28304544,1.34E-05,5.25E-05,0.43570697,1.51E-15,0.4486267,0.98080105,7.09E-08,0.3503546,4.86E-15,0.58125275,0.47003502,5
0.7188906,0.99320537,0.24399854,0.12161888,0.38159412,0.46982324,0,0,0.34851477,0.4641461,0,0,0.38961926,0.4486558,0,0,0.43765217,0.46403483,0,0,0,0,0,0.98266506,0,0.43570697,0,0.4486267,0,0,2.08E-17,0,0.58125275,0.47003502,4
0.71823156,0.9813128,0.2444574,0.12141471,0.38159412,0.46982324,0.009998745,7.45E-05,0.34851477,0.4641461,0.010523007,9.42E-05,0.38961926,0.4486558,0.007333077,5.17E-05,0.43765217,0.46403483,4.88E-23,8.04E-23,0.5915899,1.65E-17,0.8725967,1.03E-06,4.05E-06,0.43570697,0,0.4486267,0,0,0.3503546,0,0.58125275,0.47003502,4
0.74088395,0.752543,0.008085474,7.84E-05,0.38159412,0.46982324,0.0004060846,1.23E-07,0.34851477,0.4641461,0.00036070854,1.11E-07,0.38961926,0.4486558,0.0002839855,7.75E-08,0.43765217,0.46403483,3.35E-23,5.79E-23,0.71061814,2.44E-09,0.77757865,7.72E-06,3.04E-05,0.43570697,0,0.4486267,0,0,0.009929078,0,0.58125275,0.47003502,3
0.00088541897,0.0016328766,0.020704651,0.039627638,0.38159412,0.46982324,5.26E-05,0.00031004674,0.34851477,0.46368706,0.023860892,0.0007354441,0.38962376,0.45167917,0.22142191,0.056802318,0.44173542,0.47955537,3.72E-17,3.75E-17,0.0009365001,2.84E-17,0.0017519465,1.09E-09,1.36E-09,0.43570697,0.00033568838,0.44809595,0.0013896723,0.002360272,0.039320014,0.0005031936,0.58126014,0.49536195,0
0.25192782,0.3383786,1.63E-05,1.65E-06,0.38159412,0.46982324,0,0,0.34851477,0.4641461,0,0,0.38961926,0.4486558,0,0,0.43765217,0.46403483,0,0,0,0,0,0.98266304,0,0.43570697,0,0.4486267,0,0,2.08E-17,0,0.58125275,0.47003502,2
0.38430172,0.23275824,0.18313317,0.13424483,0.38159412,0.46982324,0.047161218,0.0016570133,0.34851477,0.4641461,0.020019941,0.0003409641,0.38961926,0.4486558,0.019400546,0.00036168878,0.43765217,0.46403483,1.65E-21,2.57E-21,0.23269038,7.43E-06,0.15510291,7.72E-05,0.00030368922,0.43570697,8.13E-16,0.4486267,0.5373595,9.70E-08,0.3503546,9.11E-15,0.58125275,0.47003502,5
0.7255382,0.82804555,0.24404795,0.12159714,0.38159412,0.46982324,0.0001677368,2.10E-08,0.34851477,0.4641461,0.006785168,3.92E-05,0.38961926,0.4486558,0.006766691,4.40E-05,0.43765217,0.46403483,1.40E-22,2.17E-22,0.5929235,5.71E-11,0.7350642,5.51E-06,2.17E-05,0.43570697,0,0.4486267,0,0,0.3503546,0,0.58125275,0.47003502,4
0.71694815,0.8636661,0.2441614,0.1215468,0.38159412,0.46982324,0,0,0.34851477,0.4641461,0,0,0.38961926,0.4486558,0,0,0.43765217,0.46403483,0,0,0,0,0,0.98266494,0,0.43570697,0,0.4486267,0,0,2.08E-17,0,0.58125275,0.47003502,4
0.46399546,0.31315172,0.21301003,0.13160545,0.38159412,0.46982324,0,0,0.34851477,0.4641461,0,0,0.38961926,0.4486558,0,0,0.43765217,0.46403483,0,0,0,0,0,0.9826648,0,0.43570697,0,0.4486267,0,0,2.08E-17,0,0.58125275,0.47003502,4
0.4418426,0.2265268,0.005695819,0.00010764777,0.38159412,0.46982324,9.11E-08,6.18E-15,0.34851477,0.4641461,0.00043557596,1.61E-07,0.38961926,0.4486558,0.0007460638,5.35E-07,0.43765217,0.46403483,1.83E-20,6.98E-21,0.32161006,8.32E-06,0.16468127,7.60E-05,0.00029880786,0.43570697,0,0.4486267,0,0,0.009929078,0,0.58125275,0.47003502,3
0.0012369553,0.0015872607,0.008381473,0.0008149438,0.38159412,0.47039074,0.026516456,0.0005244467,0.34852278,0.48655698,0.03845055,0.0013204804,0.38973054,0.5031467,0.031440426,0.0011691566,0.43794736,0.5179487,2.12E-18,2.51E-18,0.0012073342,5.57E-18,0.00168401,7.79E-10,6.12E-18,0.43570697,0.00018667283,0.44859362,0.0015087955,0.0029558458,0.039382428,0.00050247746,0.5812481,0.45750475,0
0.36962688,0.25811633,0.21237463,0.13916421,0.38159412,0.46982324,0.00072837144,3.95E-07,0.34851477,0.4641461,0.03054854,0.00079389673,0.38961926,0.4486558,0.030351056,0.00088522705,0.43765217,0.46403483,6.14E-22,1.04E-21,0.27287337,3.31E-06,0.19493863,5.76E-05,0.00022647851,0.43570697,0,0.4486267,0,0,0.35886526,0,0.58125275,0.47003502,1
0.20808282,0.034426317,0.22417885,0.12883325,0.38159412,0.46982324,0.027593475,0.0005672425,0.34851477,0.4641461,0.028944021,0.0007126902,0.38961926,0.4486558,0.028363168,0.000773066,0.43765217,0.46403483,8.66E-08,0.00015483049,0.15496989,0.0022946955,0.028099576,0.0007255451,0.0028521062,0.43570697,0,0.4486267,0,0,0.3503546,0,0.58125275,0.47003502,4
0.22040428,0.19099598,7.90E-05,4.03E-06,0.38159412,0.46982324,0,0,0.34851477,0.4641461,0,0,0.38961926,0.4486558,0,0,0.43765217,0.46403483,0,0,0,0,0,0.9826629,0,0.43570697,0,0.4486267,0,0,2.08E-17,0,0.58125275,0.47003502,2
0.23271468,0.3101689,7.22E-05,3.66E-06,0.38159412,0.46982324,0,0,0.34851477,0.4641461,0,0,0.38961926,0.4486558,0,0,0.43765217,0.46403483,0,0,0,0,0,0.98266315,0,0.43570697,0,0.4486267,0,0,2.08E-17,0,0.58125275,0.47003502,2
0.7153966,0.99002063,0.24398282,0.12162606,0.38159412,0.46982324,0.0007077061,3.73E-07,0.34851477,0.4641461,0.008074547,5.55E-05,0.38961926,0.4486558,0.0072418163,5.04E-05,0.43765217,0.46403483,1.27E-22,1.81E-22,0.5820668,1.02E-18,0.8786291,7.73E-07,3.04E-06,0.43570697,0,0.4486267,0,0,0.3503546,0,0.58125275,0.47003502,4
0.71966696,0.66720045,0.24318145,0.121978395,0.38159412,0.46982324,0.0007151935,3.81E-07,0.34851477,0.4641461,0.0078119733,5.19E-05,0.38961926,0.4486558,0.0069033024,4.58E-05,0.43765217,0.46403483,3.42E-22,3.06E-22,0.58277214,2.22E-08,0.59017754,1.24E-05,4.89E-05,0.43570697,0,0.4486267,0,0,0.3503546,0,0.58125275,0.47003502,4
0.21704161,0.2850993,7.38E-05,3.75E-06,0.38159412,0.46982324,0,0,0.34851477,0.4641461,0,0,0.38961926,0.4486558,0,0,0.43765217,0.46403483,0,0,0,0,0,0.98266304,0,0.43570697,0,0.4486267,0,0,2.08E-17,0,0.58125275,0.47003502,2
0.21819982,0.2281333,7.54E-05,3.75E-06,0.38159412,0.46982324,0,0,0.34851477,0.4641461,0,0,0.38961926,0.4486558,0,0,0.43765217,0.46403483,0,0,0,0,0,0.9826629,0,0.43570697,0,0.4486267,0,0,2.08E-17,0,0.58125275,0.47003502,2
0.43288803,0.60482764,0.21426919,0.13134146,0.38159412,0.46982324,0,0,0.34851477,0.4641461,0,0,0.38961926,0.4486558,0,0,0.43765217,0.46403483,0,0,0,0,0,0.98266506,0,0.43570697,0,0.4486267,0,0,2.08E-17,0,0.58125275,0.47003502,4
0.3673189,0.38278043,0.21293299,0.139068,0.38159412,0.46982324,0.025146218,0.00047108726,0.34851477,0.4641461,0.033644073,0.0009629422,0.38961926,0.4486558,0.028519334,0.00078160234,0.43765217,0.46403483,6.86E-22,1.59E-21,0.25632977,8.59E-09,0.28979456,2.12E-05,8.35E-05,0.43570697,0,0.4486267,0,0,0.35886526,0,0.58125275,0.47003502,1
0.7154363,0.88309336,0.24383512,0.12169142,0.38159412,0.46982324,0,0,0.34851477,0.4641461,0,0,0.38961926,0.4486558,0,0,0.43765217,0.46403483,0,0,0,0,0,0.98266494,0,0.43570697,0,0.4486267,0,0,2.08E-17,0,0.58125275,0.47003502,4
0.22823353,0.26606473,7.50E-05,3.78E-06,0.38159412,0.46982324,0,0,0.34851477,0.4641461,0,0,0.38961926,0.4486558,0,0,0.43765217,0.46403483,0,0,0,0,0,0.982663,0,0.43570697,0,0.4486267,0,0,2.08E-17,0,0.58125275,0.47003502,2
0.0008584679,0.0014963254,0.008149689,0.00079081254,0.38159412,0.46982324,1.22E-06,3.58E-07,0.34851477,0.46407637,0.006570728,9.37E-05,0.3896194,0.44959593,0.009978803,0.00014904952,0.43766817,0.4865067,1.16E-30,1.29E-21,0.00011221515,2.54E-17,0.0003401438,5.44E-09,4.64E-17,0.4356336,0.00010114386,0.44956675,0.0011792781,0.009941219,0.028006988,0.00014902056,0.5812658,0.49225506,0
0.7016414,0.52496547,0.25065112,0.12726714,0.38159412,0.46982324,0.004248783,1.34E-05,0.34851477,0.4641461,0.009514032,7.70E-05,0.38961926,0.4486558,0.0073981085,5.26E-05,0.43765217,0.46403483,7.00E-23,1.08E-22,0.5770679,5.93E-07,0.46727684,2.18E-05,8.57E-05,0.43570697,0,0.4486267,0,0,0.35886526,0,0.58125275,0.47003502,1
0.0005412522,0.0023206125,0.049069334,0.0758397,0.38159412,0.46982324,1.39E-09,1.44E-18,0.34851477,0.4641461,1.41E-09,1.68E-18,0.38961926,0.4486558,0.01273252,0.00034198348,0.43765226,0.4640851,6.60E-15,1.47E-14,0.00013084574,1.65E-14,9.58E-05,2.96E-08,1.07E-14,0.43570697,0,0.4486267,7.46E-05,0,0.009929078,0,0.58125275,0.47003502,0
0.2083949,0.2823187,7.40E-05,3.77E-06,0.38159412,0.46982324,0,0,0.34851477,0.4641461,0,0,0.38961926,0.4486558,0,0,0.43765217,0.46403483,0,0,0,0,0,0.98266304,0,0.43570697,0,0.4486267,0,0,2.08E-17,0,0.58125275,0.47003502,2
0.45325652,0.50758886,0.21264133,0.13167958,0.38159412,0.46982324,0,0,0.34851477,0.4641461,0,0,0.38961926,0.4486558,0,0,0.43765217,0.46403483,0,0,0,0,0,0.9826649,0,0.43570697,0,0.4486267,0,0,2.08E-17,0,0.58125275,0.47003502,4
0.4402509,0.6015786,0.21331856,0.13154042,0.38159412,0.46982324,0.022992061,0.0003938327,0.34851477,0.4641461,0.015797693,0.00021230997,0.38961926,0.4486558,0.013071825,0.00016420241,0.43765217,0.46403483,7.02E-22,8.56E-22,0.31016868,1.49E-16,0.46682125,2.25E-06,8.84E-06,0.43570697,0,0.4486267,0,0,0.3503546,0,0.58125275,0.47003502,4
0.716567,0.65287775,0.24988718,0.12761575,0.38159412,0.46982324,0.026475057,0.0005221915,0.34851477,0.4641461,0.01139191,0.000110401794,0.38961926,0.4486558,0.0072963084,5.12E-05,0.43765217,0.46403483,3.61E-22,2.00E-22,0.5808565,2.83E-08,0.5793614,1.30E-05,5.11E-05,0.43570697,0,0.4486267,0,0,0.35886526,0,0.58125275,0.47003502,1
0.44914168,0.6065616,0.21439943,0.13131353,0.38159412,0.46982324,8.51E-06,5.40E-11,0.34851477,0.4641461,0.0078050154,5.18E-05,0.38961926,0.4486558,0.012489374,0.00014989544,0.43765217,0.46403483,3.56E-22,4.64E-22,0.33164668,3.62E-18,0.4730613,1.54E-06,6.06E-06,0.43570697,0,0.4486267,0,0,0.3503546,0,0.58125275,0.47003502,4
0.7492149,0.4945068,0.007090892,9.57E-05,0.38159412,0.46982324,1.73E-05,2.23E-10,0.34851477,0.4641461,0.00028253678,6.79E-08,0.38961926,0.4486558,0.00025058238,6.03E-08,0.43765217,0.46403483,9.13E-23,1.16E-22,0.6311028,1.64E-06,0.44970804,2.53E-05,9.95E-05,0.43570697,0,0.4486267,0,0,0.009929078,0,0.58125275,0.47003502,3
0.83587146,0.8669511,0.008113071,7.76E-05,0.38159412,0.46982324,8.87E-05,5.86E-09,0.34851477,0.4641461,0.00026103412,5.80E-08,0.38961926,0.4486558,0.00026104573,6.55E-08,0.43765217,0.46403483,1.12E-22,7.82E-23,0.806826,7.07E-11,0.9003362,4.74E-06,1.86E-05,0.43570697,0,0.4486267,0,0,0.009929078,0,0.58125275,0.47003502,3
0.7243398,0.8156507,0.24385096,0.121684276,0.38159412,0.46982324,0,0,0.34851477,0.4641461,0,0,0.38961926,0.4486558,0,0,0.43765217,0.46403483,0,0,0,0,0,0.9826649,0,0.43570697,0,0.4486267,0,0,2.08E-17,0,0.58125275,0.47003502,4
0.44347703,0.55749834,0.21309072,0.1315885,0.38159412,0.46982324,0,0,0.34851477,0.4641461,0,0,0.38961926,0.4486558,0,0,0.43765217,0.46403483,0,0,0,0,0,0.98266494,0,0.43570697,0,0.4486267,0,0,2.08E-17,0,0.58125275,0.47003502,4
0.45788458,0.278719,0.21376087,0.13144964,0.38159412,0.46982324,0,0,0.34851477,0.4641461,0,0,0.38961926,0.4486558,0,0,0.43765217,0.46403483,0,0,0,0,0,0.9826648,0,0.43570697,0,0.4486267,0,0,2.08E-17,0,0.58125275,0.47003502,4
0.23148307,0.28060335,7.39E-05,3.82E-06,0.38159412,0.46982324,0,0,0.34851477,0.4641461,0,0,0.38961926,0.4486558,0,0,0.43765217,0.46403483,0,0,0,0,0,0.98266304,0,0.43570697,0,0.4486267,0,0,2.08E-17,0,0.58125275,0.47003502,2
0.42410743,0.15762296,0.21653226,0.13084188,0.38159412,0.46982324,4.34E-07,1.40E-13,0.34851477,0.4641461,0.0066712233,3.79E-05,0.38961926,0.4486558,0.012060109,0.00013976857,0.43765217,0.46403483,7.31E-22,3.83E-14,0.30344737,0.000121789875,0.12414678,0.00013101316,0.00051532383,0.43570697,0,0.4486267,0,0,0.3503546,0,0.58125275,0.47003502,4
0.40571398,0.34160957,0.20917396,0.13964713,0.38159412,0.46982324,0,0,0.34851477,0.4641461,0,0,0.38961926,0.4486558,0,0,0.43765217,0.46403483,0,0,0,0,0,0.98266613,0,0.43570697,0,0.4486267,0,0,2.08E-17,0,0.58125275,0.47003502,1
0.47868574,0.32907742,0.21409842,0.13137901,0.38159412,0.46982324,0,0,0.34851477,0.4641461,0,0,0.38961926,0.4486558,0,0,0.43765217,0.46403483,0,0,0,0,0,0.9826648,0,0.43570697,0,0.4486267,0,0,2.08E-17,0,0.58125275,0.47003502,4
0.0010693995,0.0015445601,0.008509771,0.0011424434,0.38159412,0.46859208,0.0116694225,0.00010233194,0.3485112,0.4328579,0.011172201,0.00015885585,0.38962767,0.47480303,0.01038555,0.0001588461,0.437682,0.50326127,9.49E-18,1.38E-17,0.00032519552,5.67E-17,0.00037760122,4.88E-09,5.19E-17,0.4027978,0.00017141784,0.4747722,0.0013091428,0.010346434,0.028508386,0.00015881522,0.58127713,0.50882185,0
0.21897271,0.31717864,7.22E-05,3.61E-06,0.38159412,0.46982324,0,0,0.34851477,0.4641461,0,0,0.38961926,0.4486558,0,0,0.43765217,0.46403483,0,0,0,0,0,0.9826633,0,0.43570697,0,0.4486267,0,0,2.08E-17,0,0.58125275,0.47003502,2
0.7207534,0.82919943,0.2442622,0.121502,0.38159412,0.46982324,0.00010692056,8.52E-09,0.34851477,0.4641461,0.006480251,3.57E-05,0.38961926,0.4486558,0.0067280787,4.35E-05,0.43765217,0.46403483,9.25E-23,1.48E-22,0.593042,5.21E-11,0.7367343,5.45E-06,2.14E-05,0.43570697,0,0.4486267,0,0,0.3503546,0,0.58125275,0.47003502,4
0.33592358,0.12557508,0.18297915,0.1342518,0.38159412,0.46982324,0.0018741305,2.62E-06,0.34851477,0.4641461,0.018888561,0.00030351547,0.38961926,0.4486558,0.021481777,0.0004434529,0.43765217,0.46403483,3.18E-21,4.47E-14,0.20693643,0.00017497329,0.08362103,0.00019409788,0.0007634115,0.43570697,2.79E-15,0.4486267,0.28966138,4.88E-08,0.3503546,2.31E-15,0.58125275,0.47003502,5
0.36796743,0.3621336,0.18399966,0.1342626,0.38159412,0.46982324,0.020980787,0.00032794388,0.34851477,0.4641461,0.01838772,0.00028763304,0.38961926,0.4486558,0.01751615,0.0002948386,0.43765217,0.46403483,7.09E-22,1.03E-21,0.22771743,1.40E-08,0.24242887,2.63E-05,0.00010350291,0.43570697,2.79E-15,0.4486267,0.8400138,1.31E-07,0.3503546,1.66E-14,0.58125275,0.47003502,5
0.42359355,0.30406705,0.2137578,0.13145004,0.38159412,0.46982324,0,0,0.34851477,0.4641461,0,0,0.38961926,0.4486558,0,0,0.43765217,0.46403483,0,0,0,0,0,0.9826648,0,0.43570697,0,0.4486267,0,0,2.08E-17,0,0.58125275,0.47003502,4
0.00084362034,0.0015765908,0.00895085,0.00094959233,0.3815941,0.46891633,0.065414265,0.0031879845,0.34848282,0.42879507,0.04716692,0.0019454574,0.38991264,0.55933267,0.033748526,0.0013056311,0.43793544,0.5111975,1.11E-17,1.14E-17,0.00087953656,1.69E-17,0.0016958102,7.85E-10,1.65E-17,0.42933762,0.0040005185,0.45499885,0.0014034597,0.058945883,0.046453778,0.003611064,0.58178335,0.5148156,0
0.40254623,0.306265,0.21018781,0.13950253,0.38159412,0.46982324,0.059386037,0.002627391,0.34851477,0.4641461,0.03801883,0.0012296472,0.38961926,0.4486558,0.030067746,0.000868778,0.43765217,0.46403483,6.53E-22,1.88E-21,0.2639342,4.80E-07,0.22891298,4.03E-05,0.00015846845,0.43570697,0,0.4486267,0,0,0.35886526,0,0.58125275,0.47003502,1
0.43771183,0.5219062,0.21297091,0.13161185,0.38159412,0.46982324,0.00019567422,2.85E-08,0.34851477,0.4641461,0.010219646,8.88E-05,0.38961926,0.4486558,0.013741951,0.00018146962,0.43765217,0.46403483,1.48E-21,1.66E-21,0.3118331,6.80E-11,0.4043485,9.56E-06,3.76E-05,0.43570697,0,0.4486267,0,0,0.3503546,0,0.58125275,0.47003502,4
0.0002591243,0.00044877335,0.0141879,0.00082791346,0.38159412,0.46982324,4.92E-09,3.59E-16,0.34851477,0.4816536,0.00386167,0.00025983618,0.38963145,0.52256507,0.015883353,0.0017074049,0.4380015,0.5442358,0,4.22E-27,2.23E-05,2.22E-16,0.0001634622,1.21E-08,6.54E-16,0.43570697,1.81E-18,0.4486267,0.00029762054,1.98E-09,0.017626109,4.24E-18,0.58125275,0.47003502,0
0.712271,0.9614202,0.24452515,0.121384226,0.38159412,0.46982324,0,0,0.34851477,0.4641461,0,0,0.38961926,0.4486558,0,0,0.43765217,0.46403483,0,0,0,0,0,0.982665,0,0.43570697,0,0.4486267,0,0,2.08E-17,0,0.58125275,0.47003502,4
0.71705574,0.9765662,0.24429984,0.12148524,0.38159412,0.46982324,4.71E-05,1.65E-09,0.34851477,0.4641461,0.006013105,3.08E-05,0.38961926,0.4486558,0.0067527797,4.38E-05,0.43765217,0.46403483,1.60E-22,1.67E-22,0.5864873,4.63E-17,0.8678035,1.15E-06,4.51E-06,0.43570697,0,0.4486267,0,0,0.3503546,0,0.58125275,0.47003502,4
0.75425106,0.43240654,0.008055928,7.93E-05,0.38159412,0.46982324,7.98E-05,4.74E-09,0.34851477,0.4641461,0.00025702466,5.62E-08,0.38961926,0.4486558,0.00027836123,7.45E-08,0.43765217,0.46403483,1.33E-22,7.66E-23,0.7165201,3.84E-06,0.4453271,2.82E-05,0.00011080914,0.43570697,0,0.4486267,0,0,0.009929078,0,0.58125275,0.47003502,3
0.42688188,0.60261196,0.21146064,0.13190989,0.38159412,0.46982324,0,0,0.34851477,0.4641461,0,0,0.38961926,0.4486558,0,0,0.43765217,0.46403483,0,0,0,0,0,0.9826651,0,0.43570697,0,0.4486267,0,0,2.08E-17,0,0.58125275,0.47003502,4
0.4260324,0.6046599,0.21367699,0.13146672,0.38159412,0.46982324,0,0,0.34851477,0.4641461,0,0,0.38961926,0.4486558,0,0,0.43765217,0.46403483,0,0,0,0,0,0.98266506,0,0.43570697,0,0.4486267,0,0,2.08E-17,0,0.58125275,0.47003502,4
0.21974608,0.3152747,7.44E-05,3.78E-06,0.38159412,0.46982324,0,0,0.34851477,0.4641461,0,0,0.38961926,0.4486558,0,0,0.43765217,0.46403483,0,0,0,0,0,0.9826632,0,0.43570697,0,0.4486267,0,0,2.08E-17,0,0.58125275,0.47003502,2
0.3657421,0.41527918,0.0057766144,0.000107385415,0.38159412,0.46982324,0.0013235764,1.31E-06,0.34851477,0.4641461,0.0013462087,1.54E-06,0.38961926,0.4486558,0.00081341,6.36E-07,0.43765217,0.46403483,2.76E-21,1.15E-20,0.23268598,3.91E-09,0.30622557,1.84E-05,7.23E-05,0.43570697,0,0.4486267,0,0,0.009929078,0,0.58125275,0.47003502,3
0.00813038,0.0029681544,0.1299597,0.36789605,0.36272487,0.42874554,0.26019385,0.5716054,0.31761745,0.40521023,0.2606372,0.67956823,0.33193365,0.34707564,0.2597514,0.7686719,0.279003,0.3594083,3.83E-14,2.94E-13,0.004180563,6.35E-13,0.000668598,7.33E-08,6.91E-13,0.6806261,0.5697846,0.70381653,0.0003000766,0.13223067,0.7371366,0.598339,0.72126967,0.7169081,0
0.7389201,0.84764695,0.0070961914,9.56E-05,0.38159412,0.46982324,5.64E-06,2.37E-11,0.34851477,0.4641461,0.00025069254,5.35E-08,0.38961926,0.4486558,0.00026015582,6.50E-08,0.43765217,0.46403483,7.24E-23,1.22E-22,0.6215934,9.23E-11,0.7715097,5.53E-06,2.18E-05,0.43570697,0,0.4486267,0,0,0.009929078,0,0.58125275,0.47003502,3
0.35544634,0.42612895,0.0060201297,0.00010620336,0.38159412,0.46982324,0,0,0.34851477,0.4641461,0,0,0.38961926,0.4486558,0,0,0.43765217,0.46403483,0,0,0,0,0,0.9826656,0,0.43570697,0,0.4486267,0,0,2.08E-17,0,0.58125275,0.47003502,3
0.22472385,0.2601719,7.53E-05,3.83E-06,0.38159412,0.46982324,0,0,0.34851477,0.4641461,0,0,0.38961926,0.4486558,0,0,0.43765217,0.46403483,0,0,0,0,0,0.982663,0,0.43570697,0,0.4486267,0,0,2.08E-17,0,0.58125275,0.47003502,2
0.0011144535,0.001660866,0.008518506,0.00081624836,0.38159412,0.46982324,0.009114993,6.19E-05,0.34851477,0.46413845,0.011355314,0.00014037338,0.3896353,0.5055751,0.0108161,0.00016698432,0.43774295,0.5772526,3.38E-18,4.32E-17,0.00029010192,6.67E-17,0.00048020997,3.80E-09,6.57E-17,0.4356989,0.0001514738,0.5055423,0.0016648873,0.010775363,0.029866453,0.00016695187,0.5813271,0.58198404,0
0.7008343,0.25692663,0.008025447,8.06E-05,0.38159412,0.46982324,0,0,0.34851477,0.4641461,0,0,0.38961926,0.4486558,0,0,0.43765217,0.46403483,0,0,0,0,0,0.98266554,0,0.43570697,0,0.4486267,0,0,2.08E-17,0,0.58125275,0.47003502,3
0.35466957,0.16114059,0.18229656,0.13422638,0.38159412,0.46982324,0,0,0.34851477,0.4641461,0,0,0.38961926,0.4486558,0,0,0.43765217,0.46403483,0,0,0,0,0,0.98266697,0,0.43570697,0,0.4486267,0,0,2.08E-17,0,0.58125275,0.47003502,5
0.22362761,0.30705065,7.54E-05,3.87E-06,0.38159412,0.46982324,0,0,0.34851477,0.4641461,0,0,0.38961926,0.4486558,0,0,0.43765217,0.46403483,0,0,0,0,0,0.98266315,0,0.43570697,0,0.4486267,0,0,2.08E-17,0,0.58125275,0.47003502,2
0.0019224237,0.002684624,0.023459835,0.015874205,0.38159412,0.46982324,1.96E-05,1.21E-05,0.34851477,0.46420863,0.16055994,0.42370626,0.40996808,0.52223706,0.19395243,0.7124303,0.47616157,0.49932367,1.52E-17,1.52E-17,0.001596799,1.95E-14,0.0012598899,1.05E-08,3.29E-14,0.43570697,0.44256195,0.4742606,0.0010458818,0.10804197,0.32299483,0.7233394,0.612797,0.53193575,0
0.2285733,0.30502358,7.55E-05,3.83E-06,0.38159412,0.46982324,0,0,0.34851477,0.4641461,0,0,0.38961926,0.4486558,0,0,0.43765217,0.46403483,0,0,0,0,0,0.9826631,0,0.43570697,0,0.4486267,0,0,2.08E-17,0,0.58125275,0.47003502,2
0.45934877,0.5619097,0.21381754,0.13143724,0.38159412,0.46982324,0,0,0.34851477,0.4641461,0,0,0.38961926,0.4486558,0,0,0.43765217,0.46403483,0,0,0,0,0,0.98266494,0,0.43570697,0,0.4486267,0,0,2.08E-17,0,0.58125275,0.47003502,4
0.0030370217,0.0008313613,0.03729175,0.03907774,0.34735376,0.37328595,0.27966684,0.254332,0.31012753,0.36083314,0.2744311,0.29324678,0.35464793,0.3586897,0.24774809,0.27877387,0.43185294,0.45731178,5.73E-19,1.93E-18,0.003395999,1.18E-16,0.0006765739,2.86E-09,2.67E-16,0.43570697,3.19E-05,0.4486267,7.51E-05,0.005873705,0.029689787,3.34E-05,0.58125275,0.47003502,0
0.43115753,0.41843995,0.21244355,0.13171794,0.38159412,0.46982324,0,0,0.34851477,0.4641461,0,0,0.38961926,0.4486558,0,0,0.43765217,0.46403483,0,0,0,0,0,0.9826648,0,0.43570697,0,0.4486267,0,0,2.08E-17,0,0.58125275,0.47003502,4
0.7415382,0.6583703,0.0070927464,9.57E-05,0.38159412,0.46982324,0,0,0.34851477,0.4641461,0,0,0.38961926,0.4486558,0,0,0.43765217,0.46403483,0,0,0,0,0,0.9826656,0,0.43570697,0,0.4486267,0,0,2.08E-17,0,0.58125275,0.47003502,3
0.22395633,0.2571209,7.55E-05,3.84E-06,0.38159412,0.46982324,0,0,0.34851477,0.4641461,0,0,0.38961926,0.4486558,0,0,0.43765217,0.46403483,0,0,0,0,0,0.982663,0,0.43570697,0,0.4486267,0,0,2.08E-17,0,0.58125275,0.47003502,2
0.7492773,0.46269438,0.008054297,7.93E-05,0.38159412,0.46982324,6.02E-06,2.70E-11,0.34851477,0.4641461,0.00019973026,3.39E-08,0.38961926,0.4486558,0.00026228547,6.61E-08,0.43765217,0.46403483,1.48E-22,1.31E-22,0.71077013,2.32E-06,0.47654036,2.50E-05,9.84E-05,0.43570697,0,0.4486267,0,0,0.009929078,0,0.58125275,0.47003502,3
0.7215336,0.73986506,0.24363448,0.12177979,0.38159412,0.46982324,0,0,0.34851477,0.4641461,0,0,0.38961926,0.4486558,0,0,0.43765217,0.46403483,0,0,0,0,0,0.9826649,0,0.43570697,0,0.4486267,0,0,2.08E-17,0,0.58125275,0.47003502,4
0.4531598,0.5424077,0.21320459,0.13156478,0.38159412,0.46982324,0,0,0.34851477,0.4641461,0,0,0.38961926,0.4486558,0,0,0.43765217,0.46403483,0,0,0,0,0,0.98266494,0,0.43570697,0,0.4486267,0,0,2.08E-17,0,0.58125275,0.47003502,4
0.43667048,0.36931401,0.005644008,0.00010787779,0.38159412,0.46982324,0,0,0.34851477,0.4641461,0,0,0.38961926,0.4486558,0,0,0.43765217,0.46403483,0,0,0,0,0,0.9826656,0,0.43570697,0,0.4486267,0,0,2.08E-17,0,0.58125275,0.47003502,3
0.0041810963,0.001071358,0.044416554,0.051390633,0.3410828,0.36322492,0.31627262,0.22057529,0.30562505,0.3526839,0.31341305,0.25051948,0.3493518,0.3488101,0.28399345,0.238863,0.43361405,0.4595501,7.41E-18,7.92E-18,0.0043609636,1.46E-17,0.0008663726,2.05E-09,1.27E-16,0.63948303,0.13659234,0.6448277,0.00022519559,0.37475774,0.17036653,0.14296137,0.66353893,0.65834635,0
0.709147,0.892691,0.0075811283,8.79E-05,0.38159412,0.46982324,1.12E-08,9.40E-17,0.34851477,0.4641461,9.70E-05,8.00E-09,0.38961926,0.4486558,0.00022630462,4.92E-08,0.43765217,0.46403483,4.83E-23,3.68E-23,0.8043377,2.34E-12,0.8681523,3.49E-06,1.37E-05,0.43570697,0,0.4486267,0,0,0.009929078,0,0.58125275,0.47003502,3
0.000527225,0.0010678385,0.050250743,0.07156945,0.38159412,0.46982324,0.00061879854,2.85E-07,0.34851477,0.463991,0.00773271,0.00038545803,0.38966846,0.5715456,0.3160403,0.24763836,0.45126277,0.47754797,1.09E-17,7.25E-17,0.00020421915,1.10E-16,0.0009882358,1.81E-09,1.69E-16,0.43570697,0,0.4486267,0,0,0.009219858,0,0.58125275,0.47003502,0
0.70671177,0.44654602,0.24992622,0.12759946,0.38159412,0.46982324,0,0,0.34851477,0.4641461,0,0,0.38961926,0.4486558,0,0,0.43765217,0.46403483,0,0,0,0,0,0.9826661,0,0.43570697,0,0.4486267,0,0,2.08E-17,0,0.58125275,0.47003502,1
0.42361188,0.5317111,0.21345107,0.13151346,0.38159412,0.46982324,0,0,0.34851477,0.4641461,0,0,0.38961926,0.4486558,0,0,0.43765217,0.46403483,0,0,0,0,0,0.98266494,0,0.43570697,0,0.4486267,0,0,2.08E-17,0,0.58125275,0.47003502,4
0.41484958,0.60269815,0.21314344,0.13157544,0.38159412,0.46982324,0,0,0.34851477,0.4641461,0,0,0.38961926,0.4486558,0,0,0.43765217,0.46403483,0,0,0,0,0,0.98266506,0,0.43570697,0,0.4486267,0,0,2.08E-17,0,0.58125275,0.47003502,4
0.4769683,0.47899595,0.21291858,0.13162325,0.38159412,0.46982324,0,0,0.34851477,0.4641461,0,0,0.38961926,0.4486558,0,0,0.43765217,0.46403483,0,0,0,0,0,0.9826649,0,0.43570697,0,0.4486267,0,0,2.08E-17,0,0.58125275,0.47003502,4
0.7046229,0.4482563,0.25040185,0.12738273,0.38159412,0.46982324,2.89E-07,6.21E-14,0.34851477,0.4641461,0.00364745,1.13E-05,0.38961926,0.4486558,0.0063934624,3.93E-05,0.43765217,0.46403483,1.81E-22,1.68E-22,0.57671696,2.62E-06,0.39859095,2.96E-05,0.000116618394,0.43570697,0,0.4486267,0,0,0.35886526,0,0.58125275,0.47003502,1
0.22649288,0.30848286,7.40E-05,3.76E-06,0.38159412,0.46982324,0,0,0.34851477,0.4641461,0,0,0.38961926,0.4486558,0,0,0.43765217,0.46403483,0,0,0,0,0,0.98266315,0,0.43570697,0,0.4486267,0,0,2.08E-17,0,0.58125275,0.47003502,2
0.43456042,0.40113547,0.21365009,0.13894545,0.38159412,0.46982324,0,0,0.34851477,0.4641461,0,0,0.38961926,0.4486558,0,0,0.43765217,0.46403483,0,0,0,0,0,0.98266613,0,0.43570697,0,0.4486267,0,0,2.08E-17,0,0.58125275,0.47003502,1
0.21929279,0.29499966,7.47E-05,3.74E-06,0.38159412,0.46982324,0,0,0.34851477,0.4641461,0,0,0.38961926,0.4486558,0,0,0.43765217,0.46403483,0,0,0,0,0,0.9826631,0,0.43570697,0,0.4486267,0,0,2.08E-17,0,0.58125275,0.47003502,2
0.79912597,0.8379411,0.00811458,7.76E-05,0.38159412,0.46982324,2.97E-05,6.58E-10,0.34851477,0.4641461,0.00022038531,4.13E-08,0.38961926,0.4486558,0.00025592383,6.29E-08,0.43765217,0.46403483,4.37E-23,6.38E-23,0.7789018,1.65E-10,0.8700682,5.32E-06,2.09E-05,0.43570697,0,0.4486267,0,0,0.009929078,0,0.58125275,0.47003502,3
0.72613615,0.96885085,0.24418877,0.121534735,0.38159412,0.46982324,3.50E-07,9.12E-14,0.34851477,0.4641461,0.0036842194,1.15E-05,0.38961926,0.4486558,0.0063935597,3.93E-05,0.43765217,0.46403483,2.73E-22,2.40E-22,0.5855288,2.69E-16,0.8605484,1.38E-06,5.42E-06,0.43570697,0,0.4486267,0,0,0.3503546,0,0.58125275,0.47003502,4
0.21394652,0.18026933,7.85E-05,4.08E-06,0.38159412,0.46982324,0,0,0.34851477,0.4641461,0,0,0.38961926,0.4486558,0,0,0.43765217,0.46403483,0,0,0,0,0,0.9826629,0,0.43570697,0,0.4486267,0,0,2.08E-17,0,0.58125275,0.47003502,2
0.0009977064,0.0015901761,0.0086761145,0.00094069395,0.38159412,0.46986797,0.054313865,0.0022226088,0.34856692,0.48389855,0.04604045,0.0019036276,0.38978827,0.5047849,0.033834107,0.0013086743,0.43770677,0.47311854,3.10E-21,2.43E-19,0.0009938524,5.36E-18,0.0016786956,7.83E-10,6.03E-18,0.43570632,0.004073573,0.42861545,0.0013823039,0.05936843,0.04496746,0.0036284947,0.58149403,0.49089107,0
0.42830563,0.60462725,0.2132839,0.1315469,0.38159412,0.46982324,0,0,0.34851477,0.4641461,0,0,0.38961926,0.4486558,0,0,0.43765217,0.46403483,0,0,0,0,0,0.98266506,0,0.43570697,0,0.4486267,0,0,2.08E-17,0,0.58125275,0.47003502,4
0.0008971373,0.0015709683,0.008037525,0.00079733995,0.38159412,0.46982324,8.04E-05,4.07E-06,0.34851477,0.4641403,0.02436546,0.0007631571,0.38961184,0.4438404,0.031204956,0.0011795535,0.43780544,0.49151292,1.10E-21,1.26E-18,0.000909162,9.77E-18,0.0016534637,8.04E-10,8.14E-18,0.43570697,0.00047869302,0.4485955,0.001488234,0.0018630839,0.03834196,0.00056603,0.58124566,0.4412682,0
0.23074378,0.3185464,7.24E-05,3.64E-06,0.38159412,0.46982324,0,0,0.34851477,0.4641461,0,0,0.38961926,0.4486558,0,0,0.43765217,0.46403483,0,0,0,0,0,0.9826633,0,0.43570697,0,0.4486267,0,0,2.08E-17,0,0.58125275,0.47003502,2
0.21486366,0.2173478,7.81E-05,3.88E-06,0.38159412,0.46982324,0,0,0.34851477,0.4641461,0,0,0.38961926,0.4486558,0,0,0.43765217,0.46403483,0,0,0,0,0,0.9826629,0,0.43570697,0,0.4486267,0,0,2.08E-17,0,0.58125275,0.47003502,2
0.47044042,0.57039064,0.21334137,0.1315364,0.38159412,0.46982324,0,0,0.34851477,0.4641461,0,0,0.38961926,0.4486558,0,0,0.43765217,0.46403483,0,0,0,0,0,0.98266494,0,0.43570697,0,0.4486267,0,0,2.08E-17,0,0.58125275,0.47003502,4
0.0015007197,0.0018563868,0.045454573,0.12630239,0.38138437,0.41607717,0.051886506,0.0020771632,0.34825858,0.38459018,0.04124982,0.0015887956,0.38944462,0.386173,0.38930452,0.1537687,0.4413228,0.47039923,7.68E-19,4.45E-18,0.0015760905,1.32E-17,0.00204517,5.78E-10,1.38E-17,0.43570423,0.0040504057,0.42710075,0.001649947,0.06492981,0.04896922,0.0042287996,0.5808607,0.43731752,0
0.55158806,0.13496506,0.00702418,9.67E-05,0.38159412,0.46982324,2.55E-06,4.83E-12,0.34851477,0.4641461,0.00019919095,3.38E-08,0.38961926,0.4486558,0.00025946723,6.47E-08,0.43765217,0.46403483,4.27E-20,1.04E-08,0.45771384,0.00030236627,0.12155995,0.00015268533,0.0006005555,0.43570697,0,0.4486267,0,0,0.009929078,0,0.58125275,0.47003502,3
0.22195834,0.29748937,7.46E-05,3.76E-06,0.38159412,0.46982324,0,0,0.34851477,0.4641461,0,0,0.38961926,0.4486558,0,0,0.43765217,0.46403483,0,0,0,0,0,0.9826631,0,0.43570697,0,0.4486267,0,0,2.08E-17,0,0.58125275,0.47003502,2
0.7181929,0.9950298,0.24425955,0.12150245,0.38159412,0.46982324,0.0034370841,8.80E-06,0.34851477,0.4641461,0.009506831,7.69E-05,0.38961926,0.4486558,0.0074910773,5.39E-05,0.43765217,0.46403483,9.07E-23,1.11E-22,0.5911086,1.74E-19,0.8840805,6.44E-07,2.53E-06,0.43570697,0,0.4486267,0,0,0.3503546,0,0.58125275,0.47003502,4
0.72688663,0.36179692,0.008026029,8.01E-05,0.38159412,0.46982324,1.38E-06,1.42E-12,0.34851477,0.4641461,0.00020796355,3.68E-08,0.38961926,0.4486558,0.0002771804,7.38E-08,0.43765217,0.46403483,1.15E-22,2.86E-21,0.67944115,1.13E-05,0.37111935,3.75E-05,0.00014739383,0.43570697,0,0.4486267,0,0,0.009929078,0,0.58125275,0.47003502,3
0.22289683,0.31757602,7.29E-05,3.65E-06,0.38159412,0.46982324,0,0,0.34851477,0.4641461,0,0,0.38961926,0.4486558,0,0,0.43765217,0.46403483,0,0,0,0,0,0.9826633,0,0.43570697,0,0.4486267,0,0,2.08E-17,0,0.58125275,0.47003502,2
0.8109365,0.8842677,0.008122906,7.73E-05,0.38159412,0.46982324,0,0,0.34851477,0.4641461,0,0,0.38961926,0.4486558,0,0,0.43765217,0.46403483,0,0,0,0,0,0.98266566,0,0.43570697,0,0.4486267,0,0,2.08E-17,0,0.58125275,0.47003502,3
0.4120614,0.4768704,0.005978773,0.00010644586,0.38159412,0.46982324,0.0010530383,8.26E-07,0.34851477,0.4641461,0.00091620773,7.14E-07,0.38961926,0.4486558,0.00082489836,6.54E-07,0.43765217,0.46403483,1.99E-21,2.36E-21,0.30723354,1.41E-11,0.36422744,9.05E-06,3.56E-05,0.43570697,0,0.4486267,0,0,0.009929078,0,0.58125275,0.47003502,3
0.44817102,0.22785221,0.0057292776,0.0001075354,0.38159412,0.46982324,7.10E-08,3.75E-15,0.34851477,0.4641461,0.00042653084,1.55E-07,0.38961926,0.4486558,0.00074130774,5.28E-07,0.43765217,0.46403483,3.82E-21,4.32E-21,0.3319122,7.98E-06,0.16662963,7.50E-05,0.0002950057,0.43570697,0,0.4486267,0,0,0.009929078,0,0.58125275,0.47003502,3
0.44689986,0.40751404,0.21277192,0.13165238,0.38159412,0.46982324,0.032922834,0.00080751476,0.34851477,0.4641461,0.021583831,0.00039631463,0.38961926,0.4486558,0.015464903,0.00022982723,0.43765217,0.46403483,9.73E-22,1.91E-21,0.31678185,8.86E-08,0.31545573,2.51E-05,9.89E-05,0.43570697,0,0.4486267,0,0,0.3503546,0,0.58125275,0.47003502,4
0.7213177,0.98215824,0.24414478,0.12155408,0.38159412,0.46982324,0,0,0.34851477,0.4641461,0,0,0.38961926,0.4486558,0,0,0.43765217,0.46403483,0,0,0,0,0,0.98266506,0,0.43570697,0,0.4486267,0,0,2.08E-17,0,0.58125275,0.47003502,4
0.45674813,0.54829067,0.21315,0.13157716,0.38159412,0.46982324,0,0,0.34851477,0.4641461,0,0,0.38961926,0.4486558,0,0,0.43765217,0.46403483,0,0,0,0,0,0.98266494,0,0.43570697,0,0.4486267,0,0,2.08E-17,0,0.58125275,0.47003502,4
0.00062270154,0.0004808332,0.013293739,0.0011922907,0.38159412,0.46978343,0.012001926,0.00010732614,0.34851387,0.44265488,0.020074608,0.00034283366,0.38961133,0.33852276,0.016684404,0.00026750632,0.4376554,0.48887733,7.90E-19,6.53E-17,0.00024219102,2.98E-16,0.00011488999,1.66E-08,6.90E-16,0.41310233,0.0003699442,0.3385008,0.00039607385,0.016641827,0.031304244,0.00026810687,0.5812554,0.49454436,0
0.3566736,0.35395575,0.18360427,0.13425396,0.38159412,0.46982324,0,0,0.34851477,0.4641461,0,0,0.38961926,0.4486558,0,0,0.43765217,0.46403483,0,0,0,0,0,0.9826671,0,0.43570697,0,0.4486267,0,0,2.08E-17,0,0.58125275,0.47003502,5
0.0015290395,0.0016223672,0.00799118,0.0008085525,0.38159412,0.46982506,0.0017960449,0.0005439635,0.348515,0.4664918,0.028041452,0.0009433435,0.3896746,0.47754946,0.031722963,0.0011984651,0.43782863,0.49537426,1.18E-17,1.60E-17,0.001491542,1.87E-17,0.0016646978,8.08E-10,1.73E-17,0.43570608,0.003086099,0.41583508,0.0012955401,0.05783735,0.044534143,0.0034996797,0.5815045,0.49158394,0
0.35940558,0.120903976,0.19541842,0.14082369,0.38159412,0.46982324,0.034576986,0.0008906975,0.34851477,0.4641461,0.037901927,0.0012220968,0.38961926,0.4486558,0.030480398,0.00089278806,0.43765217,0.46403483,1.66E-21,2.93E-14,0.22047177,0.00016078432,0.08401003,0.000192789,0.0007582638,0.43570697,0,0.4486267,0,0,0.35886526,0,0.58125275,0.47003502,1
0.1972424,0.060568154,8.62E-05,4.68E-06,0.38159412,0.46982324,0,0,0.34851477,0.4641461,0,0,0.38961926,0.4486558,0,0,0.43765217,0.46403483,0,0,0,0,0,0.98266286,0,0.43570697,0,0.4486267,0,0,2.08E-17,0,0.58125275,0.47003502,2
0.7169741,0.9887209,0.24384448,0.121687144,0.38159412,0.46982324,0,0,0.34851477,0.4641461,0,0,0.38961926,0.4486558,0,0,0.43765217,0.46403483,0,0,0,0,0,0.98266506,0,0.43570697,0,0.4486267,0,0,2.08E-17,0,0.58125275,0.47003502,4
0.0011708336,0.0015392202,0.008378877,0.0013299413,0.38159412,0.46983203,0.0025033173,0.0004867232,0.34851608,0.47309232,0.031756174,0.0010524718,0.38987443,0.57155746,0.040369738,0.0018604468,0.43795562,0.49959156,8.54E-18,8.93E-18,0.0011339824,8.69E-18,0.0016377133,8.17E-10,8.67E-18,0.43570697,0.0006508297,0.44850066,0.0015052182,0.0029970515,0.038661297,0.00055220386,0.5812592,0.4866345,0
0.7120387,0.4601226,0.2427733,0.12215654,0.38159412,0.46982324,0,0,0.34851477,0.4641461,0,0,0.38961926,0.4486558,0,0,0.43765217,0.46403483,0,0,0,0,0,0.9826648,0,0.43570697,0,0.4486267,0,0,2.08E-17,0,0.58125275,0.47003502,4
0.3535488,0.2964729,0.18377936,0.13425876,0.38159412,0.46982324,0,0,0.34851477,0.4641461,0,0,0.38961926,0.4486558,0,0,0.43765217,0.46403483,0,0,0,0,0,0.982667,0,0.43570697,0,0.4486267,0,0,2.08E-17,0,0.58125275,0.47003502,5
0.0012624704,0.0015374037,0.008241702,0.0008346422,0.38159412,0.46982324,0,0,0.34851477,0.4641461,0,0,0.38961926,0.4486558,9.93E-10,1.34E-18,0.43765217,0.46403483,0,0,4.49E-06,3.44E-19,5.26E-05,3.20E-08,4.72E-17,0.43570697,0,0.4486267,0.00018249734,9.90E-10,0.017626109,1.34E-18,0.58125275,0.47003502,0
0.24813028,0.3537181,1.50E-05,1.46E-06,0.38159412,0.46982324,0,0,0.34851477,0.4641461,0,0,0.38961926,0.4486558,0,0,0.43765217,0.46403483,0,0,0,0,0,0.98266315,0,0.43570697,0,0.4486267,0,0,2.08E-17,0,0.58125275,0.47003502,2
0.3866319,0.5100216,0.21269439,0.13166782,0.38159412,0.46982324,0.0028153565,5.91E-06,0.34851477,0.4641461,0.013919652,0.00016483136,0.38961926,0.4486558,0.014254337,0.00019525454,0.43765217,0.46403483,1.59E-20,1.15E-20,0.27413526,1.26E-10,0.39463812,1.03E-05,4.05E-05,0.43570697,0,0.4486267,0,0,0.3503546,0,0.58125275,0.47003502,4
0.22308451,0.31592906,7.49E-05,3.80E-06,0.38159412,0.46982324,0,0,0.34851477,0.4641461,0,0,0.38961926,0.4486558,0,0,0.43765217,0.46403483,0,0,0,0,0,0.9826632,0,0.43570697,0,0.4486267,0,0,2.08E-17,0,0.58125275,0.47003502,2
0.40135568,0.5983946,0.21230552,0.13174266,0.38159412,0.46982324,0,0,0.34851477,0.4641461,0,0,0.38961926,0.4486558,1.41E-09,1.90E-18,0.43765217,0.46403483,6.91E-19,1.71E-16,0.00011509343,2.17E-15,0.00014924516,0.003770782,0.014776853,0.43570697,1.81E-18,0.4486267,7.30E-05,1.98E-09,0.009929078,3.80E-18,0.58125275,0.47003502,4
0.35608053,0.41421664,0.18368144,0.13425878,0.38159412,0.46982324,0,0,0.34851477,0.4641461,0,0,0.38961926,0.4486558,0,0,0.43765217,0.46403483,0,0,0,0,0,0.9826671,0,0.43570697,0,0.4486267,0,0,2.08E-17,0,0.58125275,0.47003502,5
0.54099655,0.13011475,0.0070375465,9.65E-05,0.38159412,0.46982324,0,0,0.34851477,0.4641461,0,0,0.38961926,0.4486558,0,0,0.43765217,0.46403483,0,0,0,0,0,0.9826655,0,0.43570697,0,0.4486267,0,0,2.08E-17,0,0.58125275,0.47003502,3
0.0010195012,0.0017313719,0.030264774,0.06700913,0.38159412,0.46982324,3.90E-05,2.41E-07,0.34851477,0.46362022,0.022529755,0.00047664254,0.38966605,0.5038693,0.088833116,0.10620133,0.4430302,0.49192134,2.42E-17,2.41E-17,0.0009978084,6.97E-10,0.0014697183,0.0018922274,0.007560782,0.43570697,8.69E-09,0.4486267,0.0012286563,0.044677876,0.07085551,0.099438585,0.58268833,0.48840988,0
0.70692474,0.4039792,0.24994826,0.12758878,0.38159412,0.46982324,0,0,0.34851477,0.4641461,0,0,0.38961926,0.4486558,0,0,0.43765217,0.46403483,0,0,0,0,0,0.9826661,0,0.43570697,0,0.4486267,0,0,2.08E-17,0,0.58125275,0.47003502,1
0.0011936268,0.0015676264,0.00891379,0.0009773611,0.38158625,0.45143977,0.063829646,0.0030432905,0.34849262,0.45539632,0.043091744,0.0017315117,0.39004934,0.5902115,0.034501772,0.0013474663,0.4379548,0.51330996,1.68E-18,1.87E-18,0.0011970669,5.13E-18,0.0016576181,7.98E-10,5.93E-18,0.39970535,0.0038482375,0.4779423,0.0014629368,0.058796976,0.046006657,0.0035947317,0.58175045,0.51216775,0
0.45044985,0.561441,0.21398178,0.13140254,0.38159412,0.46982324,0,0,0.34851477,0.4641461,0,0,0.38961926,0.4486558,0,0,0.43765217,0.46403483,0,0,0,0,0,0.98266494,0,0.43570697,0,0.4486267,0,0,2.08E-17,0,0.58125275,0.47003502,4
0.001252984,0.0016691021,0.008158253,0.000728904,0.38159412,0.46982336,7.20E-05,9.95E-07,0.34851477,0.46718237,0.022963353,0.0006210844,0.38962537,0.45348996,0.029809544,0.0010831828,0.43770412,0.47415397,2.57E-17,2.73E-17,0.0011200992,2.47E-17,0.0017494542,7.49E-10,1.74E-17,0.43570697,0.00028600206,0.4460951,0.0015500009,0.004119568,0.03975505,0.0004856405,0.5812493,0.4631616,0
0.7226312,0.81694627,0.24380554,0.121704414,0.38159412,0.46982324,0,0,0.34851477,0.4641461,0,0,0.38961926,0.4486558,0,0,0.43765217,0.46403483,0,0,0,0,0,0.9826649,0,0.43570697,0,0.4486267,0,0,2.08E-17,0,0.58125275,0.47003502,4
0.0012052258,0.0017508747,0.03346656,0.088106476,0.38159412,0.46978867,0.006059336,0.00011804079,0.3485126,0.45162255,0.031028727,0.0009894002,0.3896561,0.4676845,0.32908937,0.11869626,0.4506746,0.48886642,1.09E-20,4.44E-18,0.0012351824,8.11E-18,0.0018867601,6.53E-10,7.90E-18,0.43570697,0.00032444124,0.4486267,0.0013877361,0.007071461,0.03978601,0.0034166963,0.5815397,0.595223,0
0.7446911,0.64966124,0.008075031,7.91E-05,0.38159412,0.46982324,0.00031423595,7.36E-08,0.34851477,0.4641461,0.00028539554,6.93E-08,0.38961926,0.4486558,0.0002774361,7.40E-08,0.43765217,0.46403483,1.78E-22,1.12E-22,0.7009708,5.22E-08,0.66910625,1.22E-05,4.79E-05,0.43570697,0,0.4486267,0,0,0.009929078,0,0.58125275,0.47003502,3
0.0003379598,0.0005004454,0.0252685,0.0040828274,0.38159412,0.46982324,3.42E-05,8.72E-10,0.34851477,0.4641461,0.0799818,0.0054420857,0.38961926,0.4486558,0.08942379,0.007952295,0.43656093,0.4235938,3.27E-29,6.09E-21,0.0002313422,2.32E-15,0.00022574313,1.26E-08,4.75E-15,0.43570697,0.0058724326,0.4486267,0.00056596426,0.09148093,0.068163574,0.008101425,0.58125275,0.47003502,0
0.0013040174,0.0014975105,0.009676786,0.004956139,0.38159412,0.46981552,0.011677982,0.000101600664,0.34851462,0.45778072,0.011373561,0.00015913059,0.3896224,0.4583668,0.010927422,0.00016958646,0.43767807,0.49580422,3.93E-17,3.98E-17,0.0002761376,5.70E-17,0.00037198546,4.96E-09,1.59E-16,0.4290118,0.00017171429,0.45833704,0.0012856169,0.010886754,0.028665878,0.00016958841,0.5812739,0.5014582,0
0.0011669579,0.0016124805,0.007946219,0.000838187,0.38159412,0.46982324,0.000765174,4.36E-07,0.34851477,0.4641461,0.011696246,0.00012584901,0.38961658,0.43609828,0.010571306,0.00015397106,0.43766424,0.4803176,5.65E-26,4.89E-20,0.00013280414,1.97E-17,0.0003516038,5.25E-09,4.90E-17,0.43570697,0.00013580087,0.43606997,0.0012190099,0.010531491,0.028215853,0.00015394115,0.5812626,0.48613533,0
0.0006334494,0.00056391617,0.013815482,0.0016474104,0.38159412,0.46982324,1.39E-09,2.05E-18,0.34851477,0.4641461,4.14E-06,1.46E-11,0.38961926,0.4486558,0.008820844,7.48E-05,0.43765166,0.4502963,0,3.86E-31,6.80E-06,2.11E-21,6.91E-05,2.56E-08,2.53E-16,0.43570697,1.58E-11,0.4486267,0.00023955693,0.008787622,0.03347067,7.48E-05,0.5812523,0.4564505,0
0.3650546,0.36197782,0.18422452,0.13426696,0.38159412,0.46982324,0.019567786,0.000285259,0.34851477,0.4641461,0.018236008,0.00028290626,0.38961926,0.4486558,0.017495066,0.0002941293,0.43765217,0.46403483,6.34E-22,9.61E-22,0.22780475,1.37E-08,0.24262056,2.62E-05,0.00010325378,0.43570697,2.44E-15,0.4486267,0.84067917,1.32E-07,0.3503546,1.69E-14,0.58125275,0.47003502,5
0.0027552077,0.0034419245,0.40027195,0.9391257,0.38159412,0.46982324,0.19656134,0.18757817,0.34852275,0.46418148,0.88842857,0.7367077,0.38522214,0.4452606,0.98353183,0.95469743,0.43041503,0.4616698,5.73E-24,3.78E-18,0.0030351274,1.64E-12,0.0040340824,0.00041475805,0.0016287602,0.43571332,0.77764934,0.42160848,0.00097579934,0.11642563,0.4546557,0.8187818,0.5511333,0.41848192,0
0.00018919927,0.00039151328,0.013355528,0.00045182183,0.38159412,0.46982324,0,1.44E-18,0.34851477,0.4641461,8.52E-07,6.19E-13,0.38961926,0.4701402,0.0076933475,5.69E-05,0.43765238,0.4706882,0,3.86E-31,6.68E-06,1.22E-20,6.63E-05,2.64E-08,1.99E-16,0.43570697,6.68E-13,0.47010964,0.00022984706,0.0076643717,0.033641312,5.69E-05,0.5812529,0.47661382,0
0.71022373,0.37278295,0.24989557,0.12761368,0.38159412,0.46982324,0,0,0.34851477,0.4641461,0,0,0.38961926,0.4486558,0,0,0.43765217,0.46403483,0,0,0,0,0,0.9826661,0,0.43570697,0,0.4486267,0,0,2.08E-17,0,0.58125275,0.47003502,1
0.47957075,0.5935969,0.21489789,0.13120654,0.38159412,0.46982324,0.008907595,5.91E-05,0.34851477,0.4641461,0.014949755,0.00019013023,0.38961926,0.4486558,0.013261834,0.00016901073,0.43765217,0.46403483,9.79E-22,1.33E-21,0.3470501,1.60E-14,0.46404538,3.65E-06,1.44E-05,0.43570697,0,0.4486267,0,0,0.3503546,0,0.58125275,0.47003502,4
0.2226514,0.3046226,7.64E-05,3.89E-06,0.38159412,0.46982324,0,0,0.34851477,0.4641461,0,0,0.38961926,0.4486558,0,0,0.43765217,0.46403483,0,0,0,0,0,0.9826631,0,0.43570697,0,0.4486267,0,0,2.08E-17,0,0.58125275,0.47003502,2
0.7133232,0.5414837,0.249752,0.12767754,0.38159412,0.46982324,0.0008605913,5.52E-07,0.34851477,0.4641461,0.008131009,5.62E-05,0.38961926,0.4486558,0.0071830405,4.96E-05,0.43765217,0.46403483,1.22E-22,1.17E-22,0.5758758,4.33E-07,0.48024878,2.05E-05,8.08E-05,0.43570697,0,0.4486267,0,0,0.35886526,0,0.58125275,0.47003502,1
0.73722184,0.59523296,0.00808558,7.91E-05,0.38159412,0.46982324,0,0,0.34851477,0.4641461,0,0,0.38961926,0.4486558,0,0,0.43765217,0.46403483,0,0,0,0,0,0.98266554,0,0.43570697,0,0.4486267,0,0,2.08E-17,0,0.58125275,0.47003502,3