H_L0.1_weight,H_L0.01_weight,H_L0.01_mean,H_L0.01_variance,HH_L3_covariance,HH_L3_pcc,HH_L1_std,HH_L1_radius,HH_L1_covariance,HH_L1_pcc,HH_L0.1_std,HH_L0.1_radius,HH_L0.1_covariance,HH_L0.1_pcc,HH_L0.01_std,HH_L0.01_radius,HH_L0.01_covariance,HH_L0.01_pcc,HH_jit_L3_variance,HH_jit_L1_variance,HH_jit_L0.1_weight,HH_jit_L0.1_variance,HH_jit_L0.01_weight,HH_jit_L0.01_mean,HH_jit_L0.01_variance,HpHp_L1_pcc,HpHp_L0.1_radius,HpHp_L0.1_pcc,HpHp_L0.01_weight,HpHp_L0.01_std,HpHp_L0.01_magnitude,HpHp_L0.01_radius,HpHp_L0.01_covariance,HpHp_L0.01_pcc,type
0.22430608,0.30589932,7.50E-05,3.84E-06,0.38159412,0.46982324,0,0,0.34851477,0.4641461,0,0,0.38961926,0.4486558,0,0,0.43765217,0.46403483,0,0,0,0,0,0.98266315,0,0.43570697,0,0.4486267,0,0,2.08E-17,0,0.58125275,0.47003502,2
0.011359261,0.002198278,0.0617007,0.08428751,0.36803675,0.42839757,0.34019986,0.16219026,0.3288695,0.40579763,0.3422588,0.19229962,0.36290905,0.37597936,0.33115992,0.20447448,0.4245208,0.44983336,3.22E-17,4.10E-17,0.012767032,4.57E-17,0.0021616104,6.11E-10,8.47E-17,0.43570697,0,0.4486267,0,0,0.009929078,0,0.58125275,0.47003502,0
0.22593965,0.30510935,7.62E-05,3.88E-06,0.38159412,0.46982324,0,0,0.34851477,0.4641461,0,0,0.38961926,0.4486558,0,0,0.43765217,0.46403483,0,0,0,0,0,0.9826631,0,0.43570697,0,0.4486267,0,0,2.08E-17,0,0.58125275,0.47003502,2
0.44204697,0.60591143,0.21358195,0.1314862,0.38159412,0.46982324,0.006261907,2.92E-05,0.34851477,0.4641461,0.014825776,0.00018698981,0.38961926,0.4486558,0.013101768,0.00016495552,0.43765217,0.46403483,3.26E-22,5.24E-22,0.316854,3.83E-17,0.4707656,1.95E-06,7.67E-06,0.43570697,0,0.4486267,0,0,0.3503546,0,0.58125275,0.47003502,4
0.2549589,0.24250926,1.51E-05,1.44E-06,0.38159412,0.46982324,0,0,0.34851477,0.4641461,0,0,0.38961926,0.4486558,0,0,0.43765217,0.46403483,0,0,0,0,0,0.9826629,0,0.43570697,0,0.4486267,0,0,2.08E-17,0,0.58125275,0.47003502,2
0.4284932,0.605007,0.21310407,0.13158491,0.38159412,0.46982324,0.0027321232,5.56E-06,0.34851477,0.4641461,0.014444394,0.00017749319,0.38961926,0.4486558,0.013276993,0.00016939733,0.43765217,0.46403483,4.38E-22,5.39E-22,0.30194464,1.24E-17,0.46901488,1.74E-06,6.85E-06,0.43570697,0,0.4486267,0,0,0.3503546,0,0.58125275,0.47003502,4
0.7182489,0.9895126,0.24386354,0.12167862,0.38159412,0.46982324,0,0,0.34851477,0.4641461,0,0,0.38961926,0.4486558,0,0,0.43765217,0.46403483,0,0,0,0,0,0.98266506,0,0.43570697,0,0.4486267,0,0,2.08E-17,0,0.58125275,0.47003502,4
0.2290874,0.27920482,7.42E-05,3.86E-06,0.38159412,0.46982324,0,0,0.34851477,0.4641461,0,0,0.38961926,0.4486558,0,0,0.43765217,0.46403483,0,0,0,0,0,0.98266304,0,0.43570697,0,0.4486267,0,0,2.08E-17,0,0.58125275,0.47003502,2
0.0039162487,0.0026645781,0.080085516,0.2148703,0.4890926,0.56188655,0.8363873,0.6386279,0.5347669,0.6014159,0.79809976,0.65756476,0.6000511,0.61180705,0.55206335,0.39711562,0.634576,0.5672986,1.88E-19,4.51E-19,0.0044265534,4.49E-09,0.0023890764,0.0015961647,0.006260612,0.35288322,0.7710331,0.4157617,0.00089794985,0.12256772,0.5039845,0.8087123,0.56621134,0.4454278,0
0.00100483,0.0015366412,0.008342182,0.0008734476,0.38159412,0.46982324,0.003205577,3.75E-05,0.3485147,0.46347484,0.033212774,0.0010590025,0.38965037,0.4646209,0.032627337,0.0012375759,0.43787003,0.5019616,1.80E-19,3.04E-18,0.0009921578,6.22E-18,0.0016217247,8.25E-10,6.12E-18,0.43570575,0.0030592324,0.4176262,0.0014549025,0.05607699,0.04515375,0.0033459573,0.58142054,0.48451453,0
0.41987634,0.5695612,0.2140274,0.13139161,0.38159412,0.46982324,0,0,0.34851477,0.4641461,0,0,0.38961926,0.4486558,0,0,0.43765217,0.46403483,0,0,0,0,0,0.98266494,0,0.43570697,0,0.4486267,0,0,2.08E-17,0,0.58125275,0.47003502,4
0.7345069,0.7735102,0.24379063,0.12171078,0.38159412,0.46982324,3.84E-05,1.10E-09,0.34851477,0.4641461,0.0057899808,2.85E-05,0.38961926,0.4486558,0.0066009127,4.19E-05,0.43765217,0.46403483,4.26E-22,2.07E-22,0.5982504,6.72E-10,0.68592465,7.56E-06,2.97E-05,0.43570697,0,0.4486267,0,0,0.3503546,0,0.58125275,0.47003502,4
0.7175412,0.7146294,0.24352595,0.12182716,0.38159412,0.46982324,4.62E-07,1.59E-13,0.34851477,0.4641461,0.0037415447,1.19E-05,0.38961926,0.4486558,0.0061936053,3.69E-05,0.43765217,0.46403483,2.34E-22,2.33E-22,0.58468336,5.10E-09,0.6330157,1.00E-05,3.94E-05,0.43570697,0,0.4486267,0,0,0.3503546,0,0.58125275,0.47003502,4
0.38017642,0.19937867,0.005503951,0.00010810937,0.38159412,0.46982324,0,0,0.34851477,0.4641461,0,0,0.38961926,0.4486558,0,0,0.43765217,0.46403483,0,0,0,0,0,0.98266554,0,0.43570697,0,0.4486267,0,0,2.08E-17,0,0.58125275,0.47003502,3
0.23352702,0.047082454,0.0063584796,0.00010343428,0.38159412,0.46982324,0,0,0.34851477,0.4641461,0,0,0.38961926,0.4486558,0,0,0.43765217,0.46403483,0,0,0,0,0,0.9826655,0,0.43570697,0,0.4486267,0,0,2.08E-17,0,0.58125275,0.47003502,3
0.00012308615,0.000581348,0.017534647,0.011148094,0.38159412,0.46983182,0.0032350123,0.00016149654,0.3485157,0.47255462,0.009369376,0.0015385468,0.38970646,0.53829974,0.1699517,0.074945584,0.4405626,0.47376522,3.02E-20,2.99E-17,0.00011437433,2.55E-16,0.00026943377,7.12E-09,2.17E-16,0.43570697,2.03E-18,0.4486267,0.0004186606,1.72E-09,0.017626109,3.01E-18,0.58125275,0.47003502,0
0.7118686,0.77187514,0.25008973,0.12752454,0.38159412,0.46982324,0.0011279174,9.48E-07,0.34851477,0.4641461,0.008338172,5.91E-05,0.38961926,0.4486558,0.006813865,4.46E-05,0.43765217,0.46403483,1.39E-22,1.29E-22,0.57750154,5.02E-10,0.68550915,7.32E-06,2.88E-05,0.43570697,0,0.4486267,0,0,0.35886526,0,0.58125275,0.47003502,1
0.7234491,0.85422504,0.2438979,0.1216637,0.38159412,0.46982324,1.39E-07,1.43E-14,0.34851477,0.4641461,0.003330271,9.44E-06,0.38961926,0.4486558,0.0062030638,3.70E-05,0.43765217,0.46403483,2.08E-22,1.80E-22,0.58637327,1.38E-11,0.75782764,4.63E-06,1.82E-05,0.43570697,0,0.4486267,0,0,0.3503546,0,0.58125275,0.47003502,4
0.006969706,0.001506673,0.059496384,0.079045705,0.36629817,0.4259458,0.336865,0.1784527,0.32720023,0.40437254,0.33785006,0.20979786,0.36243275,0.37818488,0.3194761,0.21439205,0.44378704,0.4706283,9.23E-18,1.08E-17,0.008393735,2.37E-17,0.0015038437,0.00036552545,0.0014356582,0.5477895,0.18865685,0.5580023,0.00030023066,0.38298798,0.20111941,0.19747226,0.663967,0.57515323,0
0.74485886,0.7921224,0.007087756,9.58E-05,0.38159412,0.46982324,6.96E-07,3.61E-13,0.34851477,0.4641461,0.00019408335,3.20E-08,0.38961926,0.4486558,0.0002511432,6.06E-08,0.43765217,0.46403483,2.08E-22,2.04E-22,0.61997753,9.88E-10,0.7200561,7.51E-06,2.96E-05,0.43570697,0,0.4486267,0,0,0.009929078,0,0.58125275,0.47003502,3
0.0008034153,0.0014921394,0.00776486,0.000732546,0.38159412,0.46982324,7.60E-06,0.00027418643,0.34851477,0.46417168,0.020330014,0.00070181064,0.38968816,0.50059855,0.029765252,0.0010993888,0.437875,0.50658625,4.28E-22,2.72E-19,0.00078428624,5.57E-18,0.001584569,8.55E-10,6.29E-18,0.43570697,0.00051040895,0.4486267,0.0014170288,3.92E-07,0.03850393,0.0005524797,0.58125275,0.4700334,0
0.0007147122,0.0027261404,0.052122552,0.07474734,0.38159412,0.46982324,7.36E-06,4.05E-11,0.34851477,0.4641461,0.1914395,0.21032125,0.3911501,0.45527747,0.34876296,0.29998413,0.43316102,0.46036187,0,6.04E-23,8.94E-05,2.45E-16,0.0021028807,6.12E-10,6.32E-17,0.43570697,0,0.4486267,0,0,0.009219858,0,0.58125275,0.47003502,0
0.34237736,0.33932644,0.18440096,0.13427186,0.38159412,0.46982324,0.00034554774,8.90E-08,0.34851477,0.4641461,0.015359643,0.00020069903,0.38961926,0.4486558,0.017688893,0.00030068264,0.43765217,0.46403483,8.39E-22,1.82E-21,0.21453252,4.97E-08,0.22765988,3.16E-05,0.00012439761,0.43570697,8.13E-16,0.4486267,0.78883034,1.39E-07,0.3503546,1.88E-14,0.58125275,0.47003502,5
0.43138036,0.5940511,0.21461388,0.13126947,0.38159412,0.46982324,3.72E-06,1.03E-11,0.34851477,0.4641461,0.0072398647,4.46E-05,0.38961926,0.4486558,0.012267888,0.00014462609,0.43765217,0.46403483,5.26E-22,6.97E-22,0.3096144,3.76E-15,0.46376625,3.12E-06,1.23E-05,0.43570697,0,0.4486267,0,0,0.3503546,0,0.58125275,0.47003502,4
0.72486764,0.9715157,0.2442753,0.12149546,0.38159412,0.46982324,0,0,0.34851477,0.4641461,0,0,0.38961926,0.4486558,0,0,0.43765217,0.46403483,0,0,0,0,0,0.982665,0,0.43570697,0,0.4486267,0,0,2.08E-17,0,0.58125275,0.47003502,4
0.40771282,0.24489069,0.20827152,0.1397712,0.38159412,0.46982324,0.020439528,0.00031124163,0.34851477,0.4641461,0.04222699,0.0015169221,0.38961926,0.4486558,0.032528184,0.0010167793,0.43765217,0.46403483,5.92E-22,1.51E-21,0.2784755,6.34E-06,0.18141942,6.61E-05,0.00026019724,0.43570697,0,0.4486267,0,0,0.35886526,0,0.58125275,0.47003502,1
0.26345477,0.3540951,1.50E-05,1.46E-06,0.38159412,0.46982324,0,0,0.34851477,0.4641461,0,0,0.38961926,0.4486558,0,0,0.43765217,0.46403483,0,0,0,0,0,0.98266315,0,0.43570697,0,0.4486267,0,0,2.08E-17,0,0.58125275,0.47003502,2
0.00092371803,0.0014890047,0.008301108,0.00097352517,0.38159412,0.46982324,0.0035975375,0.00013341117,0.34851477,0.4641311,0.035675593,0.0012525965,0.38968274,0.47542784,0.034467906,0.0042524873,0.43794096,0.48365846,3.60E-17,3.59E-17,0.0009199401,2.28E-17,0.0015562321,4.79E-05,0.00018830442,0.43570697,0.00045918734,0.4486267,0.0013364061,0.0072059673,0.04021716,0.0036583636,0.58164114,0.6307123,0
0.0012254519,0.0015591576,0.008033131,0.0008048511,0.38159412,0.46982276,0.0011598744,0.00031860606,0.34851465,0.46209604,0.028833607,0.0008821686,0.38968858,0.48819727,0.031103518,0.0011587607,0.43797767,0.52368444,7.71E-19,2.34E-18,0.0013005553,5.90E-18,0.0016693283,7.91E-10,6.84E-18,0.43570697,0.00017038379,0.4486267,0.0014446555,0.00023673987,0.03931448,0.00049712625,0.5812527,0.46882564,0
0.002792821,0.0007665086,0.040942114,0.043747846,0.33533207,0.35452792,0.28947872,0.28007185,0.300194,0.34450752,0.29074186,0.32144728,0.33471766,0.32124588,0.2649144,0.30295798,0.41372508,0.43911937,1.09E-16,1.16E-16,0.0029477368,1.28E-16,0.0006038735,3.24E-09,2.88E-16,0.57216674,0.11881036,0.58114177,0.00030025112,0.33424544,0.16343378,0.12435085,0.639711,0.5973295,0
0.43368834,0.2934151,0.005593682,0.00010792464,0.38159412,0.46982324,2.15E-05,3.44E-10,0.34851477,0.4641461,0.00062774227,3.35E-07,0.38961926,0.4486558,0.00076991017,5.70E-07,0.43765217,0.46403483,3.38E-22,6.65E-22,0.30328926,1.22E-06,0.2095103,4.90E-05,0.00019266111,0.43570697,0,0.4486267,0,0,0.009929078,0,0.58125275,0.47003502,3
0.7195076,0.8902573,0.0074785445,8.97E-05,0.38159412,0.46982324,5.15E-08,1.98E-15,0.34851477,0.4641461,0.0001146167,1.12E-08,0.38961926,0.4486558,0.00023177435,5.16E-08,0.43765217,0.46403483,2.33E-23,2.61E-23,0.7884563,3.26E-12,0.85405,3.66E-06,1.44E-05,0.43570697,0,0.4486267,0,0,0.009929078,0,0.58125275,0.47003502,3
0.24892396,0.3488587,1.53E-05,1.55E-06,0.38159412,0.46982324,0,0,0.34851477,0.4641461,0,0,0.38961926,0.4486558,0,0,0.43765217,0.46403483,0,0,0,0,0,0.9826631,0,0.43570697,0,0.4486267,0,0,2.08E-17,0,0.58125275,0.47003502,2
0.71446997,0.723576,0.24389382,0.12166513,0.38159412,0.46982324,9.05E-08,6.11E-15,0.34851477,0.4641461,0.0031892136,8.65E-06,0.38961926,0.4486558,0.0060548456,3.52E-05,0.43765217,0.46403483,8.88E-23,1.36E-22,0.5880478,3.70E-09,0.6419073,9.57E-06,3.76E-05,0.43570697,0,0.4486267,0,0,0.3503546,0,0.58125275,0.47003502,4
0.42641532,0.16037452,0.21624221,0.13090965,0.38159412,0.46982324,0,0,0.34851477,0.4641461,0,0,0.38961926,0.4486558,0,0,0.43765217,0.46403483,0,0,0,0,0,0.98266476,0,0.43570697,0,0.4486267,0,0,2.08E-17,0,0.58125275,0.47003502,4
0.00066780514,0.0007617121,0.02905253,0.005373484,0.38159412,0.46982324,0.04379375,0.0014288289,0.34851477,0.4641461,0.078915864,0.0052979966,0.38961926,0.4486558,0.09097826,0.007953941,0.43765235,0.46423867,2.69E-18,3.97E-18,0.0006306134,4.88E-17,0.0004786085,5.16E-09,1.53E-15,0.43570697,2.52E-05,0.4486267,0.00035022027,0.0044787903,0.030963186,1.94E-05,0.58125275,0.47003502,0
0.3490577,0.30402434,0.18414952,0.13426703,0.38159412,0.46982324,0.00031930907,7.60E-08,0.34851477,0.4641461,0.013148763,0.00014707974,0.38961926,0.4486558,0.017512072,0.00029470137,0.43765217,0.46403483,3.11E-21,3.25E-21,0.2174908,3.82E-07,0.20369305,4.34E-05,0.00017073682,0.43570697,2.55E-15,0.4486267,0.70579475,1.29E-07,0.3503546,1.62E-14,0.58125275,0.47003502,5
0.0009465068,0.0014861886,0.008116452,0.00083618023,0.38159412,0.46982324,0.00080917194,4.88E-07,0.34851477,0.4641461,0.011722292,0.00012628028,0.38961348,0.42164966,0.010571414,0.0001563099,0.43766114,0.47597578,8.52E-26,5.89E-20,0.00013822153,2.28E-17,0.0003549316,5.20E-09,4.90E-17,0.43570697,0.00013626626,0.42162228,0.0012305473,0.010531598,0.028337058,0.00015627954,0.5812601,0.48184216,0
0.7149349,0.8862298,0.2440272,0.121606305,0.38159412,0.46982324,9.37E-07,6.55E-13,0.34851477,0.4641461,0.004081902,1.42E-05,0.38961926,0.4486558,0.006430173,3.97E-05,0.43765217,0.46403483,6.11E-23,8.46E-23,0.5826548,1.42E-12,0.7866419,3.55E-06,1.40E-05,0.43570697,0,0.4486267,0,0,0.3503546,0,0.58125275,0.47003502,4
0.25498477,0.3601851,1.60E-05,1.63E-06,0.38159412,0.46982324,0,0,0.34851477,0.4641461,0,0,0.38961926,0.4486558,0,0,0.43765217,0.46403483,0,0,0,0,0,0.9826633,0,0.43570697,0,0.4486267,0,0,2.08E-17,0,0.58125275,0.47003502,2
0.00026013138,0.000541955,0.019228693,0.01291468,0.38159412,0.46982324,9.84E-10,1.37E-07,0.34851477,0.4641461,0.0023449052,0.0009833545,0.38961983,0.4515473,0.19057588,0.09701809,0.44208393,0.47562218,0,8.08E-29,1.20E-05,1.34E-16,0.0002376179,8.35E-09,4.52E-16,0.43570697,1.28E-18,0.4486267,0.0003591844,1.40E-09,0.017626109,3.42E-18,0.58125275,0.47003502,0
0.42581892,0.6043533,0.21299586,0.13160601,0.38159412,0.46982324,0,0,0.34851477,0.4641461,0,0,0.38961926,0.4486558,0,0,0.43765217,0.46403483,0,0,0,0,0,0.98266506,0,0.43570697,0,0.4486267,0,0,2.08E-17,0,0.58125275,0.47003502,4
0.4536956,0.3912204,0.21266733,0.13167278,0.38159412,0.46982324,0.00010446251,8.13E-09,0.34851477,0.4641461,0.010194882,8.84E-05,0.38961926,0.4486558,0.013721512,0.00018093019,0.43765217,0.46403483,1.74E-21,1.81E-21,0.31727633,1.91E-07,0.3026638,2.83E-05,0.000111335445,0.43570697,0,0.4486267,0,0,0.3503546,0,0.58125275,0.47003502,4
0.0011293788,0.001618559,0.008484534,0.0008312613,0.38159412,0.46980074,0.023979511,0.00042848184,0.34851173,0.44843623,0.03815806,0.00137165,0.3896989,0.48112443,0.031602196,0.001183149,0.43776146,0.48374176,2.47E-21,1.46E-18,0.0011182647,1.41E-17,0.0017334517,7.58E-10,1.61E-17,0.4358644,0.0004809531,0.4686556,0.0015633409,0.0053457473,0.040051192,0.00048091952,0.58128494,0.5196431,0
0.35586557,0.25186008,0.20995647,0.13953727,0.38159412,0.46982324,0.0018561558,2.57E-06,0.34851477,0.4641461,0.034561813,0.0010161927,0.38961926,0.4486558,0.03115777,0.00093291013,0.43765217,0.46403483,6.80E-22,1.92E-21,0.2516752,4.24E-06,0.18806311,6.07E-05,0.00023869849,0.43570697,0,0.4486267,0,0,0.35886526,0,0.58125275,0.47003502,1
0.00045222597,0.00053581217,0.015746625,0.0063314,0.38159412,0.46982324,0,7.23E-19,0.34851477,0.4641461,7.19E-07,4.42E-13,0.38961926,0.4486558,0.007595985,5.54E-05,0.43765184,0.45265985,0,3.86E-31,6.75E-06,8.84E-21,6.55E-05,2.67E-08,1.98E-16,0.43570697,4.77E-13,0.4486267,0.00022712832,0.0075673764,0.033654813,5.54E-05,0.58125246,0.45878753,0
0.42079973,0.6019378,0.21184602,0.13183339,0.38159412,0.46982324,0,0,0.34851477,0.4641461,0,0,0.38961926,0.4486558,0,0,0.43765217,0.46403483,0,0,0,0,0,0.9826651,0,0.43570697,0,0.4486267,0,0,2.08E-17,0,0.58125275,0.47003502,4
0.6843073,0.2708665,0.24882601,0.128093,0.38159412,0.46982324,1.11E-08,9.25E-17,0.34851477,0.4641461,0.0026395547,5.93E-06,0.38961926,0.4486558,0.006103297,3.58E-05,0.43765217,0.46403483,2.03E-22,2.42E-16,0.5530042,4.27E-05,0.239334,6.50E-05,0.0002556439,0.43570697,0,0.4486267,0,0,0.35886526,0,0.58125275,0.47003502,1
0.42578173,0.6027775,0.21238764,0.13172735,0.38159412,0.46982324,0,0,0.34851477,0.4641461,0,0,0.38961926,0.4486558,0,0,0.43765217,0.46403483,0,0,0,0,0,0.9826651,0,0.43570697,0,0.4486267,0,0,2.08E-17,0,0.58125275,0.47003502,4
0.22366905,0.31176358,7.45E-05,3.64E-06,0.38159412,0.46982324,0,0,0.34851477,0.4641461,0,0,0.38961926,0.4486558,0,0,0.43765217,0.46403483,0,0,0,0,0,0.98266315,0,0.43570697,0,0.4486267,0,0,2.08E-17,0,0.58125275,0.47003502,2
0.39479482,0.31891537,0.005432302,0.000108231994,0.38159412,0.46982324,9.79E-08,7.14E-15,0.34851477,0.4641461,0.0004087473,1.42E-07,0.38961926,0.4486558,0.0007092223,4.83E-07,0.43765217,0.46403483,6.32E-22,2.43E-20,0.23534028,5.15E-07,0.2209613,4.16E-05,0.00016345194,0.43570697,0,0.4486267,0,0,0.009929078,0,0.58125275,0.47003502,3
0.3562425,0.36745957,0.2143399,0.13882256,0.38159412,0.46982324,0.101839125,0.0077265445,0.34851477,0.4641461,0.039092813,0.0013001004,0.38961926,0.4486558,0.02837751,0.000773848,0.43765217,0.46403483,2.59E-20,2.84E-20,0.25996944,2.69E-08,0.28002882,2.46E-05,9.70E-05,0.43570697,0,0.4486267,0,0,0.35886526,0,0.58125275,0.47003502,1
0.003699632,0.0038987512,0.044021606,0.06819767,0.41338238,0.71547174,0.06269264,0.60477686,0.381566,0.718028,0.2657894,0.5357515,0.3855766,0.44078302,0.34099585,0.3283782,0.42315075,0.4525614,8.91E-17,9.43E-17,0.0018928221,5.55E-17,0.0028110964,3.52E-10,5.20E-13,0.7093253,0.7587552,0.7133635,0.00045034505,0.0631602,0.44124794,0.7941579,0.66060954,0.72425044,0
0.36460638,0.46517304,0.0058737183,0.00010696374,0.38159412,0.46982324,0.000556626,2.31E-07,0.34851477,0.4641461,0.0011558847,1.14E-06,0.38961926,0.4486558,0.00083889114,6.76E-07,0.43765217,0.46403483,1.53E-19,1.55E-19,0.21558589,5.89E-11,0.34892014,1.05E-05,4.14E-05,0.43570697,0,0.4486267,0,0,0.009929078,0,0.58125275,0.47003502,3
0.0011395134,0.0015254623,0.008408706,0.0008967735,0.38158908,0.45403296,0.06405424,0.0030616054,0.34847993,0.44867516,0.04299474,0.0016971908,0.39005026,0.5985032,0.03308441,0.0017310716,0.43806618,0.51462996,2.84E-18,3.75E-18,0.0011847985,1.27E-17,0.0016062356,9.85E-06,3.87E-05,0.4026534,0.0038834189,0.4738141,0.0013323268,0.058536552,0.0455105,0.0039999424,0.5816228,0.49414396,0
0.39495584,0.111102305,0.21950525,0.13011973,0.38159412,0.46982324,4.74E-05,1.67E-09,0.34851477,0.4641461,0.010940761,0.000101830556,0.38961926,0.4486558,0.014951327,0.00021481595,0.43765217,0.46403483,6.37E-22,4.56E-10,0.28881502,0.00032759242,0.08871834,0.00020138934,0.00079208205,0.43570697,0,0.4486267,0,0,0.3503546,0,0.58125275,0.47003502,4
0.7414759,0.5287235,0.0070757293,9.59E-05,0.38159412,0.46982324,6.91E-07,3.56E-13,0.34851477,0.4641461,0.00020657384,3.63E-08,0.38961926,0.4486558,0.00023486765,5.30E-08,0.43765217,0.46403483,2.08E-22,1.78E-22,0.61821735,8.76E-07,0.47983837,2.22E-05,8.74E-05,0.43570697,0,0.4486267,0,0,0.009929078,0,0.58125275,0.47003502,3
0.71261907,0.56772107,0.25025037,0.12745093,0.38159412,0.46982324,0,0,0.34851477,0.4641461,0,0,0.38961926,0.4486558,0,0,0.43765217,0.46403483,0,0,0,0,0,0.98266613,0,0.43570697,0,0.4486267,0,0,2.08E-17,0,0.58125275,0.47003502,1
1.97E-08,1.04E-05,0.022661425,0,0.38159412,0.46982324,0,0,0.34851477,0.4641461,0,0,0.38961926,0.4486558,0,0,0.43765217,0.46403483,0,0,2.47E-08,9.62E-22,1.41E-05,8.97E-08,2.53E-15,0.43570697,0,0.4486267,4.89E-05,0,0.021276595,0,0.58125275,0.47003502,0
0.41790572,0.23273924,0.00572746,0.000107555345,0.38159412,0.46982324,2.02E-08,3.04E-16,0.34851477,0.4641461,0.00039260116,1.31E-07,0.38961926,0.4486558,0.000724385,5.04E-07,0.43765217,0.46403483,3.41E-21,5.11E-21,0.30418155,6.76E-06,0.17015587,7.16E-05,0.00028167508,0.43570697,0,0.4486267,0,0,0.009929078,0,0.58125275,0.47003502,3
0.39069447,0.42671612,0.21542068,0.13862637,0.38159412,0.46982324,0.0009090699,6.16E-07,0.34851477,0.4641461,0.026024442,0.0005761637,0.38961926,0.4486558,0.02781171,0.00074329716,0.43765217,0.46403483,1.83E-21,2.03E-21,0.2876924,4.53E-10,0.32681137,1.42E-05,5.58E-05,0.43570697,0,0.4486267,0,0,0.35886526,0,0.58125275,0.47003502,1
0.25668302,0.3487578,1.50E-05,1.46E-06,0.38159412,0.46982324,0,0,0.34851477,0.4641461,0,0,0.38961926,0.4486558,0,0,0.43765217,0.46403483,0,0,0,0,0,0.9826631,0,0.43570697,0,0.4486267,0,0,2.08E-17,0,0.58125275,0.47003502,2
0.37915474,0.4093702,0.18401003,0.13426524,0.38159412,0.46982324,0,0,0.34851477,0.4641461,0,0,0.38961926,0.4486558,0,0,0.43765217,0.46403483,0,0,0,0,0,0.9826671,0,0.43570697,0,0.4486267,0,0,2.08E-17,0,0.58125275,0.47003502,5
0.70763934,0.56950027,0.25068277,0.1272529,0.38159412,0.46982324,3.55E-05,9.39E-10,0.34851477,0.4641461,0.005884311,2.95E-05,0.38961926,0.4486558,0.0067729717,4.41E-05,0.43765217,0.46403483,1.23E-22,1.89E-22,0.58319855,2.27E-07,0.50697476,1.83E-05,7.19E-05,0.43570697,0,0.4486267,0,0,0.35886526,0,0.58125275,0.47003502,1
0.45349073,0.48318285,0.21316883,0.13157253,0.38159412,0.46982324,0.00093897415,6.57E-07,0.34851477,0.4641461,0.012278414,0.00012825301,0.38961926,0.4486558,0.0145756025,0.00020415503,0.43765217,0.46403483,7.05E-22,1.73E-21,0.32352173,1.80E-09,0.3747128,1.44E-05,5.65E-05,0.43570697,0,0.4486267,0,0,0.3503546,0,0.58125275,0.47003502,4
0.35856804,0.27401072,0.18382415,0.13426009,0.38159412,0.46982324,0.0004535116,1.53E-07,0.34851477,0.4641461,0.014573004,0.000180668,0.38961926,0.4486558,0.018111847,0.00031523366,0.43765217,0.46403483,7.87E-22,7.76E-22,0.21865925,1.59E-06,0.18326579,5.56E-05,0.00021890058,0.43570697,1.16E-16,0.4486267,0.6349888,1.30E-07,0.3503546,1.63E-14,0.58125275,0.47003502,5
0.32751495,0.105096534,0.18127124,0.13419876,0.38159412,0.46982324,0,0,0.34851477,0.4641461,0,0,0.38961926,0.4486558,0,0,0.43765217,0.46403483,0,0,0,0,0,0.98266697,0,0.43570697,0,0.4486267,0,0,2.08E-17,0,0.58125275,0.47003502,5
0.21671097,0.28462914,7.33E-05,3.72E-06,0.38159412,0.46982324,0,0,0.34851477,0.4641461,0,0,0.38961926,0.4486558,0,0,0.43765217,0.46403483,0,0,0,0,0,0.98266304,0,0.43570697,0,0.4486267,0,0,2.08E-17,0,0.58125275,0.47003502,2
0.2507462,0.19919562,1.67E-05,1.70E-06,0.38159412,0.46982324,0,0,0.34851477,0.4641461,0,0,0.38961926,0.4486558,0,0,0.43765217,0.46403483,0,0,0,0,0,0.9826629,0,0.43570697,0,0.4486267,0,0,2.08E-17,0,0.58125275,0.47003502,2
0.22128443,0.16445248,7.65E-05,4.05E-06,0.38159412,0.46982324,0,0,0.34851477,0.4641461,0,0,0.38961926,0.4486558,0,0,0.43765217,0.46403483,0,0,0,0,0,0.98266286,0,0.43570697,0,0.4486267,0,0,2.08E-17,0,0.58125275,0.47003502,2
0.48662883,0.24859907,0.21529453,0.13111964,0.38159412,0.46982324,0,0,0.34851477,0.4641461,0,0,0.38961926,0.4486558,0,0,0.43765217,0.46403483,0,0,0,0,0,0.98266476,0,0.43570697,0,0.4486267,0,0,2.08E-17,0,0.58125275,0.47003502,4
0.44971442,0.5748339,0.21512713,0.13115469,0.38159412,0.46982324,4.98E-06,1.85E-11,0.34851477,0.4641461,0.007344785,4.59E-05,0.38961926,0.4486558,0.01251951,0.00015061969,0.43765217,0.46403483,3.64E-22,6.29E-22,0.3390627,7.67E-14,0.44983798,4.40E-06,1.73E-05,0.43570697,0,0.4486267,0,0,0.3503546,0,0.58125275,0.47003502,4
0.47822428,0.3203936,0.21312934,0.13158113,0.38159412,0.46982324,0,0,0.34851477,0.4641461,0,0,0.38961926,0.4486558,0,0,0.43765217,0.46403483,0,0,0,0,0,0.9826648,0,0.43570697,0,0.4486267,0,0,2.08E-17,0,0.58125275,0.47003502,4
0.00032525838,0.00051511754,0.011974212,0.0004455922,0.38159412,0.46982324,6.72E-06,3.37E-11,0.34851477,0.4641461,0.015928514,0.0002158408,0.38961926,0.4486558,0.019154701,0.0003525802,0.43765217,0.46403483,0,1.46E-23,2.54E-05,8.03E-17,7.42E-05,2.40E-08,2.25E-16,0.43570697,0.00023290903,0.4486267,0.0002571746,0.01908256,0.015951466,0.00035251168,0.58125275,0.47003502,0
0.0010538676,0.0015880305,0.00863345,0.0009264467,0.38159412,0.46982324,3.42E-06,3.57E-07,0.34851477,0.4635633,0.007099688,9.34E-05,0.38962007,0.45336986,0.009990511,0.00014926225,0.43766844,0.48685598,1.16E-30,1.29E-21,0.00012081756,3.52E-17,0.00035001722,5.28E-09,5.06E-17,0.43509394,0.00010073322,0.4533404,0.0012135091,0.009952884,0.028016604,0.00014923325,0.58126605,0.49260044,0
0.715329,0.99082667,0.24371424,0.12174429,0.38159412,0.46982324,0.00013245849,1.31E-08,0.34851477,0.4641461,0.0068338057,3.97E-05,0.38961926,0.4486558,0.0071194046,4.87E-05,0.43765217,0.46403483,3.52E-22,2.08E-22,0.5761517,7.32E-19,0.87837213,7.47E-07,2.94E-06,0.43570697,0,0.4486267,0,0,0.3503546,0,0.58125275,0.47003502,4
0.3618655,0.36458784,0.18406197,0.13426341,0.38159412,0.46982324,0.00801923,4.79E-05,0.34851477,0.4641461,0.016638014,0.00023549738,0.38961926,0.4486558,0.01726638,0.0002864901,0.43765217,0.46403483,4.49E-22,5.27E-22,0.22397634,1.14E-08,0.24415025,2.56E-05,0.00010057061,0.43570697,1.16E-15,0.4486267,0.84599227,1.31E-07,0.3503546,1.66E-14,0.58125275,0.47003502,5
0.2560277,0.24764185,1.64E-05,1.66E-06,0.38159412,0.46982324,0,0,0.34851477,0.4641461,0,0,0.38961926,0.4486558,0,0,0.43765217,0.46403483,0,0,0,0,0,0.9826629,0,0.43570697,0,0.4486267,0,0,2.08E-17,0,0.58125275,0.47003502,2
0.75485176,0.703342,0.007084313,9.57E-05,0.38159412,0.46982324,1.00E-05,7.51E-11,0.34851477,0.4641461,0.00021799661,4.04E-08,0.38961926,0.4486558,0.00024959492,5.99E-08,0.43765217,0.46403483,1.31E-22,1.45E-22,0.6309714,1.68E-08,0.63911057,1.13E-05,4.43E-05,0.43570697,0,0.4486267,0,0,0.009929078,0,0.58125275,0.47003502,3
0.44785705,0.60496193,0.21233416,0.13173778,0.38159412,0.46982324,0,0,0.34851477,0.4641461,0,0,0.38961926,0.4486558,0,0,0.43765217,0.46403483,0,0,0,0,0,0.9826651,0,0.43570697,0,0.4486267,0,0,2.08E-17,0,0.58125275,0.47003502,4
0.34139818,0.12931092,0.1826111,0.13424005,0.38159412,0.46982324,0.0012487232,1.16E-06,0.34851477,0.4641461,0.018035376,0.0002767155,0.38961926,0.4486558,0.021104654,0.0004280195,0.43765217,0.46403483,8.82E-22,1.98E-14,0.20914514,0.00015951454,0.08593283,0.00018733703,0.00073682534,0.43570697,1.74E-15,0.4486267,0.29767844,5.13E-08,0.3503546,2.55E-15,0.58125275,0.47003502,5
0.36459836,0.41448882,0.183532,0.13425483,0.38159412,0.46982324,0,0,0.34851477,0.4641461,0,0,0.38961926,0.4486558,0,0,0.43765217,0.46403483,0,0,0,0,0,0.9826671,0,0.43570697,0,0.4486267,0,0,2.08E-17,0,0.58125275,0.47003502,5
0.45550963,0.3422069,0.21356961,0.13148986,0.38159412,0.46982324,0,0,0.34851477,0.4641461,0,0,0.38961926,0.4486558,0,0,0.43765217,0.46403483,0,0,0,0,0,0.9826648,0,0.43570697,0,0.4486267,0,0,2.08E-17,0,0.58125275,0.47003502,4
0.80174327,0.83899456,0.00811081,7.77E-05,0.38159412,0.46982324,0,0,0.34851477,0.4641461,0,0,0.38961926,0.4486558,0,0,0.43765217,0.46403483,0,0,0,0,0,0.9826656,0,0.43570697,0,0.4486267,0,0,2.08E-17,0,0.58125275,0.47003502,3
0.0002018206,0.00043768674,0.01136303,0.002234836,0.38159412,0.46982324,0,0,0.34851477,0.4641461,0.00043312847,1.60E-07,0.38961926,0.44863304,0.012723748,0.00015557752,0.43765035,0.44295073,0,7.74E-31,6.94E-06,7.81E-19,8.32E-05,2.20E-08,4.60E-16,0.43570697,1.73E-07,0.4486039,0.00028830586,0.0126758255,0.032673072,0.0001555473,0.58125126,0.44918722,0
0.0012970457,0.0016827711,0.015154254,0.008253328,0.38159412,0.46654534,0.0023719207,5.88E-06,0.34851417,0.41982922,0.04288925,0.00167495,0.38947493,0.39664194,0.10088252,0.010602336,0.43736082,0.45726758,5.32E-18,1.82E-17,0.00120276,1.70E-17,0.0017981768,7.13E-10,1.35E-17,0.4353194,0.0040434264,0.45921606,0.00188592,0.06533528,0.054771643,0.0042700986,0.58145773,0.48728067,0
0.4305466,0.6034362,0.21207312,0.13178946,0.38159412,0.46982324,0.00014673464,1.60E-08,0.34851477,0.4641461,0.011683776,0.000116131356,0.38961926,0.4486558,0.013365635,0.00017166679,0.43765217,0.46403483,3.26E-22,3.91E-22,0.30054185,5.07E-20,0.4655318,1.01E-06,3.97E-06,0.43570697,0,0.4486267,0,0,0.3503546,0,0.58125275,0.47003502,4
0.49274793,0.11043879,0.0070807533,9.60E-05,0.38159412,0.46982324,0,0,0.34851477,0.4641461,0,0,0.38961926,0.4486558,0,0,0.43765217,0.46403483,0,0,0,0,0,0.9826655,0,0.43570697,0,0.4486267,0,0,2.08E-17,0,0.58125275,0.47003502,3
0.83902967,0.8797558,0.008124786,7.73E-05,0.38159412,0.46982324,1.49E-05,1.66E-10,0.34851477,0.4641461,0.00021542369,3.95E-08,0.38961926,0.4486558,0.00025410813,6.21E-08,0.43765217,0.46403483,1.64E-22,1.15E-22,0.81311864,4.81E-11,0.91507965,4.49E-06,1.77E-05,0.43570697,0,0.4486267,0,0,0.009929078,0,0.58125275,0.47003502,3
0.69737226,0.32165152,0.25121334,0.12700902,0.38159412,0.46982324,0.007283689,3.95E-05,0.34851477,0.4641461,0.010072845,8.63E-05,0.38961926,0.4486558,0.008342008,6.69E-05,0.43765217,0.46403483,8.19E-23,1.75E-19,0.57864666,2.00E-05,0.2869534,5.05E-05,0.00019854055,0.43570697,0,0.4486267,0,0,0.35886526,0,0.58125275,0.47003502,1
0.32865268,0.14400966,0.00506473,0.00010803019,0.38159412,0.46982324,0,0,0.34851477,0.4641461,0,0,0.38961926,0.4486558,0,0,0.43765217,0.46403483,0,0,0,0,0,0.98266554,0,0.43570697,0,0.4486267,0,0,2.08E-17,0,0.58125275,0.47003502,3
0.43568584,0.35560492,0.2095837,0.13958988,0.38159412,0.46982324,9.76E-06,7.10E-11,0.34851477,0.4641461,0.014667942,0.00018302965,0.38961926,0.4486558,0.02555154,0.0006273953,0.43765217,0.46403483,2.34E-21,1.38E-21,0.29396522,7.13E-08,0.26490843,2.91E-05,0.00011438874,0.43570697,0,0.4486267,0,0,0.35886526,0,0.58125275,0.47003502,1
0.71504253,0.7218551,0.24999306,0.1275682,0.38159412,0.46982324,6.36E-07,3.01E-13,0.34851477,0.4641461,0.003942993,1.32E-05,0.38961926,0.4486558,0.0062381793,3.74E-05,0.43765217,0.46403483,2.22E-22,1.81E-22,0.5788774,3.39E-09,0.6408283,9.49E-06,3.73E-05,0.43570697,0,0.4486267,0,0,0.35886526,0,0.58125275,0.47003502,1
0.3553635,0.3090288,0.18332705,0.13425054,0.38159412,0.46982324,0,0,0.34851477,0.4641461,0,0,0.38961926,0.4486558,0,0,0.43765217,0.46403483,0,0,0,0,0,0.982667,0,0.43570697,0,0.4486267,0,0,2.08E-17,0,0.58125275,0.47003502,5
0.00034477073,0.0004553979,0.0119062895,0.0004465253,0.38159412,0.46982357,0.0019454237,5.04E-05,0.34851483,0.46614128,0.008820745,0.0009873128,0.38963345,0.46798483,0.020516621,0.0020102416,0.43816918,0.54916966,2.74E-24,6.16E-19,0.00015652376,4.05E-16,0.00020461592,9.58E-09,4.37E-16,0.43570697,2.71E-18,0.4486267,0.0004045674,0,0.017626109,2.84E-18,0.58125275,0.47003502,0
0.34968066,0.1724865,0.1832408,0.13424994,0.38159412,0.46982324,0,0,0.34851477,0.4641461,0,0,0.38961926,0.4486558,0,0,0.43765217,0.46403483,0,0,0,0,0,0.98266697,0,0.43570697,0,0.4486267,0,0,2.08E-17,0,0.58125275,0.47003502,5
0.011780701,0.0024756696,0.06333283,0.08662373,0.3422073,0.37218153,0.30961028,0.24214903,0.3394682,0.4413972,0.33174345,0.22327004,0.37442288,0.41022977,0.32106358,0.2320238,0.44474816,0.4712685,3.92E-19,7.06E-19,0.014190956,7.12E-18,0.0027167823,3.79E-10,5.08E-17,0.43570697,0,0.4486267,0,0,0.009929078,0,0.58125275,0.47003502,0
0.36266422,0.2389868,0.1844083,0.13427275,0.38159412,0.46982324,0,0,0.34851477,0.4641461,0,0,0.38961926,0.4486558,0,0,0.43765217,0.46403483,0,0,0,0,0,0.982667,0,0.43570697,0,0.4486267,0,0,2.08E-17,0,0.58125275,0.47003502,5
0.44041625,0.44172123,0.21379672,0.13891906,0.38159412,0.46982324,0,0,0.34851477,0.4641461,0,0,0.38961926,0.4486558,0,0,0.43765217,0.46403483,0,0,0,0,0,0.9826662,0,0.43570697,0,0.4486267,0,0,2.08E-17,0,0.58125275,0.47003502,1
0.00034147393,0.000374954,0.010296116,0.00045943103,0.38159412,0.46982324,6.81E-06,3.45E-11,0.34851477,0.4641461,0.015946228,0.00021632115,0.38961926,0.4486565,0.019137016,0.00035192943,0.43765315,0.47916055,0,1.47E-23,2.54E-05,7.92E-17,7.46E-05,2.39E-08,2.23E-16,0.43570697,0.00023342734,0.44862735,0.00025850363,0.019064939,0.029828561,0.00035186106,0.5812535,0.48499125,0
0.44634688,0.60017353,0.21372636,0.13145576,0.38159412,0.46982324,3.47E-05,8.98E-10,0.34851477,0.4641461,0.009220865,7.23E-05,0.38961926,0.4486558,0.012515472,0.00015052255,0.43765217,0.46403483,1.20E-21,8.29E-22,0.318714,2.78E-16,0.46660918,2.40E-06,9.44E-06,0.43570697,0,0.4486267,0,0,0.3503546,0,0.58125275,0.47003502,4
0.7340815,0.62676245,0.008105948,7.85E-05,0.38159412,0.46982324,4.72E-08,1.66E-15,0.34851477,0.4641461,0.00014564837,1.80E-08,0.38961926,0.4486558,0.00026286018,6.64E-08,0.43765217,0.46403483,7.63E-23,8.31E-23,0.707454,8.72E-08,0.6477247,1.32E-05,5.21E-05,0.43570697,0,0.4486267,0,0,0.009929078,0,0.58125275,0.47003502,3
0.20678324,0.20176269,7.84E-05,3.94E-06,0.38159412,0.46982324,0,0,0.34851477,0.4641461,0,0,0.38961926,0.4486558,0,0,0.43765217,0.46403483,0,0,0,0,0,0.9826629,0,0.43570697,0,0.4486267,0,0,2.08E-17,0,0.58125275,0.47003502,2
0.4245007,0.56900686,0.21387127,0.13142473,0.38159412,0.46982324,0.0009402686,6.59E-07,0.34851477,0.4641461,0.012566104,0.0001343335,0.38961926,0.4486558,0.013250743,0.00016872815,0.43765217,0.46403483,2.87E-21,3.34E-21,0.30719364,2.25E-13,0.4426928,4.92E-06,1.94E-05,0.43570697,0,0.4486267,0,0,0.3503546,0,0.58125275,0.47003502,4
0.24931361,0.35261914,1.60E-05,1.61E-06,0.38159412,0.46982324,0,0,0.34851477,0.4641461,0,0,0.38961926,0.4486558,0,0,0.43765217,0.46403483,0,0,0,0,0,0.98266315,0,0.43570697,0,0.4486267,0,0,2.08E-17,0,0.58125275,0.47003502,2
0.71091247,0.6988347,0.25038847,0.12738809,0.38159412,0.46982324,0,0,0.34851477,0.4641461,0,0,0.38961926,0.4486558,0,0,0.43765217,0.46403483,0,0,0,0,0,0.98266613,0,0.43570697,0,0.4486267,0,0,2.08E-17,0,0.58125275,0.47003502,1
0.7471236,0.7670609,0.007096755,9.56E-05,0.38159412,0.46982324,0,0,0.34851477,0.4641461,0,0,0.38961926,0.4486558,0,0,0.43765217,0.46403483,0,0,0,0,0,0.9826656,0,0.43570697,0,0.4486267,0,0,2.08E-17,0,0.58125275,0.47003502,3
0.71213776,0.9533999,0.24495433,0.12119183,0.38159412,0.46982324,5.68E-08,2.41E-15,0.34851477,0.4641461,0.0030789876,8.06E-06,0.38961926,0.4486558,0.006222637,3.72E-05,0.43765217,0.46403483,1.17E-22,1.63E-22,0.5867759,2.75E-15,0.84947544,1.76E-06,6.93E-06,0.43570697,0,0.4486267,0,0,0.3503546,0,0.58125275,0.47003502,4
0.70410097,0.5758504,0.25075623,0.1272193,0.38159412,0.46982324,0,0,0.34851477,0.4641461,0,0,0.38961926,0.4486558,0,0,0.43765217,0.46403483,0,0,0,0,0,0.98266613,0,0.43570697,0,0.4486267,0,0,2.08E-17,0,0.58125275,0.47003502,1
0.42276862,0.3093691,0.0055285483,0.00010809313,0.38159412,0.46982324,0,0,0.34851477,0.4641461,0,0,0.38961926,0.4486558,0,0,0.43765217,0.46403483,0,0,0,0,0,0.98266554,0,0.43570697,0,0.4486267,0,0,2.08E-17,0,0.58125275,0.47003502,3
0.72579616,0.35926327,0.007078544,9.58E-05,0.38159412,0.46982324,3.25E-07,7.86E-14,0.34851477,0.4641461,0.00014691967,1.84E-08,0.38961926,0.4486558,0.0002075199,4.14E-08,0.43765217,0.46403483,9.72E-23,7.62E-21,0.60997385,1.39E-05,0.32616767,4.30E-05,0.00016929465,0.43570697,0,0.4486267,0,0,0.009929078,0,0.58125275,0.47003502,3
0.73645395,0.6212145,0.008097137,7.88E-05,0.38159412,0.46982324,1.03E-07,7.96E-15,0.34851477,0.4641461,0.00015653989,2.08E-08,0.38961926,0.4486558,0.0002660654,6.80E-08,0.43765217,0.46403483,9.10E-23,1.07E-22,0.7051876,1.01E-07,0.6411893,1.36E-05,5.34E-05,0.43570697,0,0.4486267,0,0,0.009929078,0,0.58125275,0.47003502,3
0.30054617,0.45916578,0.0059033222,0.0001068218,0.38159412,0.46982324,0,0,0.34851477,0.4641461,0,0,0.38961926,0.4486558,0,0,0.43765217,0.46403483,0,0,0,0,0,0.98266566,0,0.43570697,0,0.4486267,0,0,2.08E-17,0,0.58125275,0.47003502,3
0.7273988,0.34232482,0.0070516914,9.62E-05,0.38159412,0.46982324,1.18E-06,1.05E-12,0.34851477,0.4641461,0.00016742207,2.38E-08,0.38961926,0.4486558,0.00021568235,4.47E-08,0.43765217,0.46403483,4.22E-22,9.96E-20,0.60372573,1.80E-05,0.30961806,4.65E-05,0.00018287526,0.43570697,0,0.4486267,0,0,0.009929078,0,0.58125275,0.47003502,3
0.256195,0.20228118,1.62E-05,1.65E-06,0.38159412,0.46982324,0,0,0.34851477,0.4641461,0,0,0.38961926,0.4486558,0,0,0.43765217,0.46403483,0,0,0,0,0,0.9826629,0,0.43570697,0,0.4486267,0,0,2.08E-17,0,0.58125275,0.47003502,2
0.20218693,0.28153557,7.36E-05,3.75E-06,0.38159412,0.46982324,0,0,0.34851477,0.4641461,0,0,0.38961926,0.4486558,0,0,0.43765217,0.46403483,0,0,0,0,0,0.98266304,0,0.43570697,0,0.4486267,0,0,2.08E-17,0,0.58125275,0.47003502,2
0.34931666,0.34044734,0.1841566,0.13426776,0.38159412,0.46982324,0,0,0.34851477,0.4641461,0,0,0.38961926,0.4486558,0,0,0.43765217,0.46403483,0,0,0,0,0,0.982667,0,0.43570697,0,0.4486267,0,0,2.08E-17,0,0.58125275,0.47003502,5
0.7153946,0.6858935,0.24328233,0.12193451,0.38159412,0.46982324,0,0,0.34851477,0.4641461,0,0,0.38961926,0.4486558,0,0,0.43765217,0.46403483,0,0,0,0,0,0.9826648,0,0.43570697,0,0.4486267,0,0,2.08E-17,0,0.58125275,0.47003502,4
0.22623453,0.30707183,7.54E-05,3.87E-06,0.38159412,0.46982324,0,0,0.34851477,0.4641461,0,0,0.38961926,0.4486558,0,0,0.43765217,0.46403483,0,0,0,0,0,0.98266315,0,0.43570697,0,0.4486267,0,0,2.08E-17,0,0.58125275,0.47003502,2
0.3435897,0.2887162,0.21134923,0.13932826,0.38159412,0.46982324,4.20E-07,1.31E-13,0.34851477,0.4641461,0.015545846,0.00020559462,0.38961926,0.4486558,0.026650375,0.0006825174,0.43765217,0.46403483,9.51E-21,4.52E-21,0.2269841,8.57E-07,0.21691406,4.44E-05,0.00017455265,0.43570697,0,0.4486267,0,0,0.35886526,0,0.58125275,0.47003502,1
0.71653235,0.80165577,0.24408688,0.1215792,0.38159412,0.46982324,0,0,0.34851477,0.4641461,0,0,0.38961926,0.4486558,0,0,0.43765217,0.46403483,0,0,0,0,0,0.9826649,0,0.43570697,0,0.4486267,0,0,2.08E-17,0,0.58125275,0.47003502,4
0.2480237,0.3603136,1.56E-05,1.58E-06,0.38159412,0.46982324,0,0,0.34851477,0.4641461,0,0,0.38961926,0.4486558,0,0,0.43765217,0.46403483,0,0,0,0,0,0.9826633,0,0.43570697,0,0.4486267,0,0,2.08E-17,0,0.58125275,0.47003502,2
0.67705107,0.22264972,0.0070068217,9.67E-05,0.38159412,0.46982324,1.72E-08,2.21E-16,0.34851477,0.4641461,0.00010999499,1.03E-08,0.38961926,0.4486558,0.00019248234,3.56E-08,0.43765217,0.46403483,1.56E-22,5.32E-13,0.5578798,9.22E-05,0.20009908,8.40E-05,0.0003304984,0.43570697,0,0.4486267,0,0,0.009929078,0,0.58125275,0.47003502,3
0.22722521,0.26145726,7.48E-05,3.78E-06,0.38159412,0.46982324,0,0,0.34851477,0.4641461,0,0,0.38961926,0.4486558,0,0,0.43765217,0.46403483,0,0,0,0,0,0.982663,0,0.43570697,0,0.4486267,0,0,2.08E-17,0,0.58125275,0.47003502,2
0.76624066,0.7691708,0.0080799945,7.85E-05,0.38159412,0.46982324,0,0,0.34851477,0.4641461,0,0,0.38961926,0.4486558,0,0,0.43765217,0.46403483,0,0,0,0,0,0.9826656,0,0.43570697,0,0.4486267,0,0,2.08E-17,0,0.58125275,0.47003502,3
0.004089837,0.0033770239,0.045934502,0.067085415,0.37474623,0.45612746,0.24523064,0.5496269,0.34597203,0.45889962,0.28604028,0.50764626,0.3912465,0.45168558,0.33672115,0.30282778,0.43276572,0.45994186,6.01E-18,2.60E-17,0.0021281673,3.93E-17,0.0024493847,4.68E-10,5.70E-17,0.43570697,0.14251411,0.4486267,0.00015013525,0.39252183,0.148488,0.14915158,0.58125275,0.47003502,0
0.72160846,0.978052,0.2440808,0.121582545,0.38159412,0.46982324,1.81E-05,2.43E-10,0.34851477,0.4641461,0.0054583284,2.53E-05,0.38961926,0.4486558,0.006684991,4.29E-05,0.43765217,0.46403483,2.71E-22,2.16E-22,0.5853255,3.82E-17,0.86834276,1.12E-06,4.42E-06,0.43570697,0,0.4486267,0,0,0.3503546,0,0.58125275,0.47003502,4
0.0008125561,0.0015637396,0.007907214,0.0008062397,0.38159412,0.46982324,3.81E-06,3.66E-07,0.34851477,0.46414727,0.007154263,0.000105632884,0.38962504,0.4797492,0.009991228,0.00015178487,0.4376766,0.4978216,1.21E-30,1.30E-21,0.000121824894,3.60E-17,0.00035110913,8.67E-07,3.39E-06,0.4357082,0.000113986105,0.47971806,0.0012172948,0.009953598,0.028153172,0.00015175538,0.5812727,0.5034432,0
0.44496855,0.59547156,0.21426809,0.13134404,0.38159412,0.46982324,0,0,0.34851477,0.4641461,0,0,0.38961926,0.4486558,0,0,0.43765217,0.46403483,0,0,0,0,0,0.982665,0,0.43570697,0,0.4486267,0,0,2.08E-17,0,0.58125275,0.47003502,4
0.75705826,0.70838004,0.0070779044,9.58E-05,0.38159412,0.46982324,5.44E-06,2.21E-11,0.34851477,0.4641461,0.0002046897,3.56E-08,0.38961926,0.4486558,0.00024720968,5.87E-08,0.43765217,0.46403483,5.11E-22,2.21E-22,0.62866735,1.48E-08,0.64311343,1.10E-05,4.34E-05,0.43570697,0,0.4486267,0,0,0.009929078,0,0.58125275,0.47003502,3
0.41295022,0.6007603,0.21157716,0.13188702,0.38159412,0.46982324,0,0,0.34851477,0.4641461,0,0,0.38961926,0.4486558,0,0,0.43765217,0.46403483,0,0,0,0,0,0.9826651,0,0.43570697,0,0.4486267,0,0,2.08E-17,0,0.58125275,0.47003502,4
0.4623502,0.26870358,0.21438669,0.13131712,0.38159412,0.46982324,0,0,0.34851477,0.4641461,0,0,0.38961926,0.4486558,0,0,0.43765217,0.46403483,0,0,0,0,0,0.9826648,0,0.43570697,0,0.4486267,0,0,2.08E-17,0,0.58125275,0.47003502,4
0.22353648,0.3138227,7.34E-05,3.70E-06,0.38159412,0.46982324,0,0,0.34851477,0.4641461,0,0,0.38961926,0.4486558,0,0,0.43765217,0.46403483,0,0,0,0,0,0.9826632,0,0.43570697,0,0.4486267,0,0,2.08E-17,0,0.58125275,0.47003502,2
0.41941887,0.56986815,0.21402042,0.13139339,0.38159412,0.46982324,0,0,0.34851477,0.4641461,0,0,0.38961926,0.4486558,0,0,0.43765217,0.46403483,0,0,0,0,0,0.98266494,0,0.43570697,0,0.4486267,0,0,2.08E-17,0,0.58125275,0.47003502,4
0.00072343304,0.0015883254,0.0083046565,0.00078223215,0.38159412,0.46982324,4.35E-06,5.66E-05,0.34851477,0.46415326,0.021045748,0.0005778269,0.38967723,0.49833888,0.030841924,0.0011308742,0.43788338,0.50758594,2.57E-22,2.07E-19,0.00065100635,2.03E-17,0.0016685057,8.05E-10,1.74E-17,0.43570697,8.70E-05,0.45229477,0.0014734353,0.004652713,0.040194094,0.00045839796,0.581271,0.50311583,0
0.42129457,0.601961,0.21156003,0.13188578,0.38159412,0.46982324,0,0,0.34851477,0.4641461,0,0,0.38961926,0.4486558,0,0,0.43765217,0.46403483,0,0,0,0,0,0.9826651,0,0.43570697,0,0.4486267,0,0,2.08E-17,0,0.58125275,0.47003502,4
0.24869238,0.19424038,1.77E-05,1.79E-06,0.38159412,0.46982324,0,0,0.34851477,0.4641461,0,0,0.38961926,0.4486558,0,0,0.43765217,0.46403483,0,0,0,0,0,0.98266286,0,0.43570697,0,0.4486267,0,0,2.08E-17,0,0.58125275,0.47003502,2
0.7514893,0.9281528,0.24486902,0.121230386,0.38159412,0.46982324,1.19E-06,1.06E-12,0.34851477,0.4641461,0.00401233,1.37E-05,0.38961926,0.4486558,0.0063893152,3.92E-05,0.43765217,0.46403483,1.41E-22,1.59E-22,0.62257,7.54E-14,0.82669586,2.54E-06,9.98E-06,0.43570697,0,0.4486267,0,0,0.3503546,0,0.58125275,0.47003502,4
0.7167257,0.6435861,0.24328361,0.12193413,0.38159412,0.46982324,0.017441835,0.00022664196,0.34851477,0.4641461,0.010761221,9.85E-05,0.38961926,0.4486558,0.0072562685,5.06E-05,0.43765217,0.46403483,1.17E-22,1.69E-22,0.5831773,4.22E-08,0.56953436,1.37E-05,5.41E-05,0.43570697,0,0.4486267,0,0,0.3503546,0,0.58125275,0.47003502,4
0.0010215443,0.0015242702,0.008080556,0.0007628016,0.38159412,0.46982324,0.0042553158,1.35E-05,0.34851477,0.4641428,0.011783246,0.00012585695,0.38961366,0.42138842,0.010562824,0.00015102155,0.43765387,0.46635967,8.02E-21,5.92E-18,0.00019102235,4.20E-17,0.00035582954,5.19E-09,4.63E-17,0.4357035,0.00013580946,0.42136106,0.0012336605,0.010523041,0.028072732,0.0001509922,0.5812541,0.47233382,0
0.38017836,0.21184297,0.18406445,0.13426802,0.38159412,0.46982324,0,0,0.34851477,0.4641461,0,0,0.38961926,0.4486558,0,0,0.43765217,0.46403483,0,0,0,0,0,0.98266697,0,0.43570697,0,0.4486267,0,0,2.08E-17,0,0.58125275,0.47003502,5
0.0005636745,0.00065257,0.024214825,0.0074931057,0.38159412,0.46982324,0.038355548,0.0010960047,0.34851477,0.4641461,0.08782587,0.006561876,0.38961926,0.44865465,0.08633867,0.009109638,0.4369161,0.44699773,2.91E-21,1.05E-18,0.00037864357,4.90E-16,0.00030227198,9.28E-09,3.49E-15,0.43570697,0.0053301686,0.4486267,0.0005045522,0.09099535,0.074790195,0.008015648,0.58125275,0.47003502,0
0.22873019,0.30695215,7.51E-05,3.85E-06,0.38159412,0.46982324,0,0,0.34851477,0.4641461,0,0,0.38961926,0.4486558,0,0,0.43765217,0.46403483,0,0,0,0,0,0.98266315,0,0.43570697,0,0.4486267,0,0,2.08E-17,0,0.58125275,0.47003502,2
0.7148989,0.9850862,0.2444028,0.12143863,0.38159412,0.46982324,0,0,0.34851477,0.4641461,0,0,0.38961926,0.4486558,0,0,0.43765217,0.46403483,0,0,0,0,0,0.98266506,0,0.43570697,0,0.4486267,0,0,2.08E-17,0,0.58125275,0.47003502,4
0.4295977,0.60299855,0.21136883,0.13192752,0.38159412,0.46982324,0.032067794,0.0007661154,0.34851477,0.4641461,0.02050997,0.00035785994,0.38961926,0.4486558,0.0143150715,0.00019692196,0.43765217,0.46403483,4.51E-21,3.44E-21,0.29589376,1.47E-20,0.4636742,8.86E-07,3.49E-06,0.43570697,0,0.4486267,0,0,0.3503546,0,0.58125275,0.47003502,4
0.44734707,0.6018046,0.21397588,0.13140278,0.38159412,0.46982324,0,0,0.34851477,0.4641461,0,0,0.38961926,0.4486558,0,0,0.43765217,0.46403483,0,0,0,0,0,0.982665,0,0.43570697,0,0.4486267,0,0,2.08E-17,0,0.58125275,0.47003502,4
0.4348864,0.59763336,0.21394794,0.13141212,0.38159412,0.46982324,0,0,0.34851477,0.4641461,0,0,0.38961926,0.4486558,0,0,0.43765217,0.46403483,0,0,0,0,0,0.982665,0,0.43570697,0,0.4486267,0,0,2.08E-17,0,0.58125275,0.47003502,4
0.41022372,0.3714118,0.0056730034,0.00010778049,0.38159412,0.46982324,0,0,0.34851477,0.4641461,0,0,0.38961926,0.4486558,0,0,0.43765217,0.46403483,0,0,0,0,0,0.9826656,0,0.43570697,0,0.4486267,0,0,2.08E-17,0,0.58125275,0.47003502,3
0.23260245,0.29346636,7.42E-05,3.65E-06,0.38159412,0.46982324,0,0,0.34851477,0.4641461,0,0,0.38961926,0.4486558,0,0,0.43765217,0.46403483,0,0,0,0,0,0.98266304,0,0.43570697,0,0.4486267,0,0,2.08E-17,0,0.58125275,0.47003502,2
0.21895358,0.28537837,7.37E-05,3.75E-06,0.38159412,0.46982324,0,0,0.34851477,0.4641461,0,0,0.38961926,0.4486558,0,0,0.43765217,0.46403483,0,0,0,0,0,0.98266304,0,0.43570697,0,0.4486267,0,0,2.08E-17,0,0.58125275,0.47003502,2
0.41965362,0.5693575,0.21375753,0.13144876,0.38159412,0.46982324,2.98E-05,6.63E-10,0.34851477,0.4641461,0.009127018,7.09E-05,0.38961926,0.4486558,0.012821064,0.00015796296,0.43765217,0.46403483,5.99E-21,3.32E-21,0.30135104,1.19E-13,0.44272077,4.61E-06,1.81E-05,0.43570697,0,0.4486267,0,0,0.3503546,0,0.58125275,0.47003502,4
0.36845794,0.4129021,0.18366021,0.1342581,0.38159412,0.46982324,0.038242545,0.0010895559,0.34851477,0.4641461,0.023854828,0.00048410057,0.38961926,0.4486558,0.018031158,0.0003124311,0.43765217,0.46403483,4.51E-22,4.73E-22,0.22456487,2.68E-10,0.2759196,1.55E-05,6.12E-05,0.43570697,1.86E-15,0.4486267,0.9560258,9.89E-08,0.3503546,9.48E-15,0.58125275,0.47003502,5
0.38733944,0.44900593,0.0059666177,0.00010647432,0.38159412,0.46982324,0,0,0.34851477,0.4641461,0,0,0.38961926,0.4486558,0,0,0.43765217,0.46403483,0,0,0,0,0,0.98266566,0,0.43570697,0,0.4486267,0,0,2.08E-17,0,0.58125275,0.47003502,3
0.0010664319,0.0015656678,0.008154047,0.0008505326,0.38156918,0.44815424,0.06330829,0.003027234,0.34848255,0.45561665,0.043567352,0.0017357907,0.38963002,0.45235282,0.032138925,0.0012283742,0.43773958,0.47919112,1.95E-18,3.75E-18,0.0010988469,6.34E-18,0.00165947,7.97E-10,6.18E-18,0.42931023,0.00400548,0.45561695,0.0013121739,0.058187913,0.045046553,0.0035434286,0.58172005,0.5095018,0
0.66492474,0.209999,0.0069946405,9.69E-05,0.38159412,0.46982324,3.92E-08,1.14E-15,0.34851477,0.4641461,0.000119797354,1.22E-08,0.38961926,0.4486558,0.0001998595,3.84E-08,0.43765217,0.46403483,2.16E-22,2.47E-12,0.5461466,0.00010936654,0.18839252,9.06E-05,0.00035631753,0.43570697,0,0.4486267,0,0,0.009929078,0,0.58125275,0.47003502,3
0.43284497,0.60561174,0.21310356,0.1315849,0.38159412,0.46982324,0.0016440243,2.01E-06,0.34851477,0.4641461,0.013739701,0.00016059709,0.38961926,0.4486558,0.013210992,0.00016771734,0.43765217,0.46403483,5.08E-22,5.75E-22,0.30507147,1.12E-17,0.46948084,1.72E-06,6.78E-06,0.43570697,0,0.4486267,0,0,0.3503546,0,0.58125275,0.47003502,4
0.0013626264,0.0016330354,0.008614582,0.0007982321,0.3815941,0.4636857,0.024915423,0.00046285283,0.34852105,0.4861127,0.036797196,0.0012472888,0.3898684,0.56555927,0.031513877,0.0011485019,0.43798217,0.52613837,4.96E-18,4.80E-18,0.0012755363,5.13E-18,0.0016692037,7.91E-10,6.59E-18,0.49911758,0.00039475076,0.57202727,0.0016052367,0.0061816466,0.04077636,0.00043932148,0.58131576,0.5579125,0
0.75022215,0.69771427,0.007086312,9.57E-05,0.38159412,0.46982324,1.99E-05,2.94E-10,0.34851477,0.4641461,0.00023370836,4.65E-08,0.38961926,0.4486558,0.00025226548,6.12E-08,0.43765217,0.46403483,9.70E-23,1.26E-22,0.62871015,1.93E-08,0.63419086,1.15E-05,4.52E-05,0.43570697,0,0.4486267,0,0,0.009929078,0,0.58125275,0.47003502,3
0.7219847,0.3389651,0.0070831385,9.57E-05,0.38159412,0.46982324,1.38E-06,1.43E-12,0.34851477,0.4641461,0.00016998069,2.46E-08,0.38961926,0.4486558,0.00021667524,4.51E-08,0.43765217,0.46403483,1.30E-22,1.36E-19,0.60817856,1.86E-05,0.3079448,4.69E-05,0.00018456296,0.43570697,0,0.4486267,0,0,0.009929078,0,0.58125275,0.47003502,3
0.34323993,0.1484897,0.18376848,0.13426864,0.38159412,0.46982324,0,0,0.34851477,0.4641461,0,0,0.38961926,0.4486558,0,0,0.43765217,0.46403483,0,0,0,0,0,0.98266697,0,0.43570697,0,0.4486267,0,0,2.08E-17,0,0.58125275,0.47003502,5
0.7000881,0.59684503,0.25050732,0.12733307,0.38159412,0.46982324,0,0,0.34851477,0.4641461,0,0,0.38961926,0.4486558,0,0,0.43765217,0.46403483,0,0,0,0,0,0.98266613,0,0.43570697,0,0.4486267,0,0,2.08E-17,0,0.58125275,0.47003502,1
0.71733975,0.97691625,0.24434237,0.121466085,0.38159412,0.46982324,3.16E-05,7.45E-10,0.34851477,0.4641461,0.0057828254,2.84E-05,0.38961926,0.4486558,0.006725447,4.35E-05,0.43765217,0.46403483,2.33E-22,2.29E-22,0.58783233,4.28E-17,0.8682646,1.14E-06,4.48E-06,0.43570697,0,0.4486267,0,0,0.3503546,0,0.58125275,0.47003502,4
0.69234157,0.2669936,0.008047044,8.01E-05,0.38159412,0.46982324,0.0009213813,6.32E-07,0.34851477,0.4641461,0.00040557314,1.40E-07,0.38961926,0.4486558,0.00034393676,1.14E-07,0.43765217,0.46403483,6.27E-23,1.23E-15,0.65333134,4.31E-05,0.2743832,5.77E-05,0.00022695765,0.43570697,0,0.4486267,0,0,0.009929078,0,0.58125275,0.47003502,3
0.52399546,0.12149855,0.008069958,7.85E-05,0.38159412,0.46982324,0.00014031962,1.47E-08,0.34851477,0.4641461,0.00035230588,1.06E-07,0.38961926,0.4486558,0.0003702003,1.32E-07,0.43765217,0.46403483,1.90E-18,3.29E-08,0.4989895,0.0003168978,0.12530224,0.00015011313,0.0005904399,0.43570697,0,0.4486267,0,0,0.009929078,0,0.58125275,0.47003502,3
0.40257588,0.36371207,0.21450531,0.13879609,0.38159412,0.46982324,5.09E-07,1.93E-13,0.34851477,0.4641461,0.010857603,0.00010028846,0.38961926,0.4486558,0.024297958,0.0005673442,0.43765217,0.46403483,9.47E-22,9.73E-22,0.3093605,3.91E-08,0.27728233,2.63E-05,0.00010342866,0.43570697,0,0.4486267,0,0,0.35886526,0,0.58125275,0.47003502,1
0.3632714,0.34922156,0.18387023,0.13426033,0.38159412,0.46982324,4.20E-05,1.32E-09,0.34851477,0.4641461,0.012197474,0.0001265677,0.38961926,0.4486558,0.017097807,0.00028092336,0.43765217,0.46403483,1.77E-21,1.85E-21,0.22311924,3.13E-08,0.23361398,2.95E-05,0.00011621859,0.43570697,1.16E-16,0.4486267,0.80949247,1.35E-07,0.3503546,1.77E-14,0.58125275,0.47003502,5
0.012134767,0.003375695,0.0753838,0.1086035,0.32793337,0.34626395,0.3052116,0.3214908,0.31161007,0.3833235,0.34855404,0.2884682,0.37457615,0.4172477,0.34429634,0.29015833,0.4204575,0.44954127,5.24E-19,5.78E-19,0.014660369,3.81E-18,0.0040899087,1.07E-10,3.29E-17,0.6397283,0.13658358,0.6448512,0.0002251982,0.37475643,0.17036541,0.14296046,0.6635396,0.6583486,0
0.759522,0.8756537,0.007108738,9.54E-05,0.38159412,0.46982324,0,0,0.34851477,0.4641461,0,0,0.38961926,0.4486558,0,0,0.43765217,0.46403483,0,0,0,0,0,0.98266566,0,0.43570697,0,0.4486267,0,0,2.08E-17,0,0.58125275,0.47003502,3
0.35818717,0.30175328,0.18313856,0.13424508,0.38159412,0.46982324,0,0,0.34851477,0.4641461,0,0,0.38961926,0.4486558,0,0,0.43765217,0.46403483,0,0,0,0,0,0.982667,0,0.43570697,0,0.4486267,0,0,2.08E-17,0,0.58125275,0.47003502,5
0.38563153,0.43245876,0.006023,0.000106186955,0.38159412,0.46982324,7.32E-07,4.00E-13,0.34851477,0.4641461,0.0005702669,2.77E-07,0.38961926,0.4486558,0.00072691304,5.08E-07,0.43765217,0.46403483,1.97E-21,3.15E-21,0.31339794,6.99E-10,0.33266,1.47E-05,5.77E-05,0.43570697,0,0.4486267,0,0,0.009929078,0,0.58125275,0.47003502,3
0.0011064289,0.0015890724,0.009915078,0.0012371459,0.38159412,0.46982324,4.37E-06,0.00017391081,0.34851477,0.46415523,0.017839907,0.00064378406,0.38966492,0.48864487,0.038378194,0.0016011983,0.43771893,0.47356245,2.83E-18,3.07E-18,0.0011864048,6.01E-18,0.0017322056,7.46E-10,6.05E-18,0.43570697,0.00032752217,0.4486267,0.0014775469,0.00046833637,0.038961813,0.00052237906,0.58125263,0.4681931,0
0.3778137,0.3100764,0.0054001687,0.000108296306,0.38159412,0.46982324,7.44E-07,4.13E-13,0.34851477,0.4641461,0.0004983883,2.11E-07,0.38961926,0.4486558,0.000731655,5.14E-07,0.43765217,0.46403483,1.23E-18,1.34E-18,0.20975624,7.66E-07,0.21353526,4.42E-05,0.00017396822,0.43570697,0,0.4486267,0,0,0.009929078,0,0.58125275,0.47003502,3
0.7482009,0.8034176,0.0070804544,9.59E-05,0.38159412,0.46982324,8.44E-08,5.31E-15,0.34851477,0.4641461,0.00015734632,2.11E-08,0.38961926,0.4486558,0.0002442946,5.74E-08,0.43765217,0.46403483,2.34E-22,1.76E-22,0.61885506,6.50E-10,0.72958976,7.11E-06,2.80E-05,0.43570697,0,0.4486267,0,0,0.009929078,0,0.58125275,0.47003502,3
0.0010209916,0.0015920958,0.008776332,0.00091494527,0.38159412,0.46981484,0.015040316,0.00017063571,0.34851307,0.4560475,0.038960677,0.0013676279,0.38974848,0.50767934,0.033163402,0.0012742569,0.43790388,0.50668323,7.35E-18,7.54E-18,0.0010310911,1.39E-17,0.0017089953,7.75E-10,1.62E-17,0.43570697,0.000102792,0.44125515,0.0014769736,0.0040269387,0.039385904,0.0005116465,0.58126044,0.48528102,0
0.25102654,0.280105,1.65E-05,1.67E-06,0.38159412,0.46982324,0,0,0.34851477,0.4641461,0,0,0.38961926,0.4486558,0,0,0.43765217,0.46403483,0,0,0,0,0,0.982663,0,0.43570697,0,0.4486267,0,0,2.08E-17,0,0.58125275,0.47003502,2
0.32737434,0.16853993,0.0052973838,0.00010829933,0.38159412,0.46982324,0,0,0.34851477,0.4641461,0,0,0.38961926,0.4486558,0,0,0.43765217,0.46403483,0,0,0,0,0,0.98266554,0,0.43570697,0,0.4486267,0,0,2.08E-17,0,0.58125275,0.47003502,3
0.37511355,0.44532445,0.20319948,0.14033888,0.38159412,0.46982324,0.009813231,7.17E-05,0.34851477,0.4641461,0.031103415,0.0008229988,0.38961926,0.4486558,0.028357144,0.0007727376,0.43765217,0.46403483,9.14E-22,1.03E-21,0.22448409,6.44E-11,0.3217231,1.16E-05,4.55E-05,0.43570697,0,0.4486267,0,0,0.35886526,0,0.58125275,0.47003502,1
0.0035958483,0.0037797207,0.04761876,0.07475899,0.38159412,0.46982324,0,0,0.34851477,0.4641461,0.0020074933,3.43E-06,0.38961926,0.4486558,0.014124415,0.00019171143,0.43765217,0.46403483,0,3.86E-31,7.63E-06,1.56E-17,9.09E-05,2.04E-08,5.16E-16,0.43570697,3.70E-06,0.4486267,0.0003149821,0.014071218,0.018822812,0.00019167417,0.58125275,0.47003502,0
0.001154487,0.0016082827,0.0090082185,0.0009758206,0.3815898,0.46668634,0.047419697,0.0017713245,0.3483429,0.40756923,0.04141652,0.0016341226,0.389644,0.45696732,0.03420205,0.0013442545,0.4378215,0.4913703,1.09E-18,3.05E-18,0.0012409674,6.83E-18,0.0017343602,7.46E-10,7.19E-18,0.43570697,0.0002862172,0.44862548,0.0013733815,0.0020726172,0.039645784,0.00047739985,0.5812506,0.46155497,0
0.0012616557,0.0016617053,0.01921006,0.040510863,0.38159412,0.46982318,0.00068385975,1.31E-05,0.34851474,0.46273127,0.00963465,0.0001421375,0.38961473,0.43231827,0.010189923,0.00015440011,0.4376639,0.47993216,1.66E-25,1.97E-19,0.0002314247,4.10E-17,0.0003816227,4.83E-09,5.06E-17,0.43421882,0.00015337743,0.43229023,0.0013230853,0.0101515455,0.028273398,0.00015437012,0.58126235,0.4857542,0
0.22581331,0.23143613,7.57E-05,3.77E-06,0.38159412,0.46982324,0,0,0.34851477,0.4641461,0,0,0.38961926,0.4486558,0,0,0.43765217,0.46403483,0,0,0,0,0,0.9826629,0,0.43570697,0,0.4486267,0,0,2.08E-17,0,0.58125275,0.47003502,2
0.70900524,0.77873033,0.2503657,0.1273986,0.38159412,0.46982324,0.00022798048,3.87E-08,0.34851477,0.4641461,0.007107507,4.30E-05,0.38961926,0.4486558,0.0066741896,4.28E-05,0.43765217,0.46403483,8.20E-23,9.62E-23,0.58014333,3.65E-10,0.6923582,7.03E-06,2.76E-05,0.43570697,0,0.4486267,0,0,0.35886526,0,0.58125275,0.47003502,1
0.43542895,0.36856073,0.21411073,0.13137321,0.38159412,0.46982324,0.0031604697,7.44E-06,0.34851477,0.4641461,0.014628373,0.00018204346,0.38961926,0.4486558,0.014601067,0.00020486901,0.43765217,0.46403483,6.01E-22,1.31E-21,0.3148003,3.93E-07,0.28708124,3.20E-05,0.00012607165,0.43570697,0,0.4486267,0,0,0.3503546,0,0.58125275,0.47003502,4
0.7186775,0.9744465,0.24420846,0.1215258,0.38159412,0.46982324,0.0006219757,2.88E-07,0.34851477,0.4641461,0.0077956715,5.17E-05,0.38961926,0.4486558,0.006937989,4.63E-05,0.43765217,0.46403483,5.69E-22,4.03E-22,0.5844222,7.79E-17,0.86559963,1.21E-06,4.76E-06,0.43570697,0,0.4486267,0,0,0.3503546,0,0.58125275,0.47003502,4
0.7136231,0.80569357,0.25025508,0.12744892,0.38159412,0.46982324,0,0,0.34851477,0.4641461,0,0,0.38961926,0.4486558,0,0,0.43765217,0.46403483,0,0,0,0,0,0.9826662,0,0.43570697,0,0.4486267,0,0,2.08E-17,0,0.58125275,0.47003502,1
0.36434418,0.20192607,0.18370417,0.13425821,0.38159412,0.46982324,0.00035821606,9.56E-08,0.34851477,0.4641461,0.01501472,0.00019178628,0.38961926,0.4486558,0.019489795,0.0003650242,0.43765217,0.46403483,3.04E-21,3.01E-21,0.22637154,1.85E-05,0.13497613,9.69E-05,0.00038117246,0.43570697,1.97E-15,0.4486267,0.46762648,8.82E-08,0.3503546,7.53E-15,0.58125275,0.47003502,5
0.43037522,0.60313195,0.21139087,0.13192381,0.38159412,0.46982324,0.019645285,0.00028752306,0.34851477,0.4641461,0.019500181,0.0003234896,0.38961926,0.4486558,0.01424347,0.00019495694,0.43765217,0.46403483,1.49E-21,2.10E-21,0.29706773,1.34E-20,0.46382412,8.77E-07,3.45E-06,0.43570697,0,0.4486267,0,0,0.3503546,0,0.58125275,0.47003502,4
0.0031655452,0.000847021,0.04457714,0.051901557,0.34078205,0.37336144,0.315758,0.26847076,0.30401585,0.36023822,0.31476495,0.31051707,0.34183538,0.34378174,0.28705275,0.2928883,0.4115852,0.43839732,1.54E-17,1.67E-17,0.0034101587,3.09E-17,0.0006700503,2.06E-07,7.96E-07,0.43570697,0.16930245,0.4486267,0.00015013485,0.4278232,0.1601084,0.1771858,0.58125275,0.47003502,0
0.25684476,0.3612885,1.51E-05,1.50E-06,0.38159412,0.46982324,0,0,0.34851477,0.4641461,0,0,0.38961926,0.4486558,0,0,0.43765217,0.46403483,0,0,0,0,0,0.9826633,0,0.43570697,0,0.4486267,0,0,2.08E-17,0,0.58125275,0.47003502,2
0.7136603,0.6438312,0.24356976,0.12180859,0.38159412,0.46982324,0.015703797,0.00018372377,0.34851477,0.4641461,0.010646961,9.64E-05,0.38961926,0.4486558,0.0072440137,5.04E-05,0.43765217,0.46403483,6.88E-23,1.39E-22,0.58499086,4.13E-08,0.5704213,1.37E-05,5.39E-05,0.43570697,0,0.4486267,0,0,0.3503546,0,0.58125275,0.47003502,4
0.719976,0.37431976,0.008018702,8.03E-05,0.38159412,0.46982324,5.15E-07,1.97E-13,0.34851477,0.4641461,0.00018888582,3.04E-08,0.38961926,0.4486558,0.00026986512,7.00E-08,0.43765217,0.46403483,2.51E-22,5.55E-22,0.6708831,9.35E-06,0.38356707,3.55E-05,0.0001397155,0.43570697,0,0.4486267,0,0,0.009929078,0,0.58125275,0.47003502,3
0.4463905,0.6066322,0.21394788,0.13140959,0.38159412,0.46982324,3.93E-06,1.15E-11,0.34851477,0.4641461,0.007273943,4.50E-05,0.38961926,0.4486558,0.012396145,0.00014766594,0.43765217,0.46403483,3.51E-22,4.10E-22,0.32218957,3.14E-18,0.47211742,1.52E-06,5.97E-06,0.43570697,0,0.4486267,0,0,0.3503546,0,0.58125275,0.47003502,4
0.22292155,0.17559272,7.72E-05,4.07E-06,0.38159412,0.46982324,0,0,0.34851477,0.4641461,0,0,0.38961926,0.4486558,0,0,0.43765217,0.46403483,0,0,0,0,0,0.9826629,0,0.43570697,0,0.4486267,0,0,2.08E-17,0,0.58125275,0.47003502,2
0.7412702,0.7145436,0.008069501,7.89E-05,0.38159412,0.46982324,1.88E-07,2.64E-14,0.34851477,0.4641461,0.0001678346,2.40E-08,0.38961926,0.4486558,0.00026174655,6.58E-08,0.43765217,0.46403483,2.32E-22,1.89E-22,0.7033464,7.92E-09,0.73649055,9.16E-06,3.60E-05,0.43570697,0,0.4486267,0,0,0.009929078,0,0.58125275,0.47003502,3
0.4439247,0.6054259,0.21321413,0.13156177,0.38159412,0.46982324,0,0,0.34851477,0.4641461,0,0,0.38961926,0.4486558,0,0,0.43765217,0.46403483,0,0,0,0,0,0.98266506,0,0.43570697,0,0.4486267,0,0,2.08E-17,0,0.58125275,0.47003502,4
0.71686906,0.9953824,0.24414565,0.12155328,0.38159412,0.46982324,0.0012346017,1.14E-06,0.34851477,0.4641461,0.008587442,6.27E-05,0.38961926,0.4486558,0.0074132187,5.28E-05,0.43765217,0.46403483,5.46E-23,9.69E-23,0.5871794,1.42E-19,0.8839799,6.31E-07,2.48E-06,0.43570697,0,0.4486267,0,0,0.3503546,0,0.58125275,0.47003502,4
0.0032062503,0.0035163714,0.04920114,0.07426247,0.38159412,0.46982324,0.089201026,0.005927829,0.34851477,0.4641461,0.081340834,0.005628599,0.38961926,0.4486558,0.07367769,0.0052166814,0.43764776,0.46267307,7.12E-17,8.76E-17,0.0004015504,1.67E-15,0.00022364898,1.22E-08,4.10E-15,0.43570697,0.00719834,0.4486267,0.00014998474,0.088060975,0.052864507,0.007507015,0.58125275,0.47003502,0
0.7174547,0.9589579,0.24470744,0.12130291,0.38159412,0.46982324,0.0008096726,4.88E-07,0.34851477,0.4641461,0.00799194,5.43E-05,0.38961926,0.4486558,0.0069370773,4.62E-05,0.43765217,0.46403483,1.55E-22,2.25E-22,0.58658177,1.26E-15,0.8535818,1.62E-06,6.38E-06,0.43570697,0,0.4486267,0,0,0.3503546,0,0.58125275,0.47003502,4
0.0011670543,0.0017681661,0.043461353,0.12006779,0.38159412,0.4698233,0.02494312,0.00068255706,0.34851202,0.4623134,0.051157355,0.0023417044,0.38935706,0.3768073,0.38245308,0.1529105,0.44064394,0.46881446,5.80E-21,3.45E-18,0.0011304084,7.63E-18,0.001917527,6.39E-10,9.66E-18,0.43570697,0.00065053575,0.44731334,0.0013298817,0.06616462,0.1164897,0.2772754,0.5891988,0.51116043,0
0.7501807,0.92809486,0.24497923,0.12118076,0.38159412,0.46982324,1.12E-06,9.42E-13,0.34851477,0.4641461,0.003989825,1.35E-05,0.38961926,0.4486558,0.006385134,3.92E-05,0.43765217,0.46403483,1.13E-22,1.46E-22,0.62383574,7.45E-14,0.82701623,2.53E-06,9.97E-06,0.43570697,0,0.4486267,0,0,0.3503546,0,0.58125275,0.47003502,4
0.70783126,0.98956424,0.24424343,0.12150976,0.38159412,0.46982324,0,0,0.34851477,0.4641461,0,0,0.38961926,0.4486558,0,0,0.43765217,0.46403483,0,0,0,0,0,0.98266506,0,0.43570697,0,0.4486267,0,0,2.08E-17,0,0.58125275,0.47003502,4
0.0042750724,0.002054243,0.097382225,0.30059534,0.21324223,0.37307388,0.9344478,0.85418177,0.14115705,0.35245088,0.88607776,0.8413006,0.29509887,0.39232793,0.59296966,0.37824547,0.50285053,0.50401366,2.75E-20,3.60E-19,0.004827938,2.57E-18,0.002295467,3.55E-09,1.21E-08,0.25132012,0.77585804,0.1060385,0.0024749532,0.91574365,0.3155973,0.8117989,0.53732365,0.20153266,0
0.7299504,0.77848697,0.24374394,0.12173159,0.38159412,0.46982324,1.31E-05,1.27E-10,0.34851477,0.4641461,0.005215991,2.31E-05,0.38961926,0.4486558,0.006509248,4.07E-05,0.43765217,0.46403483,1.84E-22,1.67E-22,0.59307265,5.45E-10,0.6902046,7.35E-06,2.89E-05,0.43570697,0,0.4486267,0,0,0.3503546,0,0.58125275,0.47003502,4
0.00082650007,0.0015272474,0.00812314,0.00075830397,0.38159412,0.46982324,2.53E-05,1.14E-07,0.34851477,0.46513045,0.023094699,0.0006005627,0.3896463,0.47093707,0.030370291,0.0011046149,0.43794003,0.51937485,1.10E-17,1.10E-17,0.00084770925,8.05E-18,0.0016092077,8.36E-10,6.77E-18,0.43570697,0.0002870912,0.44698396,0.001466775,0.0040292586,0.03972381,0.0004869832,0.58126426,0.49343374,0
0.4043908,0.1687798,0.20978741,0.13955486,0.38159412,0.46982324,0,0,0.34851477,0.4641461,0,0,0.38961926,0.4486558,0,0,0.43765217,0.46403483,0,0,0,0,0,0.9826661,0,0.43570697,0,0.4486267,0,0,2.08E-17,0,0.58125275,0.47003502,1
0.00047098353,0.00043976327,0.011151278,0.0004588523,0.38159412,0.46982324,1.39E-09,1.62E-18,0.34851477,0.4641461,7.37E-07,4.64E-13,0.38961926,0.4486558,0.0076178643,5.58E-05,0.43765184,0.45274243,0,3.86E-31,6.54E-06,2.81E-20,6.53E-05,2.68E-08,2.00E-16,0.43570697,5.01E-13,0.4486267,0.00022639608,0.007589173,0.033651866,5.58E-05,0.58125246,0.4588692,0
0.2181671,0.29101625,7.29E-05,3.62E-06,0.38159412,0.46982324,0,0,0.34851477,0.4641461,0,0,0.38961926,0.4486558,0,0,0.43765217,0.46403483,0,0,0,0,0,0.98266304,0,0.43570697,0,0.4486267,0,0,2.08E-17,0,0.58125275,0.47003502,2
0.38638392,0.44920346,0.005943541,0.000106591855,0.38159412,0.46982324,0,0,0.34851477,0.4641461,0,0,0.38961926,0.4486558,0,0,0.43765217,0.46403483,0,0,0,0,0,0.98266566,0,0.43570697,0,0.4486267,0,0,2.08E-17,0,0.58125275,0.47003502,3
0.4628057,0.57847536,0.21495071,0.13119367,0.38159412,0.46982324,1.80E-06,2.41E-12,0.34851477,0.4641461,0.0065113963,3.61E-05,0.38961926,0.4486558,0.012343641,0.00014641773,0.43765217,0.46403483,2.22E-21,1.93E-21,0.34340978,6.03E-14,0.45231292,4.27E-06,1.68E-05,0.43570697,0,0.4486267,0,0,0.3503546,0,0.58125275,0.47003502,4
0.39956552,0.3791045,0.0057987333,0.00010734557,0.38159412,0.46982324,5.72E-07,2.44E-13,0.34851477,0.4641461,0.00040308895,1.38E-07,0.38961926,0.4486558,0.0006648784,4.25E-07,0.43765217,0.46403483,2.69E-21,2.36E-21,0.3087154,2.93E-08,0.28049845,2.52E-05,9.93E-05,0.43570697,0,0.4486267,0,0,0.009929078,0,0.58125275,0.47003502,3
0.38622484,0.59736407,0.21320373,0.13156444,0.38159412,0.46982324,0,0,0.34851477,0.4641461,0,0,0.38961926,0.4486558,0,0,0.43765217,0.46403483,0,0,0,0,0,0.98266506,0,0.43570697,0,0.4486267,0,0,2.08E-17,0,0.58125275,0.47003502,4
0.8828012,0.90834904,0.008150061,7.69E-05,0.38159412,0.46982324,0.00046505313,1.61E-07,0.34851477,0.4641461,0.00029162393,7.23E-08,0.38961926,0.4486558,0.0002602421,6.51E-08,0.43765217,0.46403483,1.02E-22,9.59E-22,0.8587747,2.22E-11,0.94668555,4.04E-06,1.59E-05,0.43570697,0,0.4486267,0,0,0.009929078,0,0.58125275,0.47003502,3
0.4645486,0.57874763,0.2150728,0.1311669,0.38159412,0.46982324,1.71E-06,2.19E-12,0.34851477,0.4641461,0.0064744856,3.57E-05,0.38961926,0.4486558,0.012335379,0.00014622178,0.43765217,0.46403483,1.79E-21,1.76E-21,0.34629267,5.96E-14,0.45278278,4.27E-06,1.68E-05,0.43570697,0,0.4486267,0,0,0.3503546,0,0.58125275,0.47003502,4
0.00036240814,0.00042152352,0.01286499,0.000822819,0.38159412,0.46982324,3.32E-06,5.24E-08,0.34851477,0.464143,0.00051099714,0.00063465175,0.38961607,0.35459962,0.00083600596,0.0017366033,0.4376232,0.33930552,2.00E-17,7.23E-17,0.00017141133,6.55E-16,0.00010620156,7.45E-05,0.0002982636,0.43570697,0,0.4486267,0,0,0.009929078,0,0.58125275,0.47003502,0
0.42893547,0.51622075,0.21346991,0.13150917,0.38159412,0.46982324,0,0,0.34851477,0.4641461,0,0,0.38961926,0.4486558,0,0,0.43765217,0.46403483,0,0,0,0,0,0.9826649,0,0.43570697,0,0.4486267,0,0,2.08E-17,0,0.58125275,0.47003502,4
0.0004328227,0.00046148733,0.011555651,0.0015835481,0.38159412,0.46982324,1.39E-09,1.62E-18,0.34851477,0.4641461,2.04E-05,3.57E-10,0.38961926,0.4066981,0.01007789,9.76E-05,0.43765035,0.42735192,0,7.74E-31,6.73E-06,2.95E-21,7.29E-05,2.45E-08,3.17E-16,0.43570697,3.85E-10,0.4066717,0.00025284474,0.010039934,0.033247255,9.76E-05,0.5812512,0.43376324,0
0.7086255,0.960987,0.24448293,0.121403106,0.38159412,0.46982324,4.84E-05,1.74E-09,0.34851477,0.4641461,0.006044572,3.11E-05,0.38961926,0.4486558,0.006734896,4.36E-05,0.43765217,0.46403483,1.11E-21,9.49E-22,0.57431805,7.23E-16,0.8545977,1.53E-06,6.02E-06,0.43570697,0,0.4486267,0,0,0.3503546,0,0.58125275,0.47003502,4
0.37244797,0.31184432,0.005403651,0.000108279644,0.38159412,0.46982324,2.73E-07,5.55E-14,0.34851477,0.4641461,0.00046901315,1.87E-07,0.38961926,0.4486558,0.00072506233,5.05E-07,0.43765217,0.46403483,2.62E-20,1.86E-19,0.21040982,6.79E-07,0.21488063,4.34E-05,0.00017084349,0.43570697,0,0.4486267,0,0,0.009929078,0,0.58125275,0.47003502,3
0.4035608,0.33145085,0.0054932106,0.00010818884,0.38159412,0.46982324,0,0,0.34851477,0.4641461,0,0,0.38961926,0.4486558,0,0,0.43765217,0.46403483,0,0,0,0,0,0.9826656,0,0.43570697,0,0.4486267,0,0,2.08E-17,0,0.58125275,0.47003502,3
0.21811745,0.18104087,7.80E-05,4.06E-06,0.38159412,0.46982324,0,0,0.34851477,0.4641461,0,0,0.38961926,0.4486558,0,0,0.43765217,0.46403483,0,0,0,0,0,0.9826629,0,0.43570697,0,0.4486267,0,0,2.08E-17,0,0.58125275,0.47003502,2
0.2597046,0.35624564,1.50E-05,1.52E-06,0.38159412,0.46982324,0,0,0.34851477,0.4641461,0,0,0.38961926,0.4486558,0,0,0.43765217,0.46403483,0,0,0,0,0,0.98266315,0,0.43570697,0,0.4486267,0,0,2.08E-17,0,0.58125275,0.47003502,2
0.4193042,0.51896286,0.21333668,0.13153705,0.38159412,0.46982324,0.0002791707,5.81E-08,0.34851477,0.4641461,0.010554193,9.48E-05,0.38961926,0.4486558,0.013794026,0.00018284757,0.43765217,0.46403483,1.20E-20,3.19E-21,0.30318287,7.26E-11,0.40276015,9.63E-06,3.79E-05,0.43570697,0,0.4486267,0,0,0.3503546,0,0.58125275,0.47003502,4
0.30225164,0.077782236,0.1807839,0.13418366,0.38159412,0.46982324,0,0,0.34851477,0.4641461,0,0,0.38961926,0.4486558,0,0,0.43765217,0.46403483,0,0,0,0,0,0.98266697,0,0.43570697,0,0.4486267,0,0,2.08E-17,0,0.58125275,0.47003502,5
0.40008488,0.30875093,0.21014427,0.1395092,0.38159412,0.46982324,0,0,0.34851477,0.4641461,0,0,0.38961926,0.4486558,0,0,0.43765217,0.46403483,0,0,0,0,0,0.98266613,0,0.43570697,0,0.4486267,0,0,2.08E-17,0,0.58125275,0.47003502,1
0.003375479,0.0037049146,0.04476437,0.06721861,0.38159364,0.46714,0.08236448,0.005056805,0.3483888,0.4199828,0.28762805,0.26651144,0.36303702,0.37981325,0.3354311,0.2895743,0.4169155,0.4461529,6.38E-18,1.31E-17,0.0017431688,3.00E-17,0.0027302827,3.78E-10,5.36E-17,0.43570697,0.006403818,0.4486267,0.00015013559,0.08320557,0.05147172,0.00670201,0.58125275,0.47003502,0
0.3560458,0.37220758,0.1838134,0.13425829,0.38159412,0.46982324,0.009360373,6.53E-05,0.34851477,0.4641461,0.019731637,0.00033121448,0.38961926,0.4486558,0.017879946,0.00030721293,0.43765217,0.46403483,2.04E-21,1.71E-21,0.21739705,6.45E-09,0.24892646,2.36E-05,9.29E-05,0.43570697,1.97E-15,0.4486267,0.86250687,1.25E-07,0.3503546,1.52E-14,0.58125275,0.47003502,5
0.46634173,0.59415704,0.21480656,0.13122644,0.38159412,0.46982324,0,0,0.34851477,0.4641461,0,0,0.38961926,0.4486558,0,0,0.43765217,0.46403483,0,0,0,0,0,0.982665,0,0.43570697,0,0.4486267,0,0,2.08E-17,0,0.58125275,0.47003502,4
0.21842097,0.26858577,7.46E-05,3.81E-06,0.38159412,0.46982324,0,0,0.34851477,0.4641461,0,0,0.38961926,0.4486558,0,0,0.43765217,0.46403483,0,0,0,0,0,0.982663,0,0.43570697,0,0.4486267,0,0,2.08E-17,0,0.58125275,0.47003502,2
0.71967906,0.67978674,0.2432878,0.121932276,0.38159412,0.46982324,0.00011328104,9.56E-09,0.34851477,0.4641461,0.006497318,3.59E-05,0.38961926,0.4486558,0.006713361,4.33E-05,0.43765217,0.46403483,1.19E-22,1.56E-22,0.58378565,1.54E-08,0.6015718,1.18E-05,4.63E-05,0.43570697,0,0.4486267,0,0,0.3503546,0,0.58125275,0.47003502,4
0.23034492,0.17438927,7.74E-05,4.07E-06,0.38159412,0.46982324,0,0,0.34851477,0.4641461,0,0,0.38961926,0.4486558,0,0,0.43765217,0.46403483,0,0,0,0,0,0.98266286,0,0.43570697,0,0.4486267,0,0,2.08E-17,0,0.58125275,0.47003502,2
0.00091538194,0.0016599961,0.03373653,0.088667855,0.38159412,0.46982324,1.86E-05,2.81E-06,0.34851477,0.46414554,0.022834674,0.0007142381,0.38960692,0.44002557,0.33123916,0.12415338,0.45480534,0.4943571,8.57E-21,1.61E-18,0.0008573307,7.67E-18,0.001775737,7.19E-10,6.91E-18,0.43566146,0.00183296,0.4844288,0.0013851867,0.057725236,0.04415805,0.003528898,0.5814471,0.48608592,0
0.74207497,0.52854335,0.007072771,9.59E-05,0.38159412,0.46982324,7.14E-07,3.80E-13,0.34851477,0.4641461,0.00020723071,3.65E-08,0.38961926,0.4486558,0.00023501611,5.31E-08,0.43765217,0.46403483,2.49E-22,1.89E-22,0.61740917,8.81E-07,0.47947398,2.22E-05,8.75E-05,0.43570697,0,0.4486267,0,0,0.009929078,0,0.58125275,0.47003502,3
0.70033497,0.32467493,0.24430795,0.1214821,0.38159412,0.46982324,0,0,0.34851477,0.4641461,0,0,0.38961926,0.4486558,0,0,0.43765217,0.46403483,0,0,0,0,0,0.98266476,0,0.43570697,0,0.4486267,0,0,2.08E-17,0,0.58125275,0.47003502,4
0.22843465,0.3107373,7.17E-05,3.58E-06,0.38159412,0.46982324,0,0,0.34851477,0.4641461,0,0,0.38961926,0.4486558,0,0,0.43765217,0.46403483,0,0,0,0,0,0.98266315,0,0.43570697,0,0.4486267,0,0,2.08E-17,0,0.58125275,0.47003502,2
0.00043418602,0.00047580164,0.018565137,0.014525994,0.38159412,0.46982524,0.0017024067,3.85E-05,0.3485149,0.47019106,0.008600943,0.0027053885,0.38958186,0.4170619,0.16910122,0.07532641,0.45493636,0.5218964,1.90E-18,6.35E-18,0.00029196625,1.37E-16,0.00028753123,1.97E-06,7.88E-06,0.43570697,0,0.4486267,0,0,0.009929078,0,0.58125275,0.47003502,0
0.42345738,0.5423,0.21321096,0.13156441,0.38159412,0.46982324,0,0,0.34851477,0.4641461,0,0,0.38961926,0.4486558,0,0,0.43765217,0.46403483,0,0,0,0,0,0.98266494,0,0.43570697,0,0.4486267,0,0,2.08E-17,0,0.58125275,0.47003502,4
0.7509114,0.46199894,0.007079659,9.58E-05,0.38159412,0.46982324,0,0,0.34851477,0.4641461,0,0,0.38961926,0.4486558,0,0,0.43765217,0.46403483,0,0,0,0,0,0.98266554,0,0.43570697,0,0.4486267,0,0,2.08E-17,0,0.58125275,0.47003502,3
0.6977166,0.81739235,0.24985793,0.12762998,0.38159412,0.46982324,0,0,0.34851477,0.4641461,0,0,0.38961926,0.4486558,0,0,0.43765217,0.46403483,0,0,0,0,0,0.9826662,0,0.43570697,0,0.4486267,0,0,2.08E-17,0,0.58125275,0.47003502,1
0.47408393,0.5596484,0.21313414,0.13157913,0.38159412,0.46982324,0,0,0.34851477,0.4641461,0,0,0.38961926,0.4486558,0,0,0.43765217,0.46403483,0,0,0,0,0,0.98266494,0,0.43570697,0,0.4486267,0,0,2.08E-17,0,0.58125275,0.47003502,4
0.22053969,0.2971168,7.53E-05,3.80E-06,0.38159412,0.46982324,0,0,0.34851477,0.4641461,0,0,0.38961926,0.4486558,0,0,0.43765217,0.46403483,0,0,0,0,0,0.9826631,0,0.43570697,0,0.4486267,0,0,2.08E-17,0,0.58125275,0.47003502,2
0.4269952,0.6047375,0.2132328,0.13155839,0.38159412,0.46982324,0.007857416,4.60E-05,0.34851477,0.4641461,0.017187685,0.00025131463,0.38961926,0.4486558,0.013643223,0.00017887144,0.43765217,0.46403483,1.06E-21,1.07E-21,0.29811862,1.27E-18,0.46909782,1.38E-06,5.44E-06,0.43570697,0,0.4486267,0,0,0.3503546,0,0.58125275,0.47003502,4
0.69181937,0.8151085,0.25027025,0.12744227,0.38159412,0.46982324,0,0,0.34851477,0.4641461,0,0,0.38961926,0.4486558,0,0,0.43765217,0.46403483,0,0,0,0,0,0.9826662,0,0.43570697,0,0.4486267,0,0,2.08E-17,0,0.58125275,0.47003502,1
0.42426583,0.3368001,0.0055329283,0.00010810182,0.38159412,0.46982324,1.97E-09,2.89E-18,0.34851477,0.4641461,0.00027559584,6.46E-08,0.38961926,0.4486558,0.0006636958,4.23E-07,0.43765217,0.46403483,5.21E-22,8.74E-22,0.28393042,2.34E-07,0.23763543,3.64E-05,0.00014312047,0.43570697,0,0.4486267,0,0,0.009929078,0,0.58125275,0.47003502,3
0.0031599947,0.0011994597,0.035660114,0.04736022,0.3346127,0.35554603,0.26716816,0.3410165,0.30172113,0.35112938,0.26655143,0.38661724,0.342463,0.34053463,0.29151118,0.33466724,0.41648653,0.44492784,3.85E-17,4.04E-17,0.002442404,6.80E-17,0.00082802953,2.20E-09,1.63E-16,0.43570697,0,0.4486267,0,0,0.009929078,0,0.58125275,0.47003502,0
0.0011539062,0.0016034712,0.012515679,0.001744638,0.38159412,0.46990463,0.02900474,0.00067025004,0.34851095,0.46095246,0.064534105,0.0036045897,0.38944578,0.40925613,0.04622916,0.002176504,0.4374311,0.43733022,5.46E-20,1.61E-18,0.0012090227,4.89E-18,0.0016736814,7.87E-10,6.00E-18,0.43250805,0.0026379526,0.48998123,0.0016532235,0.06604103,0.053135764,0.004345102,0.5818432,0.5203485,0
0.43319067,0.34454224,0.0055269906,0.000108126595,0.38159412,0.46982324,0.0014948593,1.66E-06,0.34851477,0.4641461,0.00087776297,6.55E-07,0.38961926,0.4486558,0.0007549484,5.48E-07,0.43765217,0.46403483,5.45E-22,6.93E-22,0.2865523,1.83E-07,0.2428875,3.48E-05,0.00013673362,0.43570697,0,0.4486267,0,0,0.009929078,0,0.58125275,0.47003502,3
0.21893947,0.29550493,7.56E-05,3.79E-06,0.38159412,0.46982324,0,0,0.34851477,0.4641461,0,0,0.38961926,0.4486558,0,0,0.43765217,0.46403483,0,0,0,0,0,0.9826631,0,0.43570697,0,0.4486267,0,0,2.08E-17,0,0.58125275,0.47003502,2
0.24836029,0.3496281,1.49E-05,1.48E-06,0.38159412,0.46982324,0,0,0.34851477,0.4641461,0,0,0.38961926,0.4486558,0,0,0.43765217,0.46403483,0,0,0,0,0,0.9826631,0,0.43570697,0,0.4486267,0,0,2.08E-17,0,0.58125275,0.47003502,2
0.23069882,0.3172253,7.41E-05,3.77E-06,0.38159412,0.46982324,0,0,0.34851477,0.4641461,0,0,0.38961926,0.4486558,0,0,0.43765217,0.46403483,0,0,0,0,0,0.9826633,0,0.43570697,0,0.4486267,0,0,2.08E-17,0,0.58125275,0.47003502,2
0.3543587,0.36404225,0.18444343,0.13426936,0.38159412,0.46982324,0.0068444116,3.49E-05,0.34851477,0.4641461,0.016394686,0.0002286595,0.38961926,0.4486558,0.017230466,0.00028529958,0.43765217,0.46403483,6.94E-22,5.76E-22,0.2225217,1.11E-08,0.24428882,2.55E-05,0.00010015245,0.43570697,1.28E-15,0.4486267,0.84647435,1.30E-07,0.3503546,1.63E-14,0.58125275,0.47003502,5
0.72039974,0.889389,0.0074528903,9.01E-05,0.38159412,0.46982324,7.55E-08,4.25E-15,0.34851477,0.4641461,0.000119470045,1.21E-08,0.38961926,0.4486558,0.00023314732,5.22E-08,0.43765217,0.46403483,3.63E-23,3.19E-23,0.78140104,3.55E-12,0.850285,3.71E-06,1.46E-05,0.43570697,0,0.4486267,0,0,0.009929078,0,0.58125275,0.47003502,3
0.24908139,0.3360107,1.51E-05,1.51E-06,0.38159412,0.46982324,0,0,0.34851477,0.4641461,0,0,0.38961926,0.4486558,0,0,0.43765217,0.46403483,0,0,0,0,0,0.98266304,0,0.43570697,0,0.4486267,0,0,2.08E-17,0,0.58125275,0.47003502,2
0.7199655,0.577355,0.0080713015,7.96E-05,0.38159412,0.46982324,0,0,0.34851477,0.4641461,0,0,0.38961926,0.4486558,0,0,0.43765217,0.46403483,0,0,0,0,0,0.98266554,0,0.43570697,0,0.4486267,0,0,2.08E-17,0,0.58125275,0.47003502,3
0.44610035,0.5976411,0.2139947,0.13140166,0.38159412,0.46982324,0,0,0.34851477,0.4641461,0,0,0.38961926,0.4486558,0,0,0.43765217,0.46403483,0,0,0,0,0,0.982665,0,0.43570697,0,0.4486267,0,0,2.08E-17,0,0.58125275,0.47003502,4
0.34628505,0.3349782,0.18423778,0.1342698,0.38159412,0.46982324,0.0020982164,3.28E-06,0.34851477,0.4641461,0.018063521,0.0002775798,0.38961926,0.4486558,0.018109998,0.00031516928,0.43765217,0.46403483,1.68E-21,3.23E-21,0.21644127,6.87E-08,0.22455056,3.31E-05,0.0001303945,0.43570697,4.64E-16,0.4486267,0.7780345,1.42E-07,0.3503546,1.96E-14,0.58125275,0.47003502,5
0.00096445647,0.0016091801,0.008122688,0.00078204204,0.38159412,0.46982324,2.00E-05,3.18E-06,0.34851477,0.46516043,0.021695118,0.0006806856,0.38968143,0.49476922,0.030906659,0.0011518997,0.437827,0.49617606,1.46E-21,2.71E-18,0.00086530217,2.29E-17,0.0016825568,7.95E-10,2.92E-17,0.43566424,0.0018441757,0.48334396,0.0013739783,0.055709396,0.04396463,0.003284768,0.58162063,0.50270885,0
7.50E-05,0.00044383766,0.013499842,0.0025486564,0.38159412,0.46982324,0,0,0.34851477,0.4641461,2.11E-06,1.73E-07,0.38961926,0.44865555,0.0006049635,0.00029920632,0.43764782,0.40134826,0,0,2.07E-06,1.87E-20,5.81E-05,3.03E-08,7.06E-16,0.43570697,0,0.4486267,0,0,0.009219858,0,0.58125275,0.47003502,0
0.22288135,0.31076837,7.24E-05,3.58E-06,0.38159412,0.46982324,0,0,0.34851477,0.4641461,0,0,0.38961926,0.4486558,0,0,0.43765217,0.46403483,0,0,0,0,0,0.98266315,0,0.43570697,0,0.4486267,0,0,2.08E-17,0,0.58125275,0.47003502,2
0.4093563,0.2993602,0.21465096,0.13125896,0.38159412,0.46982324,0,0,0.34851477,0.4641461,0,0,0.38961926,0.4486558,0,0,0.43765217,0.46403483,0,0,0,0,0,0.9826648,0,0.43570697,0,0.4486267,0,0,2.08E-17,0,0.58125275,0.47003502,4
0.59200156,0.15705045,0.00702557,9.66E-05,0.38159412,0.46982324,0,0,0.34851477,0.4641461,0,0,0.38961926,0.4486558,0,0,0.43765217,0.46403483,0,0,0,0,0,0.9826655,0,0.43570697,0,0.4486267,0,0,2.08E-17,0,0.58125275,0.47003502,3
0.71675676,0.30625895,0.0070710396,9.60E-05,0.38159412,0.46982324,1.34E-05,1.34E-10,0.34851477,0.4641461,0.00021450286,3.91E-08,0.38961926,0.4486558,0.00023337796,5.23E-08,0.43765217,0.46403483,6.13E-23,1.27E-17,0.60105485,2.96E-05,0.27775228,5.44E-05,0.00021411643,0.43570697,0,0.4486267,0,0,0.009929078,0,0.58125275,0.47003502,3
0.7052063,0.43754193,0.2436522,0.1217723,0.38159412,0.46982324,1.63E-06,1.98E-12,0.34851477,0.4641461,0.0042475015,1.53E-05,0.38961926,0.4486558,0.006442771,3.99E-05,0.43765217,0.46403483,1.49E-22,1.95E-22,0.57710403,3.45E-06,0.38777393,3.13E-05,0.00012320948,0.43570697,0,0.4486267,0,0,0.3503546,0,0.58125275,0.47003502,4
0.7572767,0.70882654,0.00708404,9.57E-05,0.38159412,0.46982324,4.99E-06,1.85E-11,0.34851477,0.4641461,0.00020292554,3.50E-08,0.38961926,0.4486558,0.00024688564,5.86E-08,0.43765217,0.46403483,3.07E-22,1.90E-22,0.63248736,1.46E-08,0.64407766,1.10E-05,4.33E-05,0.43570697,0,0.4486267,0,0,0.009929078,0,0.58125275,0.47003502,3
0.2274569,0.31834942,7.27E-05,3.63E-06,0.38159412,0.46982324,0,0,0.34851477,0.4641461,0,0,0.38961926,0.4486558,0,0,0.43765217,0.46403483,0,0,0,0,0,0.9826633,0,0.43570697,0,0.4486267,0,0,2.08E-17,0,0.58125275,0.47003502,2
0.39220774,0.31960413,0.20957431,0.13959102,0.38159412,0.46982324,0.00485348,1.75E-05,0.34851477,0.4641461,0.028887575,0.0007099132,0.38961926,0.4486558,0.028651739,0.00078887655,0.43765217,0.46403483,1.47E-20,9.28E-21,0.2586325,2.77E-07,0.23815006,3.66E-05,0.00014387305,0.43570697,0,0.4486267,0,0,0.35886526,0,0.58125275,0.47003502,1
0.7039168,0.3665586,0.25124553,0.12699394,0.38159412,0.46982324,0,0,0.34851477,0.4641461,0,0,0.38961926,0.4486558,0,0,0.43765217,0.46403483,0,0,0,0,0,0.9826661,0,0.43570697,0,0.4486267,0,0,2.08E-17,0,0.58125275,0.47003502,1
0.73865426,0.8367988,0.0071010482,9.56E-05,0.38159412,0.46982324,6.84E-05,3.48E-09,0.34851477,0.4641461,0.0003213797,8.79E-08,0.38961926,0.4486558,0.00026839887,6.92E-08,0.43765217,0.46403483,5.72E-23,1.10E-22,0.6245394,1.52E-10,0.7621271,5.89E-06,2.32E-05,0.43570697,0,0.4486267,0,0,0.009929078,0,0.58125275,0.47003502,3
0.24900773,0.35357252,1.49E-05,1.48E-06,0.38159412,0.46982324,0,0,0.34851477,0.4641461,0,0,0.38961926,0.4486558,0,0,0.43765217,0.46403483,0,0,0,0,0,0.98266315,0,0.43570697,0,0.4486267,0,0,2.08E-17,0,0.58125275,0.47003502,2
0.01223558,0.0027681335,0.068963006,0.09614142,0.34234866,0.36782604,0.27576894,0.29979822,0.32242125,0.39883658,0.33582827,0.24652159,0.37645257,0.41758367,0.33286792,0.2593345,0.4239884,0.4513796,4.15E-19,5.90E-19,0.01438889,1.51E-17,0.003148554,2.90E-10,6.23E-17,0.43570697,3.19E-05,0.4486267,7.51E-05,0.005873705,0.02968981,3.34E-05,0.58125275,0.47003502,0
0.27150902,0.08287885,0.19428217,0.14085133,0.38159412,0.46982324,0.00017314959,2.23E-08,0.34851477,0.4641461,0.016219541,0.00022380005,0.38961926,0.4486558,0.019176431,0.00035338054,0.43765217,0.46403483,1.01E-19,1.32E-10,0.15402038,0.000473565,0.05719094,0.00030435857,0.0011969443,0.43570697,0,0.4486267,0,0,0.35886526,0,0.58125275,0.47003502,1
0.0006988379,0.0005308494,0.017593745,0.0020434365,0.38159412,0.46982324,0.012183282,0.00011058203,0.34851477,0.4641461,0.020079635,0.00034300046,0.38961926,0.4486558,0.016660683,0.00026674278,0.43765217,0.46403483,8.76E-19,6.65E-17,0.00024335529,2.95E-16,0.00011540711,1.66E-08,6.14E-16,0.43570697,0.00037012418,0.4486267,0.00040011626,0.016597932,0.017631846,0.00026669094,0.58125275,0.47003502,0
0.75917983,0.76405144,0.008088637,7.83E-05,0.38159412,0.46982324,9.58E-05,6.83E-09,0.34851477,0.4641461,0.00030798314,8.07E-08,0.38961926,0.4486558,0.00027770718,7.41E-08,0.43765217,0.46403483,7.33E-23,8.17E-23,0.7296894,1.78E-09,0.7899265,7.38E-06,2.90E-05,0.43570697,0,0.4486267,0,0,0.009929078,0,0.58125275,0.47003502,3
0.74511635,0.4951722,0.0071018655,9.56E-05,0.38159412,0.46982324,0,0,0.34851477,0.4641461,0,0,0.38961926,0.4486558,0,0,0.43765217,0.46403483,0,0,0,0,0,0.98266554,0,0.43570697,0,0.4486267,0,0,2.08E-17,0,0.58125275,0.47003502,3
0.3477515,0.31551844,0.18366924,0.13425808,0.38159412,0.46982324,0,0,0.34851477,0.4641461,0,0,0.38961926,0.4486558,0,0,0.43765217,0.46403483,0,0,0,0,0,0.982667,0,0.43570697,0,0.4486267,0,0,2.08E-17,0,0.58125275,0.47003502,5
0.35336924,0.29419658,0.21118961,0.13935299,0.38159412,0.46982324,0,0,0.34851477,0.4641461,0,0,0.38961926,0.4486558,0,0,0.43765217,0.46403483,0,0,0,0,0,0.98266613,0,0.43570697,0,0.4486267,0,0,2.08E-17,0,0.58125275,0.47003502,1
0.0018160712,0.0006876633,0.034029897,0.032382138,0.33678088,0.37837347,0.28848326,0.39798594,0.30537698,0.37483066,0.2827196,0.42927068,0.35190412,0.37127036,0.23511739,0.3520579,0.4502723,0.47767526,1.37E-18,5.23E-18,0.0020931398,6.32E-17,0.0005110134,3.74E-09,2.10E-16,0.43570697,0.15484765,0.4486267,0.00015013089,0.4091361,0.15395235,0.16204509,0.58125275,0.47003502,0
0.7151895,0.9886791,0.24380834,0.12170316,0.38159412,0.46982324,0,0,0.34851477,0.4641461,0,0,0.38961926,0.4486558,0,0,0.43765217,0.46403483,0,0,0,0,0,0.98266506,0,0.43570697,0,0.4486267,0,0,2.08E-17,0,0.58125275,0.47003502,4
0.7094914,0.54233956,0.24319293,0.12197409,0.38159412,0.46982324,0.00046483811,1.61E-07,0.34851477,0.4641461,0.0075176577,4.81E-05,0.38961926,0.4486558,0.007026262,4.74E-05,0.43765217,0.46403483,6.58E-23,9.29E-23,0.57692456,4.60E-07,0.47975472,2.07E-05,8.14E-05,0.43570697,0,0.4486267,0,0,0.3503546,0,0.58125275,0.47003502,4
0.43461597,0.3974152,0.21237643,0.13173135,0.38159412,0.46982324,0,0,0.34851477,0.4641461,0,0,0.38961926,0.4486558,0,0,0.43765217,0.46403483,0,0,0,0,0,0.9826648,0,0.43570697,0,0.4486267,0,0,2.08E-17,0,0.58125275,0.47003502,4
0.0010574677,0.0015195593,0.008220807,0.0008247915,0.38159412,0.46982324,0.00018942212,1.25E-05,0.34851477,0.46408653,0.026855644,0.00075715425,0.38960898,0.44179124,0.031778414,0.0011755425,0.43790168,0.5097295,1.03E-17,1.02E-17,0.00094364333,6.47E-18,0.0015917534,8.48E-10,6.03E-18,0.43570697,0.0001540643,0.4486267,0.001391017,0.000730245,0.040008347,0.00044408414,0.5812524,0.4662724,0
0.3451595,0.13820004,0.18389626,0.13427415,0.38159412,0.46982324,0,0,0.34851477,0.4641461,0,0,0.38961926,0.4486558,0,0,0.43765217,0.46403483,0,0,0,0,0,0.98266697,0,0.43570697,0,0.4486267,0,0,2.08E-17,0,0.58125275,0.47003502,5
0.73688996,0.63096255,0.0070987027,9.55E-05,0.38159412,0.46982324,2.67E-06,5.33E-12,0.34851477,0.4641461,0.00023745831,4.80E-08,0.38961926,0.4486558,0.00025542997,6.27E-08,0.43765217,0.46403483,9.41E-23,9.89E-23,0.624713,9.98E-08,0.5745109,1.50E-05,5.88E-05,0.43570697,0,0.4486267,0,0,0.009929078,0,0.58125275,0.47003502,3
0.71537894,0.31271428,0.008040395,8.00E-05,0.38159412,0.46982324,4.27E-05,1.36E-09,0.34851477,0.4641461,0.0002950676,7.41E-08,0.38961926,0.4486558,0.00030838078,9.14E-08,0.43765217,0.46403483,1.62E-22,2.64E-18,0.67557865,2.28E-05,0.32135513,4.64E-05,0.00018244989,0.43570697,0,0.4486267,0,0,0.009929078,0,0.58125275,0.47003502,3
0.7287791,0.81007147,0.24372776,0.12173842,0.38159412,0.46982324,0.014511059,0.00015687518,0.34851477,0.4641461,0.010597684,9.55E-05,0.38961926,0.4486558,0.007156762,4.92E-05,0.43765217,0.46403483,2.30E-22,1.53E-22,0.5909124,1.39E-10,0.7181713,6.16E-06,2.42E-05,0.43570697,0,0.4486267,0,0,0.3503546,0,0.58125275,0.47003502,4
0.71093667,0.27373636,0.008055669,7.99E-05,0.38159412,0.46982324,0.0006105366,2.78E-07,0.34851477,0.4641461,0.00038833727,1.28E-07,0.38961926,0.4486558,0.00033850098,1.10E-07,0.43765217,0.46403483,3.40E-23,5.41E-16,0.6731189,3.95E-05,0.28165773,5.59E-05,0.00021983888,0.43570697,0,0.4486267,0,0,0.009929078,0,0.58125275,0.47003502,3
0.7394668,0.5229093,0.007075413,9.59E-05,0.38159412,0.46982324,0,0,0.34851477,0.4641461,0,0,0.38961926,0.4486558,0,0,0.43765217,0.46403483,0,0,0,0,0,0.98266554,0,0.43570697,0,0.4486267,0,0,2.08E-17,0,0.58125275,0.47003502,3
0.2160521,0.29767218,7.53E-05,3.80E-06,0.38159412,0.46982324,0,0,0.34851477,0.4641461,0,0,0.38961926,0.4486558,0,0,0.43765217,0.46403483,0,0,0,0,0,0.9826631,0,0.43570697,0,0.4486267,0,0,2.08E-17,0,0.58125275,0.47003502,2
0.21429393,0.15944742,7.58E-05,4.01E-06,0.38159412,0.46982324,0,0,0.34851477,0.4641461,0,0,0.38961926,0.4486558,0,0,0.43765217,0.46403483,0,0,0,0,0,0.98266286,0,0.43570697,0,0.4486267,0,0,2.08E-17,0,0.58125275,0.47003502,2
0.00028879574,0.0004210638,0.013462904,0.0010681687,0.38159412,0.46982324,1.01E-08,4.50E-07,0.34851477,0.4641461,0.008710309,6.46E-05,0.38961905,0.441137,0.015419114,0.00022847138,0.43765262,0.4679348,0,1.41E-27,2.26E-05,2.23E-16,0.00010328703,1.82E-08,5.61E-16,0.43570697,6.97E-05,0.44110835,0.00035809597,0.015361041,0.03181127,0.00022842699,0.5812531,0.4738913,0
0.39087763,0.42473477,0.21512875,0.13868006,0.38159412,0.46982324,0.0016958109,2.14E-06,0.34851477,0.4641461,0.028132536,0.0006732879,0.38961926,0.4486558,0.02810684,0.0007591562,0.43765217,0.46403483,8.65E-22,1.45E-21,0.28642842,5.30E-10,0.32486182,1.45E-05,5.70E-05,0.43570697,0,0.4486267,0,0,0.35886526,0,0.58125275,0.47003502,1
0.0004525873,0.00036598733,0.011229406,0.00045332967,0.38159412,0.46982324,1.39E-09,1.44E-18,0.34851477,0.4641461,7.81E-07,1.44E-08,0.38961926,0.4486558,0.0076587484,5.64E-05,0.43765152,0.45091435,0,7.74E-31,6.31E-06,2.09E-21,6.55E-05,2.67E-08,1.51E-12,0.43570697,1.56E-08,0.4486267,0.00022720054,0.007629903,0.033726737,5.64E-05,0.58125216,0.4570616,0
0.75239474,0.58052737,0.007068181,9.59E-05,0.38159412,0.46982324,0.0009543244,6.78E-07,0.34851477,0.4641461,0.0004261535,1.54E-07,0.38961926,0.4486558,0.000282884,7.69E-08,0.43765217,0.46403483,1.71E-22,1.21E-22,0.6226244,3.22E-07,0.52634656,1.83E-05,7.21E-05,0.43570697,0,0.4486267,0,0,0.009929078,0,0.58125275,0.47003502,3
0.21657549,0.2368833,7.48E-05,3.76E-06,0.38159412,0.46982324,0,0,0.34851477,0.4641461,0,0,0.38961926,0.4486558,0,0,0.43765217,0.46403483,0,0,0,0,0,0.9826629,0,0.43570697,0,0.4486267,0,0,2.08E-17,0,0.58125275,0.47003502,2
0.4372104,0.35506266,0.21000925,0.13952827,0.38159412,0.46982324,1.05E-05,8.27E-11,0.34851477,0.4641461,0.014769069,0.0001855621,0.38961926,0.4486558,0.025581803,0.0006288823,0.43765217,0.46403483,1.92E-21,1.16E-21,0.29841074,7.23E-08,0.26504222,2.91E-05,0.00011466017,0.43570697,0,0.4486267,0,0,0.35886526,0,0.58125275,0.47003502,1
0.0011688122,0.0017081897,0.016521404,0.024404451,0.38159412,0.4698216,0.013455951,0.00013626383,0.34851444,0.46215817,0.05058799,0.0022684697,0.38977307,0.49413985,0.17440017,0.032090504,0.43841636,0.46974203,1.31E-17,1.30E-17,0.001145388,1.01E-17,0.0018197903,0.00012202853,0.00047940307,0.43570697,0.0005014141,0.44990182,0.0014950234,0.0040302575,0.03935469,0.0005138926,0.5812693,0.5028333,0
0.7105885,0.5834497,0.24986342,0.12762618,0.38159412,0.46982324,0,0,0.34851477,0.4641461,0,0,0.38961926,0.4486558,0,0,0.43765217,0.46403483,0,0,0,0,0,0.98266613,0,0.43570697,0,0.4486267,0,0,2.08E-17,0,0.58125275,0.47003502,1
0.72417486,0.97997147,0.24405028,0.121595584,0.38159412,0.46982324,0,0,0.34851477,0.4641461,0,0,0.38961926,0.4486558,0,0,0.43765217,0.46403483,0,0,0,0,0,0.98266506,0,0.43570697,0,0.4486267,0,0,2.08E-17,0,0.58125275,0.47003502,4
0.3771629,0.44876984,0.2041074,0.1402511,0.38159412,0.46982324,0,0,0.34851477,0.4641461,0,0,0.38961926,0.4486558,0,0,0.43765217,0.46403483,0,0,0,0,0,0.9826662,0,0.43570697,0,0.4486267,0,0,2.08E-17,0,0.58125275,0.47003502,1
0.8795704,0.913654,0.008155687,7.68E-05,0.38159412,0.46982324,0,0,0.34851477,0.4641461,0,0,0.38961926,0.4486558,0,0,0.43765217,0.46403483,0,0,0,0,0,0.98266566,0,0.43570697,0,0.4486267,0,0,2.08E-17,0,0.58125275,0.47003502,3
0.0012886755,0.0015974146,0.008393646,0.0009004795,0.38159904,0.4903717,0.044771764,0.0015018128,0.34853858,0.47993445,0.039545886,0.0014934769,0.38963547,0.45459923,0.03281558,0.0012642528,0.43758926,0.45336768,7.40E-19,1.55E-18,0.0013417081,5.87E-18,0.0017234933,7.54E-10,7.47E-18,0.43570697,0.00050410157,0.44824624,0.0014802611,0.0023670932,0.038608517,0.0005516061,0.5812522,0.46834317,0
0.008777233,0.0018178282,0.053006858,0.07412042,0.36900043,0.4310218,0.3373139,0.16840541,0.32683483,0.40104702,0.3382292,0.20459291,0.3596199,0.36969444,0.322496,0.21253824,0.43127552,0.4571903,1.89E-17,2.77E-17,0.009332242,3.35E-17,0.0016383055,9.15E-10,8.89E-17,0.50165564,0.1763276,0.5125604,0.00037533563,0.35704902,0.19242854,0.18456195,0.6262976,0.53143966,0
0.7448976,0.7458035,0.0071011395,9.56E-05,0.38159412,0.46982324,8.47E-05,5.35E-09,0.34851477,0.4641461,0.00026742055,6.08E-08,0.38961926,0.4486558,0.00025401256,6.20E-08,0.43765217,0.46403483,5.67E-23,1.07E-22,0.63062197,4.69E-09,0.6792315,9.32E-06,3.67E-05,0.43570697,0,0.4486267,0,0,0.009929078,0,0.58125275,0.47003502,3
0.7156221,0.8911304,0.007514997,8.91E-05,0.38159412,0.46982324,3.04E-08,6.87E-16,0.34851477,0.4641461,0.00010805841,9.93E-09,0.38961926,0.4486558,0.00022983184,5.08E-08,0.43765217,0.46403483,1.97E-23,2.09E-23,0.7947969,2.90E-12,0.8590618,3.60E-06,1.42E-05,0.43570697,0,0.4486267,0,0,0.009929078,0,0.58125275,0.47003502,3
0.36974695,0.46904835,0.0058987993,0.000106860476,0.38159412,0.46982324,0,0,0.34851477,0.4641461,0,0,0.38961926,0.4486558,0,0,0.43765217,0.46403483,0,0,0,0,0,0.98266566,0,0.43570697,0,0.4486267,0,0,2.08E-17,0,0.58125275,0.47003502,3
0.38657132,0.44855243,0.0059930664,0.000106340325,0.38159412,0.46982324,0,0,0.34851477,0.4641461,0,0,0.38961926,0.4486558,0,0,0.43765217,0.46403483,0,0,0,0,0,0.98266566,0,0.43570697,0,0.4486267,0,0,2.08E-17,0,0.58125275,0.47003502,3
0.25272605,0.35962176,1.50E-05,1.49E-06,0.38159412,0.46982324,0,0,0.34851477,0.4641461,0,0,0.38961926,0.4486558,0,0,0.43765217,0.46403483,0,0,0,0,0,0.9826632,0,0.43570697,0,0.4486267,0,0,2.08E-17,0,0.58125275,0.47003502,2
0.22422135,0.31004617,7.21E-05,3.60E-06,0.38159412,0.46982324,0,0,0.34851477,0.4641461,0,0,0.38961926,0.4486558,0,0,0.43765217,0.46403483,0,0,0,0,0,0.98266315,0,0.43570697,0,0.4486267,0,0,2.08E-17,0,0.58125275,0.47003502,2
0.72159237,0.9720591,0.24431567,0.12147762,0.38159412,0.46982324,0.011053496,9.10E-05,0.34851477,0.4641461,0.010364221,9.14E-05,0.38961926,0.4486558,0.007147335,4.91E-05,0.43765217,0.46403483,9.29E-23,1.39E-22,0.58725846,1.38E-16,0.8638617,1.28E-06,5.05E-06,0.43570697,0,0.4486267,0,0,0.3503546,0,0.58125275,0.47003502,4
0.25383726,0.15841408,1.56E-05,1.43E-06,0.38159412,0.46982324,0,0,0.34851477,0.4641461,0,0,0.38961926,0.4486558,0,0,0.43765217,0.46403483,0,0,0,0,0,0.98266286,0,0.43570697,0,0.4486267,0,0,2.08E-17,0,0.58125275,0.47003502,2
0.22032073,0.19354865,7.92E-05,4.03E-06,0.38159412,0.46982324,0,0,0.34851477,0.4641461,0,0,0.38961926,0.4486558,0,0,0.43765217,0.46403483,0,0,0,0,0,0.9826629,0,0.43570697,0,0.4486267,0,0,2.08E-17,0,0.58125275,0.47003502,2
0.38247824,0.3864138,0.21267256,0.13911185,0.38159412,0.46982324,0,0,0.34851477,0.4641461,0,0,0.38961926,0.4486558,0,0,0.43765217,0.46403483,0,0,0,0,0,0.98266613,0,0.43570697,0,0.4486267,0,0,2.08E-17,0,0.58125275,0.47003502,1
0.23020841,0.05107746,0.005781607,0.00010702656,0.38159412,0.46982324,0,0,0.34851477,0.4641461,0,0,0.38961926,0.4486558,0,0,0.43765217,0.46403483,0,0,0,0,0,0.9826655,0,0.43570697,0,0.4486267,0,0,2.08E-17,0,0.58125275,0.47003502,3
0.0010306846,0.0016173391,0.007864846,0.00078364427,0.38159412,0.46982324,0,0,0.34851477,0.4641461,9.93E-10,1.19E-18,0.38961926,0.4486558,1.90E-08,7.45E-15,0.43765217,0.68217176,0,2.04E-24,3.79E-05,1.70E-17,0.0001604901,1.17E-08,1.39E-16,0.43570697,1.28E-18,0.4486267,0.00055641896,0,0.017626109,9.50E-19,0.58125275,0.47003502,0
0.41203222,0.5675907,0.2135786,0.13148667,0.38159412,0.46982324,0,0,0.34851477,0.4641461,0,0,0.38961926,0.4486558,0,0,0.43765217,0.46403483,0,0,0,0,0,0.98266494,0,0.43570697,0,0.4486267,0,0,2.08E-17,0,0.58125275,0.47003502,4
0.22592011,0.24370961,7.46E-05,3.80E-06,0.38159412,0.46982324,0,0,0.34851477,0.4641461,0,0,0.38961926,0.4486558,0,0,0.43765217,0.46403483,0,0,0,0,0,0.982663,0,0.43570697,0,0.4486267,0,0,2.08E-17,0,0.58125275,0.47003502,2
0.22567186,0.21572638,7.91E-05,3.96E-06,0.38159412,0.46982324,0,0,0.34851477,0.4641461,0,0,0.38961926,0.4486558,0,0,0.43765217,0.46403483,0,0,0,0,0,0.9826629,0,0.43570697,0,0.4486267,0,0,2.08E-17,0,0.58125275,0.47003502,2
0.7208732,0.99470925,0.24381866,0.121698566,0.38159412,0.46982324,0,0,0.34851477,0.4641461,0,0,0.38961926,0.4486558,0,0,0.43765217,0.46403483,0,0,0,0,0,0.98266506,0,0.43570697,0,0.4486267,0,0,2.08E-17,0,0.58125275,0.47003502,4
0.44520736,0.47155857,0.005987477,0.00010637939,0.38159412,0.46982324,0,0,0.34851477,0.4641461,0,0,0.38961926,0.4486558,0,0,0.43765217,0.46403483,0,0,0,0,0,0.98266566,0,0.43570697,0,0.4486267,0,0,2.08E-17,0,0.58125275,0.47003502,3
0.716753,0.7985967,0.2500981,0.12752025,0.38159412,0.46982324,3.19E-06,7.57E-12,0.34851477,0.4641461,0.0046261423,1.82E-05,0.38961926,0.4486558,0.006317963,3.84E-05,0.43765217,0.46403483,1.69E-22,1.54E-22,0.5818423,1.54E-10,0.7092556,6.30E-06,2.48E-05,0.43570697,0,0.4486267,0,0,0.35886526,0,0.58125275,0.47003502,1
0.45119458,0.5070979,0.21296847,0.1316137,0.38159412,0.46982324,0,0,0.34851477,0.4641461,0,0,0.38961926,0.4486558,0,0,0.43765217,0.46403483,0,0,0,0,0,0.9826649,0,0.43570697,0,0.4486267,0,0,2.08E-17,0,0.58125275,0.47003502,4
0.00096441474,0.0015693179,0.007812332,0.00072362134,0.38159412,0.46981844,0.000579407,0.000101663354,0.34851465,0.45764455,0.009550481,0.00013100606,0.38961333,0.4257799,0.010165128,0.00014754572,0.43765205,0.46386507,6.82E-26,1.64E-19,0.0002279494,4.36E-17,0.00039754537,4.63E-09,5.48E-17,0.42886856,0.00014136574,0.42575228,0.0013782892,0.010126842,0.027918931,0.00014751706,0.58125263,0.4698672,0
0.0012591908,0.0015824764,0.008297972,0.00083655637,0.38159412,0.46982214,0.002068397,0.0005204217,0.34851456,0.46268362,0.031060131,0.00105818,0.38978395,0.5261366,0.032121107,0.0012207443,0.43784493,0.4977437,2.39E-18,4.58E-18,0.0011247221,6.67E-18,0.0016481597,8.07E-10,7.44E-18,0.43570697,0.00019110586,0.44791657,0.0014143346,0.0020493274,0.039180852,0.00051152374,0.5812557,0.48146987,0
0.3015979,0.0946819,0.0054794634,0.00010792007,0.38159412,0.46982324,0,0,0.34851477,0.4641461,0,0,0.38961926,0.4486558,0,0,0.43765217,0.46403483,0,0,0,0,0,0.9826655,0,0.43570697,0,0.4486267,0,0,2.08E-17,0,0.58125275,0.47003502,3
0.7379367,0.64349145,0.0070846723,9.57E-05,0.38159412,0.46982324,0,0,0.34851477,0.4641461,0,0,0.38961926,0.4486558,0,0,0.43765217,0.46403483,0,0,0,0,0,0.9826656,0,0.43570697,0,0.4486267,0,0,2.08E-17,0,0.58125275,0.47003502,3
0.35683638,0.37677717,0.21216978,0.1391932,0.38159412,0.46982324,0.045320626,0.0015301985,0.34851477,0.4641461,0.036026314,0.0011041365,0.38961926,0.4486558,0.028549008,0.0007832297,0.43765217,0.46403483,4.02E-21,3.14E-21,0.24066174,1.29E-08,0.28422666,2.24E-05,8.81E-05,0.43570697,0,0.4486267,0,0,0.35886526,0,0.58125275,0.47003502,1
0.48562762,0.46547082,0.2139515,0.13140942,0.38159412,0.46982324,3.74E-05,1.04E-09,0.34851477,0.4641461,0.011035211,0.00010359633,0.38961926,0.4486558,0.01457441,0.00020412166,0.43765217,0.46403483,7.95E-22,1.37E-21,0.35812697,4.86E-09,0.36230212,1.66E-05,6.52E-05,0.43570697,0,0.4486267,0,0,0.3503546,0,0.58125275,0.47003502,4
0.3575392,0.35943496,0.18378735,0.13425773,0.38159412,0.46982324,0.032678504,0.0007955736,0.34851477,0.4641461,0.019452559,0.0003219115,0.38961926,0.4486558,0.017659457,0.00029968275,0.43765217,0.46403483,1.89E-21,1.76E-21,0.21968767,1.56E-08,0.2403463,2.67E-05,0.00010520441,0.43570697,2.90E-15,0.4486267,0.8327898,1.33E-07,0.3503546,1.71E-14,0.58125275,0.47003502,5
0.33895665,0.15074337,0.0051224357,0.00010813628,0.38159412,0.46982324,0,0,0.34851477,0.4641461,0,0,0.38961926,0.4486558,0,0,0.43765217,0.46403483,0,0,0,0,0,0.98266554,0,0.43570697,0,0.4486267,0,0,2.08E-17,0,0.58125275,0.47003502,3
0.41482776,0.4115625,0.2131322,0.13903412,0.38159412,0.46982324,0,0,0.34851477,0.4641461,0,0,0.38961926,0.4486558,0,0,0.43765217,0.46403483,0,0,0,0,0,0.98266613,0,0.43570697,0,0.4486267,0,0,2.08E-17,0,0.58125275,0.47003502,1
0.71820116,0.8703751,0.24372438,0.12173982,0.38159412,0.46982324,0.0003678084,1.01E-07,0.34851477,0.4641461,0.007423763,4.69E-05,0.38961926,0.4486558,0.0068902024,4.56E-05,0.43765217,0.46403483,5.38E-22,3.27E-22,0.5785585,4.71E-12,0.77161777,4.08E-06,1.61E-05,0.43570697,0,0.4486267,0,0,0.3503546,0,0.58125275,0.47003502,4
0.4791247,0.47691685,0.21347307,0.1315098,0.38159412,0.46982324,0,0,0.34851477,0.4641461,0,0,0.38961926,0.4486558,0,0,0.43765217,0.46403483,0,0,0,0,0,0.9826649,0,0.43570697,0,0.4486267,0,0,2.08E-17,0,0.58125275,0.47003502,4
0.709135,0.7402288,0.2502988,0.12742926,0.38159412,0.46982324,3.34E-08,8.33E-16,0.34851477,0.4641461,0.002802356,6.68E-06,0.38961926,0.4486558,0.0059498535,3.40E-05,0.43765217,0.46403483,1.60E-22,1.53E-22,0.57887065,1.71E-09,0.6579401,8.63E-06,3.39E-05,0.43570697,0,0.4486267,0,0,0.35886526,0,0.58125275,0.47003502,1
0.00041751136,0.00044006718,0.01087361,0.00061986345,0.38159412,0.46982324,2.41E-09,4.58E-18,0.34851477,0.4641461,2.06E-05,3.63E-10,0.38961926,0.40642276,0.010076807,9.76E-05,0.43765032,0.4269446,0,7.74E-31,6.91E-06,1.79E-21,7.31E-05,2.44E-08,3.14E-16,0.43570697,3.91E-10,0.4063964,0.0002534624,0.010038854,0.03324742,9.76E-05,0.5812512,0.4333605,0
0.7187062,0.88174397,0.2438287,0.12169415,0.38159412,0.46982324,6.50E-06,3.15E-11,0.34851477,0.4641461,0.0049493564,2.08E-05,0.38961926,0.4486558,0.006573835,4.15E-05,0.43765217,0.46403483,5.29E-22,2.85E-22,0.5813176,2.09E-12,0.7820261,3.71E-06,1.46E-05,0.43570697,0,0.4486267,0,0,0.3503546,0,0.58125275,0.47003502,4
0.7424771,0.60095614,0.007078394,9.59E-05,0.38159412,0.46982324,9.21E-05,6.32E-09,0.34851477,0.4641461,0.00033870258,9.76E-08,0.38961926,0.4486558,0.00027145504,7.08E-08,0.43765217,0.46403483,2.17E-22,1.81E-22,0.61885905,2.03E-07,0.54560727,1.69E-05,6.64E-05,0.43570697,0,0.4486267,0,0,0.009929078,0,0.58125275,0.47003502,3
0.47481275,0.24344377,0.0057825483,0.000107326174,0.38159412,0.46982324,0,0,0.34851477,0.4641461,0,0,0.38961926,0.4486558,0,0,0.43765217,0.46403483,0,0,0,0,0,0.98266554,0,0.43570697,0,0.4486267,0,0,2.08E-17,0,0.58125275,0.47003502,3
0.65012467,0.21463896,0.2484396,0.12826659,0.38159412,0.46982324,4.31E-07,1.38E-13,0.34851477,0.4641461,0.003906387,1.30E-05,0.38961926,0.4486558,0.0071172644,4.87E-05,0.43765217,0.46403483,6.62E-22,3.72E-13,0.5251503,9.36E-05,0.18936169,8.84E-05,0.00034764237,0.43570697,0,0.4486267,0,0,0.35886526,0,0.58125275,0.47003502,1
0.0006463511,0.00042642036,0.010971866,0.00049022766,0.38159412,0.46982324,0.02190849,0.0003575863,0.34851477,0.4641461,0.022031728,0.0004129336,0.38961926,0.44865564,0.017800057,0.00030447423,0.4376529,0.4719043,2.71E-16,2.71E-16,0.00016569163,3.77E-16,9.65E-05,1.93E-08,5.32E-16,0.43570697,0.00044558747,0.4486265,0.00033457196,0.017733015,0.030657118,0.0003044151,0.5812533,0.4778163,0
0.7982524,0.84146917,0.008114707,7.76E-05,0.38159412,0.46982324,0,0,0.34851477,0.4641461,0,0,0.38961926,0.4486558,0,0,0.43765217,0.46403483,0,0,0,0,0,0.98266566,0,0.43570697,0,0.4486267,0,0,2.08E-17,0,0.58125275,0.47003502,3
0.7127837,0.54478127,0.24267632,0.122198865,0.38159412,0.46982324,0,0,0.34851477,0.4641461,0,0,0.38961926,0.4486558,0,0,0.43765217,0.46403483,0,0,0,0,0,0.9826648,0,0.43570697,0,0.4486267,0,0,2.08E-17,0,0.58125275,0.47003502,4
0.33680966,0.428265,0.0060082884,0.00010625805,0.38159412,0.46982324,2.20E-07,3.62E-14,0.34851477,0.4641461,0.0005251169,2.35E-07,0.38961926,0.4486558,0.000718967,4.97E-07,0.43765217,0.46403483,6.50E-20,1.58E-20,0.26270154,5.92E-10,0.3286472,1.44E-05,5.65E-05,0.43570697,0,0.4486267,0,0,0.009929078,0,0.58125275,0.47003502,3
0.35631788,0.3130898,0.18280958,0.13423546,0.38159412,0.46982324,0,0,0.34851477,0.4641461,0,0,0.38961926,0.4486558,0,0,0.43765217,0.46403483,0,0,0,0,0,0.982667,0,0.43570697,0,0.4486267,0,0,2.08E-17,0,0.58125275,0.47003502,5
0.22149234,0.30627215,7.58E-05,3.90E-06,0.38159412,0.46982324,0,0,0.34851477,0.4641461,0,0,0.38961926,0.4486558,0,0,0.43765217,0.46403483,0,0,0,0,0,0.98266315,0,0.43570697,0,0.4486267,0,0,2.08E-17,0,0.58125275,0.47003502,2
0.42755765,0.604519,0.21361503,0.13147876,0.38159412,0.46982324,0.00075722515,4.27E-07,0.34851477,0.4641461,0.012183217,0.00012627199,0.38961926,0.4486558,0.012842443,0.00015849019,0.43765217,0.46403483,1.23E-21,9.74E-22,0.30785114,2.58E-17,0.4697496,1.87E-06,7.37E-06,0.43570697,0,0.4486267,0,0,0.3503546,0,0.58125275,0.47003502,4
0.0015745393,0.001676729,0.007938151,0.00081333506,0.38159412,0.46988392,0.01757464,0.00023578314,0.34850967,0.44903806,0.035981882,0.0012306474,0.389537,0.4118048,0.0320806,0.0012008,0.43781915,0.49393594,3.65E-18,3.70E-18,0.0014051833,5.41E-18,0.0016754904,7.86E-10,6.59E-18,0.43570697,0.00016904772,0.4475151,0.001465084,0.002824776,0.039800122,0.00047019168,0.58124673,0.4523532,0
0.7493278,0.92848176,0.2450459,0.12115072,0.38159412,0.46982324,0,0,0.34851477,0.4641461,0,0,0.38961926,0.4486558,0,0,0.43765217,0.46403483,0,0,0,0,0,0.98266494,0,0.43570697,0,0.4486267,0,0,2.08E-17,0,0.58125275,0.47003502,4
0.4012078,0.42665836,0.2145953,0.13877825,0.38159412,0.46982324,0.001483667,1.64E-06,0.34851477,0.4641461,0.027576642,0.0006469427,0.38961926,0.4486558,0.028030332,0.00075502886,0.43765217,0.46403483,7.72E-22,1.25E-21,0.2880571,5.09E-10,0.32552168,1.44E-05,5.67E-05,0.43570697,0,0.4486267,0,0,0.35886526,0,0.58125275,0.47003502,1
0.45055413,0.5766043,0.21501069,0.13118027,0.38159412,0.46982324,0,0,0.34851477,0.4641461,0,0,0.38961926,0.4486558,0,0,0.43765217,0.46403483,0,0,0,0,0,0.98266494,0,0.43570697,0,0.4486267,0,0,2.08E-17,0,0.58125275,0.47003502,4
0.35767555,0.09013981,0.22036503,0.1299013,0.38159412,0.46982324,0.00023364353,4.07E-08,0.34851477,0.4641461,0.013645336,0.00015839867,0.38961926,0.4486558,0.016854739,0.00027299277,0.43765217,0.46403483,2.34E-20,1.11E-08,0.26279336,0.00050961395,0.07226855,0.0002559593,0.0010066542,0.43570697,0,0.4486267,0,0,0.3503546,0,0.58125275,0.47003502,4
0.40806085,0.3140794,0.21050394,0.13945618,0.38159412,0.46982324,0.018315744,0.00024992233,0.34851477,0.4641461,0.032721642,0.0009108633,0.38961926,0.4486558,0.029280005,0.0008238523,0.43765217,0.46403483,6.04E-22,1.32E-21,0.27336958,3.55E-07,0.2350878,3.82E-05,0.00015026146,0.43570697,0,0.4486267,0,0,0.35886526,0,0.58125275,0.47003502,1
0.00096033537,0.001590924,0.008112456,0.0007615234,0.38159412,0.46982324,0.00080649,0.000120687364,0.34851477,0.4642206,0.030916542,0.0010412128,0.38969433,0.48461837,0.030567417,0.0011347143,0.43785533,0.5018625,1.63E-22,1.41E-19,0.00082882267,1.22E-17,0.0016570828,8.12E-10,1.60E-17,0.4357069,0.00041552304,0.44790104,0.0014940876,0.004237391,0.039379142,0.000514387,0.5812756,0.5128592,0
0.4194826,0.3730256,0.0056579346,0.000107821885,0.38159412,0.46982324,4.94E-06,1.82E-11,0.34851477,0.4641461,0.0005118975,2.23E-07,0.38961926,0.4486558,0.000693505,4.62E-07,0.43765217,0.46403483,1.75E-20,8.64E-21,0.29610232,4.72E-08,0.26929626,2.75E-05,0.000108056534,0.43570697,0,0.4486267,0,0,0.009929078,0,0.58125275,0.47003502,3
0.71508616,0.9596898,0.24487938,0.121225774,0.38159412,0.46982324,0,0,0.34851477,0.4641461,0,0,0.38961926,0.4486558,0,0,0.43765217,0.46403483,0,0,0,0,0,0.982665,0,0.43570697,0,0.4486267,0,0,2.08E-17,0,0.58125275,0.47003502,4
0.0008460626,0.0015537327,0.010379089,0.007911658,0.38159412,0.46982345,0.00044028912,9.06E-05,0.34851477,0.46495587,0.028860113,0.0008921053,0.3896181,0.44799766,0.09960085,0.011347456,0.4376614,0.46421164,3.42E-21,1.95E-18,0.00089921,8.31E-18,0.0016452778,8.10E-10,8.27E-18,0.43570697,0.00029983599,0.44677368,0.0014183165,0.0192311,0.044485733,0.02021519,0.5812885,0.47239596,0
0.7609049,0.87552845,0.0071035675,9.55E-05,0.38159412,0.46982324,1.79E-05,2.40E-10,0.34851477,0.4641461,0.00022619602,4.35E-08,0.38961926,0.4486558,0.0002542281,6.21E-08,0.43765217,0.46403483,3.50E-23,5.46E-23,0.6506563,1.27E-11,0.7977473,4.41E-06,1.73E-05,0.43570697,0,0.4486267,0,0,0.009929078,0,0.58125275,0.47003502,3
0.44965863,0.59459287,0.21450418,0.13129325,0.38159412,0.46982324,0.00014670208,1.60E-08,0.34851477,0.4641461,0.010263065,8.96E-05,0.38961926,0.4486558,0.01272067,0.0001554988,0.43765217,0.46403483,4.39E-22,4.17E-22,0.31946185,7.56E-15,0.4639619,3.36E-06,1.32E-05,0.43570697,0,0.4486267,0,0,0.3503546,0,0.58125275,0.47003502,4
0.2283716,0.13285708,8.16E-05,4.20E-06,0.38159412,0.46982324,0,0,0.34851477,0.4641461,0,0,0.38961926,0.4486558,0,0,0.43765217,0.46403483,0,0,0,0,0,0.98266286,0,0.43570697,0,0.4486267,0,0,2.08E-17,0,0.58125275,0.47003502,2
0.22299783,0.30208156,7.48E-05,3.76E-06,0.38159412,0.46982324,0,0,0.34851477,0.4641461,0,0,0.38961926,0.4486558,0,0,0.43765217,0.46403483,0,0,0,0,0,0.9826631,0,0.43570697,0,0.4486267,0,0,2.08E-17,0,0.58125275,0.47003502,2
0.22851224,0.31842086,7.27E-05,3.63E-06,0.38159412,0.46982324,0,0,0.34851477,0.4641461,0,0,0.38961926,0.4486558,0,0,0.43765217,0.46403483,0,0,0,0,0,0.9826633,0,0.43570697,0,0.4486267,0,0,2.08E-17,0,0.58125275,0.47003502,2
0.75632954,0.5119068,0.008066592,7.90E-05,0.38159412,0.46982324,7.94E-05,4.69E-09,0.34851477,0.4641461,0.00033284564,9.42E-08,0.38961926,0.4486558,0.00030031518,8.67E-08,0.43765217,0.46403483,1.79E-22,1.05E-22,0.7173602,1.03E-06,0.5282629,2.08E-05,8.19E-05,0.43570697,0,0.4486267,0,0,0.009929078,0,0.58125275,0.47003502,3
0.45522392,0.48608887,0.21284507,0.13163926,0.38159412,0.46982324,0.00043501586,1.41E-07,0.34851477,0.4641461,0.011342716,0.00010945036,0.38961926,0.4486558,0.014422745,0.00019989547,0.43765217,0.46403483,2.10E-21,1.89E-21,0.32105187,1.54E-09,0.37639156,1.41E-05,5.53E-05,0.43570697,0,0.4486267,0,0,0.3503546,0,0.58125275,0.47003502,4
0.0029678536,0.0017551422,0.07155497,0.22147217,0.21055266,0.3873126,0.9410799,0.92195505,0.26619172,0.42332128,0.8685014,0.857927,0.4219673,0.46729624,0.51718664,0.31716606,0.560774,0.54683155,7.82E-19,1.68E-18,0.0032130776,4.05E-18,0.0019066113,6.41E-10,6.83E-18,0.6078883,0.69712037,0.64249635,0.00022490049,0.14272195,0.6997463,0.7317207,0.70919335,0.6590238,0
0.25642318,0.36102116,1.56E-05,1.57E-06,0.38159412,0.46982324,0,0,0.34851477,0.4641461,0,0,0.38961926,0.4486558,0,0,0.43765217,0.46403483,0,0,0,0,0,0.9826633,0,0.43570697,0,0.4486267,0,0,2.08E-17,0,0.58125275,0.47003502,2
0.0011768789,0.0016106116,0.008194983,0.00085170695,0.38155487,0.34387946,0.01151923,0.00014049203,0.34849787,0.4091975,0.010949625,0.00014551744,0.38962838,0.4795543,0.010372139,0.00015300863,0.4376639,0.47998202,5.89E-18,4.06E-17,0.0003627163,6.66E-17,0.0003825029,4.82E-09,5.26E-17,0.3779116,0.00015702464,0.47952315,0.001326137,0.010333074,0.028176557,0.0001529789,0.58126235,0.4858035,0
0.35467097,0.38503635,0.18468694,0.13427421,0.38159412,0.46982324,0,0,0.34851477,0.4641461,0,0,0.38961926,0.4486558,0,0,0.43765217,0.46403483,0,0,0,0,0,0.9826671,0,0.43570697,0,0.4486267,0,0,2.08E-17,0,0.58125275,0.47003502,5
0.22113866,0.31754985,7.34E-05,3.64E-06,0.38159412,0.46982324,0,0,0.34851477,0.4641461,0,0,0.38961926,0.4486558,0,0,0.43765217,0.46403483,0,0,0,0,0,0.98266333,0,0.43570697,0,0.4486267,0,0,2.08E-17,0,0.58125275,0.47003502,2
0.7151559,0.8895321,0.24388076,0.12167136,0.38159412,0.46982324,0,0,0.34851477,0.4641461,0,0,0.38961926,0.4486558,0,0,0.43765217,0.46403483,0,0,0,0,0,0.98266494,0,0.43570697,0,0.4486267,0,0,2.08E-17,0,0.58125275,0.47003502,4
0.29098195,0.059590787,0.22139099,0.1296227,0.38159412,0.46982324,0,0,0.34851477,0.4641461,0,0,0.38961926,0.4486558,0,0,0.43765217,0.46403483,0,0,0,0,0,0.98266476,0,0.43570697,0,0.4486267,0,0,2.08E-17,0,0.58125275,0.47003502,4
0.39464742,0.39086622,0.005832639,0.000107179374,0.38159412,0.46982324,2.46E-08,4.50E-16,0.34851477,0.4641461,0.000299338,7.62E-08,0.38961926,0.4486558,0.0006323368,3.84E-07,0.43765217,0.46403483,2.50E-20,1.41E-20,0.2947077,1.61E-08,0.29086488,2.28E-05,8.98E-05,0.43570697,0,0.4486267,0,0,0.009929078,0,0.58125275,0.47003502,3
0.3833208,0.42173213,0.21359159,0.13895561,0.38159412,0.46982324,0.0038508342,1.10E-05,0.34851477,0.4641461,0.031543646,0.00084646075,0.38961926,0.4486558,0.028534206,0.0007824177,0.43765217,0.46403483,5.65E-22,1.26E-21,0.267256,6.66E-10,0.3202735,1.49E-05,5.87E-05,0.43570697,0,0.4486267,0,0,0.35886526,0,0.58125275,0.47003502,1
0.7130529,0.27127028,0.007039326,9.64E-05,0.38159412,0.46982324,0.0001455135,1.58E-08,0.34851477,0.4641461,0.0002741811,6.40E-08,0.38961926,0.4486558,0.00025450933,6.22E-08,0.43765217,0.46403483,2.64E-22,1.50E-15,0.59126043,4.83E-05,0.24488677,6.47E-05,0.00025465002,0.43570697,0,0.4486267,0,0,0.009929078,0,0.58125275,0.47003502,3
0.0011753526,0.0018968139,0.06915892,0.20760731,0.38159412,0.46982324,0.00016797968,0.00012736244,0.34851477,0.46434525,0.033685613,0.0011704196,0.38945073,0.3752021,0.4990948,0.25336087,0.46041778,0.4877679,4.11E-21,3.26E-18,0.0010933547,6.94E-18,0.0020755676,2.97E-05,0.000116790645,0.43570697,0.00032394432,0.44854274,0.0013366096,0.038777214,0.061887532,0.08785351,0.58209103,0.48318714,0
0.35723266,0.4264139,0.006015803,0.000106227366,0.38159412,0.46982324,2.69E-06,5.39E-12,0.34851477,0.4641461,0.00064687716,3.56E-07,0.38961926,0.4486558,0.00074013165,5.26E-07,0.43765217,0.46403483,1.09E-20,6.02E-21,0.29998773,8.99E-10,0.3276326,1.52E-05,5.98E-05,0.43570697,0,0.4486267,0,0,0.009929078,0,0.58125275,0.47003502,3
0.22432882,0.31065208,7.20E-05,3.57E-06,0.38159412,0.46982324,0,0,0.34851477,0.4641461,0,0,0.38961926,0.4486558,0,0,0.43765217,0.46403483,0,0,0,0,0,0.98266315,0,0.43570697,0,0.4486267,0,0,2.08E-17,0,0.58125275,0.47003502,2
0.4577711,0.6064075,0.21357459,0.13148764,0.38159412,0.46982324,0,0,0.34851477,0.4641461,0,0,0.38961926,0.4486558,0,0,0.43765217,0.46403483,0,0,0,0,0,0.98266506,0,0.43570697,0,0.4486267,0,0,2.08E-17,0,0.58125275,0.47003502,4
0.41104478,0.39160022,0.21213582,0.13920061,0.38159412,0.46982324,0,0,0.34851477,0.4641461,0,0,0.38961926,0.4486558,0,0,0.43765217,0.46403483,0,0,0,0,0,0.98266613,0,0.43570697,0,0.4486267,0,0,2.08E-17,0,0.58125275,0.47003502,1
0.711872,0.8920073,0.007552223,8.84E-05,0.38159412,0.46982324,1.69E-08,2.12E-16,0.34851477,0.4641461,0.00010171811,8.80E-09,0.38961926,0.4486558,0.00022785112,4.99E-08,0.43765217,0.46403483,2.30E-23,2.80E-23,0.80049264,2.57E-12,0.8641741,3.54E-06,1.39E-05,0.43570697,0,0.4486267,0,0,0.009929078,0,0.58125275,0.47003502,3
0.0009588748,0.0015946106,0.008313436,0.00084361737,0.38159412,0.46982342,0.0032339669,0.0005469798,0.3485153,0.46685237,0.03307893,0.0011155384,0.38972253,0.49619952,0.032031424,0.0012035327,0.4378582,0.5007348,1.41E-19,2.79E-18,0.0010019067,5.87E-18,0.001678612,7.83E-10,6.03E-18,0.43537706,0.0030754858,0.42058918,0.0013715886,0.057392534,0.044621665,0.0034548538,0.5814819,0.48977354,0
0.00088201213,0.0015775117,0.0077994023,0.00078182644,0.38159412,0.46982324,3.42E-05,1.74E-05,0.34851477,0.4639352,0.023409856,0.0007280838,0.38970637,0.50807744,0.030950217,0.0011698618,0.43797812,0.52279115,9.76E-18,9.81E-18,0.00088565855,7.56E-18,0.0016455665,8.07E-10,6.06E-18,0.43570697,0.00033549307,0.4486267,0.0014168529,0.00044017748,0.03852797,0.0005511452,0.58125263,0.46816877,0
0.0010228204,0.0015226143,0.013548559,0.016812619,0.38159412,0.46982324,1.96E-05,2.63E-06,0.34851477,0.46436062,0.02199214,0.0006389097,0.38969383,0.5065667,0.14609791,0.022956729,0.4383713,0.4713024,1.67E-20,1.87E-18,0.0008327364,7.48E-18,0.0015927436,8.49E-10,6.82E-18,0.43570805,0.0018821093,0.47552162,0.0013508581,0.060826194,0.04472137,0.0037620123,0.58117944,0.4636325,0
0.0011356395,0.0015382918,0.008047357,0.00097038806,0.38159412,0.46982476,0.011950035,0.0001064171,0.34851494,0.46812466,0.038359106,0.0012682909,0.38968828,0.4962077,0.03283532,0.0011611914,0.43776065,0.485663,1.41E-17,1.40E-17,0.00097447186,1.48E-17,0.0015306649,2.92E-06,1.17E-05,0.43570697,5.44E-18,0.4486267,0.0013020026,0.0017716326,0.044245414,0.00015214908,0.58127356,0.64183575,0
0.72055954,0.98646885,0.24399573,0.12161981,0.38159412,0.46982324,1.85E-05,2.54E-10,0.34851477,0.4641461,0.0056305462,2.70E-05,0.38961926,0.4486558,0.0068720193,4.54E-05,0.43765217,0.46403483,2.24E-22,1.48E-22,0.5829914,4.73E-18,0.8755132,9.04E-07,3.56E-06,0.43570697,0,0.4486267,0,0,0.3503546,0,0.58125275,0.47003502,4
0.42979273,0.51783645,0.21344166,0.13151458,0.38159412,0.46982324,0,0,0.34851477,0.4641461,0,0,0.38961926,0.4486558,0,0,0.43765217,0.46403483,0,0,0,0,0,0.9826649,0,0.43570697,0,0.4486267,0,0,2.08E-17,0,0.58125275,0.47003502,4
0.24932514,0.18828334,1.57E-05,1.48E-06,0.38159412,0.46982324,0,0,0.34851477,0.4641461,0,0,0.38961926,0.4486558,0,0,0.43765217,0.46403483,0,0,0,0,0,0.98266286,0,0.43570697,0,0.4486267,0,0,2.08E-17,0,0.58125275,0.47003502,2
0.7431108,0.5332166,0.008084943,7.94E-05,0.38159412,0.46982324,8.63E-06,5.55E-11,0.34851477,0.4641461,0.00027169805,6.28E-08,0.38961926,0.4486558,0.0002882889,7.99E-08,0.43765217,0.46403483,1.82E-22,1.53E-22,0.6978057,6.84E-07,0.548936,1.92E-05,7.55E-05,0.43570697,0,0.4486267,0,0,0.009929078,0,0.58125275,0.47003502,3
0.22416046,0.31794277,7.28E-05,3.63E-06,0.38159412,0.46982324,0,0,0.34851477,0.4641461,0,0,0.38961926,0.4486558,0,0,0.43765217,0.46403483,0,0,0,0,0,0.9826633,0,0.43570697,0,0.4486267,0,0,2.08E-17,0,0.58125275,0.47003502,2
0.0009972453,0.001604104,0.008605501,0.0008961718,0.3816139,0.5072654,0.05399426,0.0021768324,0.34858802,0.50625527,0.04303386,0.001681437,0.38964656,0.45853794,0.032851614,0.0012611101,0.4376768,0.46822634,9.26E-19,3.13E-18,0.0010916779,7.72E-18,0.0017207272,7.56E-10,7.94E-18,0.43570697,0.0003016287,0.4476291,0.0014546842,0.0036053008,0.039549183,0.0004956697,0.58126265,0.4923043,0
0.37713468,0.15623562,0.20860277,0.139723,0.38159412,0.46982324,0,0,0.34851477,0.4641461,0,0,0.38961926,0.4486558,0,0,0.43765217,0.46403483,0,0,0,0,0,0.9826661,0,0.43570697,0,0.4486267,0,0,2.08E-17,0,0.58125275,0.47003502,1
0.45628014,0.22237605,0.21025737,0.13949162,0.38159412,0.46982324,0,0,0.34851477,0.4641461,0,0,0.38961926,0.4486558,0,0,0.43765217,0.46403483,0,0,0,0,0,0.9826661,0,0.43570697,0,0.4486267,0,0,2.08E-17,0,0.58125275,0.47003502,1
0.23220573,0.31748447,7.39E-05,3.76E-06,0.38159412,0.46982324,0,0,0.34851477,0.4641461,0,0,0.38961926,0.4486558,0,0,0.43765217,0.46403483,0,0,0,0,0,0.9826633,0,0.43570697,0,0.4486267,0,0,2.08E-17,0,0.58125275,0.47003502,2
0.41676554,0.39505243,0.21316086,0.13903034,0.38159412,0.46982324,0.0053993356,2.17E-05,0.34851477,0.4641461,0.02712863,0.0006260929,0.38961926,0.4486558,0.027648274,0.0007345868,0.43765217,0.46403483,7.41E-22,8.24E-22,0.29350147,5.58E-09,0.29938033,1.99E-05,7.84E-05,0.43570697,0,0.4486267,0,0,0.35886526,0,0.58125275,0.47003502,1
0.41293555,0.38235256,0.0058014714,0.0001073242,0.38159412,0.46982324,0,0,0.34851477,0.4641461,0,0,0.38961926,0.4486558,0,0,0.43765217,0.46403483,0,0,0,0,0,0.9826656,0,0.43570697,0,0.4486267,0,0,2.08E-17,0,0.58125275,0.47003502,3
0.70609313,0.56893635,0.24340823,0.12187964,0.38159412,0.46982324,2.37E-05,4.19E-10,0.34851477,0.4641461,0.005584543,2.65E-05,0.38961926,0.4486558,0.0066562193,4.26E-05,0.43765217,0.46403483,7.83E-22,5.02E-22,0.5768609,2.54E-07,0.5037232,1.86E-05,7.31E-05,0.43570697,0,0.4486267,0,0,0.3503546,0,0.58125275,0.47003502,4
0.000996001,0.0015113346,0.008339449,0.0008110581,0.38159412,0.46982434,0.00056141376,3.53E-05,0.34851477,0.46548477,0.028018974,0.00087692874,0.3896868,0.48684236,0.031109806,0.0011373139,0.4377906,0.49010444,8.68E-18,8.84E-18,0.0010497657,1.17E-17,0.0016351506,8.29E-10,1.69E-17,0.43570697,0.00045205222,0.44296747,0.0014498689,0.004385471,0.040193796,0.00045479278,0.58125955,0.48323116,0
0.00014098079,0.00034038056,0.013000452,0.000533954,0.38159412,0.46982324,1.97E-09,2.89E-18,0.34851477,0.4641461,9.40E-05,7.56E-09,0.38961926,0.44864985,0.011369068,0.0001242133,0.4376506,0.44170207,0,7.74E-31,6.86E-06,3.59E-20,7.74E-05,2.33E-08,1.37E-15,0.43570697,8.16E-09,0.44858703,0.0002684646,0.011326248,0.033003304,0.00012418916,0.5812509,0.4392699,0
0.43834904,0.5637269,0.21370164,0.13146105,0.38159412,0.46982324,0.0013966232,1.45E-06,0.34851477,0.4641461,0.0115536675,0.00011355933,0.38961926,0.4486558,0.013007981,0.00016260237,0.43765217,0.46403483,9.15E-22,1.38E-21,0.3159179,5.89E-13,0.43823266,5.49E-06,2.16E-05,0.43570697,0,0.4486267,0,0,0.3503546,0,0.58125275,0.47003502,4
0.70639545,0.5658835,0.2434529,0.12185995,0.38159412,0.46982324,3.50E-05,9.13E-10,0.34851477,0.4641461,0.005785084,2.85E-05,0.38961926,0.4486558,0.0066976906,4.31E-05,0.43765217,0.46403483,1.50E-22,1.13E-22,0.5778482,2.72E-07,0.5011126,1.88E-05,7.40E-05,0.43570697,0,0.4486267,0,0,0.3503546,0,0.58125275,0.47003502,4
0.22502115,0.114968985,7.68E-05,4.05E-06,0.38159412,0.46982324,0,0,0.34851477,0.4641461,0,0,0.38961926,0.4486558,0,0,0.43765217,0.46403483,0,0,0,0,0,0.98266286,0,0.43570697,0,0.4486267,0,0,2.08E-17,0,0.58125275,0.47003502,2
0.72325426,0.9932013,0.24379304,0.1217099,0.38159412,0.46982324,0,0,0.34851477,0.4641461,0,0,0.38961926,0.4486558,0,0,0.43765217,0.46403483,0,0,0,0,0,0.98266506,0,0.43570697,0,0.4486267,0,0,2.08E-17,0,0.58125275,0.47003502,4
0.35728335,0.37046164,0.18425523,0.13426752,0.38159412,0.46982324,0,0,0.34851477,0.4641461,0,0,0.38961926,0.4486558,0,0,0.43765217,0.46403483,0,0,0,0,0,0.9826671,0,0.43570697,0,0.4486267,0,0,2.08E-17,0,0.58125275,0.47003502,5
0.759997,0.46824396,0.00808656,7.86E-05,0.38159412,0.46982324,4.02E-06,1.20E-11,0.34851477,0.4641461,0.00019026242,3.08E-08,0.38961926,0.4486558,0.00025933626,6.46E-08,0.43765217,0.46403483,7.09E-23,8.15E-23,0.73312026,2.10E-06,0.48422745,2.44E-05,9.62E-05,0.43570697,0,0.4486267,0,0,0.009929078,0,0.58125275,0.47003502,3
0.38778746,0.5966609,0.2125559,0.13169292,0.38159412,0.46982324,0.0064940993,3.14E-05,0.34851477,0.4641461,0.017786765,0.00026913921,0.38961926,0.4486558,0.013938354,0.00018669387,0.43765217,0.46403483,2.84E-21,3.33E-21,0.27430663,1.17E-19,0.46136552,1.10E-06,4.32E-06,0.43570697,0,0.4486267,0,0,0.3503546,0,0.58125275,0.47003502,4
0.737399,0.4185736,0.0070885755,9.57E-05,0.38159412,0.46982324,5.74E-09,2.46E-17,0.34851477,0.4641461,9.36E-05,7.45E-09,0.38961926,0.4486558,0.00018384893,3.25E-08,0.43765217,0.46403483,6.20E-23,1.20E-22,0.62327194,5.63E-06,0.3805362,3.38E-05,0.00013287418,0.43570697,0,0.4486267,0,0,0.009929078,0,0.58125275,0.47003502,3
0.701129,0.237403,0.008074484,7.96E-05,0.38159412,0.46982324,0.00068685156,3.51E-07,0.34851477,0.4641461,0.00033171795,9.36E-08,0.38961926,0.4486558,0.00031473947,9.52E-08,0.43765217,0.46403483,1.10E-22,6.92E-14,0.6667301,6.41E-05,0.2446912,6.75E-05,0.0002653323,0.43570697,0,0.4486267,0,0,0.009929078,0,0.58125275,0.47003502,3
0.5927547,0.16110821,0.008045783,7.89E-05,0.38159412,0.46982324,0,0,0.34851477,0.4641461,0,0,0.38961926,0.4486558,0,0,0.43765217,0.46403483,0,0,0,0,0,0.9826655,0,0.43570697,0,0.4486267,0,0,2.08E-17,0,0.58125275,0.47003502,3
0.35455167,0.4116847,0.21508272,0.1386894,0.38159412,0.46982324,0.0476981,0.0016949549,0.34851477,0.4641461,0.030471029,0.00078987307,0.38961926,0.4486558,0.027328257,0.0007176802,0.43765217,0.46403483,1.30E-20,7.72E-21,0.26279587,1.60E-09,0.314789,1.66E-05,6.51E-05,0.43570697,0,0.4486267,0,0,0.35886526,0,0.58125275,0.47003502,1
0.45972776,0.57015675,0.21395221,0.13140902,0.38159412,0.46982324,0.013337924,0.00013253557,0.34851477,0.4641461,0.016062144,0.00021947756,0.38961926,0.4486558,0.013620848,0.00017828522,0.43765217,0.46403483,4.94E-22,8.26E-22,0.334205,3.67E-13,0.44376576,5.20E-06,2.05E-05,0.43570697,0,0.4486267,0,0,0.3503546,0,0.58125275,0.47003502,4
0.21281932,0.29244542,7.65E-05,3.79E-06,0.38159412,0.46982324,0,0,0.34851477,0.4641461,0,0,0.38961926,0.4486558,0,0,0.43765217,0.46403483,0,0,0,0,0,0.98266304,0,0.43570697,0,0.4486267,0,0,2.08E-17,0,0.58125275,0.47003502,2
0.382618,0.59805846,0.21320935,0.13156314,0.38159412,0.46982324,0.00036047463,9.68E-08,0.34851477,0.4641461,0.011834091,0.0001191387,0.38961926,0.4486558,0.013014784,0.0001627725,0.43765217,0.46403483,3.72E-20,1.68E-20,0.27020743,8.32E-18,0.46385098,1.67E-06,6.58E-06,0.43570697,0,0.4486267,0,0,0.3503546,0,0.58125275,0.47003502,4
0.37497297,0.41286007,0.1833308,0.13425067,0.38159412,0.46982324,0,0,0.34851477,0.4641461,0,0,0.38961926,0.4486558,0,0,0.43765217,0.46403483,0,0,0,0,0,0.9826671,0,0.43570697,0,0.4486267,0,0,2.08E-17,0,0.58125275,0.47003502,5
0.7038714,0.3207648,0.24298178,0.12206611,0.38159412,0.46982324,0,0,0.34851477,0.4641461,0,0,0.38961926,0.4486558,0,0,0.43765217,0.46403483,0,0,0,0,0,0.98266476,0,0.43570697,0,0.4486267,0,0,2.08E-17,0,0.58125275,0.47003502,4
0.29599577,0.082077496,0.18076177,0.13417844,0.38159412,0.46982324,3.12E-05,7.26E-10,0.34851477,0.4641461,0.012975345,0.00014322568,0.38961926,0.4486558,0.019026501,0.0003478764,0.43765217,0.46403483,7.73E-21,2.81E-09,0.17774448,0.00059870526,0.053980693,0.0003348622,0.0013168656,0.43570697,1.16E-16,0.4486267,0.18702306,4.34E-08,0.3503546,1.82E-15,0.58125275,0.47003502,5
0.71312517,0.7191177,0.24388641,0.12166839,0.38159412,0.46982324,1.94E-07,2.80E-14,0.34851477,0.4641461,0.003429196,1.00E-05,0.38961926,0.4486558,0.0061173546,3.60E-05,0.43765217,0.46403483,9.65E-23,1.32E-22,0.58700824,4.28E-09,0.6379336,9.77E-06,3.84E-05,0.43570697,0,0.4486267,0,0,0.3503546,0,0.58125275,0.47003502,4
0.22139433,0.31537497,7.30E-05,3.70E-06,0.38159412,0.46982324,0,0,0.34851477,0.4641461,0,0,0.38961926,0.4486558,0,0,0.43765217,0.46403483,0,0,0,0,0,0.9826632,0,0.43570697,0,0.4486267,0,0,2.08E-17,0,0.58125275,0.47003502,2
0.41357493,0.19332032,0.21059027,0.13944145,0.38159412,0.46982324,0,0,0.34851477,0.4641461,0,0,0.38961926,0.4486558,0,0,0.43765217,0.46403483,0,0,0,0,0,0.9826661,0,0.43570697,0,0.4486267,0,0,2.08E-17,0,0.58125275,0.47003502,1
0.00063198234,0.0005279622,0.013414537,0.0015565193,0.38159412,0.46982324,0.009466358,6.68E-05,0.34851477,0.4640123,0.009719644,0.00027159078,0.38960752,0.42032355,0.05754227,0.009902898,0.4378762,0.47006154,9.45E-17,9.90E-17,0.00022651655,2.04E-16,0.00021478592,9.10E-09,3.93E-16,0.43570697,0,0.4486267,0,0,0.009219858,0,0.58125275,0.47003502,0
0.0011831336,0.0015786337,0.007916495,0.0007645729,0.38159412,0.4698232,0.0010211687,0.00015422117,0.3485147,0.46270284,0.029022247,0.0009340881,0.38958085,0.4282276,0.03053169,0.0011433017,0.43762973,0.45989707,3.20E-18,3.30E-18,0.0011081615,5.46E-18,0.0016618681,7.95E-10,6.16E-18,0.43570697,0.00046059585,0.44862214,0.0014675301,0.0012121972,0.038383253,0.000561507,0.58125216,0.46633595,0
0.21856159,0.2610881,7.44E-05,3.76E-06,0.38159412,0.46982324,0,0,0.34851477,0.4641461,0,0,0.38961926,0.4486558,0,0,0.43765217,0.46403483,0,0,0,0,0,0.982663,0,0.43570697,0,0.4486267,0,0,2.08E-17,0,0.58125275,0.47003502,2
0.00087418966,0.0015174932,0.008200819,0.0007769578,0.38159412,0.46982324,2.05E-06,1.04E-07,0.34851477,0.4641461,0.0069590043,9.66E-05,0.38962302,0.4704293,0.010585593,0.00015923557,0.43772176,0.5550129,5.80E-31,6.60E-22,0.00012787261,4.45E-17,0.00040793116,4.51E-09,6.01E-17,0.43570697,0.00010420659,0.47039875,0.0014142967,0.010545725,0.02902895,0.00015920463,0.58130974,0.5599935,0
0.7190626,0.3840586,0.00804585,7.97E-05,0.38159412,0.46982324,2.17E-07,3.50E-14,0.34851477,0.4641461,0.00017373603,2.57E-08,0.38961926,0.4486558,0.00026391674,6.69E-08,0.43765217,0.46403483,6.01E-23,1.57E-22,0.67953193,7.91E-06,0.39491042,3.40E-05,0.00013362337,0.43570697,0,0.4486267,0,0,0.009929078,0,0.58125275,0.47003502,3
0.7044115,0.3538359,0.2443621,0.12145775,0.38159412,0.46982324,0.0014558925,1.58E-06,0.34851477,0.4641461,0.0083706165,5.96E-05,0.38961926,0.4486558,0.0076586786,5.64E-05,0.43765217,0.46403483,5.35E-23,3.49E-21,0.5812543,1.34E-05,0.3145117,4.43E-05,0.0001741064,0.43570697,0,0.4486267,0,0,0.3503546,0,0.58125275,0.47003502,4
0.00094469625,0.0015802848,0.009014561,0.00087690324,0.38159412,0.4698164,0.011675789,0.00010156234,0.34851462,0.4580264,0.011390668,0.0001604213,0.3896209,0.45366657,0.010503075,0.00015378017,0.43766207,0.47741553,3.95E-17,4.00E-17,0.0002713785,5.66E-17,0.00037938295,4.86E-09,5.49E-17,0.42927116,0.00017310708,0.4573463,0.00131532,0.010463516,0.028273288,0.0001537503,0.5812618,0.48485273,0
0.39430636,0.26744887,0.21809517,0.13810053,0.38159412,0.46982324,0.00018855621,2.65E-08,0.34851477,0.4641461,0.025306966,0.0005448328,0.38961926,0.4486558,0.02911205,0.000814428,0.43765217,0.46403483,1.81E-22,4.29E-22,0.32082313,2.27E-06,0.20740284,5.30E-05,0.00020833836,0.43570697,0,0.4486267,0,0,0.35886526,0,0.58125275,0.47003502,1
0.71152925,0.47942746,0.24319175,0.12197434,0.38159412,0.46982324,0,0,0.34851477,0.4641461,0,0,0.38961926,0.4486558,0,0,0.43765217,0.46403483,0,0,0,0,0,0.9826648,0,0.43570697,0,0.4486267,0,0,2.08E-17,0,0.58125275,0.47003502,4
0.4435303,0.5426178,0.21269926,0.13166776,0.38159412,0.46982324,0,0,0.34851477,0.4641461,0,0,0.38961926,0.4486558,0,0,0.43765217,0.46403483,0,0,0,0,0,0.98266494,0,0.43570697,0,0.4486267,0,0,2.08E-17,0,0.58125275,0.47003502,4
0.75204045,0.73874253,0.0070907646,9.58E-05,0.38159412,0.46982324,0.00029088906,6.30E-08,0.34851477,0.4641461,0.0003027469,7.80E-08,0.38961926,0.4486558,0.00025859606,6.43E-08,0.43765217,0.46403483,2.39E-22,1.81E-22,0.630326,6.01E-09,0.6718008,9.66E-06,3.80E-05,0.43570697,0,0.4486267,0,0,0.009929078,0,0.58125275,0.47003502,3
0.7259796,0.94553125,0.2448326,0.12124662,0.38159412,0.46982324,0,0,0.34851477,0.4641461,0,0,0.38961926,0.4486558,0,0,0.43765217,0.46403483,0,0,0,0,0,0.982665,0,0.43570697,0,0.4486267,0,0,2.08E-17,0,0.58125275,0.47003502,4
0.2307541,0.30327007,7.42E-05,3.73E-06,0.38159412,0.46982324,0,0,0.34851477,0.4641461,0,0,0.38961926,0.4486558,0,0,0.43765217,0.46403483,0,0,0,0,0,0.9826631,0,0.43570697,0,0.4486267,0,0,2.08E-17,0,0.58125275,0.47003502,2
0.0057595903,0.0033022019,0.055350598,0.07782077,0.38159412,0.46982324,0,0,0.34851477,0.4641461,0,0,0.38961926,0.4486558,6.28E-09,3.80E-17,0.43765217,0.46403483,0,3.15E-25,2.66E-05,5.46E-14,4.71E-05,2.54E-07,9.12E-13,0.43570697,0,0.4486267,0,0,0.08439716,0,0.58125275,0.47003502,0
0.7054331,0.8360997,0.2495847,0.12775333,0.38159412,0.46982324,0.001911095,2.72E-06,0.34851477,0.4641461,0.008867825,6.69E-05,0.38961926,0.4486558,0.0067980033,4.44E-05,0.43765217,0.46403483,4.43E-22,2.65E-22,0.56878906,1.89E-11,0.7410481,4.87E-06,1.92E-05,0.43570697,0,0.4486267,0,0,0.35886526,0,0.58125275,0.47003502,1
0.22575432,0.17492108,7.81E-05,4.12E-06,0.38159412,0.46982324,0,0,0.34851477,0.4641461,0,0,0.38961926,0.4486558,0,0,0.43765217,0.46403483,0,0,0,0,0,0.98266286,0,0.43570697,0,0.4486267,0,0,2.08E-17,0,0.58125275,0.47003502,2
0.71688336,0.9905634,0.243837,0.12168994,0.38159412,0.46982324,0.0003684733,1.01E-07,0.34851477,0.4641461,0.007569331,4.87E-05,0.38961926,0.4486558,0.00719415,4.97E-05,0.43765217,0.46403483,1.74E-22,1.73E-22,0.58010095,8.98E-19,0.8785824,7.62E-07,3.00E-06,0.43570697,0,0.4486267,0,0,0.3503546,0,0.58125275,0.47003502,4
0.71481967,0.65461624,0.24357922,0.121803604,0.38159412,0.46982324,0.0037285348,1.04E-05,0.34851477,0.4641461,0.009211421,7.22E-05,0.38961926,0.4486558,0.0070811594,4.82E-05,0.43765217,0.46403483,1.24E-22,1.37E-22,0.5857845,3.09E-08,0.5799952,1.31E-05,5.15E-05,0.43570697,0,0.4486267,0,0,0.3503546,0,0.58125275,0.47003502,4
0.72348416,0.9785791,0.24395214,0.121639624,0.38159412,0.46982324,1.36E-05,1.38E-10,0.34851477,0.4641461,0.005302989,2.39E-05,0.38961926,0.4486558,0.006664863,4.27E-05,0.43765217,0.46403483,5.64E-22,2.80E-22,0.5838884,3.60E-17,0.8683525,1.12E-06,4.40E-06,0.43570697,0,0.4486267,0,0,0.3503546,0,0.58125275,0.47003502,4
0.74550575,0.61441416,0.007079673,9.58E-05,0.38159412,0.46982324,2.06E-05,3.17E-10,0.34851477,0.4641461,0.0002919685,7.25E-08,0.38961926,0.4486558,0.0002645558,6.73E-08,0.43765217,0.46403483,1.52E-22,1.39E-22,0.62235206,1.51E-07,0.5579437,1.60E-05,6.31E-05,0.43570697,0,0.4486267,0,0,0.009929078,0,0.58125275,0.47003502,3
0.43149126,0.5118192,0.21274137,0.13165906,0.38159412,0.46982324,0.046860132,0.0016359236,0.34851477,0.4641461,0.01771821,0.0002670686,0.38961926,0.4486558,0.014654291,0.00020636531,0.43765217,0.46403483,5.25E-22,4.82E-22,0.30556267,2.05E-10,0.39612615,1.09E-05,4.28E-05,0.43570697,0,0.4486267,0,0,0.3503546,0,0.58125275,0.47003502,4
0.4078298,0.59399295,0.21318269,0.13157001,0.38159412,0.46982324,0.00021330753,3.39E-08,0.34851477,0.4641461,0.011614094,0.00011475026,0.38961926,0.4486558,0.012812731,0.00015775768,0.43765217,0.46403483,1.46E-21,2.77E-21,0.28243902,4.40E-16,0.46063778,2.52E-06,9.90E-06,0.43570697,0,0.4486267,0,0,0.3503546,0,0.58125275,0.47003502,4
0.42930692,0.16205531,0.21621975,0.13091537,0.38159412,0.46982324,2.77E-07,5.74E-14,0.34851477,0.4641461,0.006369681,3.45E-05,0.38961926,0.4486558,0.011853333,0.00013501687,0.43765217,0.46403483,4.97E-22,1.57E-14,0.30629775,0.00011102828,0.12745327,0.00012655792,0.00049780204,0.43570697,0,0.4486267,0,0,0.3503546,0,0.58125275,0.47003502,4
0.37434956,0.26196364,0.2130744,0.13904755,0.38159412,0.46982324,0.00040245499,1.21E-07,0.34851477,0.4641461,0.02849261,0.0006906333,0.38961926,0.4486558,0.02990189,0.00085921993,0.43765217,0.46403483,6.63E-22,1.09E-21,0.2787344,2.88E-06,0.19848682,5.59E-05,0.0002198144,0.43570697,0,0.4486267,0,0,0.35886526,0,0.58125275,0.47003502,1
0.3647873,0.37872803,0.21213534,0.13919939,0.38159412,0.46982324,0,0,0.34851477,0.4641461,0,0,0.38961926,0.4486558,0,0,0.43765217,0.46403483,0,0,0,0,0,0.98266613,0,0.43570697,0,0.4486267,0,0,2.08E-17,0,0.58125275,0.47003502,1
0.00058523536,0.000809553,0.031352803,0.03995315,0.38159412,0.46982324,0,0.0073559037,0.34851477,0.4641461,5.88E-05,0.008661781,0.38961926,0.4486558,0.033077527,0.009844193,0.43781424,0.4714586,1.27E-16,5.43E-15,0.00023588631,1.39E-14,0.000142604,2.12E-08,8.57E-15,0.43570697,1.81E-18,0.4486267,0.0001475644,0,0.009929078,0,0.58125275,0.47003502,0
0.22460948,0.31617898,7.42E-05,3.76E-06,0.38159412,0.46982324,0,0,0.34851477,0.4641461,0,0,0.38961926,0.4486558,0,0,0.43765217,0.46403483,0,0,0,0,0,0.9826632,0,0.43570697,0,0.4486267,0,0,2.08E-17,0,0.58125275,0.47003502,2
0.7145934,0.9718929,0.2444101,0.12143563,0.38159412,0.46982324,0.0050166715,1.87E-05,0.34851477,0.4641461,0.009586817,7.82E-05,0.38961926,0.4486558,0.0070892638,4.83E-05,0.43765217,0.46403483,1.64E-22,2.01E-22,0.58429146,1.18E-16,0.8640468,1.26E-06,4.97E-06,0.43570697,0,0.4486267,0,0,0.3503546,0,0.58125275,0.47003502,4
0.43001047,0.57157373,0.21435197,0.13132314,0.38159412,0.46982324,0,0,0.34851477,0.4641461,0,0,0.38961926,0.4486558,0,0,0.43765217,0.46403483,0,0,0,0,0,0.98266494,0,0.43570697,0,0.4486267,0,0,2.08E-17,0,0.58125275,0.47003502,4
0.4631234,0.4298091,0.21162696,0.13187866,0.38159412,0.46982324,0.0002805483,5.86E-08,0.34851477,0.4641461,0.013229884,0.00014890014,0.38961926,0.4486558,0.014386758,0.00019889916,0.43765217,0.46403483,5.60E-22,9.69E-22,0.3204902,3.33E-08,0.3309037,2.18E-05,8.56E-05,0.43570697,0,0.4486267,0,0,0.3503546,0,0.58125275,0.47003502,4
0.4508671,0.6001656,0.21322994,0.13155964,0.38159412,0.46982324,0,0,0.34851477,0.4641461,0,0,0.38961926,0.4486558,0,0,0.43765217,0.46403483,0,0,0,0,0,0.982665,0,0.43570697,0,0.4486267,0,0,2.08E-17,0,0.58125275,0.47003502,4
0.31621847,0.4090585,0.21222425,0.13918589,0.38159412,0.46982324,0.05180621,0.0019994918,0.34851477,0.4641461,0.043560155,0.0016142168,0.38961926,0.4486558,0.029637907,0.0008441161,0.43765217,0.46403483,9.09E-21,1.44E-20,0.20703231,1.27E-09,0.30869547,1.61E-05,6.34E-05,0.43570697,0,0.4486267,0,0,0.35886526,0,0.58125275,0.47003502,1
0.0009949559,0.0015657357,0.009331584,0.0015539586,0.38159412,0.46981928,0.04494221,0.0015925417,0.34847876,0.45100895,0.050110072,0.002239411,0.38934982,0.3703243,0.04355559,0.002067043,0.43768558,0.46771854,5.60E-21,1.10E-18,0.0010155137,6.27E-18,0.0016750073,7.87E-10,7.14E-18,0.43529874,0.004158499,0.40513134,0.0014756438,0.06032391,0.045626003,0.003744605,0.5813312,0.4766138,0
0.35174155,0.1469211,0.20843554,0.13974239,0.38159412,0.46982324,0,0,0.34851477,0.4641461,0,0,0.38961926,0.4486558,0,0,0.43765217,0.46403483,0,0,0,0,0,0.9826661,0,0.43570697,0,0.4486267,0,0,2.08E-17,0,0.58125275,0.47003502,1
0.42193615,0.44032905,0.21298105,0.13905863,0.38159412,0.46982324,0,0,0.34851477,0.4641461,0,0,0.38961926,0.4486558,0,0,0.43765217,0.46403483,0,0,0,0,0,0.9826662,0,0.43570697,0,0.4486267,0,0,2.08E-17,0,0.58125275,0.47003502,1
0.7125291,0.9878629,0.2441356,0.12155807,0.38159412,0.46982324,0,0,0.34851477,0.4641461,0,0,0.38961926,0.4486558,0,0,0.43765217,0.46403483,0,0,0,0,0,0.98266506,0,0.43570697,0,0.4486267,0,0,2.08E-17,0,0.58125275,0.47003502,4
0.4329442,0.40453243,0.21319926,0.13902342,0.38159412,0.46982324,0.00100373,7.51E-07,0.34851477,0.4641461,0.022392757,0.00042657775,0.38961926,0.4486558,0.026853561,0.0006929643,0.43765217,0.46403483,4.78E-22,1.04E-21,0.30492994,3.80E-09,0.30659565,1.88E-05,7.40E-05,0.43570697,0,0.4486267,0,0,0.35886526,0,0.58125275,0.47003502,1
0.7136267,0.9866928,0.24424332,0.12151009,0.38159412,0.46982324,1.70E-06,2.15E-12,0.34851477,0.4641461,0.0044537336,1.69E-05,0.38961926,0.4486558,0.0067092143,4.33E-05,0.43765217,0.46403483,1.97E-22,2.83E-22,0.58402085,2.96E-18,0.87659764,8.62E-07,3.39E-06,0.43570697,0,0.4486267,0,0,0.3503546,0,0.58125275,0.47003502,4
0.4582735,0.47935957,0.2133566,0.13153331,0.38159412,0.46982324,0.0043834765,1.43E-05,0.34851477,0.4641461,0.014014601,0.00016708771,0.38961926,0.4486558,0.014834652,0.00021147633,0.43765217,0.46403483,6.20E-22,7.13E-22,0.32919332,2.35E-09,0.37207994,1.49E-05,5.85E-05,0.43570697,0,0.4486267,0,0,0.3503546,0,0.58125275,0.47003502,4
0.005512403,0.0011674381,0.06079923,0.07987998,0.35662216,0.40161663,0.3378133,0.19175792,0.31842396,0.38368267,0.33427492,0.22239943,0.35884184,0.37110773,0.31944934,0.23141938,0.41494957,0.44076353,9.21E-20,3.95E-19,0.0066506495,2.52E-17,0.0011780328,1.50E-09,1.79E-16,0.43570697,0.187282,0.4486267,0.00015013591,0.44997254,0.16742401,0.19600731,0.58125275,0.47003502,0
0.22280313,0.30353236,7.51E-05,3.79E-06,0.38159412,0.46982324,0,0,0.34851477,0.4641461,0,0,0.38961926,0.4486558,0,0,0.43765217,0.46403483,0,0,0,0,0,0.9826631,0,0.43570697,0,0.4486267,0,0,2.08E-17,0,0.58125275,0.47003502,2
0.0014168809,0.001612756,0.008480498,0.0008367001,0.3816225,0.531612,0.006964918,0.00050412887,0.34854236,0.5303665,0.02832029,0.0009104114,0.3896494,0.46502575,0.031568557,0.0011823957,0.43782723,0.49560133,1.07E-17,1.58E-17,0.001512923,1.66E-17,0.001748088,7.50E-10,1.72E-17,0.52563626,0.0005458303,0.5228494,0.0015641087,0.0050308304,0.039639894,0.0005058668,0.5812644,0.4885515,0
0.0009742336,0.0014942049,0.007720896,0.00093693257,0.38159412,0.46982324,1.84E-05,2.02E-07,0.34851477,0.46414587,0.020901544,0.0004216119,0.38961393,0.4418277,0.03090684,0.0010881681,0.4377693,0.4875342,1.24E-19,6.52E-18,0.00091370486,1.46E-17,0.0015178766,4.04E-06,1.62E-05,0.43570697,0.0018723359,0.4739957,0.0012140643,0.05640282,0.043145563,0.0034833672,0.58161116,0.49843398,0
0.29901788,0.09360584,0.0055271657,0.00010784281,0.38159412,0.46982324,0,0,0.34851477,0.4641461,0,0,0.38961926,0.4486558,0,0,0.43765217,0.46403483,0,0,0,0,0,0.9826655,0,0.43570697,0,0.4486267,0,0,2.08E-17,0,0.58125275,0.47003502,3
0.7266955,0.9991342,0.24407624,0.12158457,0.38159412,0.46982324,0,0,0.34851477,0.4641461,0,0,0.38961926,0.4486558,0,0,0.43765217,0.46403483,0,0,0,0,0,0.9826651,0,0.43570697,0,0.4486267,0,0,2.08E-17,0,0.58125275,0.47003502,4
0.41752458,0.35561192,0.005594621,0.00010797633,0.38159412,0.46982324,0.00021146226,3.33E-08,0.34851477,0.4641461,0.00075925904,4.90E-07,0.38961926,0.4486558,0.00074220076,5.29E-07,0.43765217,0.46403483,9.53E-21,5.79E-21,0.2894872,1.04E-07,0.2538083,3.15E-05,0.00012378398,0.43570697,0,0.4486267,0,0,0.009929078,0,0.58125275,0.47003502,3
0.3521029,0.19224814,0.18424575,0.13426958,0.38159412,0.46982324,0,0,0.34851477,0.4641461,0,0,0.38961926,0.4486558,0,0,0.43765217,0.46403483,0,0,0,0,0,0.98266697,0,0.43570697,0,0.4486267,0,0,2.08E-17,0,0.58125275,0.47003502,5
0.72091347,0.8899247,0.007465217,8.99E-05,0.38159412,0.46982324,6.29E-08,2.95E-15,0.34851477,0.4641461,0.00011711305,1.17E-08,0.38961926,0.4486558,0.00023248715,5.19E-08,0.43765217,0.46403483,2.47E-23,2.79E-23,0.7858766,3.41E-12,0.8522068,3.69E-06,1.45E-05,0.43570697,0,0.4486267,0,0,0.009929078,0,0.58125275,0.47003502,3
0.35425538,0.18219355,0.18333812,0.13425152,0.38159412,0.46982324,0.006112258,2.78E-05,0.34851477,0.4641461,0.020283105,0.000349987,0.38961926,0.4486558,0.02113035,0.00042906238,0.43765217,0.46403483,1.73E-21,6.62E-21,0.21944256,3.37E-05,0.12155848,0.000113918286,0.0004480923,0.43570697,2.44E-15,0.4486267,0.4210878,9.31E-08,0.3503546,8.38E-15,0.58125275,0.47003502,5
0.46670145,0.5520642,0.21374196,0.1314544,0.38159412,0.46982324,0,0,0.34851477,0.4641461,0,0,0.38961926,0.4486558,0,0,0.43765217,0.46403483,0,0,0,0,0,0.98266494,0,0.43570697,0,0.4486267,0,0,2.08E-17,0,0.58125275,0.47003502,4
0.4603285,0.48096484,0.2131274,0.13158102,0.38159412,0.46982324,0.0028178843,5.92E-06,0.34851477,0.4641461,0.0135127595,0.00015533564,0.38961926,0.4486558,0.0147615215,0.00020939646,0.43765217,0.46403483,5.71E-22,7.19E-22,0.32812062,2.18E-09,0.37292406,1.47E-05,5.80E-05,0.43570697,0,0.4486267,0,0,0.3503546,0,0.58125275,0.47003502,4
0.42289728,0.6020841,0.2114434,0.13191351,0.38159412,0.46982324,0,0,0.34851477,0.4641461,0,0,0.38961926,0.4486558,0,0,0.43765217,0.46403483,0,0,0,0,0,0.9826651,0,0.43570697,0,0.4486267,0,0,2.08E-17,0,0.58125275,0.47003502,4
0.4411072,0.5733209,0.2146993,0.13124855,0.38159412,0.46982324,6.48E-06,3.13E-11,0.34851477,0.4641461,0.0076436186,4.97E-05,0.38961926,0.4486558,0.012577272,0.00015201273,0.43765217,0.46403483,3.82E-22,8.76E-22,0.327754,8.31E-14,0.44776317,4.44E-06,1.75E-05,0.43570697,0,0.4486267,0,0,0.3503546,0,0.58125275,0.47003502,4
0.7191161,0.96722645,0.24462342,0.12134065,0.38159412,0.46982324,5.67E-07,2.40E-13,0.34851477,0.4641461,0.0038657447,1.27E-05,0.38961926,0.4486558,0.0064259814,3.97E-05,0.43765217,0.46403483,6.64E-23,2.41E-22,0.5890458,2.96E-16,0.8606353,1.39E-06,5.48E-06,0.43570697,0,0.4486267,0,0,0.3503546,0,0.58125275,0.47003502,4
0.7125711,0.72425985,0.25034377,0.12740843,0.38159412,0.46982324,3.82E-07,1.09E-13,0.34851477,0.4641461,0.0037464742,1.19E-05,0.38961926,0.4486558,0.0061937645,3.69E-05,0.43765217,0.46403483,1.73E-22,1.64E-22,0.58271587,3.06E-09,0.6438648,9.35E-06,3.68E-05,0.43570697,0,0.4486267,0,0,0.35886526,0,0.58125275,0.47003502,1
0.7045429,0.8247688,0.24952199,0.1277819,0.38159412,0.46982324,0,0,0.34851477,0.4641461,0,0,0.38961926,0.4486558,0,0,0.43765217,0.46403483,0,0,0,0,0,0.9826662,0,0.43570697,0,0.4486267,0,0,2.08E-17,0,0.58125275,0.47003502,1
0.00050874206,0.00045994867,0.012266629,0.0031943205,0.38159412,0.46982324,1.58E-08,6.62E-09,0.34851477,0.4641461,0.005144309,0.0008435861,0.38962835,0.47160023,0.101111755,0.022015262,0.44643664,0.55682904,0,7.86E-28,1.43E-05,1.02E-16,0.00015473815,1.24E-08,4.09E-16,0.43570697,0,0.4486267,0,0,0.009219858,0,0.58125275,0.47003502,0
0.4585588,0.385733,0.21334146,0.13153431,0.38159412,0.46982324,0.0003609306,9.71E-08,0.34851477,0.4641461,0.011338096,0.000109361215,0.38961926,0.4486558,0.013962986,0.00018735432,0.43765217,0.46403483,7.11E-22,7.17E-22,0.3259358,2.36E-07,0.2993674,2.93E-05,0.00011528988,0.43570697,0,0.4486267,0,0,0.3503546,0,0.58125275,0.47003502,4
0.7076708,0.56949586,0.25067908,0.12725459,0.38159412,0.46982324,3.55E-05,9.41E-10,0.34851477,0.4641461,0.0058850185,2.95E-05,0.38961926,0.4486558,0.006773116,4.41E-05,0.43765217,0.46403483,1.24E-22,1.90E-22,0.5831768,2.27E-07,0.5069634,1.83E-05,7.19E-05,0.43570697,0,0.4486267,0,0,0.35886526,0,0.58125275,0.47003502,1
0.3841729,0.15885279,0.20916367,0.13964716,0.38159412,0.46982324,0.0002786795,5.79E-08,0.34851477,0.4641461,0.021338865,0.00038736974,0.38961926,0.4486558,0.024564652,0.0005798669,0.43765217,0.46403483,1.02E-21,1.90E-18,0.2784006,5.09E-05,0.11808364,0.00012514295,0.0004922377,0.43570697,0,0.4486267,0,0,0.35886526,0,0.58125275,0.47003502,1
0.24810411,0.23804446,1.50E-05,1.47E-06,0.38159412,0.46982324,0,0,0.34851477,0.4641461,0,0,0.38961926,0.4486558,0,0,0.43765217,0.46403483,0,0,0,0,0,0.9826629,0,0.43570697,0,0.4486267,0,0,2.08E-17,0,0.58125275,0.47003502,2
0.2509233,0.31153005,1.52E-05,1.47E-06,0.38159412,0.46982324,0,0,0.34851477,0.4641461,0,0,0.38961926,0.4486558,0,0,0.43765217,0.46403483,0,0,0,0,0,0.982663,0,0.43570697,0,0.4486267,0,0,2.08E-17,0,0.58125275,0.47003502,2
0.2538941,0.20966211,1.49E-05,1.52E-06,0.38159412,0.46982324,0,0,0.34851477,0.4641461,0,0,0.38961926,0.4486558,0,0,0.43765217,0.46403483,0,0,0,0,0,0.9826629,0,0.43570697,0,0.4486267,0,0,2.08E-17,0,0.58125275,0.47003502,2
0.4893905,0.10800919,0.007021617,9.68E-05,0.38159412,0.46982324,1.11E-05,9.15E-11,0.34851477,0.4641461,0.00024478635,5.10E-08,0.38961926,0.4486558,0.00029437017,8.33E-08,0.43765217,0.46403483,2.82E-16,1.97E-07,0.4057267,0.00045663785,0.09722996,0.00019653498,0.0007729939,0.43570697,0,0.4486267,0,0,0.009929078,0,0.58125275,0.47003502,3
0.71658903,0.7262349,0.2500078,0.12756166,0.38159412,0.46982324,3.08E-07,7.05E-14,0.34851477,0.4641461,0.0036627473,1.14E-05,0.38961926,0.4486558,0.0061742356,3.66E-05,0.43765217,0.46403483,2.00E-22,1.59E-22,0.5802961,2.93E-09,0.644754,9.29E-06,3.66E-05,0.43570697,0,0.4486267,0,0,0.35886526,0,0.58125275,0.47003502,1
0.71210074,0.53533286,0.24299817,0.12205885,0.38159412,0.46982324,0.0010215748,7.77E-07,0.34851477,0.4641461,0.008134367,5.63E-05,0.38961926,0.4486558,0.007130631,4.89E-05,0.43765217,0.46403483,2.69E-22,1.87E-22,0.57646143,5.39E-07,0.4731782,2.13E-05,8.39E-05,0.43570697,0,0.4486267,0,0,0.3503546,0,0.58125275,0.47003502,4
0.21633266,0.21016464,7.87E-05,3.94E-06,0.38159412,0.46982324,0,0,0.34851477,0.4641461,0,0,0.38961926,0.4486558,0,0,0.43765217,0.46403483,0,0,0,0,0,0.9826629,0,0.43570697,0,0.4486267,0,0,2.08E-17,0,0.58125275,0.47003502,2
0.0011827415,0.0015852397,0.008253062,0.0013399585,0.38159412,0.4698495,0.00074710994,0.0001461312,0.34851477,0.46454135,0.017328806,0.00061519153,0.3896135,0.44334838,0.040390108,0.002037837,0.43780294,0.4795432,3.27E-18,3.26E-18,0.001238234,5.43E-18,0.0016930756,3.30E-06,1.30E-05,0.48421755,0.00044351717,0.54579,0.0015049826,0.005856914,0.03955692,0.0016077509,0.58135575,0.5491259,0
0.7213793,0.75597113,0.24372244,0.12174125,0.38159412,0.46982324,0,0,0.34851477,0.4641461,0,0,0.38961926,0.4486558,0,0,0.43765217,0.46403483,0,0,0,0,0,0.9826649,0,0.43570697,0,0.4486267,0,0,2.08E-17,0,0.58125275,0.47003502,4
0.8832154,0.9112639,0.008150888,7.69E-05,0.38159412,0.46982324,0,0,0.34851477,0.4641461,0,0,0.38961926,0.4486558,0,0,0.43765217,0.46403483,0,0,0,0,0,0.98266566,0,0.43570697,0,0.4486267,0,0,2.08E-17,0,0.58125275,0.47003502,3
0.41328847,0.5685755,0.21435367,0.13132252,0.38159412,0.46982324,2.25E-05,3.77E-10,0.34851477,0.4641461,0.008846953,6.66E-05,0.38961926,0.4486558,0.012778859,0.00015692467,0.43765217,0.46403483,2.41E-21,2.62E-21,0.3045243,1.11E-13,0.4433453,4.58E-06,1.80E-05,0.43570697,0,0.4486267,0,0,0.3503546,0,0.58125275,0.47003502,4
0.7449175,0.7379739,0.008094385,7.83E-05,0.38159412,0.46982324,0.00072155154,3.88E-07,0.34851477,0.4641461,0.0003063354,7.98E-08,0.38961926,0.4486558,0.00027176045,7.10E-08,0.43765217,0.46403483,4.84E-23,8.89E-23,0.7199366,3.95E-09,0.7631784,8.27E-06,3.25E-05,0.43570697,0,0.4486267,0,0,0.009929078,0,0.58125275,0.47003502,3
0.71327555,0.97632587,0.24422449,0.12151858,0.38159412,0.46982324,3.38E-05,8.49E-10,0.34851477,0.4641461,0.0058217463,2.88E-05,0.38961926,0.4486558,0.0067301467,4.35E-05,0.43765217,0.46403483,3.23E-22,2.59E-22,0.581799,4.34E-17,0.86732125,1.14E-06,4.48E-06,0.43570697,0,0.4486267,0,0,0.3503546,0,0.58125275,0.47003502,4
0.0009857949,0.0017687572,0.060176868,0.17535181,0.38159412,0.46982324,0.0004799113,2.06E-05,0.34851477,0.4640351,0.07406235,0.0050628483,0.3896225,0.44902775,0.45967355,0.22141957,0.46654359,0.49574497,8.57E-22,9.41E-19,0.0008883295,7.79E-18,0.0019306958,6.28E-10,6.83E-18,0.43570697,0.00045875154,0.4486267,0.0013915406,0.0004590752,0.03908572,0.0005142359,0.58125263,0.4683116,0
0.00029514902,0.000496275,0.02699721,0.026942154,0.38159412,0.46982324,0,5.09E-09,0.34851477,0.4641461,0.0001452408,0.0007858452,0.38961926,0.44759813,0.00074669643,0.0014906202,0.4376338,0.3684556,0,0,3.51E-06,8.32E-17,9.25E-05,4.08E-08,8.05E-08,0.43570697,0,0.4486267,0,0,0.009219858,0,0.58125275,0.47003502,0
0.22724071,0.22058153,7.70E-05,3.85E-06,0.38159412,0.46982324,0,0,0.34851477,0.4641461,0,0,0.38961926,0.4486558,0,0,0.43765217,0.46403483,0,0,0,0,0,0.9826629,0,0.43570697,0,0.4486267,0,0,2.08E-17,0,0.58125275,0.47003502,2
0.70134526,0.7698286,0.25069746,0.12724641,0.38159412,0.46982324,0.0012490567,1.16E-06,0.34851477,0.4641461,0.008420621,6.03E-05,0.38961926,0.4486558,0.0068225903,4.47E-05,0.43765217,0.46403483,5.36E-23,9.97E-23,0.5796071,5.12E-10,0.6853532,7.34E-06,2.89E-05,0.43570697,0,0.4486267,0,0,0.35886526,0,0.58125275,0.47003502,1
0.71202624,0.7607686,0.2502981,0.12742902,0.38159412,0.46982324,0,0,0.34851477,0.4641461,0,0,0.38961926,0.4486558,0,0,0.43765217,0.46403483,0,0,0,0,0,0.9826662,0,0.43570697,0,0.4486267,0,0,2.08E-17,0,0.58125275,0.47003502,1
0.7669944,0.4891386,0.008064633,7.91E-05,0.38159412,0.46982324,0.00061464193,2.81E-07,0.34851477,0.4641461,0.0004063475,1.40E-07,0.38961926,0.4486558,0.0003137311,9.46E-08,0.43765217,0.46403483,1.79E-22,1.28E-22,0.72870827,1.53E-06,0.5045431,2.27E-05,8.94E-05,0.43570697,0,0.4486267,0,0,0.009929078,0,0.58125275,0.47003502,3
0.74827045,0.7965186,0.0080884,7.82E-05,0.38159412,0.46982324,3.94E-07,1.15E-13,0.34851477,0.4641461,0.00017831958,2.71E-08,0.38961926,0.4486558,0.00025724882,6.36E-08,0.43765217,0.46403483,7.04E-23,1.21E-22,0.7176858,5.95E-10,0.8238981,6.33E-06,2.49E-05,0.43570697,0,0.4486267,0,0,0.009929078,0,0.58125275,0.47003502,3
0.7419615,0.62523437,0.0070858635,9.57E-05,0.38159412,0.46982324,0,0,0.34851477,0.4641461,0,0,0.38961926,0.4486558,0,0,0.43765217,0.46403483,0,0,0,0,0,0.98266554,0,0.43570697,0,0.4486267,0,0,2.08E-17,0,0.58125275,0.47003502,3
0.23276123,0.30763102,7.53E-05,3.87E-06,0.38159412,0.46982324,0,0,0.34851477,0.4641461,0,0,0.38961926,0.4486558,0,0,0.43765217,0.46403483,0,0,0,0,0,0.98266315,0,0.43570697,0,0.4486267,0,0,2.08E-17,0,0.58125275,0.47003502,2
0.3348074,0.14932036,0.0050837058,0.000108085165,0.38159412,0.46982324,0.001022492,7.79E-07,0.34851477,0.4641461,0.0014858277,1.88E-06,0.38961926,0.4486558,0.0010668569,1.09E-06,0.43765217,0.46403483,6.57E-21,2.65E-17,0.17799054,9.73E-05,0.09692987,0.00015554622,0.0006118064,0.43570697,0,0.4486267,0,0,0.009929078,0,0.58125275,0.47003502,3
0.7268533,0.97032315,0.24447024,0.12140908,0.38159412,0.46982324,1.09E-07,8.88E-15,0.34851477,0.4641461,0.0032511803,8.99E-06,0.38961926,0.4486558,0.0063099717,3.83E-05,0.43765217,0.46403483,2.55E-22,3.94E-22,0.59351605,2.09E-16,0.8628474,1.34E-06,5.28E-06,0.43570697,0,0.4486267,0,0,0.3503546,0,0.58125275,0.47003502,4
0.21516325,0.11000308,7.53E-05,4.00E-06,0.38159412,0.46982324,0,0,0.34851477,0.4641461,0,0,0.38961926,0.4486558,0,0,0.43765217,0.46403483,0,0,0,0,0,0.98266286,0,0.43570697,0,0.4486267,0,0,2.08E-17,0,0.58125275,0.47003502,2
0.2509375,0.25015324,1.58E-05,1.60E-06,0.38159412,0.46982324,0,0,0.34851477,0.4641461,0,0,0.38961926,0.4486558,0,0,0.43765217,0.46403483,0,0,0,0,0,0.9826629,0,0.43570697,0,0.4486267,0,0,2.08E-17,0,0.58125275,0.47003502,2
0.7009661,0.85351026,0.007074262,9.60E-05,0.38159412,0.46982324,2.18E-08,3.53E-16,0.34851477,0.4641461,0.00014853946,1.88E-08,0.38961926,0.4486558,0.00024551622,5.79E-08,0.43765217,0.46403483,4.62E-22,3.03E-22,0.5770992,3.24E-11,0.7744027,4.93E-06,1.94E-05,0.43570697,0,0.4486267,0,0,0.009929078,0,0.58125275,0.47003502,3
0.42199144,0.40996593,0.00588016,0.00010696283,0.38159412,0.46982324,0,0,0.34851477,0.4641461,0,0,0.38961926,0.4486558,0,0,0.43765217,0.46403483,0,0,0,0,0,0.9826656,0,0.43570697,0,0.4486267,0,0,2.08E-17,0,0.58125275,0.47003502,3
0.7975179,0.84454006,0.008096443,7.80E-05,0.38159412,0.46982324,1.10E-05,8.95E-11,0.34851477,0.4641461,0.0001985277,3.35E-08,0.38961926,0.4486558,0.00025227942,6.12E-08,0.43765217,0.46403483,1.35E-22,1.13E-22,0.7626599,1.34E-10,0.8750337,5.17E-06,2.03E-05,0.43570697,0,0.4486267,0,0,0.009929078,0,0.58125275,0.47003502,3
0.42799163,0.34325367,0.00554142,0.00010810171,0.38159412,0.46982324,0,0,0.34851477,0.4641461,0,0,0.38961926,0.4486558,0,0,0.43765217,0.46403483,0,0,0,0,0,0.9826656,0,0.43570697,0,0.4486267,0,0,2.08E-17,0,0.58125275,0.47003502,3
0.4273454,0.30860513,0.0055683744,0.00010802205,0.38159412,0.46982324,0,0,0.34851477,0.4641461,0,0,0.38961926,0.4486558,0,0,0.43765217,0.46403483,0,0,0,0,0,0.98266554,0,0.43570697,0,0.4486267,0,0,2.08E-17,0,0.58125275,0.47003502,3
0.6853616,0.2764056,0.24898311,0.12802316,0.38159412,0.46982324,1.93E-08,2.78E-16,0.34851477,0.4641461,0.0025354167,5.47E-06,0.38961926,0.4486558,0.0060165552,3.48E-05,0.43765217,0.46403483,5.60E-22,1.13E-16,0.554622,3.94E-05,0.24438237,6.32E-05,0.00024842893,0.43570697,0,0.4486267,0,0,0.35886526,0,0.58125275,0.47003502,1
0.0010688883,0.0015450937,0.008295171,0.00083377707,0.38159412,0.46982324,0.0007058136,6.26E-07,0.34851477,0.46383882,0.009766939,0.00014075801,0.38961127,0.41981566,0.010298326,0.0001599785,0.43766552,0.48152798,1.55E-25,1.63E-19,0.00020832261,3.75E-17,0.00038137136,4.83E-09,9.26E-17,0.43538377,0.00015188885,0.41978842,0.0013222139,0.010259538,0.02871718,0.00015994742,0.58126366,0.48733214,0
0.4508248,0.20509453,0.21539475,0.13109386,0.38159412,0.46982324,0.039715957,0.0011751304,0.34851477,0.4641461,0.019218607,0.00031421497,0.38961926,0.4486558,0.015485248,0.00023043233,0.43765217,0.46403483,4.31E-22,8.44E-19,0.32190147,4.09E-05,0.16071554,9.13E-05,0.00035902762,0.43570697,0,0.4486267,0,0,0.3503546,0,0.58125275,0.47003502,4
0.23154393,0.31430084,7.36E-05,3.66E-06,0.38159412,0.46982324,0,0,0.34851477,0.4641461,0,0,0.38961926,0.4486558,0,0,0.43765217,0.46403483,0,0,0,0,0,0.9826632,0,0.43570697,0,0.4486267,0,0,2.08E-17,0,0.58125275,0.47003502,2
0.8286072,0.86510974,0.008132766,7.71E-05,0.38159412,0.46982324,9.53E-05,6.77E-09,0.34851477,0.4641461,0.00026316434,5.89E-08,0.38961926,0.4486558,0.00026134087,6.56E-08,0.43765217,0.46403483,6.87E-23,6.21E-23,0.8143424,7.18E-11,0.9005996,4.75E-06,1.87E-05,0.43570697,0,0.4486267,0,0,0.009929078,0,0.58125275,0.47003502,3
0.33539876,0.13412273,0.18429717,0.13428326,0.38159412,0.46982324,0,0,0.34851477,0.4641461,0,0,0.38961926,0.4486558,0,0,0.43765217,0.46403483,0,0,0,0,0,0.98266697,0,0.43570697,0,0.4486267,0,0,2.08E-17,0,0.58125275,0.47003502,5
0.43922788,0.59553504,0.21404319,0.13139215,0.38159412,0.46982324,0,0,0.34851477,0.4641461,0,0,0.38961926,0.4486558,0,0,0.43765217,0.46403483,0,0,0,0,0,0.982665,0,0.43570697,0,0.4486267,0,0,2.08E-17,0,0.58125275,0.47003502,4
0.7537337,0.5630878,0.0070736487,9.59E-05,0.38159412,0.46982324,2.83E-08,5.96E-16,0.34851477,0.4641461,0.0001491576,1.89E-08,0.38961926,0.4486558,0.00022047771,4.67E-08,0.43765217,0.46403483,4.86E-22,2.93E-22,0.6267646,4.57E-07,0.5108907,1.96E-05,7.70E-05,0.43570697,0,0.4486267,0,0,0.009929078,0,0.58125275,0.47003502,3
0.7517302,0.68411696,0.0070840926,9.58E-05,0.38159412,0.46982324,0.00012623279,1.19E-08,0.34851477,0.4641461,0.00028104737,6.72E-08,0.38961926,0.4486558,0.00025955448,6.47E-08,0.43765217,0.46403483,9.83E-23,1.02E-22,0.6290611,2.79E-08,0.6216162,1.22E-05,4.79E-05,0.43570697,0,0.4486267,0,0,0.009929078,0,0.58125275,0.47003502,3
0.3666445,0.3473803,0.18348044,0.1342527,0.38159412,0.46982324,0,0,0.34851477,0.4641461,0,0,0.38961926,0.4486558,0,0,0.43765217,0.46403483,0,0,0,0,0,0.982667,0,0.43570697,0,0.4486267,0,0,2.08E-17,0,0.58125275,0.47003502,5
0.000351692,0.00041629397,0.009790889,0.001504069,0.38159412,0.46982324,7.08E-06,3.73E-11,0.34851477,0.4641461,0.015993524,0.00021760627,0.38961926,0.44865653,0.019120509,0.0003513226,0.43765315,0.47915465,0,1.58E-23,2.57E-05,7.89E-17,7.49E-05,2.38E-08,2.16E-11,0.43570697,0.0002348141,0.4486274,0.000259703,0.019048495,0.029839784,0.00035125433,0.5812535,0.4849854,0
0.46316192,0.220626,0.20857985,0.13972794,0.38159412,0.46982324,0,0,0.34851477,0.4641461,0,0,0.38961926,0.4486558,0,0,0.43765217,0.46403483,0,0,0,0,0,0.9826661,0,0.43570697,0,0.4486267,0,0,2.08E-17,0,0.58125275,0.47003502,1
0.753946,0.49343455,0.007072732,9.60E-05,0.38159412,0.46982324,2.07E-05,3.18E-10,0.34851477,0.4641461,0.00028763397,7.04E-08,0.38961926,0.4486558,0.00025155742,6.08E-08,0.43765217,0.46403483,2.14E-22,1.56E-22,0.6276469,1.70E-06,0.44758114,2.55E-05,0.00010028417,0.43570697,0,0.4486267,0,0,0.009929078,0,0.58125275,0.47003502,3
0.699867,0.83503896,0.24978365,0.12766336,0.38159412,0.46982324,0,0,0.34851477,0.4641461,0,0,0.38961926,0.4486558,0,0,0.43765217,0.46403483,0,0,0,0,0,0.9826662,0,0.43570697,0,0.4486267,0,0,2.08E-17,0,0.58125275,0.47003502,1
0.49115232,0.47692502,0.21296374,0.13161455,0.38159412,0.46982324,0,0,0.34851477,0.4641461,0,0,0.38961926,0.4486558,0,0,0.43765217,0.46403483,0,0,0,0,0,0.9826649,0,0.43570697,0,0.4486267,0,0,2.08E-17,0,0.58125275,0.47003502,4
0.7095624,0.6652035,0.2439078,0.12165899,0.38159412,0.46982324,0,0,0.34851477,0.4641461,0,0,0.38961926,0.4486558,0,0,0.43765217,0.46403483,0,0,0,0,0,0.9826648,0,0.43570697,0,0.4486267,0,0,2.08E-17,0,0.58125275,0.47003502,4
0.7629786,0.49458343,0.008062841,7.91E-05,0.38159412,0.46982324,0.00037322822,1.04E-07,0.34851477,0.4641461,0.00038758526,1.28E-07,0.38961926,0.4486558,0.00031044448,9.26E-08,0.43765217,0.46403483,1.97E-22,1.37E-22,0.7236917,1.39E-06,0.5100824,2.22E-05,8.75E-05,0.43570697,0,0.4486267,0,0,0.009929078,0,0.58125275,0.47003502,3
0.004197899,0.0032697595,0.051293183,0.07756212,0.38159412,0.46982324,0,0,0.34851477,0.4641461,0,0,0.38961926,0.4486558,2.23E-09,4.74E-18,0.43765217,0.46403483,2.24E-23,4.15E-23,0.001924043,4.39E-15,0.0011138988,1.47E-08,6.78E-14,0.43570697,0,0.4486267,0.0038618858,9.90E-10,2.08E-17,9.50E-19,0.58125275,0.47003502,0
0.0011332231,0.001644669,0.026579082,0.06110208,0.38159412,0.46982324,5.02E-07,1.33E-06,0.34851477,0.46414605,0.014845832,0.00030245155,0.38961387,0.43974733,0.070976615,0.06398471,0.4397985,0.48198316,2.41E-17,2.43E-17,0.0009793183,1.94E-17,0.0014988448,3.49E-09,2.57E-14,0.43570697,5.58E-11,0.4486267,0.0012705146,0.034369,0.059696857,0.059134632,0.5817428,0.48060876,0
0.7055523,0.44816545,0.25032207,0.12741922,0.38159412,0.46982324,2.94E-07,6.44E-14,0.34851477,0.4641461,0.0036549906,1.14E-05,0.38961926,0.4486558,0.0063964156,3.93E-05,0.43765217,0.46403483,2.02E-22,1.74E-22,0.57665485,2.63E-06,0.39838317,2.97E-05,0.00011672616,0.43570697,0,0.4486267,0,0,0.35886526,0,0.58125275,0.47003502,1
0.8351323,0.8983376,0.008140801,7.71E-05,0.38159412,0.46982324,7.30E-07,3.97E-13,0.34851477,0.4641461,0.00015876893,2.14E-08,0.38961926,0.4486558,0.0002437051,5.71E-08,0.43765217,0.46403483,4.06E-21,4.85E-21,0.80779177,2.61E-11,0.93536085,4.13E-06,1.62E-05,0.43570697,0,0.4486267,0,0,0.009929078,0,0.58125275,0.47003502,3
0.2510228,0.32599238,1.49E-05,1.47E-06,0.38159412,0.46982324,0,0,0.34851477,0.4641461,0,0,0.38961926,0.4486558,0,0,0.43765217,0.46403483,0,0,0,0,0,0.98266304,0,0.43570697,0,0.4486267,0,0,2.08E-17,0,0.58125275,0.47003502,2
0.005864372,0.0027590343,0.05693604,0.083360374,0.38159412,0.46982324,0,0,0.34851477,0.4641461,1.41E-09,1.68E-18,0.38961926,0.4486558,1.41E-09,1.90E-18,0.43765217,0.46403483,3.14E-20,6.19E-20,0.0017545988,3.10E-14,0.0007022356,2.76E-08,2.83E-13,0.43570697,1.81E-18,0.4486267,0.0024346497,1.40E-09,2.08E-17,1.90E-18,0.58125275,0.47003502,0
0.43806142,0.22597596,0.0057039196,0.00010762295,0.38159412,0.46982324,9.34E-08,6.50E-15,0.34851477,0.4641461,0.0004363365,1.62E-07,0.38961926,0.4486558,0.00074645586,5.35E-07,0.43765217,0.46403483,2.52E-20,7.34E-21,0.32059553,8.35E-06,0.16451353,7.60E-05,0.00029912245,0.43570697,0,0.4486267,0,0,0.009929078,0,0.58125275,0.47003502,3
0.72243816,0.89525014,0.24383983,0.12168883,0.38159412,0.46982324,3.70E-08,1.02E-15,0.34851477,0.4641461,0.0029717893,7.51E-06,0.38961926,0.4486558,0.006201387,3.70E-05,0.43765217,0.46403483,3.24E-22,2.54E-22,0.5848193,7.54E-13,0.7940331,3.30E-06,1.30E-05,0.43570697,0,0.4486267,0,0,0.3503546,0,0.58125275,0.47003502,4
0.74915725,0.78088987,0.007092319,9.57E-05,0.38159412,0.46982324,6.20E-06,2.87E-11,0.34851477,0.4641461,0.00023991479,4.90E-08,0.38961926,0.4486558,0.00025840395,6.42E-08,0.43765217,0.46403483,2.42E-22,2.03E-22,0.626428,1.51E-09,0.7103496,7.95E-06,3.13E-05,0.43570697,0,0.4486267,0,0,0.009929078,0,0.58125275,0.47003502,3
0.7109542,0.888873,0.24414265,0.121555254,0.38159412,0.46982324,0,0,0.34851477,0.4641461,0,0,0.38961926,0.4486558,0,0,0.43765217,0.46403483,0,0,0,0,0,0.98266494,0,0.43570697,0,0.4486267,0,0,2.08E-17,0,0.58125275,0.47003502,4
0.0012605727,0.0016929638,0.008245877,0.0008205484,0.38159412,0.4698101,0.018096026,0.00024417197,0.3485124,0.44894385,0.03730508,0.0013299985,0.3896894,0.47749466,0.03154198,0.001197283,0.4376326,0.4605674,8.14E-18,8.15E-18,0.0012005488,1.32E-17,0.0017868475,7.21E-10,1.43E-17,0.43570697,0.0005052585,0.4464957,0.001541735,0.0033587613,0.03854507,0.0005616787,0.5812552,0.47559297,0
0.35843968,0.43001795,0.006009555,0.00010625946,0.38159412,0.46982324,0,0,0.34851477,0.4641461,0,0,0.38961926,0.4486558,0,0,0.43765217,0.46403483,0,0,0,0,0,0.9826656,0,0.43570697,0,0.4486267,0,0,2.08E-17,0,0.58125275,0.47003502,3
0.7210947,0.9878441,0.24382478,0.121695735,0.38159412,0.46982324,1.51E-06,1.70E-12,0.34851477,0.4641461,0.004399523,1.65E-05,0.38961926,0.4486558,0.006700768,4.31E-05,0.43765217,0.46403483,2.59E-22,2.79E-22,0.58041465,2.89E-18,0.87611645,8.59E-07,3.38E-06,0.43570697,0,0.4486267,0,0,0.3503546,0,0.58125275,0.47003502,4
0.74171215,0.73412156,0.008091994,7.84E-05,0.38159412,0.46982324,1.23E-08,1.13E-16,0.34851477,0.4641461,0.0001253936,1.34E-08,0.38961926,0.4486558,0.00025065866,6.04E-08,0.43765217,0.46403483,6.98E-23,1.07E-22,0.7153186,4.42E-09,0.75889254,8.40E-06,3.31E-05,0.43570697,0,0.4486267,0,0,0.009929078,0,0.58125275,0.47003502,3
0.74941933,0.46597943,0.0070879837,9.57E-05,0.38159412,0.46982324,0,0,0.34851477,0.4641461,0,0,0.38961926,0.4486558,0,0,0.43765217,0.46403483,0,0,0,0,0,0.98266554,0,0.43570697,0,0.4486267,0,0,2.08E-17,0,0.58125275,0.47003502,3
0.358484,0.3888121,0.18423103,0.13426779,0.38159412,0.46982324,0.024099825,0.0004326969,0.34851477,0.4641461,0.020022586,0.0003410542,0.38961926,0.4486558,0.01772888,0.00030204363,0.43765217,0.46403483,4.63E-22,6.02E-22,0.2212614,1.92E-09,0.26062143,2.00E-05,7.87E-05,0.43570697,3.02E-15,0.4486267,0.9030381,1.01E-07,0.3503546,9.96E-15,0.58125275,0.47003502,5
0.7023416,0.8211396,0.24987096,0.12762392,0.38159412,0.46982324,1.58E-08,1.85E-16,0.34851477,0.4641461,0.002495888,5.30E-06,0.38961926,0.4486558,0.005853328,3.29E-05,0.43765217,0.46403483,2.25E-22,2.39E-22,0.567782,4.50E-11,0.7286079,5.40E-06,2.13E-05,0.43570697,0,0.4486267,0,0,0.35886526,0,0.58125275,0.47003502,1
0.7066149,0.97258335,0.24445587,0.121415466,0.38159412,0.46982324,0.0007894669,4.64E-07,0.34851477,0.4641461,0.007973001,5.41E-05,0.38961926,0.4486558,0.006954162,4.65E-05,0.43765217,0.46403483,3.07E-22,2.31E-22,0.58009666,8.15E-17,0.86482024,1.22E-06,4.78E-06,0.43570697,0,0.4486267,0,0,0.3503546,0,0.58125275,0.47003502,4
0.7138428,0.33545998,0.2500395,0.12754788,0.38159412,0.46982324,0.0031155462,7.23E-06,0.34851477,0.4641461,0.009217991,7.23E-05,0.38961926,0.4486558,0.008118346,6.33E-05,0.43765217,0.46403483,1.94E-22,3.22E-20,0.5828245,1.67E-05,0.29787177,4.78E-05,0.00018803623,0.43570697,0,0.4486267,0,0,0.35886526,0,0.58125275,0.47003502,1
0.65177923,0.21508558,0.24875705,0.12812573,0.38159412,0.46982324,4.15E-07,1.28E-13,0.34851477,0.4641461,0.0038897956,1.29E-05,0.38961926,0.4486558,0.00710428,4.85E-05,0.43765217,0.46403483,5.14E-22,3.43E-13,0.52806836,9.28E-05,0.18999816,8.81E-05,0.00034637505,0.43570697,0,0.4486267,0,0,0.35886526,0,0.58125275,0.47003502,1
0.21068998,0.23436679,7.56E-05,3.79E-06,0.38159412,0.46982324,0,0,0.34851477,0.4641461,0,0,0.38961926,0.4486558,0,0,0.43765217,0.46403483,0,0,0,0,0,0.9826629,0,0.43570697,0,0.4486267,0,0,2.08E-17,0,0.58125275,0.47003502,2
0.00016349,0.0023270887,0.04906375,0.071961,0.38159412,0.46982324,0,5.02E-15,0.34851477,0.4641461,5.06E-05,8.66E-05,0.38961926,0.448502,0.00073398236,0.00044521943,0.43764725,0.41637766,0,0,2.27E-06,1.65E-17,7.57E-05,2.41E-08,6.32E-16,0.43570697,0,0.4486267,0,0,0.009219858,0,0.58125275,0.47003502,0
0.45309028,0.26165757,0.21454497,0.1312817,0.38159412,0.46982324,0,0,0.34851477,0.4641461,0,0,0.38961926,0.4486558,0,0,0.43765217,0.46403483,0,0,0,0,0,0.98266476,0,0.43570697,0,0.4486267,0,0,2.08E-17,0,0.58125275,0.47003502,4
0.0010421159,0.0017564143,0.053581957,0.15136905,0.38159412,0.46982324,8.52E-06,0.00033907895,0.34851477,0.46412078,0.05916251,0.0034807927,0.3895963,0.44520414,0.42766663,0.19767468,0.46136743,0.4916748,1.09E-18,2.98E-18,0.0010497926,6.76E-18,0.0019150473,6.40E-10,9.93E-18,0.43570697,0.00018580751,0.4486267,0.0013083617,0.0002762534,0.040063046,0.00043903437,0.5812525,0.46378726,0
0.7401494,0.79927343,0.0070886025,9.58E-05,0.38159412,0.46982324,1.54E-07,1.76E-14,0.34851477,0.4641461,0.00016717782,2.38E-08,0.38961926,0.4486558,0.00024624527,5.83E-08,0.43765217,0.46403483,1.03E-22,1.21E-22,0.61733425,7.33E-10,0.7266538,7.22E-06,2.84E-05,0.43570697,0,0.4486267,0,0,0.009929078,0,0.58125275,0.47003502,3
0.2146178,0.1009971,8.04E-05,4.29E-06,0.38159412,0.46982324,0,0,0.34851477,0.4641461,0,0,0.38961926,0.4486558,0,0,0.43765217,0.46403483,0,0,0,0,0,0.98266286,0,0.43570697,0,0.4486267,0,0,2.08E-17,0,0.58125275,0.47003502,2
0.7124185,0.703959,0.2498764,0.12762155,0.38159412,0.46982324,0,0,0.34851477,0.4641461,0,0,0.38961926,0.4486558,0,0,0.43765217,0.46403483,0,0,0,0,0,0.98266613,0,0.43570697,0,0.4486267,0,0,2.08E-17,0,0.58125275,0.47003502,1
0.74591583,0.8846045,0.007263036,9.32E-05,0.38159412,0.46982324,1.14E-06,9.67E-13,0.34851477,0.4641461,0.00016222634,2.24E-08,0.38961926,0.4486558,0.0002433466,5.69E-08,0.43765217,0.46403483,2.02E-23,1.81E-23,0.7301145,6.54E-12,0.82412946,4.04E-06,1.59E-05,0.43570697,0,0.4486267,0,0,0.009929078,0,0.58125275,0.47003502,3
0.41402644,0.6021675,0.21248206,0.13170882,0.38159412,0.46982324,0,0,0.34851477,0.4641461,0,0,0.38961926,0.4486558,0,0,0.43765217,0.46403483,0,0,0,0,0,0.98266506,0,0.43570697,0,0.4486267,0,0,2.08E-17,0,0.58125275,0.47003502,4
0.31665543,0.095857084,0.18146113,0.13420653,0.38159412,0.46982324,0.015162145,0.0001712684,0.34851477,0.4641461,0.020296931,0.0003504643,0.38961926,0.4486558,0.021806924,0.0004569786,0.43765217,0.46403483,1.65E-20,9.34E-11,0.19113012,0.00040762458,0.06330239,0.00027679835,0.0010885906,0.43570697,1.16E-16,0.4486267,0.2192722,4.75E-08,0.3503546,2.19E-15,0.58125275,0.47003502,5
0.38086185,0.37914968,0.18430358,0.13426842,0.38159412,0.46982324,0.0019903746,2.95E-06,0.34851477,0.4641461,0.016651586,0.00023588169,0.38961926,0.4486558,0.017466681,0.0002931756,0.43765217,0.46403483,7.38E-22,9.88E-22,0.23618756,4.59E-09,0.25423944,2.25E-05,8.86E-05,0.43570697,1.51E-15,0.4486267,0.88094014,1.28E-07,0.3503546,1.59E-14,0.58125275,0.47003502,5
0.21892357,0.2669306,7.36E-05,3.73E-06,0.38159412,0.46982324,0,0,0.34851477,0.4641461,0,0,0.38961926,0.4486558,0,0,0.43765217,0.46403483,0,0,0,0,0,0.982663,0,0.43570697,0,0.4486267,0,0,2.08E-17,0,0.58125275,0.47003502,2
0.71308285,0.27557516,0.008047114,8.00E-05,0.38159412,0.46982324,0.00055878196,2.33E-07,0.34851477,0.4641461,0.00038427243,1.26E-07,0.38961926,0.4486558,0.00033719334,1.09E-07,0.43765217,0.46403483,4.72E-23,4.53E-16,0.67332786,3.87E-05,0.28325906,5.55E-05,0.00021814334,0.43570697,0,0.4486267,0,0,0.009929078,0,0.58125275,0.47003502,3
0.3517536,0.3191401,0.18323447,0.13424738,0.38159412,0.46982324,0.03885313,0.0011246257,0.34851477,0.4641461,0.019970125,0.00033926935,0.38961926,0.4486558,0.018039929,0.00031273518,0.43765217,0.46403483,8.74E-22,9.07E-22,0.21404225,1.81E-07,0.2127663,3.85E-05,0.00015143992,0.43570697,5.80E-16,0.4486267,0.7372073,1.39E-07,0.3503546,1.87E-14,0.58125275,0.47003502,5
0.43067598,0.6050173,0.21276836,0.13165225,0.38159412,0.46982324,0,0,0.34851477,0.4641461,0,0,0.38961926,0.4486558,0,0,0.43765217,0.46403483,0,0,0,0,0,0.98266506,0,0.43570697,0,0.4486267,0,0,2.08E-17,0,0.58125275,0.47003502,4
0.25622666,0.30892766,1.51E-05,1.53E-06,0.38159412,0.46982324,0,0,0.34851477,0.4641461,0,0,0.38961926,0.4486558,0,0,0.43765217,0.46403483,0,0,0,0,0,0.982663,0,0.43570697,0,0.4486267,0,0,2.08E-17,0,0.58125275,0.47003502,2
0.7452254,0.6980164,0.007097459,9.56E-05,0.38159412,0.46982324,1.71E-05,2.17E-10,0.34851477,0.4641461,0.00023010028,4.50E-08,0.38961926,0.4486558,0.00025166408,6.09E-08,0.43765217,0.46403483,5.28E-23,9.86E-23,0.63088346,1.87E-08,0.6354653,1.14E-05,4.50E-05,0.43570697,0,0.4486267,0,0,0.009929078,0,0.58125275,0.47003502,3
0.36792633,0.2707961,0.18419442,0.13426992,0.38159412,0.46982324,0,0,0.34851477,0.4641461,0,0,0.38961926,0.4486558,0,0,0.43765217,0.46403483,0,0,0,0,0,0.982667,0,0.43570697,0,0.4486267,0,0,2.08E-17,0,0.58125275,0.47003502,5
0.0011717761,0.0015470973,0.008230387,0.00081276416,0.38159412,0.46982324,0.0006964194,8.80E-07,0.34851477,0.464145,0.009731002,0.00014237674,0.38960987,0.41496855,0.010205102,0.00015125,0.43765488,0.46775156,1.54E-25,1.63E-19,0.00021096817,3.73E-17,0.00037604835,4.90E-09,4.90E-17,0.4357058,0.0001536356,0.4149416,0.001303759,0.0101666665,0.028128937,0.0001512206,0.58125496,0.47371012,0
0.39110273,0.40856257,0.18359819,0.13425717,0.38159412,0.46982324,0,0,0.34851477,0.4641461,0,0,0.38961926,0.4486558,0,0,0.43765217,0.46403483,0,0,0,0,0,0.9826671,0,0.43570697,0,0.4486267,0,0,2.08E-17,0,0.58125275,0.47003502,5
0.3943129,0.3314642,0.20914033,0.13965122,0.38159412,0.46982324,0,0,0.34851477,0.4641461,0,0,0.38961926,0.4486558,0,0,0.43765217,0.46403483,0,0,0,0,0,0.98266613,0,0.43570697,0,0.4486267,0,0,2.08E-17,0,0.58125275,0.47003502,1
0.22376649,0.2980821,7.39E-05,3.71E-06,0.38159412,0.46982324,0,0,0.34851477,0.4641461,0,0,0.38961926,0.4486558,0,0,0.43765217,0.46403483,0,0,0,0,0,0.9826631,0,0.43570697,0,0.4486267,0,0,2.08E-17,0,0.58125275,0.47003502,2
0.38585016,0.15986094,0.21055862,0.13944398,0.38159412,0.46982324,0.00024473347,4.46E-08,0.34851477,0.4641461,0.020908095,0.0003718878,0.38961926,0.4486558,0.024382083,0.00057127955,0.43765217,0.46403483,6.53E-22,1.46E-18,0.2843109,4.88E-05,0.11962349,0.0001232877,0.00048494118,0.43570697,0,0.4486267,0,0,0.35886526,0,0.58125275,0.47003502,1
0.0003372702,0.00034397017,0.013215038,0.00045579707,0.38159412,0.46982324,1.61E-08,7.98E-09,0.34851477,0.4641461,0.005087352,0.00079199794,0.38963068,0.47878954,0.015109633,0.0018995203,0.4381422,0.5759704,0,8.30E-28,1.40E-05,1.12E-16,0.00011645495,1.65E-08,9.28E-16,0.43570697,0,0.4486267,0,0,0.009219858,0,0.58125275,0.47003502,0
0.7391776,0.6400694,0.0070939125,9.56E-05,0.38159412,0.46982324,9.49E-07,6.72E-13,0.34851477,0.4641461,0.00021408587,3.90E-08,0.38961926,0.4486558,0.00025106443,6.06E-08,0.43765217,0.46403483,6.70E-23,9.40E-23,0.62419343,8.11E-08,0.5824211,1.44E-05,5.68E-05,0.43570697,0,0.4486267,0,0,0.009929078,0,0.58125275,0.47003502,3
0.36816055,0.41910225,0.21402892,0.13887845,0.38159412,0.46982324,0,0,0.34851477,0.4641461,0,0,0.38961926,0.4486558,0,0,0.43765217,0.46403483,0,0,0,0,0,0.9826662,0,0.43570697,0,0.4486267,0,0,2.08E-17,0,0.58125275,0.47003502,1
0.7292064,0.9402745,0.24468379,0.12131332,0.38159412,0.46982324,0,0,0.34851477,0.4641461,0,0,0.38961926,0.4486558,0,0,0.43765217,0.46403483,0,0,0,0,0,0.982665,0,0.43570697,0,0.4486267,0,0,2.08E-17,0,0.58125275,0.47003502,4
0.7387935,0.50991714,0.00708832,9.57E-05,0.38159412,0.46982324,3.98E-06,1.18E-11,0.34851477,0.4641461,0.00024494182,5.10E-08,0.38961926,0.4486558,0.00024311164,5.68E-08,0.43765217,0.46403483,1.13E-22,1.34E-22,0.6209883,1.23E-06,0.46357352,2.38E-05,9.37E-05,0.43570697,0,0.4486267,0,0,0.009929078,0,0.58125275,0.47003502,3
0.71290505,0.44828576,0.24259683,0.12223319,0.38159412,0.46982324,0,0,0.34851477,0.4641461,0,0,0.38961926,0.4486558,0,0,0.43765217,0.46403483,0,0,0,0,0,0.9826648,0,0.43570697,0,0.4486267,0,0,2.08E-17,0,0.58125275,0.47003502,4
0.22566682,0.29527754,7.50E-05,3.73E-06,0.38159412,0.46982324,0,0,0.34851477,0.4641461,0,0,0.38961926,0.4486558,0,0,0.43765217,0.46403483,0,0,0,0,0,0.9826631,0,0.43570697,0,0.4486267,0,0,2.08E-17,0,0.58125275,0.47003502,2
0.7226326,0.9516798,0.2445243,0.12138451,0.38159412,0.46982324,6.87E-07,3.52E-13,0.34851477,0.4641461,0.00392576,1.31E-05,0.38961926,0.4486558,0.0063861664,3.92E-05,0.43765217,0.46403483,1.44E-22,1.33E-22,0.58520395,4.47E-15,0.8464566,1.86E-06,7.30E-06,0.43570697,0,0.4486267,0,0,0.3503546,0,0.58125275,0.47003502,4
0.44246122,0.59669936,0.2140739,0.13138516,0.38159412,0.46982324,0,0,0.34851477,0.4641461,0,0,0.38961926,0.4486558,0,0,0.43765217,0.46403483,0,0,0,0,0,0.982665,0,0.43570697,0,0.4486267,0,0,2.08E-17,0,0.58125275,0.47003502,4
0.25216135,0.20169328,1.63E-05,1.66E-06,0.38159412,0.46982324,0,0,0.34851477,0.4641461,0,0,0.38961926,0.4486558,0,0,0.43765217,0.46403483,0,0,0,0,0,0.9826629,0,0.43570697,0,0.4486267,0,0,2.08E-17,0,0.58125275,0.47003502,2
0.30750433,0.17409931,0.005398171,0.00010825592,0.38159412,0.46982324,9.09E-06,6.15E-11,0.34851477,0.4641461,0.00086826447,6.41E-07,0.38961926,0.4486558,0.00091589655,8.06E-07,0.43765217,0.46403483,6.88E-21,1.08E-20,0.20633638,3.31E-05,0.11992319,0.000114559785,0.0004506146,0.43570697,0,0.4486267,0,0,0.009929078,0,0.58125275,0.47003502,3
0.35984665,0.36007512,0.18451652,0.13427164,0.38159412,0.46982324,0.026114305,0.00050805765,0.34851477,0.4641461,0.018929536,0.00030483367,0.38961926,0.4486558,0.017590629,0.00029735127,0.43765217,0.46403483,1.06E-21,1.32E-21,0.22723646,1.48E-08,0.2417291,2.65E-05,0.00010438548,0.43570697,2.90E-15,0.4486267,0.837585,1.33E-07,0.3503546,1.71E-14,0.58125275,0.47003502,5
0.24909501,0.21218136,1.53E-05,1.50E-06,0.38159412,0.46982324,0,0,0.34851477,0.4641461,0,0,0.38961926,0.4486558,0,0,0.43765217,0.46403483,0,0,0,0,0,0.9826629,0,0.43570697,0,0.4486267,0,0,2.08E-17,0,0.58125275,0.47003502,2
0.38331214,0.12107881,0.22031441,0.1299143,0.38159412,0.46982324,1.32E-05,1.29E-10,0.34851477,0.4641461,0.00967903,7.97E-05,0.38961926,0.4486558,0.014109338,0.00019130236,0.43765217,0.46403483,1.34E-21,3.52E-11,0.28354794,0.00025638292,0.09703861,0.00017933708,0.00070536457,0.43570697,0,0.4486267,0,0,0.3503546,0,0.58125275,0.47003502,4
0.22607295,0.3171835,7.49E-05,3.81E-06,0.38159412,0.46982324,0,0,0.34851477,0.4641461,0,0,0.38961926,0.4486558,0,0,0.43765217,0.46403483,0,0,0,0,0,0.9826633,0,0.43570697,0,0.4486267,0,0,2.08E-17,0,0.58125275,0.47003502,2
0.8375049,0.8793283,0.008125203,7.73E-05,0.38159412,0.46982324,0,0,0.34851477,0.4641461,0,0,0.38961926,0.4486558,0,0,0.43765217,0.46403483,0,0,0,0,0,0.98266566,0,0.43570697,0,0.4486267,0,0,2.08E-17,0,0.58125275,0.47003502,3
0.011768374,0.0024759625,0.06615175,0.08640564,0.3468438,0.37808236,0.3043224,0.23841643,0.33801836,0.43710712,0.33004722,0.22140503,0.37543282,0.41245478,0.32158598,0.23239622,0.4370309,0.4634029,3.43E-19,3.44E-19,0.014208852,6.11E-18,0.0027016413,3.78E-10,4.62E-17,0.43570697,3.19E-05,0.4486267,7.51E-05,0.005873705,0.029689789,3.34E-05,0.58125275,0.47003502,0
0.45707726,0.5940588,0.21477072,0.1312352,0.38159412,0.46982324,0,0,0.34851477,0.4641461,0,0,0.38961926,0.4486558,0,0,0.43765217,0.46403483,0,0,0,0,0,0.982665,0,0.43570697,0,0.4486267,0,0,2.08E-17,0,0.58125275,0.47003502,4
0.72680604,0.3484168,0.0070670373,9.60E-05,0.38159412,0.46982324,7.36E-07,4.04E-13,0.34851477,0.4641461,0.00015957488,2.17E-08,0.38961926,0.4486558,0.00021259957,4.34E-08,0.43765217,0.46403483,1.01E-22,3.85E-20,0.6075764,1.64E-05,0.31581944,4.52E-05,0.00017768457,0.43570697,0,0.4486267,0,0,0.009929078,0,0.58125275,0.47003502,3
0.0009740557,0.0014673646,0.008545577,0.00092735054,0.38159412,0.46994385,0.023632003,0.00041623472,0.34851566,0.46830204,0.040246937,0.0014085114,0.38979635,0.5459612,0.033297896,0.0011358117,0.43778965,0.49523857,5.82E-18,6.08E-18,0.0010604791,1.31E-17,0.0015613533,8.84E-10,1.89E-17,0.43570697,1.41E-15,0.4486267,0.0013077147,0.0012796696,0.04423053,1.16E-05,0.58125275,0.47008818,0
0.40781412,0.41333675,0.005876573,0.00010696448,0.38159412,0.46982324,0.0015478377,1.78E-06,0.34851477,0.4641461,0.00084043015,6.01E-07,0.38961926,0.4486558,0.0006917234,4.60E-07,0.43765217,0.46403483,1.50E-20,8.32E-21,0.29600042,5.37E-09,0.3100324,1.92E-05,7.55E-05,0.43570697,0,0.4486267,0,0,0.009929078,0,0.58125275,0.47003502,3
0.40616888,0.39702025,0.0058539743,0.00010708591,0.38159412,0.46982324,0,0,0.34851477,0.4641461,0,0,0.38961926,0.4486558,0,0,0.43765217,0.46403483,0,0,0,0,0,0.9826656,0,0.43570697,0,0.4486267,0,0,2.08E-17,0,0.58125275,0.47003502,3
0.221336,0.2906012,7.34E-05,3.64E-06,0.38159412,0.46982324,0,0,0.34851477,0.4641461,0,0,0.38961926,0.4486558,0,0,0.43765217,0.46403483,0,0,0,0,0,0.98266304,0,0.43570697,0,0.4486267,0,0,2.08E-17,0,0.58125275,0.47003502,2
0.03928095,0.006046189,0.95887685,0.3255967,0.38159412,0.46912432,0.12115804,0.01093605,0.34850776,0.4017538,0.19302703,0.031697087,0.38948828,0.106580384,0.20319039,0.039674677,0.43720508,0.07620472,7.61E-05,0.002312007,0.04620056,0.009406837,0.0075521106,0.002746699,0.01076068,0.37008223,0.034203622,0.10657346,0.026183154,0.2024251,0.9764818,0.03966697,0.58088654,0.08655123,0
0.72181785,0.7449318,0.24377972,0.12171592,0.38159412,0.46982324,0.005201256,2.02E-05,0.34851477,0.4641461,0.009534917,7.73E-05,0.38961926,0.4486558,0.007066149,4.80E-05,0.43765217,0.46403483,1.35E-22,1.94E-22,0.5909533,1.82E-09,0.660561,8.67E-06,3.41E-05,0.43570697,0,0.4486267,0,0,0.3503546,0,0.58125275,0.47003502,4
0.5038846,0.47392803,0.21355768,0.1314926,0.38159412,0.46982324,0,0,0.34851477,0.4641461,0,0,0.38961926,0.4486558,0,0,0.43765217,0.46403483,0,0,0,0,0,0.9826649,0,0.43570697,0,0.4486267,0,0,2.08E-17,0,0.58125275,0.47003502,4
0.43857825,0.41395915,0.21213187,0.13178004,0.38159412,0.46982324,0.0069859335,3.64E-05,0.34851477,0.4641461,0.018430576,0.00028897537,0.38961926,0.4486558,0.015100644,0.00021912807,0.43765217,0.46403483,1.48E-21,1.11E-21,0.3061096,6.46E-08,0.31947398,2.40E-05,9.43E-05,0.43570697,0,0.4486267,0,0,0.3503546,0,0.58125275,0.47003502,4
0.74408704,0.66179895,0.0070884437,9.57E-05,0.38159412,0.46982324,0,0,0.34851477,0.4641461,0,0,0.38961926,0.4486558,0,0,0.43765217,0.46403483,0,0,0,0,0,0.9826656,0,0.43570697,0,0.4486267,0,0,2.08E-17,0,0.58125275,0.47003502,3
0.007796487,0.0039221845,0.052929737,0.07560095,0.34140253,0.38149473,0.33444017,0.27964956,0.30817306,0.3767123,0.3412412,0.31158715,0.36561218,0.3997721,0.33906186,0.27943048,0.42845446,0.4560074,1.12E-19,5.07E-19,0.007067833,7.10E-18,0.00322161,2.52E-10,4.23E-17,0.43570697,3.19E-05,0.4486267,7.51E-05,0.005873705,0.02968978,3.34E-05,0.58125275,0.47003502,0
0.74446154,0.41792005,0.008044762,7.96E-05,0.38159412,0.46982324,0.00022740549,3.85E-08,0.34851477,0.4641461,0.00028739832,7.03E-08,0.38961926,0.4486558,0.00028626708,7.87E-08,0.43765217,0.46403483,7.40E-23,9.21E-23,0.70370215,4.80E-06,0.42980185,2.98E-05,0.00011719382,0.43570697,0,0.4486267,0,0,0.009929078,0,0.58125275,0.47003502,3
0.0012115825,0.0016104748,0.012770103,0.0018029934,0.38151208,0.44457555,0.06571905,0.0032632982,0.3481182,0.3672491,0.05824594,0.0029519796,0.38924712,0.35174987,0.046636663,0.0022188297,0.43720165,0.41096893,2.54E-18,6.11E-18,0.0010879227,7.61E-18,0.0017147876,7.59E-10,6.80E-18,0.4356437,0.0037054124,0.46108565,0.0016504216,0.066079125,0.053204484,0.00433275,0.58092916,0.44141406,0
0.43010584,0.1422486,0.21686336,0.13076736,0.38159412,0.46982324,0,0,0.34851477,0.4641461,0,0,0.38961926,0.4486558,0,0,0.43765217,0.46403483,0,0,0,0,0,0.98266476,0,0.43570697,0,0.4486267,0,0,2.08E-17,0,0.58125275,0.47003502,4
0.719355,0.85801095,0.007072196,9.60E-05,0.38159412,0.46982324,0.0006631279,3.28E-07,0.34851477,0.4641461,0.000335427,9.57E-08,0.38961926,0.4486558,0.0002664607,6.82E-08,0.43765217,0.46403483,1.71E-22,1.67E-22,0.59165764,2.80E-11,0.77828926,4.84E-06,1.91E-05,0.43570697,0,0.4486267,0,0,0.009929078,0,0.58125275,0.47003502,3
0.42135617,0.4382609,0.2164494,0.13842729,0.38159412,0.46982324,0,0,0.34851477,0.4641461,0,0,0.38961926,0.4486558,0,0,0.43765217,0.46403483,0,0,0,0,0,0.9826662,0,0.43570697,0,0.4486267,0,0,2.08E-17,0,0.58125275,0.47003502,1
0.0038066797,0.00228471,0.15397875,0.4579947,0.3868651,0.49381498,0.1111913,0.61343384,0.36493498,0.5347623,0.11438904,0.7155568,0.4167066,0.55438435,0.11459471,0.80861586,0.5108269,0.5705003,1.04E-12,1.72E-12,0.0010937301,2.11E-12,0.0001727921,2.59E-07,9.32E-12,0.5087926,0.77214146,0.55396134,0.0005990699,0.11416311,0.49974215,0.80845875,0.6411579,0.57526714,0
0.00083564845,0.0015835338,0.013933449,0.020739445,0.38159412,0.46982324,0.0043875272,2.03E-05,0.34851477,0.46434945,0.03727566,0.0012475884,0.38969567,0.48741084,0.16344593,0.027390555,0.43851724,0.47215432,7.06E-24,1.38E-19,0.00076203875,9.29E-18,0.001632317,8.20E-10,8.52E-18,0.43570697,0.0002808478,0.44751912,0.0013835214,0.005587334,0.040844128,0.0011821912,0.58134174,0.553579,0
0.7128787,0.97354895,0.24391925,0.1216541,0.38159412,0.46982324,0,0,0.34851477,0.4641461,0,0,0.38961926,0.4486558,0,0,0.43765217,0.46403483,0,0,0,0,0,0.982665,0,0.43570697,0,0.4486267,0,0,2.08E-17,0,0.58125275,0.47003502,4
0.7263295,0.9713136,0.2442418,0.12151032,0.38159412,0.46982324,0,0,0.34851477,0.4641461,0,0,0.38961926,0.4486558,0,0,0.43765217,0.46403483,0,0,0,0,0,0.982665,0,0.43570697,0,0.4486267,0,0,2.08E-17,0,0.58125275,0.47003502,4
0.002127284,0.0006514773,0.034296717,0.034224194,0.33193758,0.3555821,0.28076583,0.33811125,0.29863518,0.3488458,0.27229127,0.3652193,0.35240078,0.36258778,0.23512979,0.3291684,0.4456162,0.472944,2.01E-18,2.27E-18,0.0023118781,3.70E-17,0.00051257724,3.80E-09,2.76E-16,0.6325048,0.14233026,0.6378878,0.0002251905,0.37666348,0.17800218,0.14897697,0.67240554,0.6516644,0
0.37203494,0.44339305,0.2028598,0.14037073,0.38159412,0.46982324,0,0,0.34851477,0.4641461,0,0,0.38961926,0.4486558,0,0,0.43765217,0.46403483,0,0,0,0,0,0.9826662,0,0.43570697,0,0.4486267,0,0,2.08E-17,0,0.58125275,0.47003502,1
0.36629462,0.3857539,0.1840092,0.13426363,0.38159412,0.46982324,0,0,0.34851477,0.4641461,0,0,0.38961926,0.4486558,0,0,0.43765217,0.46403483,0,0,0,0,0,0.9826671,0,0.43570697,0,0.4486267,0,0,2.08E-17,0,0.58125275,0.47003502,5
0.7464834,0.8221139,0.0070931762,9.57E-05,0.38159412,0.46982324,0.000455895,1.55E-07,0.34851477,0.4641461,0.00030565957,7.95E-08,0.38961926,0.4486558,0.00025709264,6.35E-08,0.43765217,0.46403483,1.38E-22,1.69E-22,0.6264259,3.00E-10,0.7479564,6.43E-06,2.53E-05,0.43570697,0,0.4486267,0,0,0.009929078,0,0.58125275,0.47003502,3
0.37098438,0.4338964,0.0060283514,0.00010615319,0.38159412,0.46982324,7.68E-08,4.39E-15,0.34851477,0.4641461,0.00047341775,1.91E-07,0.38961926,0.4486558,0.0007093502,4.84E-07,0.43765217,0.46403483,1.26E-21,2.59E-21,0.29091403,4.81E-10,0.33408836,1.40E-05,5.50E-05,0.43570697,0,0.4486267,0,0,0.009929078,0,0.58125275,0.47003502,3
0.9916681,0.9460638,0.008197363,7.58E-05,0.38159412,0.46982324,2.24E-05,3.73E-10,0.34851477,0.4641461,0.00020244502,3.49E-08,0.38961926,0.4486558,0.00024689108,5.86E-08,0.43765217,0.46403483,2.24E-23,3.12E-23,0.99265164,1.07E-11,0.9920658,3.63E-06,1.43E-05,0.43570697,0,0.4486267,0,0,0.009929078,0,0.58125275,0.47003502,3
0.22469054,0.19528258,7.85E-05,3.99E-06,0.38159412,0.46982324,0,0,0.34851477,0.4641461,0,0,0.38961926,0.4486558,0,0,0.43765217,0.46403483,0,0,0,0,0,0.9826629,0,0.43570697,0,0.4486267,0,0,2.08E-17,0,0.58125275,0.47003502,2
0.00024988595,0.0007527862,0.033492245,0.037952147,0.38159412,0.46983188,0.0032374982,0.00016186123,0.3485157,0.47256446,0.008971969,0.0014123773,0.3896696,0.50507176,0.28252605,0.20081992,0.4500965,0.47936288,9.06E-23,1.05E-18,0.00016938943,4.21E-16,0.00044455132,4.40E-09,8.64E-12,0.43570697,1.81E-18,0.4486267,0.00035588013,1.98E-09,0.017626109,3.90E-18,0.58125275,0.47003502,0
0.436154,0.52166647,0.21286805,0.13163273,0.38159412,0.46982324,0.00020472026,3.12E-08,0.34851477,0.4641461,0.010268127,8.97E-05,0.38961926,0.4486558,0.0137496805,0.00018167381,0.43765217,0.46403483,1.81E-21,1.82E-21,0.30945823,6.87E-11,0.4039676,9.57E-06,3.76E-05,0.43570697,0,0.4486267,0,0,0.3503546,0,0.58125275,0.47003502,4
0.45072025,0.3912185,0.21293546,0.1316186,0.38159412,0.46982324,9.51E-05,6.74E-09,0.34851477,0.4641461,0.010102917,8.68E-05,0.38961926,0.4486558,0.01370142,0.00018040072,0.43765217,0.46403483,1.20E-21,1.54E-21,0.31770733,1.88E-07,0.30304384,2.82E-05,0.00011100953,0.43570697,0,0.4486267,0,0,0.3503546,0,0.58125275,0.47003502,4
0.45584106,0.2794819,0.21415275,0.1313671,0.38159412,0.46982324,1.13E-05,9.56E-11,0.34851477,0.4641461,0.01022597,8.90E-05,0.38961926,0.4486558,0.01388114,0.00018516435,0.43765217,0.46403483,2.16E-21,2.56E-21,0.32245576,6.91E-06,0.21772958,5.64E-05,0.0002219079,0.43570697,0,0.4486267,0,0,0.3503546,0,0.58125275,0.47003502,4
0.71034175,0.5876049,0.2501074,0.12751545,0.38159412,0.46982324,4.58E-06,1.57E-11,0.34851477,0.4641461,0.004809762,1.97E-05,0.38961926,0.4486558,0.006539455,4.11E-05,0.43765217,0.46403483,8.38E-23,1.56E-22,0.5782135,1.52E-07,0.5218871,1.70E-05,6.70E-05,0.43570697,0,0.4486267,0,0,0.35886526,0,0.58125275,0.47003502,1
0.0009815444,0.0015630573,0.011849813,0.0033095346,0.38159412,0.46982324,0.00090325414,0.00015213524,0.34851477,0.4641452,0.04188837,0.0015998383,0.3895486,0.4220967,0.06432772,0.004297901,0.43758735,0.460293,3.79E-17,3.79E-17,0.00091844273,2.21E-17,0.0016382532,8.24E-10,1.49E-17,0.43570697,8.73E-05,0.4486267,0.0012982326,0.00018292983,0.039964505,0.00044700902,0.5812527,0.46918014,0
0.2619722,0.35638914,1.53E-05,1.55E-06,0.38159412,0.46982324,0,0,0.34851477,0.4641461,0,0,0.38961926,0.4486558,0,0,0.43765217,0.46403483,0,0,0,0,0,0.98266315,0,0.43570697,0,0.4486267,0,0,2.08E-17,0,0.58125275,0.47003502,2
0.4375832,0.30089164,0.005646215,0.00010781521,0.38159412,0.46982324,8.85E-06,5.84E-11,0.34851477,0.4641461,0.0005558546,2.63E-07,0.38961926,0.4486558,0.0007489201,5.39E-07,0.43765217,0.46403483,6.92E-21,2.93E-21,0.31340042,9.53E-07,0.21682014,4.63E-05,0.00018228604,0.43570697,0,0.4486267,0,0,0.009929078,0,0.58125275,0.47003502,3
0.00026036942,0.00042278162,0.017235603,0.010426921,0.38159412,0.46982324,0,3.63E-07,0.34851477,0.4641461,0.0024718593,0.0010111459,0.38961995,0.45186096,0.16680945,0.055740267,0.44092777,0.4773466,0,1.30E-28,1.33E-05,1.47E-16,0.0001923738,1.02E-08,4.50E-16,0.43570697,2.03E-18,0.4486267,0.00032922335,1.98E-09,0.017626109,4.24E-18,0.58125275,0.47003502,0
0.0085172765,0.003499609,0.074207366,0.10256873,0.33003625,0.351404,0.28179112,0.33808908,0.2967972,0.3450145,0.3439708,0.29266322,0.38049272,0.42954078,0.34429803,0.28896827,0.42804515,0.45591727,6.35E-18,6.62E-18,0.009940697,4.20E-18,0.003973747,1.17E-10,2.84E-17,0.63775384,0.1366622,0.64466035,0.00022517276,0.3747681,0.1703776,0.1429687,0.6635347,0.65833026,0
0.76959926,0.80851245,0.008086276,7.83E-05,0.38159412,0.46982324,7.62E-08,4.32E-15,0.34851477,0.4641461,0.00014990267,1.91E-08,0.38961926,0.4486558,0.00025127406,6.07E-08,0.43765217,0.46403483,7.66E-23,9.34E-23,0.73630446,4.21E-10,0.83622175,6.04E-06,2.38E-05,0.43570697,0,0.4486267,0,0,0.009929078,0,0.58125275,0.47003502,3
0.7132902,0.99569803,0.24418218,0.12153731,0.38159412,0.46982324,0.00019408358,2.81E-08,0.34851477,0.4641461,0.007149907,4.35E-05,0.38961926,0.4486558,0.0072755474,5.09E-05,0.43765217,0.46403483,3.47E-22,3.11E-22,0.5849122,9.82E-20,0.88438994,6.07E-07,2.39E-06,0.43570697,0,0.4486267,0,0,0.3503546,0,0.58125275,0.47003502,4
0.0050479136,0.0034344117,0.055048946,0.07978428,0.34211195,0.39004782,0.3666314,0.27705798,0.30541787,0.3775323,0.36645454,0.31949374,0.35220635,0.37806803,0.34776372,0.28166214,0.42688134,0.45486793,3.59E-17,3.78E-17,0.0043553226,3.77E-17,0.002860544,3.32E-10,4.20E-17,0.5805974,0.22628254,0.58828187,0.0003002555,0.41823325,0.17918153,0.23681664,0.70777285,0.604089,0
0.74680984,0.81682295,0.007093327,9.57E-05,0.38159412,0.46982324,4.18E-09,1.30E-17,0.34851477,0.4641461,0.0001193348,1.21E-08,0.38961926,0.4486558,0.00023560642,5.33E-08,0.43765217,0.46403483,1.95E-22,1.72E-22,0.62664783,3.74E-10,0.7431237,6.61E-06,2.60E-05,0.43570697,0,0.4486267,0,0,0.009929078,0,0.58125275,0.47003502,3
0.0012909838,0.0016444332,0.008343428,0.00087967113,0.38159412,0.46982324,0.00954151,6.78E-05,0.34851477,0.4641424,0.011684455,0.00012308483,0.3896153,0.428528,0.010487498,0.00015069988,0.43766403,0.4803822,5.44E-18,4.90E-17,0.00022993922,7.05E-17,0.00040281512,4.58E-09,6.77E-17,0.43570307,0.00013281811,0.42850018,0.0013965594,0.0104479985,0.028059032,0.00015067059,0.58126247,0.4861992,0
0.44263184,0.5077202,0.21282376,0.13164234,0.38159412,0.46982324,0.0004355627,1.41E-07,0.34851477,0.4641461,0.010942053,0.00010185461,0.38961926,0.4486558,0.014031954,0.00018920969,0.43765217,0.46403483,2.86E-21,2.06E-21,0.31350157,3.29E-10,0.39309248,1.15E-05,4.53E-05,0.43570697,0,0.4486267,0,0,0.3503546,0,0.58125275,0.47003502,4
0.71035707,0.5509421,0.25022975,0.12746027,0.38159412,0.46982324,0,0,0.34851477,0.4641461,0,0,0.38961926,0.4486558,0,0,0.43765217,0.46403483,0,0,0,0,0,0.98266613,0,0.43570697,0,0.4486267,0,0,2.08E-17,0,0.58125275,0.47003502,1
0.00044113048,0.0004091586,0.01927416,0.0148947295,0.38159412,0.46982324,0.004187257,1.31E-05,0.34851477,0.4641461,0.009452204,0.0004087625,0.38960743,0.4250432,0.18900298,0.07040909,0.4602317,0.53627145,4.16E-19,1.28E-16,0.000113951464,6.30E-16,0.00021012782,9.40E-09,4.77E-16,0.43570697,1.28E-18,0.4486267,0.00030751078,9.90E-10,0.017626109,9.50E-19,0.58125275,0.47003502,0
0.22930391,0.3087223,7.36E-05,3.73E-06,0.38159412,0.46982324,0,0,0.34851477,0.4641461,0,0,0.38961926,0.4486558,0,0,0.43765217,0.46403483,0,0,0,0,0,0.98266315,0,0.43570697,0,0.4486267,0,0,2.08E-17,0,0.58125275,0.47003502,2
0.71987104,0.6896131,0.008083338,7.87E-05,0.38159412,0.46982324,5.59E-06,2.33E-11,0.34851477,0.4641461,0.00023670777,4.77E-08,0.38961926,0.4486558,0.00027527567,7.28E-08,0.43765217,0.46403483,5.83E-23,6.71E-23,0.6884327,1.58E-08,0.7117445,1.01E-05,3.99E-05,0.43570697,0,0.4486267,0,0,0.009929078,0,0.58125275,0.47003502,3
0.47792345,0.59423894,0.2147768,0.1312335,0.38159412,0.46982324,0.0054584104,2.22E-05,0.34851477,0.4641461,0.0142746065,0.00017334502,0.38961926,0.4486558,0.01319152,0.00016722329,0.43765217,0.46403483,4.23E-22,7.37E-22,0.3440296,1.46E-14,0.46428475,3.61E-06,1.42E-05,0.43570697,0,0.4486267,0,0,0.3503546,0,0.58125275,0.47003502,4
0.74032557,0.73348635,0.008086426,7.85E-05,0.38159412,0.46982324,1.39E-08,1.43E-16,0.34851477,0.4641461,0.00012667029,1.36E-08,0.38961926,0.4486558,0.00025102752,6.06E-08,0.43765217,0.46403483,9.22E-23,1.23E-22,0.71066725,4.51E-09,0.75770384,8.43E-06,3.31E-05,0.43570697,0,0.4486267,0,0,0.009929078,0,0.58125275,0.47003502,3
0.43282798,0.59440035,0.21430668,0.13133563,0.38159412,0.46982324,2.53E-06,4.75E-12,0.34851477,0.4641461,0.0070016794,4.17E-05,0.38961926,0.4486558,0.0122263655,0.00014364875,0.43765217,0.46403483,9.28E-22,9.04E-22,0.30672178,3.52E-15,0.4633737,3.10E-06,1.22E-05,0.43570697,0,0.4486267,0,0,0.3503546,0,0.58125275,0.47003502,4
0.4072811,0.5671851,0.21354078,0.13149525,0.38159412,0.46982324,0.0002122503,3.36E-08,0.34851477,0.4641461,0.011154823,0.000105854284,0.38961926,0.4486558,0.013087694,0.00016460131,0.43765217,0.46403483,2.14E-21,3.18E-21,0.29017958,1.77E-13,0.4405918,4.80E-06,1.89E-05,0.43570697,0,0.4486267,0,0,0.3503546,0,0.58125275,0.47003502,4
0.713213,0.8832084,0.24406251,0.12159075,0.38159412,0.46982324,2.76E-06,5.69E-12,0.34851477,0.4641461,0.004546792,1.76E-05,0.38961926,0.4486558,0.0065100826,4.07E-05,0.43765217,0.46403483,8.01E-23,1.44E-22,0.58185655,1.77E-12,0.7840752,3.64E-06,1.43E-05,0.43570697,0,0.4486267,0,0,0.3503546,0,0.58125275,0.47003502,4
0.7105139,0.44105777,0.24315321,0.12199124,0.38159412,0.46982324,1.28E-06,1.22E-12,0.34851477,0.4641461,0.004148395,1.46E-05,0.38961926,0.4486558,0.00640807,3.95E-05,0.43765217,0.46403483,1.12E-22,1.66E-22,0.5763694,3.29E-06,0.39008915,3.10E-05,0.00012188579,0.43570697,0,0.4486267,0,0,0.3503546,0,0.58125275,0.47003502,4
0.7192006,0.8354203,0.24378893,0.12171184,0.38159412,0.46982324,0,0,0.34851477,0.4641461,0,0,0.38961926,0.4486558,0,0,0.43765217,0.46403483,0,0,0,0,0,0.9826649,0,0.43570697,0,0.4486267,0,0,2.08E-17,0,0.58125275,0.47003502,4
0.21840017,0.26603714,7.46E-05,3.77E-06,0.38159412,0.46982324,0,0,0.34851477,0.4641461,0,0,0.38961926,0.4486558,0,0,0.43765217,0.46403483,0,0,0,0,0,0.982663,0,0.43570697,0,0.4486267,0,0,2.08E-17,0,0.58125275,0.47003502,2
0.7100405,0.6589139,0.25068235,0.1272528,0.38159412,0.46982324,0.009596939,6.86E-05,0.34851477,0.4641461,0.010280122,8.99E-05,0.38961926,0.4486558,0.0071811276,4.96E-05,0.43765217,0.46403483,5.31E-23,8.63E-23,0.587242,2.31E-08,0.5865773,1.26E-05,4.95E-05,0.43570697,0,0.4486267,0,0,0.35886526,0,0.58125275,0.47003502,1
0.7144908,0.9134173,0.24429813,0.12148542,0.38159412,0.46982324,2.45E-05,4.48E-10,0.34851477,0.4641461,0.005595564,2.66E-05,0.38961926,0.4486558,0.006647095,4.25E-05,0.43765217,0.46403483,1.28E-22,1.82E-22,0.58780843,1.47E-13,0.8116778,2.75E-06,1.08E-05,0.43570697,0,0.4486267,0,0,0.3503546,0,0.58125275,0.47003502,4
0.71652925,0.7596539,0.24999858,0.12756544,0.38159412,0.46982324,0,0,0.34851477,0.4641461,0,0,0.38961926,0.4486558,0,0,0.43765217,0.46403483,0,0,0,0,0,0.9826662,0,0.43570697,0,0.4486267,0,0,2.08E-17,0,0.58125275,0.47003502,1
0.22827855,0.24469209,7.43E-05,3.78E-06,0.38159412,0.46982324,0,0,0.34851477,0.4641461,0,0,0.38961926,0.4486558,0,0,0.43765217,0.46403483,0,0,0,0,0,0.982663,0,0.43570697,0,0.4486267,0,0,2.08E-17,0,0.58125275,0.47003502,2
0.00092660164,0.0005724594,0.01527333,0.010399652,0.38159412,0.46982324,0.0121704675,0.000110349545,0.34851477,0.4641461,0.020078832,0.00034297304,0.3896195,0.46571887,0.016658662,0.00026668535,0.43766433,0.5419732,8.67E-19,6.63E-17,0.00024330027,2.95E-16,0.00011554112,1.65E-08,6.12E-16,0.43570697,0.0003700946,0.46568865,0.0004005809,0.016595919,0.03147041,0.00026663352,0.5812627,0.54709995,0
0.21888132,0.31291717,7.46E-05,3.74E-06,0.38159412,0.46982324,0,0,0.34851477,0.4641461,0,0,0.38961926,0.4486558,0,0,0.43765217,0.46403483,0,0,0,0,0,0.9826632,0,0.43570697,0,0.4486267,0,0,2.08E-17,0,0.58125275,0.47003502,2
0.005143518,0.002861368,0.055505343,0.07858092,0.38159412,0.46982324,1.39E-09,1.44E-18,0.34851477,0.4641461,9.93E-10,8.41E-19,0.38961926,0.4486558,9.93E-10,9.50E-19,0.43765217,0.46403483,2.68E-20,5.36E-20,0.0018011873,1.94E-14,0.0007994512,2.33E-08,1.08E-13,0.43570697,9.07E-19,0.4486267,0.0027716958,9.90E-10,2.08E-17,9.50E-19,0.58125275,0.47003502,0
0.41894755,0.60334104,0.21296777,0.13161124,0.38159412,0.46982324,0,0,0.34851477,0.4641461,0,0,0.38961926,0.4486558,0,0,0.43765217,0.46403483,0,0,0,0,0,0.98266506,0,0.43570697,0,0.4486267,0,0,2.08E-17,0,0.58125275,0.47003502,4
0.42220876,0.40541774,0.0058646146,0.00010703231,0.38159412,0.46982324,0.0005007499,1.87E-07,0.34851477,0.4641461,0.00045316273,1.75E-07,0.38961926,0.4486558,0.0006262847,3.77E-07,0.43765217,0.46403483,5.23E-22,6.77E-22,0.31131393,8.73E-09,0.3033959,2.07E-05,8.14E-05,0.43570697,0,0.4486267,0,0,0.009929078,0,0.58125275,0.47003502,3
0.3476895,0.43385231,0.20879948,0.13969639,0.38159412,0.46982324,0,0,0.34851477,0.4641461,0,0,0.38961926,0.4486558,0,0,0.43765217,0.46403483,0,0,0,0,0,0.9826662,0,0.43570697,0,0.4486267,0,0,2.08E-17,0,0.58125275,0.47003502,1
0.41640726,0.59510064,0.21353228,0.13149701,0.38159412,0.46982324,0.00011068999,9.13E-09,0.34851477,0.4641461,0.010769553,9.87E-05,0.38961926,0.4486558,0.012719087,0.00015546012,0.43765217,0.46403483,1.42E-21,1.63E-21,0.29374307,3.79E-16,0.46225056,2.48E-06,9.75E-06,0.43570697,0,0.4486267,0,0,0.3503546,0,0.58125275,0.47003502,4
0.21746258,0.29371634,7.63E-05,3.80E-06,0.38159412,0.46982324,0,0,0.34851477,0.4641461,0,0,0.38961926,0.4486558,0,0,0.43765217,0.46403483,0,0,0,0,0,0.9826631,0,0.43570697,0,0.4486267,0,0,2.08E-17,0,0.58125275,0.47003502,2
0.23351173,0.3123361,7.16E-05,3.54E-06,0.38159412,0.46982324,0,0,0.34851477,0.4641461,0,0,0.38961926,0.4486558,0,0,0.43765217,0.46403483,0,0,0,0,0,0.98266315,0,0.43570697,0,0.4486267,0,0,2.08E-17,0,0.58125275,0.47003502,2
0.001156882,0.0016399561,0.008586662,0.0009123216,0.38159412,0.46982324,0.00019437754,2.83E-05,0.34851477,0.46414363,0.009203042,0.00013711082,0.38960445,0.39237186,0.010187235,0.00015362774,0.43765423,0.4668173,5.83E-26,6.33E-20,0.00017474832,1.95E-17,0.00035782662,5.15E-09,4.47E-17,0.43570438,0.00014795327,0.3923464,0.0012405844,0.010148866,0.028229123,0.00015359788,0.5812544,0.4727863,0
0.2211833,0.30370608,7.57E-05,3.83E-06,0.38159412,0.46982324,0,0,0.34851477,0.4641461,0,0,0.38961926,0.4486558,0,0,0.43765217,0.46403483,0,0,0,0,0,0.9826631,0,0.43570697,0,0.4486267,0,0,2.08E-17,0,0.58125275,0.47003502,2
0.42211518,0.39935204,0.21259633,0.13168705,0.38159412,0.46982324,7.63E-06,4.34E-11,0.34851477,0.4641461,0.008033009,5.49E-05,0.38961926,0.4486558,0.013219265,0.00016792747,0.43765217,0.46403483,2.23E-21,2.28E-21,0.29664662,1.19E-07,0.30884388,2.63E-05,0.00010333179,0.43570697,0,0.4486267,0,0,0.3503546,0,0.58125275,0.47003502,4
0.0002897399,0.00045324114,0.014231732,0.0004419526,0.38159412,0.46982324,9.25E-09,4.88E-07,0.34851477,0.4641461,0.0086637335,6.39E-05,0.38961923,0.44776937,0.015431026,0.0002288245,0.43765786,0.51466423,0,1.24E-27,2.23E-05,2.24E-16,0.00010263208,1.83E-08,5.70E-16,0.43570697,6.89E-05,0.4477403,0.0003558253,0.015372907,0.03180717,0.00022878005,0.5812574,0.520097,0
0.36782834,0.11775607,0.0056464663,0.000107594795,0.38159412,0.46982324,0,0,0.34851477,0.4641461,0,0,0.38961926,0.4486558,0,0,0.43765217,0.46403483,0,0,0,0,0,0.9826655,0,0.43570697,0,0.4486267,0,0,2.08E-17,0,0.58125275,0.47003502,3
0.0010762049,0.0016176833,0.008165346,0.0008006394,0.38159412,0.46982324,0.00030721034,1.43E-05,0.34851477,0.46449634,0.027971592,0.0008231858,0.38962653,0.45311332,0.031331003,0.0011700873,0.4376949,0.4718057,1.40E-17,1.39E-17,0.0009599227,1.36E-17,0.0016862366,7.88E-10,1.39E-17,0.43577868,0.00029686076,0.45519668,0.001451369,0.003342739,0.039414987,0.00050314184,0.58127326,0.5194343,0
0.00018197433,0.0008739911,0.049224235,0.06613893,0.38159412,0.46982324,9.95E-09,5.07E-07,0.34851477,0.4641461,0.008698625,6.44E-05,0.38961923,0.4477454,0.01542339,0.00022859924,0.43765748,0.50766784,0,1.33E-27,2.25E-05,2.24E-16,0.00010310364,1.83E-08,5.63E-16,0.43570703,6.95E-05,0.5106098,0.00035746014,0.015365301,0.03184141,0.00022855481,0.581259,0.5328718,0
0.21668382,0.09550137,8.47E-05,4.58E-06,0.38159412,0.46982324,0,0,0.34851477,0.4641461,0,0,0.38961926,0.4486558,0,0,0.43765217,0.46403483,0,0,0,0,0,0.98266286,0,0.43570697,0,0.4486267,0,0,2.08E-17,0,0.58125275,0.47003502,2
0.22140872,0.30897284,7.27E-05,3.67E-06,0.38159412,0.46982324,0,0,0.34851477,0.4641461,0,0,0.38961926,0.4486558,0,0,0.43765217,0.46403483,0,0,0,0,0,0.98266315,0,0.43570697,0,0.4486267,0,0,2.08E-17,0,0.58125275,0.47003502,2
0.4159637,0.17513916,0.21677184,0.13078806,0.38159412,0.46982324,0.040326376,0.0012115304,0.34851477,0.4641461,0.016445544,0.00023008033,0.38961926,0.4486558,0.0144226905,0.00019989396,0.43765217,0.46403483,5.52E-22,4.28E-16,0.3002024,7.95E-05,0.13811369,0.00011273294,0.0004434293,0.43570697,0,0.4486267,0,0,0.3503546,0,0.58125275,0.47003502,4
0.35811254,0.32841706,0.18358675,0.13425647,0.38159412,0.46982324,0,0,0.34851477,0.4641461,0,0,0.38961926,0.4486558,0,0,0.43765217,0.46403483,0,0,0,0,0,0.982667,0,0.43570697,0,0.4486267,0,0,2.08E-17,0,0.58125275,0.47003502,5
0.7144279,0.95562303,0.24470925,0.121301994,0.38159412,0.46982324,0,0,0.34851477,0.4641461,0,0,0.38961926,0.4486558,0,0,0.43765217,0.46403483,0,0,0,0,0,0.982665,0,0.43570697,0,0.4486267,0,0,2.08E-17,0,0.58125275,0.47003502,4
0.71172106,0.77699846,0.25011542,0.12751307,0.38159412,0.46982324,0.00036684904,1.00E-07,0.34851477,0.4641461,0.007458143,4.73E-05,0.38961926,0.4486558,0.006715919,4.33E-05,0.43765217,0.46403483,1.40E-22,1.25E-22,0.5778845,4.02E-10,0.690129,7.11E-06,2.80E-05,0.43570697,0,0.4486267,0,0,0.35886526,0,0.58125275,0.47003502,1
0.74189466,0.5132833,0.0070774136,9.59E-05,0.38159412,0.46982324,3.03E-06,6.83E-12,0.34851477,0.4641461,0.00023879917,4.85E-08,0.38961926,0.4486558,0.00024184614,5.62E-08,0.43765217,0.46403483,2.24E-22,1.99E-22,0.619049,1.17E-06,0.465919,2.36E-05,9.27E-05,0.43570697,0,0.4486267,0,0,0.009929078,0,0.58125275,0.47003502,3
0.75137836,0.7774046,0.0070997057,9.56E-05,0.38159412,0.46982324,1.17E-05,1.02E-10,0.34851477,0.4641461,0.0002550065,5.53E-08,0.38961926,0.4486558,0.00026057468,6.52E-08,0.43765217,0.46403483,1.05E-22,1.51E-22,0.63349074,1.71E-09,0.7079315,8.09E-06,3.18E-05,0.43570697,0,0.4486267,0,0,0.009929078,0,0.58125275,0.47003502,3
0.0012181278,0.0015690267,0.008647431,0.0009186464,0.38159412,0.46982312,0.0015342543,0.00022577874,0.3485146,0.46131808,0.037814043,0.0013620137,0.3896787,0.4726297,0.03360734,0.0012875368,0.43794286,0.5133043,2.16E-18,2.56E-18,0.0012212076,5.32E-18,0.0016415849,8.10E-10,6.20E-18,0.43570697,0.00029767753,0.4486267,0.0013277745,1.71E-05,0.039820865,0.00045846685,0.58125275,0.46854922,0
0.7168994,0.94585615,0.24505597,0.121146135,0.38159412,0.46982324,2.00E-05,2.98E-10,0.34851477,0.4641461,0.005486791,2.56E-05,0.38961926,0.4486558,0.006620159,4.21E-05,0.43765217,0.46403483,1.98E-22,2.28E-22,0.5914287,8.73E-15,0.8431122,1.99E-06,7.85E-06,0.43570697,0,0.4486267,0,0,0.3503546,0,0.58125275,0.47003502,4
0.3953643,0.21624292,0.18411829,0.13426717,0.38159412,0.46982324,6.60E-05,3.24E-09,0.34851477,0.4641461,0.012332545,0.00012938633,0.38961926,0.4486558,0.018524492,0.00032976136,0.43765217,0.46403483,6.61E-22,9.28E-22,0.24619117,1.25E-05,0.14486308,8.75E-05,0.00034432902,0.43570697,1.63E-15,0.4486267,0.50191474,8.96E-08,0.3503546,7.78E-15,0.58125275,0.47003502,5
0.7087677,0.61635745,0.2497704,0.12766948,0.38159412,0.46982324,1.27E-07,1.20E-14,0.34851477,0.4641461,0.003364207,9.63E-06,0.38961926,0.4486558,0.006162392,3.65E-05,0.43765217,0.46403483,1.79E-22,1.55E-22,0.5731682,7.42E-08,0.5466836,1.51E-05,5.95E-05,0.43570697,0,0.4486267,0,0,0.35886526,0,0.58125275,0.47003502,1
0.71151656,0.869293,0.2440766,0.12158396,0.38159412,0.46982324,0,0,0.34851477,0.4641461,0,0,0.38961926,0.4486558,0,0,0.43765217,0.46403483,0,0,0,0,0,0.98266494,0,0.43570697,0,0.4486267,0,0,2.08E-17,0,0.58125275,0.47003502,4
0.35441637,0.37029386,0.18410566,0.13426484,0.38159412,0.46982324,0,0,0.34851477,0.4641461,0,0,0.38961926,0.4486558,0,0,0.43765217,0.46403483,0,0,0,0,0,0.9826671,0,0.43570697,0,0.4486267,0,0,2.08E-17,0,0.58125275,0.47003502,5
0.0011030438,0.0015657443,0.008107216,0.0007630246,0.3815967,0.48865,0.008709331,0.0002621067,0.34853518,0.5190719,0.018690519,0.0005728101,0.38962778,0.45644233,0.030275198,0.00112385,0.43781412,0.4943865,1.26E-18,2.48E-18,0.0010694293,6.13E-18,0.0016745746,7.86E-10,6.08E-18,0.43587515,0.00022317481,0.5142272,0.0015740126,0.005427287,0.040011443,0.00048465547,0.5812922,0.5296912,0
0.70386887,0.25300246,0.007049208,9.61E-05,0.38159412,0.46982324,0,0,0.34851477,0.4641461,0,0,0.38961926,0.4486558,0,0,0.43765217,0.46403483,0,0,0,0,0,0.98266554,0,0.43570697,0,0.4486267,0,0,2.08E-17,0,0.58125275,0.47003502,3
0.734281,0.54306567,0.008084352,7.94E-05,0.38159412,0.46982324,0.0004638165,1.60E-07,0.34851477,0.4641461,0.00036796596,1.15E-07,0.38961926,0.4486558,0.00031008312,9.24E-08,0.43765217,0.46403483,9.43E-23,1.13E-22,0.68910915,5.57E-07,0.5587598,1.84E-05,7.25E-05,0.43570697,0,0.4486267,0,0,0.009929078,0,0.58125275,0.47003502,3
0.43711454,0.5089972,0.2123482,0.13173833,0.38159412,0.46982324,0.00020504891,3.13E-08,0.34851477,0.4641461,0.010175188,8.81E-05,0.38961926,0.4486558,0.013907169,0.0001858594,0.43765217,0.46403483,2.57E-21,1.63E-21,0.30402794,2.85E-10,0.39319852,1.13E-05,4.45E-05,0.43570697,0,0.4486267,0,0,0.3503546,0,0.58125275,0.47003502,4
0.381624,0.25219384,0.18360524,0.13425818,0.38159412,0.46982324,0,0,0.34851477,0.4641461,0,0,0.38961926,0.4486558,0,0,0.43765217,0.46403483,0,0,0,0,0,0.982667,0,0.43570697,0,0.4486267,0,0,2.08E-17,0,0.58125275,0.47003502,5
0.0014392114,0.0016090968,0.015111019,0.02108701,0.38159412,0.46982324,0.0008089517,4.88E-07,0.34851477,0.4641461,0.011540603,0.000113302645,0.38961926,0.4486558,0.008973726,0.0020327468,0.43779817,0.5181469,4.05E-25,2.80E-19,9.24E-05,5.64E-17,0.00013335836,4.08E-06,1.63E-05,0.43570697,0,0.4486267,0,0,0.011347517,0,0.58125275,0.47003502,0
0.009380963,0.0019265566,0.05590737,0.07610244,0.3690571,0.43265948,0.3384511,0.17010318,0.32957366,0.4095089,0.33842495,0.19996351,0.36825404,0.39159936,0.32307342,0.2075039,0.44495264,0.4719833,1.71E-18,2.12E-18,0.010264234,9.33E-18,0.0017971857,7.87E-10,7.29E-17,0.4986276,0.18305045,0.510719,0.0003753051,0.35704756,0.1955912,0.19159597,0.6265411,0.5297757,0
0.22642767,0.2724132,7.35E-05,3.76E-06,0.38159412,0.46982324,0,0,0.34851477,0.4641461,0,0,0.38961926,0.4486558,0,0,0.43765217,0.46403483,0,0,0,0,0,0.982663,0,0.43570697,0,0.4486267,0,0,2.08E-17,0,0.58125275,0.47003502,2
0.3950929,0.5976119,0.21252416,0.13169919,0.38159412,0.46982324,0,0,0.34851477,0.4641461,0,0,0.38961926,0.4486558,0,0,0.43765217,0.46403483,0,0,0,0,0,0.9826651,0,0.43570697,0,0.4486267,0,0,2.08E-17,0,0.58125275,0.47003502,4
0.36601353,0.4127935,0.2151815,0.13867095,0.38159412,0.46982324,0,0,0.34851477,0.4641461,0,0,0.38961926,0.4486558,0,0,0.43765217,0.46403483,0,0,0,0,0,0.9826662,0,0.43570697,0,0.4486267,0,0,2.08E-17,0,0.58125275,0.47003502,1
0.0014304385,0.001692746,0.010819278,0.0013343631,0.38159412,0.46998692,0.01819699,0.0002475091,0.34851748,0.476717,0.035962205,0.0012067074,0.3897058,0.48948178,0.040247925,0.001716612,0.43770576,0.47145307,3.48E-18,3.54E-18,0.0014082418,5.19E-18,0.0018024171,7.01E-10,1.60E-14,0.4859441,0.000305741,0.5018107,0.0016310512,0.0050353264,0.03986532,0.00048936164,0.5812905,0.5311663,0
0.21904908,0.3009422,7.43E-05,3.72E-06,0.38159412,0.46982324,0,0,0.34851477,0.4641461,0,0,0.38961926,0.4486558,0,0,0.43765217,0.46403483,0,0,0,0,0,0.9826631,0,0.43570697,0,0.4486267,0,0,2.08E-17,0,0.58125275,0.47003502,2
0.21862724,0.17146134,7.71E-05,4.04E-06,0.38159412,0.46982324,0,0,0.34851477,0.4641461,0,0,0.38961926,0.4486558,0,0,0.43765217,0.46403483,0,0,0,0,0,0.98266286,0,0.43570697,0,0.4486267,0,0,2.08E-17,0,0.58125275,0.47003502,2
0.0012067559,0.0016044858,0.007951227,0.00072588166,0.38159412,0.46982324,0,7.23E-19,0.34851477,0.4641461,1.41E-09,2.38E-18,0.38961926,0.4486558,1.41E-09,4.24E-18,0.43765217,0.46403483,0,4.71E-29,1.99E-05,2.75E-20,9.12E-05,0.00058690633,0.002304609,0.43570697,2.57E-18,0.4486267,0.00031618655,1.40E-09,0.017626109,4.24E-18,0.58125275,0.47003502,0
0.43408132,0.18798786,0.21570496,0.13102637,0.38159412,0.46982324,0.012276216,0.00011227552,0.34851477,0.4641461,0.01435956,0.00017541443,0.38961926,0.4486558,0.013789979,0.00018274027,0.43765217,0.46403483,1.62E-21,3.95E-17,0.30992922,6.06E-05,0.14750902,0.000103055376,0.00040536726,0.43570697,0,0.4486267,0,0,0.3503546,0,0.58125275,0.47003502,4
0.7137111,0.853717,0.24449536,0.12139802,0.38159412,0.46982324,1.05E-07,8.23E-15,0.34851477,0.4641461,0.003233361,8.89E-06,0.38961926,0.4486558,0.006181148,3.67E-05,0.43765217,0.46403483,5.97E-23,1.12E-22,0.5903671,1.30E-11,0.75923204,4.60E-06,1.81E-05,0.43570697,0,0.4486267,0,0,0.3503546,0,0.58125275,0.47003502,4
0.22370373,0.31799936,7.24E-05,3.60E-06,0.38159412,0.46982324,0,0,0.34851477,0.4641461,0,0,0.38961926,0.4486558,0,0,0.43765217,0.46403483,0,0,0,0,0,0.9826633,0,0.43570697,0,0.4486267,0,0,2.08E-17,0,0.58125275,0.47003502,2
0.25976372,0.24900062,1.62E-05,1.64E-06,0.38159412,0.46982324,0,0,0.34851477,0.4641461,0,0,0.38961926,0.4486558,0,0,0.43765217,0.46403483,0,0,0,0,0,0.9826629,0,0.43570697,0,0.4486267,0,0,2.08E-17,0,0.58125275,0.47003502,2
0.7316898,0.36294487,0.007054358,9.61E-05,0.38159412,0.46982324,2.68E-07,5.34E-14,0.34851477,0.4641461,0.00014413285,1.77E-08,0.38961926,0.4486558,0.00020638335,4.09E-08,0.43765217,0.46403483,2.42E-22,5.28E-21,0.6076901,1.34E-05,0.32838655,4.26E-05,0.00016744525,0.43570697,0,0.4486267,0,0,0.009929078,0,0.58125275,0.47003502,3
0.7176332,0.9049437,0.24445763,0.12141472,0.38159412,0.46982324,0.0012735669,1.21E-06,0.34851477,0.4641461,0.008262141,5.81E-05,0.38961926,0.4486558,0.0069445646,4.63E-05,0.43765217,0.46403483,1.16E-22,1.60E-22,0.5934756,3.20E-13,0.80468035,3.00E-06,1.18E-05,0.43570697,0,0.4486267,0,0,0.3503546,0,0.58125275,0.47003502,4
0.00038916347,0.00038653534,0.012094779,0.0016390729,0.38159412,0.4698233,0.0005408679,0.00016088737,0.3485148,0.46686608,0.007963489,0.0015442783,0.38972455,0.57574123,0.058289975,0.008313318,0.4406763,0.55298907,1.96E-24,1.26E-18,0.00017554675,2.68E-16,0.00018021531,1.06E-08,3.05E-16,0.43570697,1.28E-18,0.4486267,0.00037884834,0,0.017626109,9.50E-19,0.58125275,0.47003502,0
0.35168168,0.43055525,0.0060405657,0.00010608844,0.38159412,0.46982324,0,0,0.34851477,0.4641461,0,0,0.38961926,0.4486558,0,0,0.43765217,0.46403483,0,0,0,0,0,0.9826656,0,0.43570697,0,0.4486267,0,0,2.08E-17,0,0.58125275,0.47003502,3
0.7177194,0.9897389,0.24399692,0.12161965,0.38159412,0.46982324,0.0021025154,3.29E-06,0.34851477,0.4641461,0.0089977095,6.89E-05,0.38961926,0.4486558,0.007322579,5.15E-05,0.43765217,0.46403483,1.04E-22,1.36E-22,0.5838437,1.27E-18,0.87843144,7.90E-07,3.11E-06,0.43570697,0,0.4486267,0,0,0.3503546,0,0.58125275,0.47003502,4
0.7059761,0.6070748,0.24958484,0.12775306,0.38159412,0.46982324,0,0,0.34851477,0.4641461,0,0,0.38961926,0.4486558,0,0,0.43765217,0.46403483,0,0,0,0,0,0.98266613,0,0.43570697,0,0.4486267,0,0,2.08E-17,0,0.58125275,0.47003502,1
0.7342185,0.93335706,0.2451393,0.12110842,0.38159412,0.46982324,6.10E-08,2.78E-15,0.34851477,0.4641461,0.0029961204,7.64E-06,0.38961926,0.4486558,0.0061782515,3.67E-05,0.43765217,0.46403483,8.70E-23,1.46E-22,0.60970795,4.20E-14,0.8322446,2.37E-06,9.33E-06,0.43570697,0,0.4486267,0,0,0.3503546,0,0.58125275,0.47003502,4
0.34279892,0.44619894,0.20413235,0.14025006,0.38159412,0.46982324,0.00023443312,4.09E-08,0.34851477,0.4641461,0.021209972,0.0003827042,0.38961926,0.4486558,0.0271971,0.000710808,0.43765217,0.46403483,4.11E-21,3.58E-21,0.2232323,2.99E-11,0.32379925,1.06E-05,4.18E-05,0.43570697,0,0.4486267,0,0,0.35886526,0,0.58125275,0.47003502,1
0.36420736,0.18526743,0.18230064,0.1342215,0.38159412,0.46982324,0,0,0.34851477,0.4641461,0,0,0.38961926,0.4486558,0,0,0.43765217,0.46403483,0,0,0,0,0,0.98266697,0,0.43570697,0,0.4486267,0,0,2.08E-17,0,0.58125275,0.47003502,5
0.21732672,0.23699123,7.48E-05,3.75E-06,0.38159412,0.46982324,0,0,0.34851477,0.4641461,0,0,0.38961926,0.4486558,0,0,0.43765217,0.46403483,0,0,0,0,0,0.9826629,0,0.43570697,0,0.4486267,0,0,2.08E-17,0,0.58125275,0.47003502,2
0.67620957,0.22151752,0.008094769,7.90E-05,0.38159412,0.46982324,4.42E-07,1.45E-13,0.34851477,0.4641461,0.00017445732,2.59E-08,0.38961926,0.4486558,0.00025867746,6.43E-08,0.43765217,0.46403483,1.04E-22,3.25E-13,0.64781654,7.77E-05,0.22892767,7.33E-05,0.00028825822,0.43570697,0,0.4486267,0,0,0.009929078,0,0.58125275,0.47003502,3
0.75285715,0.66364807,0.0070754187,9.59E-05,0.38159412,0.46982324,6.62E-08,3.26E-15,0.34851477,0.4641461,0.00016389723,2.29E-08,0.38961926,0.4486558,0.00024041357,5.55E-08,0.43765217,0.46403483,3.98E-22,2.35E-22,0.6251845,4.76E-08,0.6022253,1.32E-05,5.21E-05,0.43570697,0,0.4486267,0,0,0.009929078,0,0.58125275,0.47003502,3
0.2193001,0.13726805,7.94E-05,4.09E-06,0.38159412,0.46982324,0,0,0.34851477,0.4641461,0,0,0.38961926,0.4486558,0,0,0.43765217,0.46403483,0,0,0,0,0,0.98266286,0,0.43570697,0,0.4486267,0,0,2.08E-17,0,0.58125275,0.47003502,2
0.000560625,0.0005974606,0.018359933,0.002352792,0.38159412,0.46982324,1.39E-09,2.05E-18,0.34851477,0.4641461,0.0004306651,1.58E-07,0.38961926,0.44863334,0.012717042,0.00015541242,0.43765098,0.448626,0,7.74E-31,6.84E-06,7.56E-19,8.34E-05,2.19E-08,4.58E-16,0.43570697,1.71E-07,0.44860423,0.00028905767,0.012669145,0.03264977,0.00015538222,0.58125174,0.4547989,0
0.72124076,0.96361405,0.2443882,0.12144563,0.38159412,0.46982324,0,0,0.34851477,0.4641461,0,0,0.38961926,0.4486558,0,0,0.43765217,0.46403483,0,0,0,0,0,0.982665,0,0.43570697,0,0.4486267,0,0,2.08E-17,0,0.58125275,0.47003502,4
0.38212773,0.24574117,0.18439053,0.13427329,0.38159412,0.46982324,0,0,0.34851477,0.4641461,0,0,0.38961926,0.4486558,0,0,0.43765217,0.46403483,0,0,0,0,0,0.982667,0,0.43570697,0,0.4486267,0,0,2.08E-17,0,0.58125275,0.47003502,5
0.003536586,0.0038304494,0.05086322,0.07377082,0.38159394,0.45761016,0.13823603,0.06503711,0.34484696,0.4247013,0.34485742,0.2962256,0.36572143,0.399056,0.3491527,0.3038356,0.42348713,0.45254758,7.28E-18,1.40E-17,0.0030445796,3.06E-17,0.0029070408,3.23E-10,6.02E-17,0.43570697,0,0.4486267,0,0,0.009929078,0,0.58125275,0.47003502,0
0.0044488795,0.0039064903,0.04906125,0.068212815,0.33751592,0.37903786,0.2838396,0.39864698,0.31075063,0.38477594,0.30120778,0.41148204,0.36372194,0.39758083,0.34142298,0.31832224,0.41852927,0.44865188,8.48E-18,3.60E-17,0.0028616167,5.32E-17,0.002854368,3.38E-10,4.57E-17,0.43570697,0.15326214,0.4486267,0.00015013591,0.4070572,0.15326601,0.1604025,0.58125275,0.47003502,0
0.22221135,0.31704402,7.32E-05,3.72E-06,0.38159412,0.46982324,0,0,0.34851477,0.4641461,0,0,0.38961926,0.4486558,0,0,0.43765217,0.46403483,0,0,0,0,0,0.9826633,0,0.43570697,0,0.4486267,0,0,2.08E-17,0,0.58125275,0.47003502,2
0.4296062,0.1968598,0.20978144,0.13956054,0.38159412,0.46982324,0.042977117,0.0013760383,0.34851477,0.4641461,0.0211318,0.0003798884,0.38961926,0.4486558,0.023041079,0.00051016745,0.43765217,0.46403483,8.30E-22,1.89E-21,0.30277637,2.13E-05,0.14675225,9.31E-05,0.00036619767,0.43570697,0,0.4486267,0,0,0.35886526,0,0.58125275,0.47003502,1
0.0010991361,0.0015567378,0.009072767,0.0010437896,0.38159412,0.46982324,3.80E-06,3.68E-07,0.34851477,0.4641461,0.007152812,0.00010541226,0.38962394,0.47380653,0.009987243,0.00014747093,0.4376684,0.48706892,1.16E-30,1.29E-21,0.00012184878,3.63E-17,0.00035109563,5.26E-09,5.06E-17,0.43570697,0.00011374804,0.47377577,0.001217248,0.009949627,0.027925849,0.00014744228,0.58126605,0.492811,0
0.006602011,0.0027636194,0.059037182,0.08368574,0.34340176,0.39252037,0.36637032,0.27703837,0.30686572,0.38038802,0.3566816,0.26749545,0.37291887,0.41290355,0.33889753,0.23717614,0.4432093,0.46940017,4.58E-18,4.88E-18,0.0063616624,8.86E-18,0.0025717658,4.14E-10,4.46E-17,0.58085865,0.22624147,0.58830714,0.00030025726,0.41822833,0.17917795,0.23681235,0.70777285,0.60409147,0
0.00031002818,0.0004808873,0.012430517,0.00034769563,0.38159412,0.4699288,0.003229545,0.00016108877,0.34851685,0.48331133,0.008793345,0.0013566022,0.38969257,0.53419656,0.009822468,0.0014273411,0.43795887,0.5880593,2.01E-21,2.19E-17,0.00019325076,5.68E-16,0.0001971208,1.00E-08,5.29E-16,0.43570697,9.07E-19,0.4486267,0.00038844443,1.40E-09,0.017626109,1.90E-18,0.58125275,0.47003502,0
0.76500124,0.5058437,0.00808394,7.86E-05,0.38159412,0.46982324,0.00014007841,1.46E-08,0.34851477,0.4641461,0.00035087008,1.05E-07,0.38961926,0.4486558,0.00030372164,8.86E-08,0.43765217,0.46403483,6.70E-23,7.15E-23,0.73312217,1.14E-06,0.5230903,2.13E-05,8.38E-05,0.43570697,0,0.4486267,0,0,0.009929078,0,0.58125275,0.47003502,3
0.00016776791,0.0004754701,0.014294535,0.0012946887,0.38159412,0.46982324,3.98E-05,0.00015552226,0.34851477,0.4641461,0.008806951,0.0014472285,0.38959953,0.4264047,0.014452477,0.0017331792,0.43770137,0.4763335,0,1.09E-21,8.41E-05,5.61E-17,0.00019277295,9.90E-09,2.53E-16,0.43570697,0,0.4486267,0,0,0.009929078,0,0.58125275,0.47003502,0
0.00083768315,0.0015152175,0.008240806,0.0007577943,0.38159412,0.46982324,3.62E-05,4.00E-08,0.34851477,0.46414486,0.024261523,0.00062943716,0.38960215,0.43502146,0.030493721,0.0010873252,0.4376911,0.47172347,3.67E-25,3.86E-19,0.0007064605,2.47E-17,0.0015798049,8.72E-10,1.90E-16,0.43570697,0.00027526036,0.44526187,0.0013687635,0.0033525545,0.04032509,0.00043243504,0.58125484,0.47543928,0
0.43804118,0.4113369,0.21233247,0.13174029,0.38159412,0.46982324,0,0,0.34851477,0.4641461,0,0,0.38961926,0.4486558,0,0,0.43765217,0.46403483,0,0,0,0,0,0.9826648,0,0.43570697,0,0.4486267,0,0,2.08E-17,0,0.58125275,0.47003502,4
0.25643188,0.36050975,1.55E-05,1.57E-06,0.38159412,0.46982324,0,0,0.34851477,0.4641461,0,0,0.38961926,0.4486558,0,0,0.43765217,0.46403483,0,0,0,0,0,0.9826633,0,0.43570697,0,0.4486267,0,0,2.08E-17,0,0.58125275,0.47003502,2
0.7161392,0.947407,0.24498813,0.12117664,0.38159412,0.46982324,6.90E-06,3.55E-11,0.34851477,0.4641461,0.0049379016,2.07E-05,0.38961926,0.4486558,0.0065453053,4.12E-05,0.43765217,0.46403483,5.55E-23,1.31E-22,0.589636,7.07E-15,0.844259,1.95E-06,7.67E-06,0.43570697,0,0.4486267,0,0,0.3503546,0,0.58125275,0.47003502,4
0.4755053,0.38330975,0.2126827,0.13166942,0.38159412,0.46982324,0.00084032596,5.26E-07,0.34851477,0.4641461,0.012260142,0.00012787158,0.38961926,0.4486558,0.014150802,0.00019242842,0.43765217,0.46403483,4.92E-22,5.63E-22,0.33155596,2.76E-07,0.2965715,3.01E-05,0.00011841334,0.43570697,0,0.4486267,0,0,0.3503546,0,0.58125275,0.47003502,4
0.42540836,0.6042889,0.21307588,0.13159008,0.38159412,0.46982324,0,0,0.34851477,0.4641461,0,0,0.38961926,0.4486558,0,0,0.43765217,0.46403483,0,0,0,0,0,0.98266506,0,0.43570697,0,0.4486267,0,0,2.08E-17,0,0.58125275,0.47003502,4
0.71755946,0.6614677,0.25026503,0.12744409,0.38159412,0.46982324,0.007830901,4.57E-05,0.34851477,0.4641461,0.010069842,8.63E-05,0.38961926,0.4486558,0.00715826,4.92E-05,0.43765217,0.46403483,2.02E-22,1.36E-22,0.5869841,2.21E-08,0.5878702,1.25E-05,4.91E-05,0.43570697,0,0.4486267,0,0,0.35886526,0,0.58125275,0.47003502,1
0.0003223401,0.0007014427,0.025995545,0.026879292,0.38159412,0.46983415,0.0032339967,0.00016167139,0.34851605,0.47584033,0.008909663,0.0013675897,0.38968697,0.5263219,0.24952617,0.15272641,0.46784618,0.51242924,5.71E-22,1.67E-17,0.00018738749,7.55E-16,0.00038116198,5.27E-09,4.04E-16,0.43570697,2.03E-18,0.4486267,0.00035186502,9.90E-10,0.017626109,1.34E-18,0.58125275,0.47003502,0
0.0015867471,0.0007362204,0.02345635,0.015750721,0.33910567,0.37010068,0.23989017,0.43731442,0.30844027,0.36931235,0.22981368,0.45618853,0.36372906,0.38550892,0.17992483,0.36385888,0.47408623,0.5144549,2.98E-18,3.22E-18,0.0015938088,5.06E-17,0.00044170555,4.31E-09,1.89E-16,0.63060176,0.13428003,0.6361816,0.00022519361,0.36140487,0.17686866,0.14054811,0.6706339,0.6500389,0
0.71695817,0.3487923,0.008040593,7.99E-05,0.38159412,0.46982324,3.46E-06,8.91E-12,0.34851477,0.4641461,0.00022753252,4.40E-08,0.38961926,0.4486558,0.00028445048,7.78E-08,0.43765217,0.46403483,1.09E-22,1.74E-20,0.675416,1.36E-05,0.35857034,3.95E-05,0.0001552283,0.43570697,0,0.4486267,0,0,0.009929078,0,0.58125275,0.47003502,3
0.3627081,0.34346405,0.1842052,0.13426726,0.38159412,0.46982324,0,0,0.34851477,0.4641461,0,0,0.38961926,0.4486558,0,0,0.43765217,0.46403483,0,0,0,0,0,0.982667,0,0.43570697,0,0.4486267,0,0,2.08E-17,0,0.58125275,0.47003502,5
0.70964116,0.4635175,0.24975964,0.12767489,0.38159412,0.46982324,8.77E-08,5.74E-15,0.34851477,0.4641461,0.003200572,8.71E-06,0.38961926,0.4486558,0.006212182,3.71E-05,0.43765217,0.46403483,2.76E-22,1.57E-22,0.573919,2.02E-06,0.41110253,2.80E-05,0.00011009867,0.43570697,0,0.4486267,0,0,0.35886526,0,0.58125275,0.47003502,1
0.699001,0.24027586,0.008115956,7.88E-05,0.38159412,0.46982324,0.00054609997,2.22E-07,0.34851477,0.4641461,0.0003234126,8.90E-08,0.38961926,0.4486558,0.00031141622,9.32E-08,0.43765217,0.46403483,5.19E-23,4.37E-14,0.6725381,6.10E-05,0.24889413,6.60E-05,0.0002597579,0.43570697,0,0.4486267,0,0,0.009929078,0,0.58125275,0.47003502,3
0.7990367,0.84158486,0.008113476,7.76E-05,0.38159412,0.46982324,0,0,0.34851477,0.4641461,0,0,0.38961926,0.4486558,0,0,0.43765217,0.46403483,0,0,0,0,0,0.98266566,0,0.43570697,0,0.4486267,0,0,2.08E-17,0,0.58125275,0.47003502,3
0.43721592,0.52009916,0.21307383,0.13159041,0.38159412,0.46982324,0.00051675277,1.99E-07,0.34851477,0.4641461,0.011207614,0.00010685857,0.38961926,0.4486558,0.0138931945,0.00018548607,0.43765217,0.46403483,4.66E-22,8.80E-22,0.31327337,8.18E-11,0.40314582,9.77E-06,3.84E-05,0.43570697,0,0.4486267,0,0,0.3503546,0,0.58125275,0.47003502,4
0.3604466,0.3562692,0.18323213,0.13424553,0.38159412,0.46982324,0,0,0.34851477,0.4641461,0,0,0.38961926,0.4486558,0,0,0.43765217,0.46403483,0,0,0,0,0,0.9826671,0,0.43570697,0,0.4486267,0,0,2.08E-17,0,0.58125275,0.47003502,5
0.3861016,0.24675791,0.18402925,0.13426702,0.38159412,0.46982324,0,0,0.34851477,0.4641461,0,0,0.38961926,0.4486558,0,0,0.43765217,0.46403483,0,0,0,0,0,0.982667,0,0.43570697,0,0.4486267,0,0,2.08E-17,0,0.58125275,0.47003502,5
0.0009282756,0.0018041364,0.07530635,0.21736325,0.38159412,0.46982324,2.80E-06,8.53E-05,0.34851477,0.46414524,0.44320163,0.18211164,0.39377812,0.46182695,0.50702304,0.2786544,0.47539902,0.4951195,3.36E-21,1.93E-18,0.0009917706,8.75E-18,0.0020003552,5.97E-10,1.14E-17,0.43570697,2.41E-05,0.4486267,0.0012686171,0.00034378114,0.040584136,0.00039474296,0.58125246,0.46226692,0
0.4728895,0.4628242,0.21383601,0.13143496,0.38159412,0.46982324,4.77E-05,1.69E-09,0.34851477,0.4641461,0.011408213,0.00011071801,0.38961926,0.4486558,0.014647543,0.00020617533,0.43765217,0.46403483,2.19E-21,2.09E-21,0.34799388,5.19E-09,0.36005047,1.67E-05,6.59E-05,0.43570697,0,0.4486267,0,0,0.3503546,0,0.58125275,0.47003502,4
0.42944774,0.52970684,0.21283942,0.1316391,0.38159412,0.46982324,0.00041617407,1.29E-07,0.34851477,0.4641461,0.011398681,0.00011053309,0.38961926,0.4486558,0.013865518,0.00018474781,0.43765217,0.46403483,1.50E-21,1.54E-21,0.30423653,2.33E-11,0.41014206,8.44E-06,3.32E-05,0.43570697,0,0.4486267,0,0,0.3503546,0,0.58125275,0.47003502,4
0.71031517,0.8564682,0.007085867,9.58E-05,0.38159412,0.46982324,0,0,0.34851477,0.4641461,0,0,0.38961926,0.4486558,0,0,0.43765217,0.46403483,0,0,0,0,0,0.98266566,0,0.43570697,0,0.4486267,0,0,2.08E-17,0,0.58125275,0.47003502,3
0.7033457,0.6287619,0.250333,0.12741354,0.38159412,0.46982324,0,0,0.34851477,0.4641461,0,0,0.38961926,0.4486558,0,0,0.43765217,0.46403483,0,0,0,0,0,0.98266613,0,0.43570697,0,0.4486267,0,0,2.08E-17,0,0.58125275,0.47003502,1
0.7104929,0.5701286,0.24375342,0.12172761,0.38159412,0.46982324,0,0,0.34851477,0.4641461,0,0,0.38961926,0.4486558,0,0,0.43765217,0.46403483,0,0,0,0,0,0.9826648,0,0.43570697,0,0.4486267,0,0,2.08E-17,0,0.58125275,0.47003502,4
0.00094374677,0.0015301642,0.008218308,0.00082616694,0.38159412,0.4708289,0.00869485,5.64E-05,0.34851593,0.49894565,0.03718356,0.0012637423,0.3898433,0.5545162,0.03180701,0.0011824039,0.43788624,0.50656015,1.59E-21,1.67E-18,0.00090901303,6.80E-18,0.0016055794,8.38E-10,6.20E-18,0.43570697,0.00010444062,0.4486267,0.0013385148,6.58E-05,0.039739612,0.00046486905,0.58125275,0.46975213,0
0.9108817,0.9230736,0.008157793,7.67E-05,0.38159412,0.46982324,0.00010644891,8.44E-09,0.34851477,0.4641461,0.0002461397,5.15E-08,0.38961926,0.4486558,0.00025412036,6.21E-08,0.43765217,0.46403483,4.63E-23,1.08E-22,0.88928443,1.58E-11,0.9630978,3.85E-06,1.51E-05,0.43570697,0,0.4486267,0,0,0.009929078,0,0.58125275,0.47003502,3
0.22753368,0.2965567,7.59E-05,3.80E-06,0.38159412,0.46982324,0,0,0.34851477,0.4641461,0,0,0.38961926,0.4486558,0,0,0.43765217,0.46403483,0,0,0,0,0,0.9826631,0,0.43570697,0,0.4486267,0,0,2.08E-17,0,0.58125275,0.47003502,2
0.44236276,0.5424505,0.21276808,0.13165385,0.38159412,0.46982324,0,0,0.34851477,0.4641461,0,0,0.38961926,0.4486558,0,0,0.43765217,0.46403483,0,0,0,0,0,0.98266494,0,0.43570697,0,0.4486267,0,0,2.08E-17,0,0.58125275,0.47003502,4
0.4069522,0.39794952,0.00585156,0.000107094245,0.38159412,0.46982324,6.53E-09,3.18E-17,0.34851477,0.4641461,0.0002560605,5.58E-08,0.38961926,0.4486558,0.0006167475,3.66E-07,0.43765217,0.46403483,2.27E-21,3.30E-21,0.30198887,1.18E-08,0.29708946,2.17E-05,8.54E-05,0.43570697,0,0.4486267,0,0,0.009929078,0,0.58125275,0.47003502,3
0.3967484,0.36845464,0.21607772,0.13850191,0.38159412,0.46982324,0,0,0.34851477,0.4641461,0,0,0.38961926,0.4486558,0,0,0.43765217,0.46403483,0,0,0,0,0,0.98266613,0,0.43570697,0,0.4486267,0,0,2.08E-17,0,0.58125275,0.47003502,1
0.0012960766,0.0015323466,0.008941621,0.0013307233,0.38159412,0.46968597,0.0059801014,2.67E-05,0.3485145,0.45238933,0.03380905,0.0010255862,0.38971278,0.50651765,0.03287059,0.0012220276,0.43782398,0.4949014,9.71E-18,1.06E-17,0.0012963552,1.30E-17,0.0015951045,8.58E-10,1.52E-17,0.43570697,9.02E-05,0.4486267,0.0013555269,0.0005796885,0.040431164,0.00040838175,0.5812522,0.46166041,0
0.26201975,0.16669077,1.77E-05,1.78E-06,0.38159412,0.46982324,0,0,0.34851477,0.4641461,0,0,0.38961926,0.4486558,0,0,0.43765217,0.46403483,0,0,0,0,0,0.98266286,0,0.43570697,0,0.4486267,0,0,2.08E-17,0,0.58125275,0.47003502,2
0.7219347,0.95263463,0.2446211,0.12134131,0.38159412,0.46982324,3.14E-07,7.35E-14,0.34851477,0.4641461,0.0036303876,1.12E-05,0.38961926,0.4486558,0.0063329367,3.85E-05,0.43765217,0.46403483,2.59E-22,1.87E-22,0.58696645,3.82E-15,0.84764045,1.83E-06,7.18E-06,0.43570697,0,0.4486267,0,0,0.3503546,0,0.58125275,0.47003502,4
0.49829128,0.11073001,0.008039397,7.92E-05,0.38159412,0.46982324,0.00025004603,4.66E-08,0.34851477,0.4641461,0.0003841886,1.26E-07,0.38961926,0.4486558,0.00039085164,1.47E-07,0.43765217,0.46403483,6.31E-17,1.04E-07,0.47175995,0.00037686483,0.113730185,0.0001673344,0.00065816456,0.43570697,0,0.4486267,0,0,0.009929078,0,0.58125275,0.47003502,3
0.6813655,0.27543327,0.24938715,0.12784202,0.38159412,0.46982324,0,0,0.34851477,0.4641461,0,0,0.38961926,0.4486558,0,0,0.43765217,0.46403483,0,0,0,0,0,0.9826661,0,0.43570697,0,0.4486267,0,0,2.08E-17,0,0.58125275,0.47003502,1
0.69960177,0.4889635,0.24374968,0.12172961,0.38159412,0.46982324,2.49E-08,4.63E-16,0.34851477,0.4641461,0.0026368361,5.91E-06,0.38961926,0.4486558,0.0058085173,3.24E-05,0.43765217,0.46403483,3.41E-22,2.84E-22,0.5746211,1.33E-06,0.43351498,2.55E-05,0.00010014414,0.43570697,0,0.4486267,0,0,0.3503546,0,0.58125275,0.47003502,4
0.4114164,0.23626268,0.20593238,0.14005913,0.38159412,0.46982324,0,0,0.34851477,0.4641461,0,0,0.38961926,0.4486558,0,0,0.43765217,0.46403483,0,0,0,0,0,0.9826661,0,0.43570697,0,0.4486267,0,0,2.08E-17,0,0.58125275,0.47003502,1
0.00093590585,0.0015632717,0.007979923,0.000761048,0.38159412,0.46982324,1.68E-05,2.57E-07,0.34851477,0.46545702,0.022133011,0.0006128903,0.38958406,0.42030963,0.030729698,0.0011455221,0.43777186,0.48611873,2.61E-19,2.59E-18,0.0008134065,6.77E-18,0.001606991,8.37E-10,6.62E-18,0.4356579,0.0018231267,0.48435837,0.0012942975,0.055982776,0.043008488,0.0032992137,0.5816329,0.5040469,0
0.4700123,0.22898422,0.2141523,0.13136724,0.38159412,0.46982324,0.0058535505,2.55E-05,0.34851477,0.4641461,0.01906327,0.0003091561,0.38961926,0.4486558,0.01634049,0.00025658854,0.43765217,0.46403483,7.33E-22,6.94E-21,0.33102515,2.40E-05,0.17841259,7.82E-05,0.0003075417,0.43570697,0,0.4486267,0,0,0.3503546,0,0.58125275,0.47003502,4
0.34765726,0.44598618,0.20352335,0.14030893,0.38159412,0.46982324,0,0,0.34851477,0.4641461,0,0,0.38961926,0.4486558,0,0,0.43765217,0.46403483,0,0,0,0,0,0.9826662,0,0.43570697,0,0.4486267,0,0,2.08E-17,0,0.58125275,0.47003502,1
0.0011183514,0.0014889733,0.008584017,0.00093343476,0.38158923,0.4603666,0.06377874,0.0030918878,0.348464,0.45211285,0.04140146,0.0016275168,0.38974935,0.49279574,0.03349386,0.0012867824,0.43774137,0.47909433,4.55E-18,5.62E-18,0.0012521928,1.41E-17,0.0016052888,8.51E-10,1.62E-17,0.4292556,0.0040029595,0.45580626,0.0013086997,0.058422964,0.04514578,0.003566693,0.5817135,0.5088414,0
0.00013877836,3.04E-05,0.0031630725,8.13E-05,0.38159412,0.46982324,0,0,0.34851477,0.4641461,0,0,0.38961926,0.4486558,0,0,0.43765217,0.46403483,0,0,0,0,0,0.98147875,0,0.43570697,0,0.4486267,0,0,2.08E-17,0,0.58125275,0.47003502,0
0.78587484,0.8176184,0.008090872,7.81E-05,0.38159412,0.46982324,0.00076984713,4.42E-07,0.34851477,0.4641461,0.00030884697,8.11E-08,0.38961926,0.4486558,0.00026797646,6.90E-08,0.43765217,0.46403483,7.41E-23,8.25E-23,0.75424737,3.24E-10,0.84624285,5.83E-06,2.29E-05,0.43570697,0,0.4486267,0,0,0.009929078,0,0.58125275,0.47003502,3
0.21677642,0.27063587,7.37E-05,3.76E-06,0.38159412,0.46982324,0,0,0.34851477,0.4641461,0,0,0.38961926,0.4486558,0,0,0.43765217,0.46403483,0,0,0,0,0,0.982663,0,0.43570697,0,0.4486267,0,0,2.08E-17,0,0.58125275,0.47003502,2
0.22137797,0.3175472,7.28E-05,3.64E-06,0.38159412,0.46982324,0,0,0.34851477,0.4641461,0,0,0.38961926,0.4486558,0,0,0.43765217,0.46403483,0,0,0,0,0,0.9826633,0,0.43570697,0,0.4486267,0,0,2.08E-17,0,0.58125275,0.47003502,2
0.21994647,0.29477492,7.59E-05,3.80E-06,0.38159412,0.46982324,0,0,0.34851477,0.4641461,0,0,0.38961926,0.4486558,0,0,0.43765217,0.46403483,0,0,0,0,0,0.9826631,0,0.43570697,0,0.4486267,0,0,2.08E-17,0,0.58125275,0.47003502,2
0.0011377385,0.000624282,0.01322364,0.0016321416,0.38159412,0.46980244,0.011264499,9.45E-05,0.34851408,0.44616133,0.020074647,0.00034283497,0.38961107,0.3348293,0.016836297,0.00027239922,0.43765542,0.4884657,5.50E-19,6.50E-17,0.00023600963,3.29E-16,0.00011005632,1.74E-08,7.27E-16,0.41679043,0.00036994563,0.33480757,0.00038154577,0.016773066,0.031248566,0.00027235216,0.5812554,0.4941915,0
0.70419556,0.48502976,0.25098148,0.12711507,0.38159412,0.46982324,1.11E-08,9.25E-17,0.34851477,0.4641461,0.0025730762,5.63E-06,0.38961926,0.4486558,0.0059318994,3.38E-05,0.43765217,0.46403483,1.03E-22,1.66E-22,0.5828299,1.30E-06,0.4322832,2.55E-05,0.00010038752,0.43570697,0,0.4486267,0,0,0.35886526,0,0.58125275,0.47003502,1
0.7357341,0.52555907,0.0070903297,9.57E-05,0.38159412,0.46982324,8.57E-07,5.48E-13,0.34851477,0.4641461,0.00021098362,3.79E-08,0.38961926,0.4486558,0.0002358575,5.35E-08,0.43765217,0.46403483,7.79E-23,1.11E-22,0.6197073,9.14E-07,0.47794825,2.24E-05,8.82E-05,0.43570697,0,0.4486267,0,0,0.009929078,0,0.58125275,0.47003502,3
0.46901548,0.22420351,0.0056948443,0.00010767202,0.38159412,0.46982324,1.21E-07,1.10E-14,0.34851477,0.4641461,0.00045263788,1.74E-07,0.38961926,0.4486558,0.00075543864,5.48E-07,0.43765217,0.46403483,4.62E-22,6.25E-22,0.3445976,8.99E-06,0.16297412,7.79E-05,0.00030637413,0.43570697,0,0.4486267,0,0,0.009929078,0,0.58125275,0.47003502,3
0.7420718,0.7363981,0.008080011,7.86E-05,0.38159412,0.46982324,0.0009311441,6.46E-07,0.34851477,0.4641461,0.0003144479,8.41E-08,0.38961926,0.4486558,0.0002727934,7.15E-08,0.43765217,0.46403483,1.05E-22,1.30E-22,0.70858246,4.17E-09,0.7601703,8.33E-06,3.28E-05,0.43570697,0,0.4486267,0,0,0.009929078,0,0.58125275,0.47003502,3
0.4955236,0.5573928,0.21356195,0.1314918,0.38159412,0.46982324,6.63E-05,3.28E-09,0.34851477,0.4641461,0.008464645,6.10E-05,0.38961926,0.4486558,0.0130809555,0.00016443187,0.43765217,0.46403483,4.22E-22,5.57E-22,0.35839036,2.45E-12,0.43302906,6.49E-06,2.55E-05,0.43570697,0,0.4486267,0,0,0.3503546,0,0.58125275,0.47003502,4
0.72674483,0.98035175,0.24400494,0.12161569,0.38159412,0.46982324,3.17E-06,7.49E-12,0.34851477,0.4641461,0.0045751724,1.78E-05,0.38961926,0.4486558,0.0065628453,4.14E-05,0.43765217,0.46403483,7.20E-22,3.23E-22,0.5879661,2.68E-17,0.87011003,1.08E-06,4.26E-06,0.43570697,0,0.4486267,0,0,0.3503546,0,0.58125275,0.47003502,4
0.0003977997,0.0004409832,0.013987033,0.00075248664,0.38159412,0.46982324,2.32E-05,1.90E-07,0.34851477,0.46414608,0.0009974923,0.00061932654,0.38961524,0.38723925,0.0010031946,0.00091778935,0.43762857,0.34761682,9.44E-29,1.51E-21,8.56E-05,2.07E-16,9.23E-05,2.04E-08,8.36E-16,0.43570697,0,0.4486267,0,0,0.009929078,0,0.58125275,0.47003502,0
0.7348167,0.40117162,0.0070440397,9.64E-05,0.38159412,0.46982324,1.55E-08,1.79E-16,0.34851477,0.4641461,0.0001083243,9.98E-09,0.38961926,0.4486558,0.00019090467,3.50E-08,0.43765217,0.46403483,1.18E-21,4.53E-22,0.60616785,7.54E-06,0.36240432,3.64E-05,0.00014326925,0.43570697,0,0.4486267,0,0,0.009929078,0,0.58125275,0.47003502,3
0.72306144,0.94386286,0.24493237,0.12120187,0.38159412,0.46982324,0,0,0.34851477,0.4641461,0,0,0.38961926,0.4486558,0,0,0.43765217,0.46403483,0,0,0,0,0,0.982665,0,0.43570697,0,0.4486267,0,0,2.08E-17,0,0.58125275,0.47003502,4
0.39320028,0.4750548,0.006002241,0.000106316555,0.38159412,0.46982324,0.0008058205,4.84E-07,0.34851477,0.4641461,0.00088431075,6.65E-07,0.38961926,0.4486558,0.000821137,6.48E-07,0.43765217,0.46403483,2.78E-21,2.43E-21,0.30141956,1.32E-11,0.36428025,8.97E-06,3.53E-05,0.43570697,0,0.4486267,0,0,0.009929078,0,0.58125275,0.47003502,3
0.7166816,0.59184957,0.24341355,0.121876486,0.38159412,0.46982324,1.96E-06,2.87E-12,0.34851477,0.4641461,0.004332731,1.60E-05,0.38961926,0.4486558,0.0063674953,3.90E-05,0.43765217,0.46403483,6.38E-23,1.04E-22,0.58593374,1.53E-07,0.5240167,1.70E-05,6.69E-05,0.43570697,0,0.4486267,0,0,0.3503546,0,0.58125275,0.47003502,4
0.31026065,0.07579151,0.21975084,0.1300543,0.38159412,0.46982324,0,0,0.34851477,0.4641461,0,0,0.38961926,0.4486558,0,0,0.43765217,0.46403483,0,0,0,0,0,0.98266476,0,0.43570697,0,0.4486267,0,0,2.08E-17,0,0.58125275,0.47003502,4
0.0005299309,0.0005200192,0.015130945,0.001425882,0.38159412,0.46982324,0.089468814,0.005963475,0.34851477,0.4641461,0.07582921,0.004891658,0.38961926,0.44863752,0.059241503,0.0063103586,0.4368771,0.43717656,1.62E-17,2.17E-17,0.0005143942,4.44E-15,0.00020090907,1.50E-08,6.17E-15,0.43570697,0.0052784807,0.4486267,0.00042507978,0.06538136,0.04077505,0.004138169,0.58125275,0.47003502,0
0.44951665,0.50940233,0.2125257,0.13170283,0.38159412,0.46982324,0,0,0.34851477,0.4641461,0,0,0.38961926,0.4486558,0,0,0.43765217,0.46403483,0,0,0,0,0,0.9826649,0,0.43570697,0,0.4486267,0,0,2.08E-17,0,0.58125275,0.47003502,4
0.22732024,0.15125994,7.55E-05,3.95E-06,0.38159412,0.46982324,0,0,0.34851477,0.4641461,0,0,0.38961926,0.4486558,0,0,0.43765217,0.46403483,0,0,0,0,0,0.98266286,0,0.43570697,0,0.4486267,0,0,2.08E-17,0,0.58125275,0.47003502,2
0.21741587,0.07452296,8.81E-05,4.74E-06,0.38159412,0.46982324,0,0,0.34851477,0.4641461,0,0,0.38961926,0.4486558,0,0,0.43765217,0.46403483,0,0,0,0,0,0.98266286,0,0.43570697,0,0.4486267,0,0,2.08E-17,0,0.58125275,0.47003502,2
0.7263195,0.97186756,0.24419993,0.12152903,0.38159412,0.46982324,0.02506238,0.00046795126,0.34851477,0.4641461,0.011219868,0.000107092375,0.38961926,0.4486558,0.0072070044,4.99E-05,0.43765217,0.46403483,1.41E-22,1.87E-22,0.58779234,1.61E-16,0.8632834,1.31E-06,5.14E-06,0.43570697,0,0.4486267,0,0,0.3503546,0,0.58125275,0.47003502,4
0.25855052,0.32837263,1.49E-05,1.44E-06,0.38159412,0.46982324,0,0,0.34851477,0.4641461,0,0,0.38961926,0.4486558,0,0,0.43765217,0.46403483,0,0,0,0,0,0.98266304,0,0.43570697,0,0.4486267,0,0,2.08E-17,0,0.58125275,0.47003502,2
0.7544817,0.4932197,0.0070694457,9.60E-05,0.38159412,0.46982324,2.14E-05,3.40E-10,0.34851477,0.4641461,0.00028856672,7.08E-08,0.38961926,0.4486558,0.000251734,6.09E-08,0.43765217,0.46403483,2.52E-22,1.63E-22,0.62673485,1.71E-06,0.44717795,2.55E-05,0.00010042501,0.43570697,0,0.4486267,0,0,0.009929078,0,0.58125275,0.47003502,3
0.34519693,0.28801367,0.21244375,0.13915311,0.38159412,0.46982324,0,0,0.34851477,0.4641461,0,0,0.38961926,0.4486558,0,0,0.43765217,0.46403483,0,0,0,0,0,0.98266613,0,0.43570697,0,0.4486267,0,0,2.08E-17,0,0.58125275,0.47003502,1
0.73878324,0.93429476,0.24489747,0.121217534,0.38159412,0.46982324,5.23E-08,2.04E-15,0.34851477,0.4641461,0.0029612714,7.46E-06,0.38961926,0.4486558,0.006170063,3.66E-05,0.43765217,0.46403483,1.00E-22,1.34E-22,0.6079062,4.11E-14,0.8322587,2.37E-06,9.31E-06,0.43570697,0,0.4486267,0,0,0.3503546,0,0.58125275,0.47003502,4
0.44147018,0.59637344,0.2141504,0.13136889,0.38159412,0.46982324,0.032315616,0.00077800226,0.34851477,0.4641461,0.016003367,0.00021787419,0.38961926,0.4486558,0.012973069,0.00016173074,0.43765217,0.46403483,5.09E-22,5.16E-22,0.3121959,2.40E-15,0.46458915,2.98E-06,1.17E-05,0.43570697,0,0.4486267,0,0,0.3503546,0,0.58125275,0.47003502,4
0.24964494,0.2956313,1.56E-05,1.59E-06,0.38159412,0.46982324,0,0,0.34851477,0.4641461,0,0,0.38961926,0.4486558,0,0,0.43765217,0.46403483,0,0,0,0,0,0.982663,0,0.43570697,0,0.4486267,0,0,2.08E-17,0,0.58125275,0.47003502,2
0.45136753,0.60395104,0.21391483,0.13141593,0.38159412,0.46982324,0,0,0.34851477,0.4641461,0,0,0.38961926,0.4486558,0,0,0.43765217,0.46403483,0,0,0,0,0,0.98266506,0,0.43570697,0,0.4486267,0,0,2.08E-17,0,0.58125275,0.47003502,4
0.71981525,0.80802286,0.2441185,0.12156543,0.38159412,0.46982324,0.017154306,0.00021923117,0.34851477,0.4641461,0.010785699,9.90E-05,0.38961926,0.4486558,0.007172854,4.94E-05,0.43765217,0.46403483,1.18E-22,1.26E-22,0.59117615,1.44E-10,0.7175037,6.19E-06,2.44E-05,0.43570697,0,0.4486267,0,0,0.3503546,0,0.58125275,0.47003502,4
0.00038013438,0.00044630942,0.01825976,0.0026434732,0.38159412,0.46982324,0.005814887,2.52E-05,0.34851477,0.4641461,0.0057818475,2.84E-05,0.38961926,0.4486558,0.079283595,0.0060407203,0.43765575,0.46498328,1.05E-15,3.94E-15,0.0002652753,5.69E-15,0.00014837833,1.65E-08,3.91E-15,0.43570697,2.89E-05,0.4486267,0.00014930592,0.0055429083,0.030338015,2.97E-05,0.58125275,0.47003502,0
0.2194977,0.29471114,7.59E-05,3.80E-06,0.38159412,0.46982324,0,0,0.34851477,0.4641461,0,0,0.38961926,0.4486558,0,0,0.43765217,0.46403483,0,0,0,0,0,0.9826631,0,0.43570697,0,0.4486267,0,0,2.08E-17,0,0.58125275,0.47003502,2
0.34638098,0.122487694,0.19799222,0.14071248,0.38159412,0.46982324,0,0,0.34851477,0.4641461,0,0,0.38961926,0.4486558,0,0,0.43765217,0.46403483,0,0,0,0,0,0.9826661,0,0.43570697,0,0.4486267,0,0,2.08E-17,0,0.58125275,0.47003502,1
0.7142351,0.7651167,0.25009564,0.12752154,0.38159412,0.46982324,0.0050121164,1.87E-05,0.34851477,0.4641461,0.009654927,7.93E-05,0.38961926,0.4486558,0.0069461004,4.64E-05,0.43765217,0.46403483,2.22E-22,1.47E-22,0.5795129,6.73E-10,0.67952454,7.61E-06,2.99E-05,0.43570697,0,0.4486267,0,0,0.35886526,0,0.58125275,0.47003502,1
0.71749103,0.9747619,0.24432516,0.12147391,0.38159412,0.46982324,0,0,0.34851477,0.4641461,0,0,0.38961926,0.4486558,0,0,0.43765217,0.46403483,0,0,0,0,0,0.982665,0,0.43570697,0,0.4486267,0,0,2.08E-17,0,0.58125275,0.47003502,4
0.40962163,0.4303636,0.21570332,0.13857237,0.38159412,0.46982324,0.00056448416,2.37E-07,0.34851477,0.4641461,0.024493221,0.00051035796,0.38961926,0.4486558,0.027579155,0.00073091855,0.43765217,0.46403483,3.64E-22,9.52E-22,0.30281937,4.02E-10,0.3300292,1.39E-05,5.49E-05,0.43570697,0,0.4486267,0,0,0.35886526,0,0.58125275,0.47003502,1
0.43498024,0.5105294,0.21281412,0.1316434,0.38159412,0.46982324,8.38E-05,5.24E-09,0.34851477,0.4641461,0.009325538,7.40E-05,0.38961926,0.4486558,0.013760426,0.00018195788,0.43765217,0.46403483,3.87E-22,5.51E-22,0.3083306,2.39E-10,0.39524278,1.11E-05,4.36E-05,0.43570697,0,0.4486267,0,0,0.3503546,0,0.58125275,0.47003502,4
0.0008466382,0.001489947,0.012801055,0.0158254,0.38159412,0.46982324,1.90E-05,3.89E-07,0.34851477,0.46414572,0.021304365,0.00043937983,0.38961324,0.44129148,0.04765982,0.02113633,0.43816295,0.47511554,1.79E-20,4.04E-18,0.0008662832,6.63E-17,0.0014967435,0.00035597692,0.0014245664,0.43570796,0.0018659444,0.47962397,0.0012092266,0.08454209,0.05053637,0.030111542,0.58195436,0.47877598,0
0.7503859,0.81828946,0.0070812544,9.58E-05,0.38159412,0.46982324,0,0,0.34851477,0.4641461,0,0,0.38961926,0.4486558,0,0,0.43765217,0.46403483,0,0,0,0,0,0.9826656,0,0.43570697,0,0.4486267,0,0,2.08E-17,0,0.58125275,0.47003502,3
0.74491334,0.55096525,0.008082514,7.94E-05,0.38159412,0.46982324,0.00023256642,4.03E-08,0.34851477,0.4641461,0.00034271064,9.99E-08,0.38961926,0.4486558,0.0003059126,8.99E-08,0.43765217,0.46403483,6.44E-23,7.16E-23,0.7000428,4.83E-07,0.56688523,1.79E-05,7.06E-05,0.43570697,0,0.4486267,0,0,0.009929078,0,0.58125275,0.47003502,3
0.0058726626,0.004411437,0.05303509,0.07941738,0.3410972,0.39174327,0.3813061,0.28493163,0.3040368,0.37905115,0.37014726,0.32501101,0.3596681,0.39317498,0.35119942,0.30454376,0.42111856,0.4507094,3.86E-19,3.07E-18,0.004960447,1.84E-17,0.0035231193,1.92E-10,3.69E-17,0.43570697,0.2234445,0.4486267,0.00015013681,0.49150348,0.1811859,0.23385864,0.58125275,0.47003502,0
0.22930478,0.30081713,7.30E-05,3.66E-06,0.38159412,0.46982324,0,0,0.34851477,0.4641461,0,0,0.38961926,0.4486558,0,0,0.43765217,0.46403483,0,0,0,0,0,0.9826631,0,0.43570697,0,0.4486267,0,0,2.08E-17,0,0.58125275,0.47003502,2
0.7551494,0.77670115,0.00709066,9.57E-05,0.38159412,0.46982324,0,0,0.34851477,0.4641461,0,0,0.38961926,0.4486558,0,0,0.43765217,0.46403483,0,0,0,0,0,0.9826656,0,0.43570697,0,0.4486267,0,0,2.08E-17,0,0.58125275,0.47003502,3
0.5750585,0.15147601,0.008019792,7.95E-05,0.38159412,0.46982324,0,0,0.34851477,0.4641461,0,0,0.38961926,0.4486558,0,0,0.43765217,0.46403483,0,0,0,0,0,0.9826655,0,0.43570697,0,0.4486267,0,0,2.08E-17,0,0.58125275,0.47003502,3
0.7149917,0.86563367,0.24403599,0.121602595,0.38159412,0.46982324,0,0,0.34851477,0.4641461,0,0,0.38961926,0.4486558,0,0,0.43765217,0.46403483,0,0,0,0,0,0.98266494,0,0.43570697,0,0.4486267,0,0,2.08E-17,0,0.58125275,0.47003502,4
0.21956663,0.29800165,7.45E-05,3.75E-06,0.38159412,0.46982324,0,0,0.34851477,0.4641461,0,0,0.38961926,0.4486558,0,0,0.43765217,0.46403483,0,0,0,0,0,0.9826631,0,0.43570697,0,0.4486267,0,0,2.08E-17,0,0.58125275,0.47003502,2
0.2518329,0.2579119,1.50E-05,1.48E-06,0.38159412,0.46982324,0,0,0.34851477,0.4641461,0,0,0.38961926,0.4486558,0,0,0.43765217,0.46403483,0,0,0,0,0,0.9826629,0,0.43570697,0,0.4486267,0,0,2.08E-17,0,0.58125275,0.47003502,2
0.71735686,0.9829399,0.24445345,0.12141655,0.38159412,0.46982324,0.0011241303,9.41E-07,0.34851477,0.4641461,0.008473402,6.11E-05,0.38961926,0.4486558,0.00716943,4.94E-05,0.43765217,0.46403483,9.15E-23,1.10E-22,0.59056914,1.07E-17,0.87402564,9.84E-07,3.87E-06,0.43570697,0,0.4486267,0,0,0.3503546,0,0.58125275,0.47003502,4
0.0007450619,0.0005970043,0.01793632,0.0032284774,0.38159412,0.46982324,0.08653663,0.0055789948,0.34851477,0.4641461,0.07148791,0.0043475865,0.38961926,0.4486558,0.064300485,0.0039731557,0.43765217,0.4640687,1.17E-18,1.40E-17,0.00061968516,1.06E-16,0.00031289496,7.38E-09,1.49E-15,0.43570697,0.0053147646,0.4486267,0.0002972511,0.07379744,0.0440801,0.005272091,0.58125275,0.47003502,0
0.0010292092,0.0015483767,0.008123533,0.00079689105,0.38159412,0.4698232,0.0014389547,0.0001676439,0.3485147,0.46291462,0.03256317,0.0010318217,0.38960335,0.44040698,0.031334292,0.0011625602,0.4378405,0.49860495,7.20E-22,3.12E-19,0.0008489097,5.09E-18,0.0016068167,8.37E-10,6.05E-18,0.43570697,9.18E-05,0.44844863,0.0013754518,0.0022880412,0.039710842,0.00047358216,0.5812519,0.4670788,0
0.44344422,0.6049058,0.21197882,0.1318081,0.38159412,0.46982324,0,0,0.34851477,0.4641461,0,0,0.38961926,0.4486558,0,0,0.43765217,0.46403483,0,0,0,0,0,0.9826651,0,0.43570697,0,0.4486267,0,0,2.08E-17,0,0.58125275,0.47003502,4
0.35867777,0.3599015,0.18441617,0.13426997,0.38159412,0.46982324,0.026861597,0.000537551,0.34851477,0.4641461,0.018999869,0.00030710315,0.38961926,0.4486558,0.017600084,0.000297671,0.43765217,0.46403483,1.19E-21,1.39E-21,0.22566666,1.49E-08,0.24148121,2.66E-05,0.00010449778,0.43570697,3.13E-15,0.4486267,0.83672553,1.32E-07,0.3503546,1.69E-14,0.58125275,0.47003502,5
0.43125358,0.5925136,0.21486954,0.13121334,0.38159412,0.46982324,0,0,0.34851477,0.4641461,0,0,0.38961926,0.4486558,0,0,0.43765217,0.46403483,0,0,0,0,0,0.982665,0,0.43570697,0,0.4486267,0,0,2.08E-17,0,0.58125275,0.47003502,4
0.71671546,0.8909288,0.24390715,0.12165893,0.38159412,0.46982324,1.61E-07,1.92E-14,0.34851477,0.4641461,0.0034230908,9.97E-06,0.38961926,0.4486558,0.006302395,3.82E-05,0.43765217,0.46403483,6.04E-22,3.47E-22,0.58177865,1.00E-12,0.79042,3.41E-06,1.34E-05,0.43570697,0,0.4486267,0,0,0.3503546,0,0.58125275,0.47003502,4
0.2277267,0.31711447,7.48E-05,3.82E-06,0.38159412,0.46982324,0,0,0.34851477,0.4641461,0,0,0.38961926,0.4486558,0,0,0.43765217,0.46403483,0,0,0,0,0,0.9826633,0,0.43570697,0,0.4486267,0,0,2.08E-17,0,0.58125275,0.47003502,2
0.25366014,0.35634452,1.60E-05,1.62E-06,0.38159412,0.46982324,0,0,0.34851477,0.4641461,0,0,0.38961926,0.4486558,0,0,0.43765217,0.46403483,0,0,0,0,0,0.98266315,0,0.43570697,0,0.4486267,0,0,2.08E-17,0,0.58125275,0.47003502,2
0.00089369086,0.0015200976,0.007593161,0.0007096442,0.38159412,0.46982324,1.00E-06,5.29E-06,0.34851477,0.46414587,0.016107513,0.00054160133,0.3896062,0.43487123,0.029509872,0.0010727968,0.4377909,0.4912383,1.12E-17,1.10E-17,0.0009079611,7.58E-18,0.0015783744,8.60E-10,6.32E-18,0.43570697,0.00032141648,0.4481312,0.0014055441,0.00247342,0.039428864,0.0004958921,0.5812519,0.46743983,0
0.37736222,0.5956346,0.21377489,0.13144612,0.38159412,0.46982324,5.35E-05,2.13E-09,0.34851477,0.4641461,0.010221784,8.89E-05,0.38961926,0.4486558,0.012844343,0.00015853708,0.43765217,0.46403483,2.07E-21,2.79E-21,0.27431402,6.21E-18,0.46319345,1.63E-06,6.41E-06,0.43570697,0,0.4486267,0,0,0.3503546,0,0.58125275,0.47003502,4
0.7430576,0.4991914,0.0070994897,9.56E-05,0.38159412,0.46982324,0,0,0.34851477,0.4641461,0,0,0.38961926,0.4486558,0,0,0.43765217,0.46403483,0,0,0,0,0,0.98266554,0,0.43570697,0,0.4486267,0,0,2.08E-17,0,0.58125275,0.47003502,3
0.715344,0.85727966,0.24428296,0.12149267,0.38159412,0.46982324,0.022777522,0.00038651732,0.34851477,0.4641461,0.011163399,0.0001060171,0.38961926,0.4486558,0.007229027,5.02E-05,0.43765217,0.46403483,1.58E-22,1.61E-22,0.58761555,1.06E-11,0.76175797,4.49E-06,1.77E-05,0.43570697,0,0.4486267,0,0,0.3503546,0,0.58125275,0.47003502,4
0.21906413,0.11406187,7.75E-05,4.08E-06,0.38159412,0.46982324,0,0,0.34851477,0.4641461,0,0,0.38961926,0.4486558,0,0,0.43765217,0.46403483,0,0,0,0,0,0.98266286,0,0.43570697,0,0.4486267,0,0,2.08E-17,0,0.58125275,0.47003502,2
0.34701163,0.27219456,0.2196265,0.13777252,0.38159412,0.46982324,0,0,0.34851477,0.4641461,0,0,0.38961926,0.4486558,0,0,0.43765217,0.46403483,0,0,0,0,0,0.9826661,0,0.43570697,0,0.4486267,0,0,2.08E-17,0,0.58125275,0.47003502,1
0.7144792,0.6725134,0.24363254,0.121780716,0.38159412,0.46982324,0.00029110705,6.31E-08,0.34851477,0.4641461,0.0071420153,4.34E-05,0.38961926,0.4486558,0.0068098116,4.46E-05,0.43765217,0.46403483,2.05E-22,3.28E-22,0.5853657,1.86E-08,0.5959797,1.21E-05,4.76E-05,0.43570697,0,0.4486267,0,0,0.3503546,0,0.58125275,0.47003502,4
0.7521305,0.68925095,0.0070783067,9.58E-05,0.38159412,0.46982324,6.60E-05,3.24E-09,0.34851477,0.4641461,0.0002634981,5.91E-08,0.38961926,0.4486558,0.00025696403,6.35E-08,0.43765217,0.46403483,2.01E-22,1.52E-22,0.62595206,2.46E-08,0.625777,1.19E-05,4.69E-05,0.43570697,0,0.4486267,0,0,0.009929078,0,0.58125275,0.47003502,3
0.0014984697,0.0015844859,0.008418368,0.00089861423,0.38159412,0.47066337,0.02365277,0.00042267313,0.3485128,0.46043998,0.036111783,0.0012679715,0.38957313,0.4291881,0.03297984,0.0012564729,0.43787262,0.50198066,2.01E-18,2.10E-18,0.0014957143,4.59E-18,0.0016873053,7.77E-10,5.73E-18,0.43570697,0.00028797222,0.4486267,0.0014281253,0.00065435376,0.039548922,0.0004800803,0.5812525,0.46702462,0
0.27799395,0.05997296,0.1818776,0.13422763,0.38159412,0.46982324,0,0,0.34851477,0.4641461,0,0,0.38961926,0.4486558,0,0,0.43765217,0.46403483,0,0,0,0,0,0.98266697,0,0.43570697,0,0.4486267,0,0,2.08E-17,0,0.58125275,0.47003502,5
0.75559735,0.7726633,0.0070853424,9.58E-05,0.38159412,0.46982324,3.01E-05,6.74E-10,0.34851477,0.4641461,0.00028024396,6.68E-08,0.38961926,0.4486558,0.0002640082,6.70E-08,0.43765217,0.46403483,4.30E-22,3.00E-22,0.6281243,2.06E-09,0.7021791,8.30E-06,3.27E-05,0.43570697,0,0.4486267,0,0,0.009929078,0,0.58125275,0.47003502,3
0.7101069,0.33762434,0.24325605,0.1219469,0.38159412,0.46982324,0.005344579,2.13E-05,0.34851477,0.4641461,0.009556198,7.77E-05,0.38961926,0.4486558,0.007960057,6.09E-05,0.43765217,0.46403483,6.32E-22,4.57E-20,0.5770972,1.75E-05,0.2987461,4.78E-05,0.00018807962,0.43570697,0,0.4486267,0,0,0.3503546,0,0.58125275,0.47003502,4
0.7479175,0.7563187,0.0080849705,7.84E-05,0.38159412,0.46982324,0.00025678857,4.91E-08,0.34851477,0.4641461,0.00034305354,1.00E-07,0.38961926,0.4486558,0.00028198448,7.64E-08,0.43765217,0.46403483,7.22E-23,6.68E-23,0.7170237,2.20E-09,0.7814782,7.61E-06,2.99E-05,0.43570697,0,0.4486267,0,0,0.009929078,0,0.58125275,0.47003502,3
0.41341767,0.5937154,0.21397887,0.13140474,0.38159412,0.46982324,0,0,0.34851477,0.4641461,0,0,0.38961926,0.4486558,0,0,0.43765217,0.46403483,0,0,0,0,0,0.982665,0,0.43570697,0,0.4486267,0,0,2.08E-17,0,0.58125275,0.47003502,4
0.00038506908,0.001360633,0.0627956,0.09116392,0.38159412,0.46982324,1.39E-09,1.44E-18,0.34851477,0.4641461,0,1.77E-10,0.38961926,0.4486558,0.00083590567,0.004453364,0.43765217,0.46403497,6.60E-15,1.47E-14,0.00013084237,1.64E-14,9.51E-05,2.98E-08,1.08E-14,0.43570697,0,0.4486267,7.46E-05,0,0.009929078,0,0.58125275,0.47003502,0
0.0013643735,0.0017015596,0.007888966,0.0007348735,0.38159412,0.4698255,0.00047207758,3.84E-05,0.3485148,0.46862707,0.02638659,0.0008494527,0.3896612,0.4729701,0.029943177,0.0011181952,0.43775034,0.48244533,7.37E-18,7.63E-18,0.0012608172,1.11E-17,0.0017800017,7.27E-10,1.53E-17,0.43570697,0.00051284145,0.45629516,0.0015893022,0.0043611126,0.038852934,0.0005511529,0.58128065,0.51918995,0
0.22075674,0.29454026,7.48E-05,3.73E-06,0.38159412,0.46982324,0,0,0.34851477,0.4641461,0,0,0.38961926,0.4486558,0,0,0.43765217,0.46403483,0,0,0,0,0,0.9826631,0,0.43570697,0,0.4486267,0,0,2.08E-17,0,0.58125275,0.47003502,2
0.4953871,0.5929624,0.21525419,0.13112825,0.38159412,0.46982324,0,0,0.34851477,0.4641461,0,0,0.38961926,0.4486558,0,0,0.43765217,0.46403483,0,0,0,0,0,0.982665,0,0.43570697,0,0.4486267,0,0,2.08E-17,0,0.58125275,0.47003502,4
0.39023447,0.238898,0.1831183,0.13424389,0.38159412,0.46982324,0.020680059,0.00031861008,0.34851477,0.4641461,0.018258026,0.00028358982,0.38961926,0.4486558,0.018988756,0.00034649755,0.43765217,0.46403483,7.81E-22,1.24E-21,0.23602147,6.18E-06,0.15917651,7.40E-05,0.00029092625,0.43570697,1.04E-15,0.4486267,0.5514891,1.09E-07,0.3503546,1.15E-14,0.58125275,0.47003502,5
0.28953227,0.059137765,0.22253796,0.129309,0.38159412,0.46982324,0,0,0.34851477,0.4641461,0,0,0.38961926,0.4486558,0,0,0.43765217,0.46403483,0,0,0,0,0,0.98266476,0,0.43570697,0,0.4486267,0,0,2.08E-17,0,0.58125275,0.47003502,4
0.2486041,0.35472456,1.50E-05,1.52E-06,0.38159412,0.46982324,0.0006548463,3.19E-07,0.34851477,0.4641461,0.026018418,0.00057589705,0.38961926,0.4486558,0.026317468,0.0006655724,0.43765217,0.46403483,5.01E-22,5.28E-19,0.0002539646,5.41E-17,0.00049371674,0.00091850717,0.003609904,0.43570697,2.72E-18,0.4486267,0.00049402576,1.72E-09,3.47E-17,2.85E-18,0.58125275,0.47003502,2
0.25478455,0.19749388,1.71E-05,1.74E-06,0.38159412,0.46982324,0,0,0.34851477,0.4641461,0,0,0.38961926,0.4486558,0,0,0.43765217,0.46403483,0,0,0,0,0,0.98266286,0,0.43570697,0,0.4486267,0,0,2.08E-17,0,0.58125275,0.47003502,2
0.49861252,0.11200792,0.0069729197,9.75E-05,0.38159412,0.46982324,0,0,0.34851477,0.4641461,0,0,0.38961926,0.4486558,0,0,0.43765217,0.46403483,0,0,0,0,0,0.9826655,0,0.43570697,0,0.4486267,0,0,2.08E-17,0,0.58125275,0.47003502,3
0.43958175,0.5983167,0.21373919,0.13145614,0.38159412,0.46982324,0,0,0.34851477,0.4641461,0,0,0.38961926,0.4486558,0,0,0.43765217,0.46403483,0,0,0,0,0,0.982665,0,0.43570697,0,0.4486267,0,0,2.08E-17,0,0.58125275,0.47003502,4
0.71665996,0.989279,0.24398153,0.12162639,0.38159412,0.46982324,0,0,0.34851477,0.4641461,0,0,0.38961926,0.4486558,0,0,0.43765217,0.46403483,0,0,0,0,0,0.98266506,0,0.43570697,0,0.4486267,0,0,2.08E-17,0,0.58125275,0.47003502,4
0.45141923,0.3714103,0.21422246,0.13134992,0.38159412,0.46982324,0,0,0.34851477,0.4641461,0,0,0.38961926,0.4486558,0,0,0.43765217,0.46403483,0,0,0,0,0,0.9826648,0,0.43570697,0,0.4486267,0,0,2.08E-17,0,0.58125275,0.47003502,4
0.7307671,0.9667996,0.24411845,0.121565916,0.38159412,0.46982324,0,0,0.34851477,0.4641461,0,0,0.38961926,0.4486558,0,0,0.43765217,0.46403483,0,0,0,0,0,0.982665,0,0.43570697,0,0.4486267,0,0,2.08E-17,0,0.58125275,0.47003502,4
0.21928637,0.2378366,7.57E-05,3.81E-06,0.38159412,0.46982324,0,0,0.34851477,0.4641461,0,0,0.38961926,0.4486558,0,0,0.43765217,0.46403483,0,0,0,0,0,0.9826629,0,0.43570697,0,0.4486267,0,0,2.08E-17,0,0.58125275,0.47003502,2
0.76501507,0.92126447,0.2449504,0.12119328,0.38159412,0.46982324,1.48E-05,1.64E-10,0.34851477,0.4641461,0.005228978,2.33E-05,0.38961926,0.4486558,0.006594771,4.18E-05,0.43765217,0.46403483,4.60E-23,9.43E-23,0.6429526,1.28E-13,0.82083607,2.70E-06,1.06E-05,0.43570697,0,0.4486267,0,0,0.3503546,0,0.58125275,0.47003502,4
0.24970183,0.2738599,1.52E-05,1.49E-06,0.38159412,0.46982324,0,0,0.34851477,0.4641461,0,0,0.38961926,0.4486558,0,0,0.43765217,0.46403483,0,0,0,0,0,0.9826629,0,0.43570697,0,0.4486267,0,0,2.08E-17,0,0.58125275,0.47003502,2
0.24935028,0.36037835,1.64E-05,1.66E-06,0.38159412,0.46982324,0,0,0.34851477,0.4641461,0,0,0.38961926,0.4486558,0,0,0.43765217,0.46403483,0,0,0,0,0,0.9826633,0,0.43570697,0,0.4486267,0,0,2.08E-17,0,0.58125275,0.47003502,2
0.46734387,0.5427514,0.21292369,0.13162218,0.38159412,0.46982324,0.017563319,0.00022981015,0.34851477,0.4641461,0.015183535,0.00019612315,0.38961926,0.4486558,0.014020863,0.00018891071,0.43765217,0.46403483,3.32E-22,4.30E-22,0.33204097,7.87E-12,0.42041254,7.46E-06,2.93E-05,0.43570697,0,0.4486267,0,0,0.3503546,0,0.58125275,0.47003502,4
0.42073685,0.60222316,0.21201777,0.13180092,0.38159412,0.46982324,1.13E-05,9.52E-11,0.34851477,0.4641461,0.009139671,7.11E-05,0.38961926,0.4486558,0.013043733,0.00016349742,0.43765217,0.46403483,4.48E-22,6.30E-22,0.2947768,3.12E-20,0.4644682,9.61E-07,3.78E-06,0.43570697,0,0.4486267,0,0,0.3503546,0,0.58125275,0.47003502,4
0.7150198,0.98774356,0.24407274,0.121586114,0.38159412,0.46982324,4.40E-07,1.44E-13,0.34851477,0.4641461,0.0038874152,1.29E-05,0.38961926,0.4486558,0.0066162446,4.21E-05,0.43765217,0.46403483,6.17E-23,1.18E-22,0.58200485,2.26E-18,0.8769167,8.38E-07,3.30E-06,0.43570697,0,0.4486267,0,0,0.3503546,0,0.58125275,0.47003502,4
0.00066012004,0.00045226255,0.008680035,0.0004259446,0.38159412,0.46982324,6.84E-06,3.48E-11,0.34851477,0.4641461,0.01595522,0.00021656523,0.38961926,0.44865653,0.019122757,0.00035140535,0.4376539,0.48531476,0,1.45E-23,2.55E-05,7.75E-17,7.49E-05,2.38E-08,2.21E-16,0.43570697,0.00023369073,0.4486274,0.0002596088,0.01905032,0.029854517,0.0003513218,0.58125407,0.4895591,0
0.45357898,0.5714017,0.21400204,0.1313984,0.38159412,0.46982324,0.0028381646,6.00E-06,0.34851477,0.4641461,0.013921442,0.00016487375,0.38961926,0.4486558,0.013403339,0.00017263668,0.43765217,0.46403483,5.06E-22,1.10E-21,0.3302668,2.76E-13,0.44483325,5.04E-06,1.98E-05,0.43570697,0,0.4486267,0,0,0.3503546,0,0.58125275,0.47003502,4
0.22009419,0.15928702,7.64E-05,4.04E-06,0.38159412,0.46982324,0,0,0.34851477,0.4641461,0,0,0.38961926,0.4486558,0,0,0.43765217,0.46403483,0,0,0,0,0,0.98266286,0,0.43570697,0,0.4486267,0,0,2.08E-17,0,0.58125275,0.47003502,2
0.0008250792,0.0014950642,0.008591019,0.00091835525,0.38159412,0.46982324,0.026731784,0.00057798234,0.34851292,0.46242774,0.051600687,0.0023417843,0.38923237,0.33249512,0.033586334,0.0012939546,0.43757844,0.45165336,1.12E-23,2.31E-19,0.00072160934,2.02E-17,0.0015666642,5.41E-08,2.09E-07,0.43570605,0.0040678,0.42996508,0.0013212097,0.058626883,0.04468834,0.0035677715,0.5814231,0.48463815,0
0.29982457,0.07265178,0.22315381,0.13693276,0.38159412,0.46982324,0,0,0.34851477,0.4641461,0,0,0.38961926,0.4486558,0,0,0.43765217,0.46403483,0,0,0,0,0,0.9826661,0,0.43570697,0,0.4486267,0,0,2.08E-17,0,0.58125275,0.47003502,1
0.7043598,0.8226841,0.2498684,0.12762515,0.38159412,0.46982324,3.34E-08,8.33E-16,0.34851477,0.4641461,0.0024049445,4.92E-06,0.38961926,0.4486558,0.005827231,3.26E-05,0.43765217,0.46403483,8.26E-23,1.52E-22,0.56979984,4.17E-11,0.72997063,5.36E-06,2.11E-05,0.43570697,0,0.4486267,0,0,0.35886526,0,0.58125275,0.47003502,1
0.43845975,0.59550893,0.2139784,0.131406,0.38159412,0.46982324,1.11E-06,9.24E-13,0.34851477,0.4641461,0.006454179,3.54E-05,0.38961926,0.4486558,0.012125127,0.00014127967,0.43765217,0.46403483,4.01E-22,7.00E-22,0.30665615,2.99E-15,0.46352533,3.05E-06,1.20E-05,0.43570697,0,0.4486267,0,0,0.3503546,0,0.58125275,0.47003502,4
0.7196865,0.974124,0.24402393,0.12160767,0.38159412,0.46982324,0,0,0.34851477,0.4641461,0,0,0.38961926,0.4486558,0,0,0.43765217,0.46403483,0,0,0,0,0,0.982665,0,0.43570697,0,0.4486267,0,0,2.08E-17,0,0.58125275,0.47003502,4
0.44879064,0.59393173,0.21466528,0.13125779,0.38159412,0.46982324,0,0,0.34851477,0.4641461,0,0,0.38961926,0.4486558,0,0,0.43765217,0.46403483,0,0,0,0,0,0.982665,0,0.43570697,0,0.4486267,0,0,2.08E-17,0,0.58125275,0.47003502,4
0.7429984,0.5331848,0.008084719,7.94E-05,0.38159412,0.46982324,8.65E-06,5.58E-11,0.34851477,0.4641461,0.00027177992,6.28E-08,0.38961926,0.4486558,0.00028830595,7.99E-08,0.43765217,0.46403483,1.85E-22,1.54E-22,0.69759583,6.85E-07,0.5488876,1.92E-05,7.55E-05,0.43570697,0,0.4486267,0,0,0.009929078,0,0.58125275,0.47003502,3
0.70169175,0.42406985,0.2510111,0.12710236,0.38159412,0.46982324,2.29E-06,3.90E-12,0.34851477,0.4641461,0.004484434,1.71E-05,0.38961926,0.4486558,0.0067042145,4.32E-05,0.43765217,0.46403483,9.65E-23,1.55E-22,0.5800851,3.96E-06,0.37800407,3.26E-05,0.00012823084,0.43570697,0,0.4486267,0,0,0.35886526,0,0.58125275,0.47003502,1
0.00034261562,0.00048812467,0.017657418,0.002028683,0.38159412,0.46982324,0,0.0071954704,0.34851477,0.4641461,0.0008006188,0.008494439,0.38961926,0.44865578,0.07696053,0.010343632,0.4386552,0.48505905,3.57E-15,8.02E-15,0.0001307862,9.01E-15,0.00014907078,1.77E-08,5.13E-15,0.43570697,0,0.4486267,7.46E-05,1.40E-09,0.009929078,1.90E-18,0.58125275,0.47003502,0
0.35700643,0.3524367,0.18368717,0.13425665,0.38159412,0.46982324,1.39E-05,1.43E-10,0.34851477,0.4641461,0.010883585,0.000100769,0.38961926,0.4486558,0.016815642,0.00027172774,0.43765217,0.46403483,7.49E-22,7.23E-22,0.21793781,2.49E-08,0.23552608,2.86E-05,0.00011241242,0.43570697,1.04E-15,0.4486267,0.8161328,1.34E-07,0.3503546,1.73E-14,0.58125275,0.47003502,5
0.36671123,0.41232786,0.18381399,0.13426122,0.38159412,0.46982324,0.04468714,0.0014877197,0.34851477,0.4641461,0.024198975,0.00049816933,0.38961926,0.4486558,0.01806372,0.00031356057,0.43765217,0.46403483,3.62E-22,4.69E-22,0.22499108,2.76E-10,0.27576694,1.56E-05,6.14E-05,0.43570697,1.51E-15,0.4486267,0.9554947,9.96E-08,0.3503546,9.60E-15,0.58125275,0.47003502,5
0.000939206,0.0015721665,0.008394107,0.00085268996,0.38159412,0.46982324,0.0030501632,7.18E-05,0.34851474,0.4640166,0.034141086,0.0011513664,0.38967052,0.47209755,0.03230756,0.0012331188,0.4379179,0.51007396,1.73E-23,1.50E-19,0.0009205496,8.06E-18,0.0016551296,8.02E-10,7.57E-18,0.43570402,0.002985241,0.4245996,0.0014136506,0.057013478,0.04418214,0.0034192572,0.5815382,0.49471766,0
0.7989185,0.8384094,0.008119852,7.75E-05,0.38159412,0.46982324,0,0,0.34851477,0.4641461,0,0,0.38961926,0.4486558,0,0,0.43765217,0.46403483,0,0,0,0,0,0.9826656,0,0.43570697,0,0.4486267,0,0,2.08E-17,0,0.58125275,0.47003502,3
0.01120091,0.0020974183,0.062178086,0.087835535,0.3703173,0.4362842,0.3469975,0.16475931,0.33069387,0.41240853,0.3472307,0.19381882,0.3676971,0.3898596,0.33413392,0.20370871,0.43837237,0.46481133,2.58E-18,3.30E-18,0.012303629,5.87E-18,0.0021156634,6.05E-10,6.25E-17,0.43570697,0.18728136,0.4486267,0.00015013613,0.44997245,0.16742383,0.19600724,0.58125275,0.47003502,0
0.49479303,0.23781852,0.21481791,0.1312224,0.38159412,0.46982324,0,0,0.34851477,0.4641461,0,0,0.38961926,0.4486558,0,0,0.43765217,0.46403483,0,0,0,0,0,0.98266476,0,0.43570697,0,0.4486267,0,0,2.08E-17,0,0.58125275,0.47003502,4
0.71292186,0.8744415,0.24433348,0.121470004,0.38159412,0.46982324,6.40E-05,3.05E-09,0.34851477,0.4641461,0.0062210616,3.29E-05,0.38961926,0.4486558,0.0067502256,4.38E-05,0.43765217,0.46403483,5.46E-23,9.10E-23,0.58703387,3.31E-12,0.7771582,3.92E-06,1.54E-05,0.43570697,0,0.4486267,0,0,0.3503546,0,0.58125275,0.47003502,4
0.71335274,0.34906706,0.008045572,7.97E-05,0.38159412,0.46982324,3.29E-06,8.05E-12,0.34851477,0.4641461,0.00022651878,4.37E-08,0.38961926,0.4486558,0.0002840818,7.76E-08,0.43765217,0.46403483,9.00E-23,1.58E-20,0.673491,1.35E-05,0.35907847,3.94E-05,0.0001548261,0.43570697,0,0.4486267,0,0,0.009929078,0,0.58125275,0.47003502,3
0.45080206,0.47141188,0.006022965,0.00010617137,0.38159412,0.46982324,0,0,0.34851477,0.4641461,0,0,0.38961926,0.4486558,0,0,0.43765217,0.46403483,0,0,0,0,0,0.98266566,0,0.43570697,0,0.4486267,0,0,2.08E-17,0,0.58125275,0.47003502,3
0.43026438,0.34066552,0.00553098,0.000108095985,0.38159412,0.46982324,0,0,0.34851477,0.4641461,0,0,0.38961926,0.4486558,0,0,0.43765217,0.46403483,0,0,0,0,0,0.9826656,0,0.43570697,0,0.4486267,0,0,2.08E-17,0,0.58125275,0.47003502,3
0.41270635,0.60200256,0.21271259,0.13166243,0.38159412,0.46982324,0,0,0.34851477,0.4641461,0,0,0.38961926,0.4486558,0,0,0.43765217,0.46403483,0,0,0,0,0,0.98266506,0,0.43570697,0,0.4486267,0,0,2.08E-17,0,0.58125275,0.47003502,4
0.0041160434,0.0033810502,0.04600193,0.06920202,0.41166314,0.74028915,0.0560296,0.5628022,0.37849855,0.7312923,0.27373624,0.46616745,0.38777336,0.44490817,0.33131427,0.2986982,0.43517372,0.4619133,5.20E-17,5.32E-17,0.002615659,3.54E-17,0.0026504598,3.94E-10,4.70E-17,0.43570697,3.19E-05,0.4486267,7.51E-05,0.005873705,0.02968971,3.34E-05,0.58125275,0.47003502,0
0.746865,0.7587167,0.008077943,7.86E-05,0.38159412,0.46982324,0.00018200438,2.47E-08,0.34851477,0.4641461,0.0003303865,9.29E-08,0.38961926,0.4486558,0.0002804871,7.56E-08,0.43765217,0.46403483,1.92E-22,1.15E-22,0.71142644,2.04E-09,0.7833095,7.53E-06,2.96E-05,0.43570697,0,0.4486267,0,0,0.009929078,0,0.58125275,0.47003502,3
0.0051269312,0.002420689,0.055219866,0.077300854,0.35042328,0.38320526,0.2638145,0.29812062,0.30971256,0.36248556,0.2992589,0.2870658,0.36834368,0.3976194,0.31831813,0.23593184,0.42771122,0.4539352,6.01E-18,7.85E-18,0.0045657824,1.57E-17,0.00235963,4.87E-10,4.59E-17,0.43570697,3.19E-05,0.4486267,7.50E-05,0.0058737043,0.029689377,3.34E-05,0.58125275,0.47003502,0
0.0010079427,0.0015747636,0.017393555,0.032313358,0.38159215,0.4638167,0.065271705,0.0031911083,0.34839463,0.42620957,0.045347504,0.0018843866,0.38969982,0.47400713,0.20052013,0.04246056,0.43891615,0.47115698,4.64E-18,5.17E-18,0.0009892514,7.04E-18,0.001681729,7.83E-10,7.66E-18,0.42928326,0.0040057865,0.4558941,0.0013340012,0.059647262,0.045641992,0.0036987916,0.5815657,0.49579272,0
0.46433818,0.50356156,0.21287109,0.13163435,0.38159412,0.46982324,0,0,0.34851477,0.4641461,0,0,0.38961926,0.4486558,0,0,0.43765217,0.46403483,0,0,0,0,0,0.9826649,0,0.43570697,0,0.4486267,0,0,2.08E-17,0,0.58125275,0.47003502,4
0.25360313,0.36068815,1.52E-05,1.54E-06,0.38159412,0.46982324,0,0,0.34851477,0.4641461,0,0,0.38961926,0.4486558,0,0,0.43765217,0.46403483,0,0,0,0,0,0.9826633,0,0.43570697,0,0.4486267,0,0,2.08E-17,0,0.58125275,0.47003502,2
0.0002633542,0.00053223246,0.01563144,0.0012591192,0.38159412,0.46982324,0,0,0.34851477,0.4641461,0.0020086432,3.44E-06,0.38961926,0.44822007,0.014090746,0.00019080125,0.43765363,0.47936755,0,7.74E-31,7.60E-06,1.61E-17,9.18E-05,2.02E-08,5.20E-16,0.43570697,3.72E-06,0.448191,0.000318137,0.014037675,0.032257225,0.00019076419,0.58125395,0.48519593,0
0.7121554,0.9945819,0.24437019,0.12145326,0.38159412,0.46982324,0.0015637975,1.82E-06,0.34851477,0.4641461,0.008788877,6.57E-05,0.38961926,0.4486558,0.007430855,5.31E-05,0.43765217,0.46403483,6.26E-23,1.13E-22,0.5885335,1.48E-19,0.8840817,6.34E-07,2.49E-06,0.43570697,0,0.4486267,0,0,0.3503546,0,0.58125275,0.47003502,4
0.40686044,0.38406238,0.005813424,0.00010726873,0.38159412,0.46982324,2.08E-07,3.23E-14,0.34851477,0.4641461,0.00036382873,1.13E-07,0.38961926,0.4486558,0.0006532298,4.10E-07,0.43765217,0.46403483,6.08E-21,2.73E-21,0.310923,2.38E-08,0.2849079,2.44E-05,9.59E-05,0.43570697,0,0.4486267,0,0,0.009929078,0,0.58125275,0.47003502,3
0.45366293,0.60475266,0.21333523,0.13153759,0.38159412,0.46982324,0,0,0.34851477,0.4641461,0,0,0.38961926,0.4486558,0,0,0.43765217,0.46403483,0,0,0,0,0,0.98266506,0,0.43570697,0,0.4486267,0,0,2.08E-17,0,0.58125275,0.47003502,4
0.3676582,0.441706,0.20309934,0.14034845,0.38159412,0.46982324,0.039231062,0.001146611,0.34851477,0.4641461,0.03733507,0.0011858153,0.38961926,0.4486558,0.028901432,0.0008026862,0.43765217,0.46403483,8.05E-22,1.83E-21,0.20905975,9.29E-11,0.31896985,1.20E-05,4.73E-05,0.43570697,0,0.4486267,0,0,0.35886526,0,0.58125275,0.47003502,1
0.0010018686,0.0016843671,0.009362073,0.0010345443,0.38159412,0.469828,0.014197028,0.00031364773,0.3485122,0.46009505,0.039618883,0.0015078187,0.38961974,0.4488216,0.03553453,0.0014370746,0.43743563,0.43111056,1.07E-21,1.32E-18,0.00097624236,6.47E-18,0.0017808626,7.16E-10,7.08E-18,0.43570697,0.00047221142,0.44375324,0.0014829714,0.0031470167,0.038707066,0.0005499627,0.5812581,0.48325127,0
0.72286516,0.8389186,0.24406338,0.121589616,0.38159412,0.46982324,9.38E-06,6.56E-11,0.34851477,0.4641461,0.0050862245,2.20E-05,0.38961926,0.4486558,0.0065300725,4.10E-05,0.43765217,0.46403483,1.02E-22,1.73E-22,0.5902642,3.21E-11,0.7447575,5.13E-06,2.02E-05,0.43570697,0,0.4486267,0,0,0.3503546,0,0.58125275,0.47003502,4
0.7197195,0.9837811,0.24425116,0.12150685,0.38159412,0.46982324,0.000616327,2.83E-07,0.34851477,0.4641461,0.007974936,5.41E-05,0.38961926,0.4486558,0.0071242885,4.88E-05,0.43765217,0.46403483,2.16E-22,1.96E-22,0.58774114,9.49E-18,0.87404895,9.72E-07,3.82E-06,0.43570697,0,0.4486267,0,0,0.3503546,0,0.58125275,0.47003502,4
0.37060395,0.41847536,0.005793089,0.000107323634,0.38159412,0.46982324,0.00031402297,7.35E-08,0.34851477,0.4641461,0.0011672557,1.16E-06,0.38961926,0.4486558,0.000799666,6.15E-07,0.43765217,0.46403483,7.18E-22,1.51E-21,0.24470091,2.93E-09,0.309468,1.78E-05,6.99E-05,0.43570697,0,0.4486267,0,0,0.009929078,0,0.58125275,0.47003502,3
0.47907764,0.35468844,0.21408205,0.13138178,0.38159412,0.46982324,0.0001240931,1.15E-08,0.34851477,0.4641461,0.011669795,0.00011585358,0.38961926,0.4486558,0.013985574,0.00018796098,0.43765217,0.46403483,7.89E-22,1.04E-21,0.34420392,7.35E-07,0.2762315,3.58E-05,0.00014072603,0.43570697,0,0.4486267,0,0,0.3503546,0,0.58125275,0.47003502,4
0.4019522,0.59318465,0.21353121,0.13149785,0.38159412,0.46982324,0,0,0.34851477,0.4641461,0,0,0.38961926,0.4486558,0,0,0.43765217,0.46403483,0,0,0,0,0,0.982665,0,0.43570697,0,0.4486267,0,0,2.08E-17,0,0.58125275,0.47003502,4
0.42280778,0.52471626,0.213344,0.13153511,0.38159412,0.46982324,0,0,0.34851477,0.4641461,0,0,0.38961926,0.4486558,0,0,0.43765217,0.46403483,0,0,0,0,0,0.9826649,0,0.43570697,0,0.4486267,0,0,2.08E-17,0,0.58125275,0.47003502,4
0.4558348,0.48317605,0.21283029,0.13164146,0.38159412,0.46982324,0.0010755528,8.62E-07,0.34851477,0.4641461,0.012450829,0.0001318802,0.38961926,0.4486558,0.014602597,0.00020491195,0.43765217,0.46403483,1.02E-21,2.14E-21,0.32129598,1.85E-09,0.37411276,1.44E-05,5.67E-05,0.43570697,0,0.4486267,0,0,0.3503546,0,0.58125275,0.47003502,4
0.4285411,0.39632714,0.21295503,0.13161464,0.38159412,0.46982324,1.91E-05,2.73E-10,0.34851477,0.4641461,0.008691344,6.43E-05,0.38961926,0.4486558,0.013378458,0.00017199635,0.43765217,0.46403483,3.94E-21,2.17E-21,0.3035059,1.39E-07,0.30702433,2.69E-05,0.0001058363,0.43570697,0,0.4486267,0,0,0.3503546,0,0.58125275,0.47003502,4
0.40810847,0.32220736,0.20940962,0.1396137,0.38159412,0.46982324,0,0,0.34851477,0.4641461,0,0,0.38961926,0.4486558,0,0,0.43765217,0.46403483,0,0,0,0,0,0.98266613,0,0.43570697,0,0.4486267,0,0,2.08E-17,0,0.58125275,0.47003502,1
0.68057466,0.27986306,0.2504342,0.12736662,0.38159412,0.46982324,0,0,0.34851477,0.4641461,0,0,0.38961926,0.4486558,0,0,0.43765217,0.46403483,0,0,0,0,0,0.9826661,0,0.43570697,0,0.4486267,0,0,2.08E-17,0,0.58125275,0.47003502,1
0.36245826,0.22486553,0.18412118,0.13426608,0.38159412,0.46982324,1.25E-05,1.17E-10,0.34851477,0.4641461,0.010497368,9.37E-05,0.38961926,0.4486558,0.017794622,0.00030428788,0.43765217,0.46403483,2.34E-20,7.96E-21,0.22464019,9.02E-06,0.15063402,8.08E-05,0.0003177165,0.43570697,2.21E-15,0.4486267,0.52193576,9.89E-08,0.3503546,9.48E-15,0.58125275,0.47003502,5
0.42053568,0.6038951,0.21390626,0.1314183,0.38159412,0.46982324,0.01590896,0.00018855567,0.34851477,0.4641461,0.018315015,0.00028536297,0.38961926,0.4486558,0.013728763,0.00018112146,0.43765217,0.46403483,4.56E-22,6.37E-22,0.30279803,1.45E-18,0.46992654,1.40E-06,5.51E-06,0.43570697,0,0.4486267,0,0,0.3503546,0,0.58125275,0.47003502,4
0.50033855,0.4744945,0.21335183,0.13153443,0.38159412,0.46982324,1.16E-05,9.94E-11,0.34851477,0.4641461,0.009549755,7.76E-05,0.38961926,0.4486558,0.014252616,0.00019520738,0.43765217,0.46403483,4.92E-22,7.10E-22,0.36036903,3.64E-09,0.3682837,1.59E-05,6.24E-05,0.43570697,0,0.4486267,0,0,0.3503546,0,0.58125275,0.47003502,4
0.7233347,0.949696,0.24452797,0.12138343,0.38159412,0.46982324,2.93E-06,6.41E-12,0.34851477,0.4641461,0.004540634,1.75E-05,0.38961926,0.4486558,0.006486658,4.04E-05,0.43765217,0.46403483,2.82E-22,2.68E-22,0.5855496,5.98E-15,0.8447082,1.91E-06,7.53E-06,0.43570697,0,0.4486267,0,0,0.3503546,0,0.58125275,0.47003502,4
0.728338,0.9669088,0.24423647,0.1215135,0.38159412,0.46982324,0,0,0.34851477,0.4641461,0,0,0.38961926,0.4486558,0,0,0.43765217,0.46403483,0,0,0,0,0,0.982665,0,0.43570697,0,0.4486267,0,0,2.08E-17,0,0.58125275,0.47003502,4
0.70358646,0.44465956,0.2507084,0.12724197,0.38159412,0.46982324,3.85E-07,1.10E-13,0.34851477,0.4641461,0.0037549476,1.20E-05,0.38961926,0.4486558,0.006435249,3.98E-05,0.43765217,0.46403483,5.20E-23,1.05E-22,0.5789645,2.78E-06,0.395877,3.00E-05,0.00011814783,0.43570697,0,0.4486267,0,0,0.35886526,0,0.58125275,0.47003502,1
0.4408645,0.59688073,0.21418697,0.13136074,0.38159412,0.46982324,0,0,0.34851477,0.4641461,0,0,0.38961926,0.4486558,0,0,0.43765217,0.46403483,0,0,0,0,0,0.982665,0,0.43570697,0,0.4486267,0,0,2.08E-17,0,0.58125275,0.47003502,4
0.74957925,0.78444767,0.007082759,9.58E-05,0.38159412,0.46982324,3.41E-06,8.68E-12,0.34851477,0.4641461,0.0002264253,4.36E-08,0.38961926,0.4486558,0.00025638024,6.32E-08,0.43765217,0.46403483,2.96E-22,1.89E-22,0.6205318,1.35E-09,0.71263117,7.83E-06,3.08E-05,0.43570697,0,0.4486267,0,0,0.009929078,0,0.58125275,0.47003502,3
0.5020544,0.4736641,0.21364224,0.13147494,0.38159412,0.46982324,1.37E-05,1.40E-10,0.34851477,0.4641461,0.0097024795,8.01E-05,0.38961926,0.4486558,0.014287012,0.00019615071,0.43765217,0.46403483,7.10E-22,8.29E-22,0.3649497,3.75E-09,0.36814147,1.59E-05,6.27E-05,0.43570697,0,0.4486267,0,0,0.3503546,0,0.58125275,0.47003502,4
0.38540018,0.4264028,0.0058777654,0.00010694228,0.38159412,0.46982324,9.10E-06,6.16E-11,0.34851477,0.4641461,0.0007850502,5.24E-07,0.38961926,0.4486558,0.0007615845,5.57E-07,0.43765217,0.46403483,2.99E-21,4.57E-21,0.28516296,1.33E-09,0.3200152,1.61E-05,6.34E-05,0.43570697,0,0.4486267,0,0,0.009929078,0,0.58125275,0.47003502,3
0.6013809,0.83040076,0.0071123014,9.54E-05,0.38159412,0.46982324,0,0,0.34851477,0.4641461,0,0,0.38961926,0.4486558,0,0,0.43765217,0.46403483,0,0,0,0,0,0.98266566,0,0.43570697,0,0.4486267,0,0,2.08E-17,0,0.58125275,0.47003502,3
0.39831498,0.36872762,0.2159454,0.13852738,0.38159412,0.46982324,0,0,0.34851477,0.4641461,0,0,0.38961926,0.4486558,0,0,0.43765217,0.46403483,0,0,0,0,0,0.98266613,0,0.43570697,0,0.4486267,0,0,2.08E-17,0,0.58125275,0.47003502,1
0.31786346,0.07113695,0.21796192,0.13049878,0.38159412,0.46982324,0,0,0.34851477,0.4641461,0,0,0.38961926,0.4486558,0,0,0.43765217,0.46403483,0,0,0,0,0,0.98266476,0,0.43570697,0,0.4486267,0,0,2.08E-17,0,0.58125275,0.47003502,4
0.24935117,0.34382778,1.52E-05,1.52E-06,0.38159412,0.46982324,0,0,0.34851477,0.4641461,0,0,0.38961926,0.4486558,0,0,0.43765217,0.46403483,0,0,0,0,0,0.9826631,0,0.43570697,0,0.4486267,0,0,2.08E-17,0,0.58125275,0.47003502,2
0.69781274,0.22797278,0.0080576455,7.97E-05,0.38159412,0.46982324,3.42E-07,8.70E-14,0.34851477,0.4641461,0.00016881201,2.42E-08,0.38961926,0.4486558,0.00025498346,6.25E-08,0.43765217,0.46403483,1.01E-22,1.95E-13,0.66145176,7.27E-05,0.2345532,7.12E-05,0.0002800835,0.43570697,0,0.4486267,0,0,0.009929078,0,0.58125275,0.47003502,3
0.00093620544,0.0004744036,0.013874226,0.0030993477,0.38159406,0.46044,0.012156175,0.00011010198,0.34851128,0.37908322,0.020076113,0.00034288506,0.38961056,0.32765135,0.016659176,0.00026669796,0.437655,0.48584443,8.59E-19,6.59E-17,0.00024338954,2.95E-16,0.00011551203,1.66E-08,6.13E-16,0.34623712,0.00036999967,0.32763007,0.00040048003,0.01659643,0.031323347,0.00026664612,0.581255,0.49160022,0
0.39301747,0.45428988,0.20460033,0.1402014,0.38159412,0.46982324,0,0,0.34851477,0.4641461,0,0,0.38961926,0.4486558,0,0,0.43765217,0.46403483,0,0,0,0,0,0.9826662,0,0.43570697,0,0.4486267,0,0,2.08E-17,0,0.58125275,0.47003502,1
0.3285949,0.336866,0.18442045,0.13427153,0.38159412,0.46982324,0,0,0.34851477,0.4641461,0,0,0.38961926,0.4486558,0,0,0.43765217,0.46403483,0,0,0,0,0,0.982667,0,0.43570697,0,0.4486267,0,0,2.08E-17,0,0.58125275,0.47003502,5
0.4411374,0.4231307,0.2119554,0.13181505,0.38159412,0.46982324,0,0,0.34851477,0.4641461,0,0,0.38961926,0.4486558,0,0,0.43765217,0.46403483,0,0,0,0,0,0.9826648,0,0.43570697,0,0.4486267,0,0,2.08E-17,0,0.58125275,0.47003502,4
0.0009208944,0.00057446957,0.017743362,0.012500567,0.38159412,0.46982324,3.20E-06,7.64E-12,0.34851477,0.4641461,0.0071726227,0.00041256557,0.38961628,0.4408904,0.20277078,0.08151172,0.4431094,0.47914577,0,1.48E-24,3.10E-05,3.04E-17,0.00020848073,9.40E-09,4.19E-16,0.43570697,0,0.4486267,0,0,0.009219858,0,0.58125275,0.47003502,0
0.7078016,0.98955214,0.24427527,0.12149558,0.38159412,0.46982324,0.00019896463,2.95E-08,0.34851477,0.4641461,0.007115679,4.31E-05,0.38961926,0.4486558,0.0071488377,4.91E-05,0.43765217,0.46403483,9.36E-23,1.42E-22,0.5829955,7.94E-19,0.87926227,7.53E-07,2.96E-06,0.43570697,0,0.4486267,0,0,0.3503546,0,0.58125275,0.47003502,4
0.46997467,0.55846506,0.21335949,0.13153237,0.38159412,0.46982324,1.35E-05,1.36E-10,0.34851477,0.4641461,0.0072606723,4.48E-05,0.38961926,0.4486558,0.012834978,0.000158306,0.43765217,0.46403483,7.81E-21,4.38E-21,0.3363873,1.80E-12,0.43344346,6.25E-06,2.46E-05,0.43570697,0,0.4486267,0,0,0.3503546,0,0.58125275,0.47003502,4
0.47626287,0.5582359,0.21329546,0.1315458,0.38159412,0.46982324,0,0,0.34851477,0.4641461,0,0,0.38961926,0.4486558,0,0,0.43765217,0.46403483,0,0,0,0,0,0.98266494,0,0.43570697,0,0.4486267,0,0,2.08E-17,0,0.58125275,0.47003502,4
0.7476589,0.7618646,0.007100097,9.56E-05,0.38159412,0.46982324,0.00014385005,1.54E-08,0.34851477,0.4641461,0.00032825966,9.17E-08,0.38961926,0.4486558,0.0002699099,7.00E-08,0.43765217,0.46403483,6.23E-23,9.08E-23,0.63190484,2.83E-09,0.69381136,8.68E-06,3.41E-05,0.43570697,0,0.4486267,0,0,0.009929078,0,0.58125275,0.47003502,3
0.3653184,0.25647357,0.2121171,0.13920572,0.38159412,0.46982324,0.00089924294,6.02E-07,0.34851477,0.4641461,0.031377517,0.00083756814,0.38961926,0.4486558,0.030525649,0.0008954408,0.43765217,0.46403483,1.39E-21,1.40E-21,0.2689341,3.50E-06,0.19346637,5.82E-05,0.00022909585,0.43570697,0,0.4486267,0,0,0.35886526,0,0.58125275,0.47003502,1
0.71140975,0.46964034,0.24331717,0.12191974,0.38159412,0.46982324,1.02E-07,7.68E-15,0.34851477,0.4641461,0.0032019971,8.72E-06,0.38961926,0.4486558,0.0060507683,3.52E-05,0.43765217,0.46403483,1.60E-22,1.68E-22,0.57921267,1.96E-06,0.4156461,2.76E-05,0.00010867194,0.43570697,0,0.4486267,0,0,0.3503546,0,0.58125275,0.47003502,4
0.24766211,0.24229746,1.50E-05,1.43E-06,0.38159412,0.46982324,0,0,0.34851477,0.4641461,0,0,0.38961926,0.4486558,0,0,0.43765217,0.46403483,0,0,0,0,0,0.9826629,0,0.43570697,0,0.4486267,0,0,2.08E-17,0,0.58125275,0.47003502,2
0.21544605,0.28601372,7.54E-05,3.78E-06,0.38159412,0.46982324,0,0,0.34851477,0.4641461,0,0,0.38961926,0.4486558,0,0,0.43765217,0.46403483,0,0,0,0,0,0.98266304,0,0.43570697,0,0.4486267,0,0,2.08E-17,0,0.58125275,0.47003502,2
0.48942393,0.46680683,0.21339037,0.13152707,0.38159412,0.46982324,0,0,0.34851477,0.4641461,0,0,0.38961926,0.4486558,0,0,0.43765217,0.46403483,0,0,0,0,0,0.9826649,0,0.43570697,0,0.4486267,0,0,2.08E-17,0,0.58125275,0.47003502,4
0.40893406,0.29959247,0.21426256,0.13134263,0.38159412,0.46982324,0,0,0.34851477,0.4641461,0,0,0.38961926,0.4486558,0,0,0.43765217,0.46403483,0,0,0,0,0,0.9826648,0,0.43570697,0,0.4486267,0,0,2.08E-17,0,0.58125275,0.47003502,4
0.36236003,0.3889555,0.18368007,0.13425647,0.38159412,0.46982324,0.029623784,0.00065378816,0.34851477,0.4641461,0.020479208,0.00035678732,0.38961926,0.4486558,0.01778127,0.0003038314,0.43765217,0.46403483,6.32E-22,7.33E-22,0.21854915,2.01E-09,0.25993836,2.01E-05,7.92E-05,0.43570697,2.79E-15,0.4486267,0.9006681,1.02E-07,0.3503546,1.01E-14,0.58125275,0.47003502,5
0.0005907517,0.00053041923,0.012889095,0.002194684,0.38159412,0.4698386,0.0025094326,2.21E-05,0.3485152,0.47886273,0.009237016,0.00040880384,0.38969976,0.6127263,0.071564235,0.0145067675,0.43814433,0.47286046,1.06E-17,3.14E-17,0.00027839362,2.70E-16,0.00024010788,8.14E-09,3.49E-16,0.43570697,4.89E-18,0.4486267,0.00043731745,9.90E-10,0.017626109,1.34E-18,0.58125275,0.47003502,0
0.3739074,0.44288847,0.20237914,0.14041342,0.38159412,0.46982324,0,0,0.34851477,0.4641461,0,0,0.38961926,0.4486558,0,0,0.43765217,0.46403483,0,0,0,0,0,0.9826662,0,0.43570697,0,0.4486267,0,0,2.08E-17,0,0.58125275,0.47003502,1
0.0010697504,0.0016109806,0.017132683,0.026500884,0.38159412,0.46982324,1.09E-05,0.00046689663,0.34851477,0.46413055,0.025482463,0.00083287444,0.38959146,0.43214452,0.1820367,0.033771466,0.43770507,0.46444544,9.22E-19,2.96E-18,0.000986242,7.15E-18,0.0017109355,7.89E-10,1.07E-10,0.43570697,0.0005134051,0.4486267,0.0014548117,0.00011976233,0.038389664,0.0005597505,0.5812527,0.4670912,0
0.71282387,0.46113092,0.24295962,0.12207561,0.38159412,0.46982324,2.18E-07,3.55E-14,0.34851477,0.4641461,0.003476745,1.03E-05,0.38961926,0.4486558,0.006159796,3.65E-05,0.43765217,0.46403483,1.62E-22,1.46E-22,0.57632977,2.31E-06,0.40751582,2.86E-05,0.00011262367,0.43570697,0,0.4486267,0,0,0.3503546,0,0.58125275,0.47003502,4
0.00028326566,0.00044398542,0.012309878,0.0024447686,0.38159412,0.46983194,0.0032424286,0.00016233748,0.3485157,0.47259578,0.00917212,0.0014760836,0.38967866,0.51233673,0.08375236,0.010455745,0.43824777,0.47595966,3.32E-21,3.26E-18,0.0001428229,2.85E-16,0.00016146142,1.19E-08,3.93E-16,0.43570697,1.28E-18,0.4486267,0.00033773828,2.22E-09,0.017626109,4.84E-18,0.58125275,0.47003502,0
0.0010157437,0.001585339,0.0087988125,0.0009524448,0.381594,0.4679963,0.017861445,0.0011111362,0.34845597,0.42672694,0.040492468,0.0015877528,0.38969532,0.4744148,0.033774182,0.0013210606,0.43786752,0.4992384,8.68E-18,8.79E-18,0.0010209781,1.31E-17,0.0017089385,7.76E-10,1.67E-17,0.43570697,0.0005040858,0.44862288,0.0014592998,0.0023253565,0.038534503,0.0005560865,0.58125085,0.46384293,0
0.43739855,0.5089984,0.21239801,0.1317284,0.38159412,0.46982324,0,0,0.34851477,0.4641461,0,0,0.38961926,0.4486558,0,0,0.43765217,0.46403483,0,0,0,0,0,0.9826649,0,0.43570697,0,0.4486267,0,0,2.08E-17,0,0.58125275,0.47003502,4
0.7156236,0.9830472,0.2445079,0.12139227,0.38159412,0.46982324,0,0,0.34851477,0.4641461,0,0,0.38961926,0.4486558,0,0,0.43765217,0.46403483,0,0,0,0,0,0.98266506,0,0.43570697,0,0.4486267,0,0,2.08E-17,0,0.58125275,0.47003502,4
0.46006227,0.48544267,0.21326545,0.13155288,0.38159412,0.46982324,0.0005854704,2.55E-07,0.34851477,0.4641461,0.011675582,0.000115968534,0.38961926,0.4486558,0.014478035,0.00020143102,0.43765217,0.46403483,9.56E-22,1.41E-21,0.32922864,1.63E-09,0.3766343,1.42E-05,5.58E-05,0.43570697,0,0.4486267,0,0,0.3503546,0,0.58125275,0.47003502,4
0.7134794,0.6851679,0.25026286,0.12744553,0.38159412,0.46982324,0,0,0.34851477,0.4641461,0,0,0.38961926,0.4486558,0,0,0.43765217,0.46403483,0,0,0,0,0,0.98266613,0,0.43570697,0,0.4486267,0,0,2.08E-17,0,0.58125275,0.47003502,1
0.25480407,0.35841614,1.50E-05,1.47E-06,0.38159412,0.46982324,0,0,0.34851477,0.4641461,0,0,0.38961926,0.4486558,0,0,0.43765217,0.46403483,0,0,0,0,0,0.9826632,0,0.43570697,0,0.4486267,0,0,2.08E-17,0,0.58125275,0.47003502,2
0.49897656,0.23876946,0.21449715,0.13129216,0.38159412,0.46982324,0.0030150812,6.77E-06,0.34851477,0.4641461,0.01732613,0.0002553796,0.38961926,0.4486558,0.015890472,0.0002426502,0.43765217,0.46403483,6.99E-22,2.23E-21,0.3538368,1.98E-05,0.1863309,7.39E-05,0.0002908288,0.43570697,0,0.4486267,0,0,0.3503546,0,0.58125275,0.47003502,4
0.45100954,0.26281732,0.21440604,0.13131204,0.38159412,0.46982324,0.00011332852,9.57E-09,0.34851477,0.4641461,0.012721143,0.00013766873,0.38961926,0.4486558,0.01461368,0.0002052231,0.43765217,0.46403483,3.06E-21,2.47E-21,0.31911668,1.07E-05,0.20499626,6.25E-05,0.00024595522,0.43570697,0,0.4486267,0,0,0.3503546,0,0.58125275,0.47003502,4
0.2577206,0.3405585,1.53E-05,1.55E-06,0.38159412,0.46982324,0,0,0.34851477,0.4641461,0,0,0.38961926,0.4486558,0,0,0.43765217,0.46403483,0,0,0,0,0,0.9826631,0,0.43570697,0,0.4486267,0,0,2.08E-17,0,0.58125275,0.47003502,2
0.002891936,0.002813741,0.023108553,0.0119035095,0.37493163,0.4398325,0.10736609,0.65113384,0.34524214,0.449999,0.11474006,0.7483492,0.38947704,0.4481147,0.11889125,0.816075,0.49820235,0.5485603,1.70E-17,2.45E-17,0.0023025847,8.06E-16,0.0013156472,1.90E-06,7.44E-06,0.42700732,0.8173672,0.44748938,0.0006741676,0.109802954,0.5339264,0.8555716,0.58115304,0.46985802,0
0.38981986,0.42480958,0.2154342,0.13862318,0.38159412,0.46982324,0.0015641483,1.82E-06,0.34851477,0.4641461,0.027791657,0.0006570704,0.38961926,0.4486558,0.028060142,0.0007566357,0.43765217,0.46403483,7.49E-22,1.30E-21,0.2884472,5.17E-10,0.32537907,1.44E-05,5.68E-05,0.43570697,0,0.4486267,0,0,0.35886526,0,0.58125275,0.47003502,1
0.43456292,0.523128,0.21279301,0.13164753,0.38159412,0.46982324,0,0,0.34851477,0.4641461,0,0,0.38961926,0.4486558,0,0,0.43765217,0.46403483,0,0,0,0,0,0.9826649,0,0.43570697,0,0.4486267,0,0,2.08E-17,0,0.58125275,0.47003502,4
0.2618895,0.34226578,1.50E-05,1.49E-06,0.38159412,0.46982324,0,0,0.34851477,0.4641461,0,0,0.38961926,0.4486558,0,0,0.43765217,0.46403483,0,0,0,0,0,0.9826631,0,0.43570697,0,0.4486267,0,0,2.08E-17,0,0.58125275,0.47003502,2
0.0007569093,0.001486518,0.008034373,0.00075886777,0.38159412,0.46982324,4.79E-05,3.20E-05,0.34851477,0.46389258,0.024584487,0.00069331215,0.38961598,0.44632277,0.030439759,0.0011198767,0.43778878,0.48985064,3.55E-25,3.81E-19,0.00064932293,2.45E-17,0.001559773,8.90E-10,1.80E-17,0.43570697,0.0002792718,0.44861943,0.0013641473,0.0020285023,0.039489847,0.0004889499,0.5812511,0.4634782,0
0.43332708,0.5978747,0.21388401,0.13142556,0.38159412,0.46982324,0.0026674941,5.30E-06,0.34851477,0.4641461,0.014457762,0.00017782187,0.38961926,0.4486558,0.013087954,0.00016460787,0.43765217,0.46403483,2.23E-21,1.87E-21,0.30756962,6.83E-16,0.46518221,2.62E-06,1.03E-05,0.43570697,0,0.4486267,0,0,0.3503546,0,0.58125275,0.47003502,4
0.70890373,0.4777847,0.2435673,0.12180965,0.38159412,0.46982324,3.86E-08,1.11E-15,0.34851477,0.4641461,0.0029565669,7.44E-06,0.38961926,0.4486558,0.0059487224,3.40E-05,0.43765217,0.46403483,1.25E-22,1.59E-22,0.5800608,1.67E-06,0.42328763,2.67E-05,0.00010503721,0.43570697,0,0.4486267,0,0,0.3503546,0,0.58125275,0.47003502,4
0.3492907,0.39237812,0.18417522,0.1342665,0.38159412,0.46982324,0,0,0.34851477,0.4641461,0,0,0.38961926,0.4486558,0,0,0.43765217,0.46403483,0,0,0,0,0,0.9826671,0,0.43570697,0,0.4486267,0,0,2.08E-17,0,0.58125275,0.47003502,5
0.41881222,0.40750372,0.00587812,0.000106964566,0.38159412,0.46982324,0,0,0.34851477,0.4641461,0,0,0.38961926,0.4486558,0,0,0.43765217,0.46403483,0,0,0,0,0,0.9826656,0,0.43570697,0,0.4486267,0,0,2.08E-17,0,0.58125275,0.47003502,3
0.0011821016,0.0015904857,0.007691788,0.0007649814,0.38159412,0.46982324,4.56E-06,0.0005434172,0.34851477,0.46414897,0.017168878,0.0006843135,0.38963225,0.45997185,0.030934801,0.0011545366,0.437611,0.4564861,2.38E-19,3.80E-18,0.0011342523,7.05E-18,0.0016153979,8.31E-10,6.92E-18,0.43559083,0.0015691847,0.49090463,0.0013384637,0.05575988,0.042731266,0.0032722824,0.5816299,0.5040675,0
0.40538785,0.31135747,0.21069802,0.1394267,0.38159412,0.46982324,0.025647761,0.00049006636,0.34851477,0.4641461,0.034227032,0.0009966014,0.38961926,0.4486558,0.02951875,0.00083734223,0.43765217,0.46403483,2.14E-21,2.24E-21,0.2719925,3.89E-07,0.23327097,3.88E-05,0.00015272565,0.43570697,0,0.4486267,0,0,0.35886526,0,0.58125275,0.47003502,1
0.72005403,0.83484614,0.2443437,0.121465646,0.38159412,0.46982324,2.43E-05,4.39E-10,0.34851477,0.4641461,0.005590186,2.66E-05,0.38961926,0.4486558,0.006606228,4.19E-05,0.43765217,0.46403483,1.23E-22,1.45E-22,0.5937055,3.88E-11,0.7419964,5.25E-06,2.07E-05,0.43570697,0,0.4486267,0,0,0.3503546,0,0.58125275,0.47003502,4
0.46556866,0.46163848,0.21400952,0.13139819,0.38159412,0.46982324,5.07E-05,1.92E-09,0.34851477,0.4641461,0.0115030445,0.00011256636,0.38961926,0.4486558,0.014665618,0.00020668445,0.43765217,0.46403483,2.84E-21,2.33E-21,0.34472933,5.28E-09,0.35941967,1.68E-05,6.60E-05,0.43570697,0,0.4486267,0,0,0.3503546,0,0.58125275,0.47003502,4
0.37996936,0.41107684,0.18359137,0.13425589,0.38159412,0.46982324,0,0,0.34851477,0.4641461,0,0,0.38961926,0.4486558,0,0,0.43765217,0.46403483,0,0,0,0,0,0.9826671,0,0.43570697,0,0.4486267,0,0,2.08E-17,0,0.58125275,0.47003502,5
0.71509147,0.7950785,0.24995264,0.12758625,0.38159412,0.46982324,7.05E-06,3.70E-11,0.34851477,0.4641461,0.0050100465,2.14E-05,0.38961926,0.4486558,0.0063822633,3.91E-05,0.43765217,0.46403483,4.90E-22,2.08E-22,0.5778544,1.81E-10,0.7057209,6.42E-06,2.53E-05,0.43570697,0,0.4486267,0,0,0.35886526,0,0.58125275,0.47003502,1
0.714795,0.8920258,0.24437912,0.1214492,0.38159412,0.46982324,9.32E-08,6.48E-15,0.34851477,0.4641461,0.003221089,8.83E-06,0.38961926,0.4486558,0.006258685,3.76E-05,0.43765217,0.46403483,1.29E-22,1.84E-22,0.5900272,8.86E-13,0.79292387,3.37E-06,1.32E-05,0.43570697,0,0.4486267,0,0,0.3503546,0,0.58125275,0.47003502,4
0.0008126928,0.00054649176,0.012075319,0.0010101468,0.38159412,0.46982324,0,0,0.34851477,0.4641461,1.41E-09,1.68E-18,0.38961926,0.4486558,0,0,0.43765217,0.46403483,4.19E-20,9.63E-15,0.00028140628,8.27E-13,6.23E-05,2.89E-07,1.04E-12,0.43570697,0,0.4486267,0,0,0.009929078,0,0.58125275,0.47003502,0
0.45707607,0.4908081,0.21287985,0.13163239,0.38159412,0.46982324,0.000108420434,8.76E-09,0.34851477,0.4641461,0.009855849,8.26E-05,0.38961926,0.4486558,0.014157511,0.00019261093,0.43765217,0.46403483,1.78E-21,1.65E-21,0.3235755,1.16E-09,0.3801028,1.36E-05,5.33E-05,0.43570697,0,0.4486267,0,0,0.3503546,0,0.58125275,0.47003502,4
0.0013215656,0.0015904692,0.007869861,0.00071268226,0.38159412,0.46982324,9.99E-06,0.0005430721,0.34851477,0.46418265,0.018153053,0.000686772,0.3896542,0.47766885,0.029236957,0.0010752357,0.43770605,0.47452208,1.96E-17,2.22E-17,0.0012934086,1.84E-17,0.001700221,7.82E-10,1.69E-17,0.43570697,0.0006319644,0.46656057,0.001535344,0.0037847792,0.038861696,0.00054500496,0.58126116,0.48724848,0
0.25886747,0.35851875,1.53E-05,1.55E-06,0.38159412,0.46982324,0,0,0.34851477,0.4641461,0,0,0.38961926,0.4486558,0,0,0.43765217,0.46403483,0,0,0,0,0,0.9826632,0,0.43570697,0,0.4486267,0,0,2.08E-17,0,0.58125275,0.47003502,2
0.22999144,0.31554693,7.27E-05,3.69E-06,0.38159412,0.46982324,0,0,0.34851477,0.4641461,0,0,0.38961926,0.4486558,0,0,0.43765217,0.46403483,0,0,0,0,0,0.9826632,0,0.43570697,0,0.4486267,0,0,2.08E-17,0,0.58125275,0.47003502,2
0.22978845,0.2320039,7.55E-05,3.76E-06,0.38159412,0.46982324,0,0,0.34851477,0.4641461,0,0,0.38961926,0.4486558,0,0,0.43765217,0.46403483,0,0,0,0,0,0.9826629,0,0.43570697,0,0.4486267,0,0,2.08E-17,0,0.58125275,0.47003502,2
0.703067,0.8378469,0.24997889,0.12757494,0.38159412,0.46982324,0,0,0.34851477,0.4641461,0,0,0.38961926,0.4486558,0,0,0.43765217,0.46403483,0,0,0,0,0,0.9826662,0,0.43570697,0,0.4486267,0,0,2.08E-17,0,0.58125275,0.47003502,1
0.37362733,0.3838022,0.18414128,0.13426505,0.38159412,0.46982324,0,0,0.34851477,0.4641461,0,0,0.38961926,0.4486558,0,0,0.43765217,0.46403483,0,0,0,0,0,0.9826671,0,0.43570697,0,0.4486267,0,0,2.08E-17,0,0.58125275,0.47003502,5
0.40938935,0.16765341,0.2086487,0.13971442,0.38159412,0.46982324,0.00015367471,1.76E-08,0.34851477,0.4641461,0.0195444,0.0003249584,0.38961926,0.4486558,0.023788525,0.0005438036,0.43765217,0.46403483,6.55E-22,5.77E-19,0.29172942,4.27E-05,0.12430935,0.00011735204,0.0004615967,0.43570697,0,0.4486267,0,0,0.35886526,0,0.58125275,0.47003502,1
0.6212256,0.17377496,0.0070185354,9.66E-05,0.38159412,0.46982324,3.03E-07,6.83E-14,0.34851477,0.4641461,0.00015192207,1.96E-08,0.38961926,0.4486558,0.00022394456,4.82E-08,0.43765217,0.46403483,5.53E-23,1.47E-10,0.5151196,0.00017588676,0.15642555,0.00011373533,0.0004473721,0.43570697,0,0.4486267,0,0,0.009929078,0,0.58125275,0.47003502,3
0.7206328,0.5816812,0.008084124,7.92E-05,0.38159412,0.46982324,6.58E-06,3.23E-11,0.34851477,0.4641461,0.00024200942,4.98E-08,0.38961926,0.4486558,0.00028712754,7.92E-08,0.43765217,0.46403483,4.81E-23,7.33E-23,0.6829417,2.41E-07,0.598761,1.58E-05,6.22E-05,0.43570697,0,0.4486267,0,0,0.009929078,0,0.58125275,0.47003502,3
0.2300898,0.11935433,7.92E-05,4.15E-06,0.38159412,0.46982324,0,0,0.34851477,0.4641461,0,0,0.38961926,0.4486558,0,0,0.43765217,0.46403483,0,0,0,0,0,0.98266286,0,0.43570697,0,0.4486267,0,0,2.08E-17,0,0.58125275,0.47003502,2
0.7187454,0.89935434,0.24398425,0.12162524,0.38159412,0.46982324,0.013244879,0.0001306929,0.34851477,0.4641461,0.010505015,9.39E-05,0.38961926,0.4486558,0.0071372734,4.90E-05,0.43765217,0.46403483,2.31E-22,1.88E-22,0.5850904,5.17E-13,0.7981653,3.17E-06,1.25E-05,0.43570697,0,0.4486267,0,0,0.3503546,0,0.58125275,0.47003502,4
0.35722122,0.37419376,0.18492736,0.13427742,0.38159412,0.46982324,0.0032969888,8.10E-06,0.34851477,0.4641461,0.017874531,0.00027180184,0.38961926,0.4486558,0.017643752,0.00029914998,0.43765217,0.46403483,9.71E-22,1.57E-21,0.22745691,5.29E-09,0.25176814,2.30E-05,9.04E-05,0.43570697,5.80E-16,0.4486267,0.8723669,1.26E-07,0.3503546,1.54E-14,0.58125275,0.47003502,5
0.39948893,0.24229704,0.20773456,0.13984045,0.38159412,0.46982324,0.028153148,0.0005904864,0.34851477,0.4641461,0.043840867,0.0016350887,0.38961926,0.4486558,0.032814387,0.0010347505,0.43765217,0.46403483,1.06E-21,2.33E-21,0.26978168,6.84E-06,0.17904058,6.73E-05,0.00026480475,0.43570697,0,0.4486267,0,0,0.35886526,0,0.58125275,0.47003502,1
0.00044439925,0.0006516675,0.02165375,0.003590721,0.38159412,0.46982324,0.00084306754,5.30E-07,0.34851477,0.4641461,0.07163598,0.004365615,0.38961926,0.44865677,0.08548739,0.009452252,0.4377492,0.46617383,4.40E-30,9.75E-21,0.00021288986,3.37E-16,0.000305373,8.38E-09,2.48E-15,0.43570697,0,0.4486267,0,0,0.009929078,0,0.58125275,0.47003502,0
0.0010686064,0.0007119259,0.02449037,0.021474522,0.38189325,0.5053379,0.06243789,0.007977431,0.34987444,0.5587603,0.062642194,0.009288597,0.39180893,0.5904493,0.055507574,0.009973424,0.44108555,0.5590558,1.65E-18,8.53E-18,0.0008544719,2.75E-15,0.00028193853,1.08E-08,4.56E-15,0.43570697,0,0.4486267,0,0,0.009929078,0,0.58125275,0.47003502,0
0.71953726,0.752887,0.24393553,0.121646985,0.38159412,0.46982324,0.0011662615,1.01E-06,0.34851477,0.4641461,0.00820657,5.73E-05,0.38961926,0.4486558,0.0069219726,4.60E-05,0.43765217,0.46403483,8.14E-23,9.43E-23,0.59115106,1.35E-09,0.6680394,8.32E-06,3.27E-05,0.43570697,0,0.4486267,0,0,0.3503546,0,0.58125275,0.47003502,4
0.7012601,0.4576909,0.25074914,0.12722303,0.38159412,0.46982324,0,0,0.34851477,0.4641461,0,0,0.38961926,0.4486558,0,0,0.43765217,0.46403483,0,0,0,0,0,0.9826661,0,0.43570697,0,0.4486267,0,0,2.08E-17,0,0.58125275,0.47003502,1
0.41001585,0.36769485,0.005635686,0.00010789816,0.38159412,0.46982324,1.41E-05,1.48E-10,0.34851477,0.4641461,0.0005687666,2.75E-07,0.38961926,0.4486558,0.00070620957,4.79E-07,0.43765217,0.46403483,1.80E-20,6.44E-21,0.2865381,5.83E-08,0.26434717,2.85E-05,0.000112056434,0.43570697,0,0.4486267,0,0,0.009929078,0,0.58125275,0.47003502,3
0.26329163,0.19873415,1.70E-05,1.73E-06,0.38159412,0.46982324,0,0,0.34851477,0.4641461,0,0,0.38961926,0.4486558,0,0,0.43765217,0.46403483,0,0,0,0,0,0.98266286,0,0.43570697,0,0.4486267,0,0,2.08E-17,0,0.58125275,0.47003502,2
0.7194258,0.8037943,0.2438463,0.12168584,0.38159412,0.46982324,0,0,0.34851477,0.4641461,0,0,0.38961926,0.4486558,0,0,0.43765217,0.46403483,0,0,0,0,0,0.9826649,0,0.43570697,0,0.4486267,0,0,2.08E-17,0,0.58125275,0.47003502,4
0.25303805,0.13567653,1.68E-05,1.72E-06,0.38159412,0.46982324,0,0,0.34851477,0.4641461,0,0,0.38961926,0.4486558,0,0,0.43765217,0.46403483,0,0,0,0,0,0.98266286,0,0.43570697,0,0.4486267,0,0,2.08E-17,0,0.58125275,0.47003502,2
0.004367719,0.003089187,0.05633492,0.08025149,0.38159412,0.46982324,1.97E-09,2.89E-18,0.34851477,0.4641461,1.41E-09,1.68E-18,0.38961926,0.4486558,2.82E-09,7.60E-18,0.43765217,0.46403483,1.70E-18,2.16E-18,0.001513156,4.28E-15,0.0009757101,1.65E-08,7.57E-14,0.43570697,0,0.4486267,0,0,0.009929078,0,0.58125275,0.47003502,0
0.0008431195,0.0022770185,0.02142299,0.013780138,0.38159412,0.46982324,0.00021062976,4.12E-06,0.34851477,0.46578702,0.053139277,0.028196888,0.38995796,0.46301675,0.16450147,0.5304322,0.48873273,0.527992,6.77E-24,4.43E-19,0.0007533212,0.0021143877,0.0013341415,0.008902977,0.03469388,0.43570697,0.029741088,0.49556652,0.0011179514,0.09233108,0.225914,0.55204463,0.60530275,0.5332495,0
0.21951772,0.29122347,7.28E-05,3.61E-06,0.38159412,0.46982324,0,0,0.34851477,0.4641461,0,0,0.38961926,0.4486558,0,0,0.43765217,0.46403483,0,0,0,0,0,0.98266304,0,0.43570697,0,0.4486267,0,0,2.08E-17,0,0.58125275,0.47003502,2
0.3380645,0.43559763,0.20247167,0.14040457,0.38159412,0.46982324,0,0,0.34851477,0.4641461,0,0,0.38961926,0.4486558,0,0,0.43765217,0.46403483,0,0,0,0,0,0.9826662,0,0.43570697,0,0.4486267,0,0,2.08E-17,0,0.58125275,0.47003502,1
0.00084255036,0.0016044164,0.0075854985,0.00074901246,0.38159412,0.46982324,6.79E-06,0.00044136908,0.34851477,0.46414942,0.019755611,0.0006818608,0.38962567,0.4536657,0.030656,0.0011485637,0.43782714,0.4961555,2.15E-21,5.40E-19,0.0008520094,5.63E-18,0.0016166483,8.18E-09,2.89E-08,0.43570697,0.00050479354,0.4486082,0.0014518322,0.0023443697,0.03860041,0.0005520093,0.58125037,0.4623761,0
0.40029097,0.42872193,0.21531637,0.13864493,0.38159412,0.46982324,0,0,0.34851477,0.4641461,0,0,0.38961926,0.4486558,0,0,0.43765217,0.46403483,0,0,0,0,0,0.9826662,0,0.43570697,0,0.4486267,0,0,2.08E-17,0,0.58125275,0.47003502,1
0.0011294523,0.0015451026,0.008774149,0.0009112576,0.3816162,0.5189095,0.054776944,0.0022364636,0.34863728,0.564567,0.043337908,0.0017084796,0.38970152,0.4777983,0.033663776,0.0012894585,0.4377706,0.4841065,2.02E-18,5.39E-18,0.0010730191,1.62E-17,0.0015953438,8.61E-10,2.60E-17,0.43570697,0.00044761738,0.4486267,0.0013645556,0.0010383188,0.039465155,0.0004890362,0.5812522,0.46589652,0
0.22439474,0.31612957,7.46E-05,3.79E-06,0.38159412,0.46982324,0,0,0.34851477,0.4641461,0,0,0.38961926,0.4486558,0,0,0.43765217,0.46403483,0,0,0,0,0,0.9826632,0,0.43570697,0,0.4486267,0,0,2.08E-17,0,0.58125275,0.47003502,2
0.7210526,0.6126048,0.24309057,0.122018375,0.38159412,0.46982324,1.81E-07,2.45E-14,0.34851477,0.4641461,0.00340737,9.88E-06,0.38961926,0.4486558,0.006113328,3.59E-05,0.43765217,0.46403483,4.12E-22,2.21E-22,0.584247,9.45E-08,0.5416714,1.57E-05,6.16E-05,0.43570697,0,0.4486267,0,0,0.3503546,0,0.58125275,0.47003502,4
0.25940725,0.29608414,1.58E-05,1.61E-06,0.38159412,0.46982324,0,0,0.34851477,0.4641461,0,0,0.38961926,0.4486558,0,0,0.43765217,0.46403483,0,0,0,0,0,0.982663,0,0.43570697,0,0.4486267,0,0,2.08E-17,0,0.58125275,0.47003502,2
0.2193581,0.083897084,8.79E-05,4.69E-06,0.38159412,0.46982324,0,0,0.34851477,0.4641461,0,0,0.38961926,0.4486558,0,0,0.43765217,0.46403483,0,0,0,0,0,0.98266286,0,0.43570697,0,0.4486267,0,0,2.08E-17,0,0.58125275,0.47003502,2
0.0037567304,0.0031969585,0.050556757,0.07484205,0.38159412,0.46982324,0.00095052755,6.73E-07,0.34851477,0.4641461,0.09064114,0.006989301,0.38961926,0.4486408,0.08427644,0.008393873,0.43600214,0.42204225,1.73E-26,4.35E-20,0.00028967994,3.57E-15,0.00021415149,1.33E-08,4.95E-15,0.43570697,0.007541999,0.4486267,0.00046295405,0.0895402,0.058357738,0.007761334,0.58125275,0.47003502,0
0.0010872487,0.0015784388,0.007988702,0.00075673166,0.38159412,0.46982324,6.44E-05,0.00054359704,0.34851477,0.46436232,0.022445185,0.0007671254,0.3897593,0.54207104,0.030163966,0.0011175117,0.43785393,0.5020427,2.04E-17,2.27E-17,0.0011782525,2.36E-17,0.0016850068,3.94E-05,0.00015493606,0.43570697,0.00062153727,0.46903658,0.0015162609,0.004052071,0.039189443,0.00052562624,0.5812617,0.48745883,0
0.3731492,0.44268903,0.20249912,0.14040285,0.38159412,0.46982324,0,0,0.34851477,0.4641461,0,0,0.38961926,0.4486558,0,0,0.43765217,0.46403483,0,0,0,0,0,0.9826662,0,0.43570697,0,0.4486267,0,0,2.08E-17,0,0.58125275,0.47003502,1
0.43840536,0.59676254,0.21415564,0.13136773,0.38159412,0.46982324,0.0044664904,1.49E-05,0.34851477,0.4641461,0.01312063,0.00014645103,0.38961926,0.4486558,0.012712198,0.00015529175,0.43765217,0.46403483,3.78E-21,2.00E-21,0.3114554,1.61E-15,0.46489775,2.87E-06,1.13E-05,0.43570697,0,0.4486267,0,0,0.3503546,0,0.58125275,0.47003502,4
0.45827308,0.3155022,0.21322906,0.13156019,0.38159412,0.46982324,0,0,0.34851477,0.4641461,0,0,0.38961926,0.4486558,0,0,0.43765217,0.46403483,0,0,0,0,0,0.9826648,0,0.43570697,0,0.4486267,0,0,2.08E-17,0,0.58125275,0.47003502,4
0.7174887,0.9868526,0.24401881,0.12160973,0.38159412,0.46982324,0,0,0.34851477,0.4641461,0,0,0.38961926,0.4486558,0,0,0.43765217,0.46403483,0,0,0,0,0,0.98266506,0,0.43570697,0,0.4486267,0,0,2.08E-17,0,0.58125275,0.47003502,4
0.00088158064,0.0015349592,0.008320414,0.00084989885,0.38159412,0.46982324,0.004620509,1.61E-05,0.34851474,0.46396613,0.03506881,0.0011826052,0.38960698,0.4430276,0.032054164,0.0011983961,0.43777478,0.4860344,1.49E-24,1.15E-18,0.00090185704,2.77E-17,0.0016311208,8.33E-10,1.78E-17,0.43570697,0.0005009599,0.448362,0.0014169087,0.0023359412,0.03926697,0.0005068518,0.5812522,0.46834898,0
0.25685716,0.3387293,1.65E-05,1.67E-06,0.38159412,0.46982324,0,0,0.34851477,0.4641461,0,0,0.38961926,0.4486558,0,0,0.43765217,0.46403483,0,0,0,0,0,0.98266304,0,0.43570697,0,0.4486267,0,0,2.08E-17,0,0.58125275,0.47003502,2
0.414598,0.43346336,0.21229355,0.1317484,0.38159412,0.46982324,0,0,0.34851477,0.4641461,0,0,0.38961926,0.4486558,0,0,0.43765217,0.46403483,0,0,0,0,0,0.9826648,0,0.43570697,0,0.4486267,0,0,2.08E-17,0,0.58125275,0.47003502,4
0.0077540306,0.0016789398,0.054222926,0.07182422,0.36049607,0.41015834,0.34087,0.1797746,0.32416162,0.3967404,0.3410668,0.21210322,0.3614714,0.37669554,0.32362556,0.2169794,0.4329304,0.4590458,5.89E-18,2.71E-17,0.008208678,5.39E-17,0.0014575353,1.57E-05,6.16E-05,0.43570697,0.18727148,0.4486267,0.00015013842,0.44997126,0.16742234,0.19600621,0.58125275,0.47003502,0
0.22455446,0.30118355,7.44E-05,3.72E-06,0.38159412,0.46982324,0,0,0.34851477,0.4641461,0,0,0.38961926,0.4486558,0,0,0.43765217,0.46403483,0,0,0,0,0,0.9826631,0,0.43570697,0,0.4486267,0,0,2.08E-17,0,0.58125275,0.47003502,2
0.39436033,0.41131824,0.005880681,0.00010694797,0.38159412,0.46982324,0.00035998516,9.65E-08,0.34851477,0.4641461,0.0007234971,4.45E-07,0.38961926,0.4486558,0.0006716022,4.33E-07,0.43765217,0.46403483,1.16E-19,1.37E-20,0.28801015,5.55E-09,0.30870408,1.93E-05,7.59E-05,0.43570697,0,0.4486267,0,0,0.009929078,0,0.58125275,0.47003502,3
0.0011299405,0.0015718197,0.008106628,0.00081069575,0.38159412,0.47094378,0.006284947,0.0001288215,0.348517,0.476075,0.03473625,0.0012009838,0.3897877,0.5219973,0.031634916,0.001180998,0.43792355,0.5131527,4.24E-21,3.35E-18,0.0010466062,6.97E-18,0.0016274871,8.22E-10,6.75E-18,0.43570697,0.0002751269,0.44843295,0.0013421904,0.0020302406,0.04000318,0.000449113,0.58125603,0.48393372,0
0.22098432,0.26008385,7.53E-05,3.82E-06,0.38159412,0.46982324,0,0,0.34851477,0.4641461,0,0,0.38961926,0.4486558,0,0,0.43765217,0.46403483,0,0,0,0,0,0.982663,0,0.43570697,0,0.4486267,0,0,2.08E-17,0,0.58125275,0.47003502,2
0.70821214,0.43725958,0.24341996,0.12187438,0.38159412,0.46982324,1.73E-06,2.24E-12,0.34851477,0.4641461,0.0042738877,1.55E-05,0.38961926,0.4486558,0.0064519574,4.00E-05,0.43765217,0.46403483,2.08E-22,2.19E-22,0.5771763,3.49E-06,0.3871544,3.14E-05,0.00012356111,0.43570697,0,0.4486267,0,0,0.3503546,0,0.58125275,0.47003502,4
0.0009221449,0.0005069461,0.016998487,0.0062157186,0.38159412,0.46982324,0.0015265472,6.39E-05,0.34851483,0.4660361,0.009255119,0.0013214407,0.3896224,0.45217532,0.11654015,0.037475016,0.43910903,0.47403398,1.15E-20,5.14E-19,0.00030445514,2.51E-16,0.0002409144,1.64E-08,3.28E-08,0.43570697,0,0.4486267,0,0,0.009929078,0,0.58125275,0.47003502,0
0.42716432,0.5250881,0.21305723,0.13159391,0.38159412,0.46982324,0.007714226,4.43E-05,0.34851477,0.4641461,0.015203475,0.00019663859,0.38961926,0.4486558,0.014327612,0.0001972671,0.43765217,0.46403483,2.04E-21,1.12E-21,0.30501246,4.14E-11,0.40699083,9.02E-06,3.55E-05,0.43570697,0,0.4486267,0,0,0.3503546,0,0.58125275,0.47003502,4
0.317604,0.27334422,0.21294002,0.13906945,0.38159412,0.46982324,0,0,0.34851477,0.4641461,0,0,0.38961926,0.4486558,0,0,0.43765217,0.46403483,0,0,0,0,0,0.98266613,0,0.43570697,0,0.4486267,0,0,2.08E-17,0,0.58125275,0.47003502,1
0.7135703,0.8019098,0.2505121,0.12733115,0.38159412,0.46982324,1.30E-06,1.25E-12,0.34851477,0.4641461,0.004219755,1.51E-05,0.38961926,0.4486558,0.006244645,3.75E-05,0.43765217,0.46403483,8.73E-23,9.27E-23,0.58672607,1.29E-10,0.713376,6.15E-06,2.42E-05,0.43570697,0,0.4486267,0,0,0.35886526,0,0.58125275,0.47003502,1
0.0013111882,0.0015996204,0.010960865,0.002779558,0.38159412,0.46982324,1.95E-06,3.84E-05,0.34851477,0.46414444,0.01933837,0.0005483003,0.3896247,0.45370132,0.058568012,0.0035875023,0.4375224,0.4552063,3.94E-18,4.48E-18,0.001372717,1.49E-17,0.0017007344,7.79E-10,1.52E-17,0.43570697,0.00015657178,0.4486267,0.0013860824,0.00015978311,0.040019136,0.00044256178,0.5812527,0.4692483,0
0.734585,0.795492,0.0070990366,9.56E-05,0.38159412,0.46982324,0,0,0.34851477,0.4641461,0,0,0.38961926,0.4486558,0,0,0.43765217,0.46403483,0,0,0,0,0,0.9826656,0,0.43570697,0,0.4486267,0,0,2.08E-17,0,0.58125275,0.47003502,3
0.0010721979,0.0018431487,0.06282687,0.18777765,0.38159412,0.4698204,0.001203844,0.00010318107,0.34851444,0.45482937,0.16636312,0.025033737,0.38980967,0.45334274,0.46946457,0.23436545,0.4681598,0.4947886,6.40E-21,8.79E-19,0.0010951522,3.07E-11,0.002070979,0.0009802426,0.003847653,0.43723446,0.032212883,0.53252894,0.0011744888,0.091466196,0.20590667,0.5107858,0.60905075,0.5467135,0
0.42261186,0.6026991,0.21228378,0.13174859,0.38159412,0.46982324,0.012680685,0.00011979575,0.34851477,0.4641461,0.015592367,0.00020682698,0.38961926,0.4486558,0.013405743,0.00017269862,0.43765217,0.46403483,5.53E-22,8.85E-22,0.29172128,2.02E-19,0.46542728,1.16E-06,4.55E-06,0.43570697,0,0.4486267,0,0,0.3503546,0,0.58125275,0.47003502,4
0.41638497,0.17467354,0.21615738,0.13092962,0.38159412,0.46982324,0.04398764,0.0014415088,0.34851477,0.4641461,0.016611809,0.0002347561,0.38961926,0.4486558,0.014471491,0.00020124896,0.43765217,0.46403483,6.86E-22,5.09E-16,0.29794842,8.12E-05,0.13735619,0.000113497415,0.000446436,0.43570697,0,0.4486267,0,0,0.3503546,0,0.58125275,0.47003502,4
0.43835795,0.5937017,0.21445261,0.13130437,0.38159412,0.46982324,3.25E-05,7.88E-10,0.34851477,0.4641461,0.009007151,6.90E-05,0.38961926,0.4486558,0.012549384,0.00015133935,0.43765217,0.46403483,9.75E-22,1.44E-21,0.31076494,5.82E-15,0.46315134,3.27E-06,1.29E-05,0.43570697,0,0.4486267,0,0,0.3503546,0,0.58125275,0.47003502,4
0.40742972,0.47461158,0.0059048776,0.00010682593,0.38159412,0.46982324,1.99E-06,2.94E-12,0.34851477,0.4641461,0.000638842,3.47E-07,0.38961926,0.4486558,0.0007902187,6.00E-07,0.43765217,0.46403483,1.79E-21,4.33E-21,0.27549556,1.80E-11,0.35790548,9.34E-06,3.67E-05,0.43570697,0,0.4486267,0,0,0.009929078,0,0.58125275,0.47003502,3
0.3588588,0.36325893,0.18461078,0.13427292,0.38159412,0.46982324,0,0,0.34851477,0.4641461,0,0,0.38961926,0.4486558,0,0,0.43765217,0.46403483,0,0,0,0,0,0.9826671,0,0.43570697,0,0.4486267,0,0,2.08E-17,0,0.58125275,0.47003502,5
0.33967438,0.18076073,0.0054255505,0.0001082122,0.38159412,0.46982324,0,0,0.34851477,0.4641461,0,0,0.38961926,0.4486558,0,0,0.43765217,0.46403483,0,0,0,0,0,0.98266554,0,0.43570697,0,0.4486267,0,0,2.08E-17,0,0.58125275,0.47003502,3
0.4548963,0.33794436,0.21358381,0.1314868,0.38159412,0.46982324,0.0013038394,1.27E-06,0.34851477,0.4641461,0.014866561,0.00018802001,0.38961926,0.4486558,0.014648135,0.00020619197,0.43765217,0.46403483,7.84E-21,6.94E-21,0.32260054,1.19E-06,0.2625877,3.92E-05,0.00015438053,0.43570697,0,0.4486267,0,0,0.3503546,0,0.58125275,0.47003502,4
0.43105516,0.6050895,0.21358693,0.13148448,0.38159412,0.46982324,0.00046450007,1.61E-07,0.34851477,0.4641461,0.0116163585,0.00011479503,0.38961926,0.4486558,0.012781006,0.00015697742,0.43765217,0.46403483,7.60E-22,8.62E-22,0.31015736,2.35E-17,0.47012937,1.86E-06,7.30E-06,0.43570697,0,0.4486267,0,0,0.3503546,0,0.58125275,0.47003502,4
0.001122127,0.0015441548,0.00914761,0.0010713467,0.38159412,0.47710305,0.0024901694,4.62E-06,0.34851497,0.5336326,0.031680476,0.0009436014,0.3897674,0.5367707,0.035879046,0.0014331429,0.4377557,0.48011476,2.64E-17,2.71E-17,0.0011731588,2.29E-17,0.0016681071,8.05E-10,1.67E-17,0.43570697,0.00030030604,0.4486198,0.0014593526,0.0015305559,0.039351344,0.00049707777,0.5812515,0.46338177,0
0.0008201927,0.0005047437,0.011204664,0.0010370195,0.38159412,0.46982324,0.012021813,0.0001076703,0.34851477,0.4641461,0.020071745,0.00034273093,0.38961926,0.4486558,0.016659072,0.00026669118,0.4376522,0.46470413,7.86E-19,6.45E-17,0.00024252398,2.95E-16,0.00011547866,1.66E-08,6.12E-16,0.43570697,0.00036983335,0.4486267,0.00040036434,0.016596328,0.031157175,0.00026663937,0.58125275,0.4706968,0
0.3944935,0.21637177,0.18436907,0.13427177,0.38159412,0.46982324,6.35E-05,3.01E-09,0.34851477,0.4641461,0.0122696515,0.00012807004,0.38961926,0.4486558,0.018499633,0.00032887686,0.43765217,0.46403483,5.76E-22,8.77E-22,0.24690904,1.23E-05,0.14514671,8.73E-05,0.00034340497,0.43570697,1.16E-15,0.4486267,0.50289834,8.82E-08,0.3503546,7.53E-15,0.58125275,0.47003502,5
0.3771691,0.13120449,0.19934557,0.14063616,0.38159412,0.46982324,0.011484965,9.83E-05,0.34851477,0.4641461,0.03265054,0.0009069092,0.38961926,0.4486558,0.028690923,0.00079103577,0.43765217,0.46403483,1.79E-21,3.22E-15,0.24408141,0.00011923817,0.09298426,0.00017078385,0.00067172997,0.43570697,0,0.4486267,0,0,0.35886526,0,0.58125275,0.47003502,1
0.4486574,0.34040818,0.21368311,0.13146627,0.38159412,0.46982324,0.00069927087,3.64E-07,0.34851477,0.4641461,0.014143465,0.0001701746,0.38961926,0.4486558,0.014511118,0.0002023526,0.43765217,0.46403483,2.96E-21,4.22E-21,0.3190531,1.08E-06,0.26462337,3.85E-05,0.00015150488,0.43570697,0,0.4486267,0,0,0.3503546,0,0.58125275,0.47003502,4
0.6473102,0.837529,0.0070740366,9.59E-05,0.38159412,0.46982324,4.85E-07,1.75E-13,0.34851477,0.4641461,0.000212768,3.85E-08,0.38961926,0.4486558,0.0002557765,6.29E-08,0.43765217,0.46403483,1.25E-21,7.36E-21,0.52826774,6.65E-11,0.75993603,5.35E-06,2.10E-05,0.43570697,0,0.4486267,0,0,0.009929078,0,0.58125275,0.47003502,3
0.7473814,0.6625716,0.007074797,9.59E-05,0.38159412,0.46982324,0,0,0.34851477,0.4641461,0,0,0.38961926,0.4486558,0,0,0.43765217,0.46403483,0,0,0,0,0,0.9826656,0,0.43570697,0,0.4486267,0,0,2.08E-17,0,0.58125275,0.47003502,3
0.0010687311,0.0014618904,0.05607417,0.080671266,0.38159412,0.46982324,1.97E-09,0.007243884,0.34851477,0.4641461,1.07E-08,0.008649153,0.38961926,0.4486558,0.023838473,0.009689828,0.4377891,0.47279036,3.21E-20,4.58E-16,0.0002848248,1.05E-14,0.00014169146,2.07E-08,8.00E-15,0.43570697,0,0.4486267,0.00021653475,1.40E-09,0.009929078,1.90E-18,0.58125275,0.47003502,0
0.7133362,0.8032891,0.25040463,0.12738045,0.38159412,0.46982324,9.46E-07,6.67E-13,0.34851477,0.4641461,0.0040887836,1.42E-05,0.38961926,0.4486558,0.0062197833,3.72E-05,0.43765217,0.46403483,1.64E-22,1.37E-22,0.58447766,1.21E-10,0.7142961,6.10E-06,2.40E-05,0.43570697,0,0.4486267,0,0,0.35886526,0,0.58125275,0.47003502,1
0.74102086,0.6099963,0.008108969,7.86E-05,0.38159412,0.46982324,3.50E-07,9.15E-14,0.34851477,0.4641461,0.00017764002,2.68E-08,0.38961926,0.4486558,0.0002719741,7.11E-08,0.43765217,0.46403483,5.85E-23,6.58E-23,0.7165135,1.30E-07,0.6303476,1.42E-05,5.58E-05,0.43570697,0,0.4486267,0,0,0.009929078,0,0.58125275,0.47003502,3
0.4209511,0.4072066,0.005865918,0.000107021195,0.38159412,0.46982324,0.0015740247,1.85E-06,0.34851477,0.4641461,0.0007426542,4.69E-07,0.38961926,0.4486558,0.000668172,4.29E-07,0.43765217,0.46403483,4.12E-22,5.43E-22,0.30904165,7.94E-09,0.30482826,2.04E-05,8.02E-05,0.43570697,0,0.4486267,0,0,0.009929078,0,0.58125275,0.47003502,3
0.7021757,0.76825297,0.25070453,0.12724309,0.38159412,0.46982324,0,0,0.34851477,0.4641461,0,0,0.38961926,0.4486558,0,0,0.43765217,0.46403483,0,0,0,0,0,0.9826662,0,0.43570697,0,0.4486267,0,0,2.08E-17,0,0.58125275,0.47003502,1
0.7004469,0.4730642,0.25094822,0.12713169,0.38159412,0.46982324,3.34E-08,8.33E-16,0.34851477,0.4641461,0.0028780492,7.05E-06,0.38961926,0.4486558,0.0060725985,3.54E-05,0.43765217,0.46403483,6.12E-23,1.07E-22,0.57923234,1.63E-06,0.4215657,2.67E-05,0.000105206396,0.43570697,0,0.4486267,0,0,0.35886526,0,0.58125275,0.47003502,1
0.43889186,0.6057749,0.21394317,0.13140985,0.38159412,0.46982324,0.046177674,0.0015886204,0.34851477,0.4641461,0.016690204,0.00023697708,0.38961926,0.4486558,0.013282299,0.00016953275,0.43765217,0.46403483,4.96E-22,5.06E-22,0.31645086,2.85E-18,0.47145894,1.50E-06,5.91E-06,0.43570697,0,0.4486267,0,0,0.3503546,0,0.58125275,0.47003502,4
0.8238294,0.8834511,0.008126266,7.72E-05,0.38159412,0.46982324,0,0,0.34851477,0.4641461,0,0,0.38961926,0.4486558,0,0,0.43765217,0.46403483,0,0,0,0,0,0.98266566,0,0.43570697,0,0.4486267,0,0,2.08E-17,0,0.58125275,0.47003502,3
0.7129215,0.36073747,0.24267189,0.122200765,0.38159412,0.46982324,0.0009911616,7.32E-07,0.34851477,0.4641461,0.008061921,5.53E-05,0.38961926,0.4486558,0.007578138,5.52E-05,0.43765217,0.46403483,3.43E-22,1.82E-21,0.5739946,1.24E-05,0.31842777,4.33E-05,0.00017046354,0.43570697,0,0.4486267,0,0,0.3503546,0,0.58125275,0.47003502,4
0.2527256,0.34819353,1.50E-05,1.46E-06,0.38159412,0.46982324,0,0,0.34851477,0.4641461,0,0,0.38961926,0.4486558,0,0,0.43765217,0.46403483,0,0,0,0,0,0.9826631,0,0.43570697,0,0.4486267,0,0,2.08E-17,0,0.58125275,0.47003502,2
0.71042347,0.98976123,0.24417157,0.121541664,0.38159412,0.46982324,0,0,0.34851477,0.4641461,0,0,0.38961926,0.4486558,0,0,0.43765217,0.46403483,0,0,0,0,0,0.98266506,0,0.43570697,0,0.4486267,0,0,2.08E-17,0,0.58125275,0.47003502,4
0.25785562,0.34745106,1.54E-05,1.55E-06,0.38159412,0.46982324,0,0,0.34851477,0.4641461,0,0,0.38961926,0.4486558,0,0,0.43765217,0.46403483,0,0,0,0,0,0.9826631,0,0.43570697,0,0.4486267,0,0,2.08E-17,0,0.58125275,0.47003502,2
0.39854768,0.42966717,0.00595891,0.00010654059,0.38159412,0.46982324,5.44E-06,2.20E-11,0.34851477,0.4641461,0.00070493424,4.23E-07,0.38961926,0.4486558,0.00074968144,5.40E-07,0.43765217,0.46403483,3.45E-21,2.73E-21,0.31994763,1.07E-09,0.326969,1.56E-05,6.14E-05,0.43570697,0,0.4486267,0,0,0.009929078,0,0.58125275,0.47003502,3
0.7090217,0.6049418,0.2498083,0.12765193,0.38159412,0.46982324,5.38E-07,2.15E-13,0.34851477,0.4641461,0.003895158,1.29E-05,0.38961926,0.4486558,0.0063118422,3.83E-05,0.43765217,0.46403483,1.73E-22,1.58E-22,0.57362163,9.94E-08,0.5366408,1.59E-05,6.24E-05,0.43570697,0,0.4486267,0,0,0.35886526,0,0.58125275,0.47003502,1
0.35528567,0.11683585,0.1955559,0.14081633,0.38159412,0.46982324,0.055006307,0.0022541403,0.34851477,0.4641461,0.03992579,0.0013560951,0.38961926,0.4486558,0.031133467,0.00093145535,0.43765217,0.46403483,1.88E-21,7.43E-14,0.21736857,0.00017846383,0.08124519,0.00020115347,0.00079115556,0.43570697,0,0.4486267,0,0,0.35886526,0,0.58125275,0.47003502,1
0.0019312983,0.0020241989,0.072125025,0.2126586,0.38159412,0.46982297,0.010439561,8.48E-05,0.3485145,0.46222827,0.671838,0.44481328,0.4032562,0.46483353,0.50281394,0.278983,0.50560045,0.5187436,1.06E-17,1.04E-17,0.0021295568,5.07E-18,0.0022355288,4.86E-10,6.95E-18,0.41847876,0.6581196,0.48310795,0.0009925443,0.11354638,0.38020918,0.778555,0.59306043,0.49128646,0
0.25495887,0.28893006,1.50E-05,1.48E-06,0.38159412,0.46982324,0,0,0.34851477,0.4641461,0,0,0.38961926,0.4486558,0,0,0.43765217,0.46403483,0,0,0,0,0,0.982663,0,0.43570697,0,0.4486267,0,0,2.08E-17,0,0.58125275,0.47003502,2
0.22618547,0.3181685,7.28E-05,3.63E-06,0.38159412,0.46982324,0,0,0.34851477,0.4641461,0,0,0.38961926,0.4486558,0,0,0.43765217,0.46403483,0,0,0,0,0,0.9826633,0,0.43570697,0,0.4486267,0,0,2.08E-17,0,0.58125275,0.47003502,2
0.4481152,0.20622833,0.21602829,0.13095187,0.38159412,0.46982324,0,0,0.34851477,0.4641461,0,0,0.38961926,0.4486558,0,0,0.43765217,0.46403483,0,0,0,0,0,0.98266476,0,0.43570697,0,0.4486267,0,0,2.08E-17,0,0.58125275,0.47003502,4
0.4325328,0.59646636,0.21435513,0.131325,0.38159412,0.46982324,0.038671695,0.0011141468,0.34851477,0.4641461,0.018928232,0.0003047917,0.38961926,0.4486558,0.0134545015,0.00017395715,0.43765217,0.46403483,7.28E-22,1.21E-21,0.31130838,1.17E-15,0.4651168,2.77E-06,1.09E-05,0.43570697,0,0.4486267,0,0,0.3503546,0,0.58125275,0.47003502,4
0.3703272,0.20086902,0.18286599,0.13423622,0.38159412,0.46982324,0,0,0.34851477,0.4641461,0,0,0.38961926,0.4486558,0,0,0.43765217,0.46403483,0,0,0,0,0,0.98266697,0,0.43570697,0,0.4486267,0,0,2.08E-17,0,0.58125275,0.47003502,5
0.2575321,0.25423142,1.51E-05,1.53E-06,0.38159412,0.46982324,0,0,0.34851477,0.4641461,0,0,0.38961926,0.4486558,0,0,0.43765217,0.46403483,0,0,0,0,0,0.9826629,0,0.43570697,0,0.4486267,0,0,2.08E-17,0,0.58125275,0.47003502,2
0.7448553,0.75972456,0.007106033,9.55E-05,0.38159412,0.46982324,0.000188405,2.64E-08,0.34851477,0.4641461,0.00033731456,9.68E-08,0.38961926,0.4486558,0.00027094493,7.05E-08,0.43765217,0.46403483,4.15E-23,9.11E-23,0.6333627,2.99E-09,0.6924377,8.75E-06,3.44E-05,0.43570697,0,0.4486267,0,0,0.009929078,0,0.58125275,0.47003502,3
0.40002957,0.3765663,0.005804634,0.0001073089,0.38159412,0.46982324,0,0,0.34851477,0.4641461,0,0,0.38961926,0.4486558,0,0,0.43765217,0.46403483,0,0,0,0,0,0.9826656,0,0.43570697,0,0.4486267,0,0,2.08E-17,0,0.58125275,0.47003502,3
0.70951974,0.40350586,0.24366415,0.121766,0.38159412,0.46982324,3.07E-05,7.01E-10,0.34851477,0.4641461,0.005683396,2.75E-05,0.38961926,0.4486558,0.006908781,4.59E-05,0.43765217,0.46403483,1.07E-22,1.52E-22,0.58007646,6.17E-06,0.3576293,3.60E-05,0.00014167871,0.43570697,0,0.4486267,0,0,0.3503546,0,0.58125275,0.47003502,4
0.42615208,0.5424326,0.21331695,0.13154238,0.38159412,0.46982324,0.0011429782,9.73E-07,0.34851477,0.4641461,0.011790266,0.00011825793,0.38961926,0.4486558,0.013610537,0.00017801543,0.43765217,0.46403483,3.43E-21,3.02E-21,0.3077873,4.75E-12,0.4209339,7.03E-06,2.76E-05,0.43570697,0,0.4486267,0,0,0.3503546,0,0.58125275,0.47003502,4
0.7190274,0.6724285,0.008075827,7.90E-05,0.38159412,0.46982324,0,0,0.34851477,0.4641461,0,0,0.38961926,0.4486558,0,0,0.43765217,0.46403483,0,0,0,0,0,0.9826656,0,0.43570697,0,0.4486267,0,0,2.08E-17,0,0.58125275,0.47003502,3
0.7098083,0.9900129,0.24415682,0.12154834,0.38159412,0.46982324,0,0,0.34851477,0.4641461,0,0,0.38961926,0.4486558,0,0,0.43765217,0.46403483,0,0,0,0,0,0.98266506,0,0.43570697,0,0.4486267,0,0,2.08E-17,0,0.58125275,0.47003502,4
0.0009768667,0.001527848,0.008359986,0.00085042644,0.38159412,0.46982324,0.008214255,6.03E-05,0.34851483,0.46471044,0.037037894,0.0013080527,0.3897458,0.5017401,0.03211081,0.0012059188,0.4380243,0.5303068,1.57E-21,1.62E-18,0.00094633293,6.28E-18,0.0016235341,8.24E-10,6.06E-18,0.43570697,4.63E-05,0.46361557,0.0014010685,0.004659008,0.040774003,0.00041036835,0.58127546,0.5134846,0
0.44594225,0.60082984,0.21384695,0.13143079,0.38159412,0.46982324,1.25E-05,1.16E-10,0.34851477,0.4641461,0.008327786,5.90E-05,0.38961926,0.4486558,0.012382616,0.00014734383,0.43765217,0.46403483,1.09E-21,1.15E-21,0.32088584,2.26E-16,0.46738067,2.35E-06,9.24E-06,0.43570697,0,0.4486267,0,0,0.3503546,0,0.58125275,0.47003502,4
0.37530845,0.41922495,0.0057873963,0.0001073447,0.38159412,0.46982324,0,0,0.34851477,0.4641461,0,0,0.38961926,0.4486558,0,0,0.43765217,0.46403483,0,0,0,0,0,0.9826656,0,0.43570697,0,0.4486267,0,0,2.08E-17,0,0.58125275,0.47003502,3
0.6883197,0.28186068,0.24903004,0.12800203,0.38159412,0.46982324,3.15E-08,7.40E-16,0.34851477,0.4641461,0.0024393066,5.06E-06,0.38961926,0.4486558,0.0059358636,3.39E-05,0.43765217,0.46403483,3.12E-22,5.36E-17,0.55713105,3.65E-05,0.24925202,6.15E-05,0.00024180995,0.43570697,0,0.4486267,0,0,0.35886526,0,0.58125275,0.47003502,1
0.34507698,0.1411317,0.005245503,0.00010817468,0.38159412,0.46982324,0,0,0.34851477,0.4641461,0,0,0.38961926,0.4486558,0,0,0.43765217,0.46403483,0,0,0,0,0,0.98266554,0,0.43570697,0,0.4486267,0,0,2.08E-17,0,0.58125275,0.47003502,3
0.59298027,0.16819064,0.2496353,0.12773134,0.38159412,0.46982324,6.55E-06,3.20E-11,0.34851477,0.4641461,0.005357114,2.44E-05,0.38961926,0.4486558,0.008245522,6.53E-05,0.43765217,0.46403483,9.81E-23,8.68E-11,0.48550007,0.00017597176,0.14910038,0.000118623706,0.0004665981,0.43570697,0,0.4486267,0,0,0.35886526,0,0.58125275,0.47003502,1
0.44118044,0.59828174,0.21382591,0.13143775,0.38159412,0.46982324,0.016504142,0.00020292799,0.34851477,0.4641461,0.017192274,0.0002514489,0.38961926,0.4486558,0.013320953,0.00017052091,0.43765217,0.46403483,3.34E-22,4.81E-22,0.31085387,9.65E-16,0.4653778,2.72E-06,1.07E-05,0.43570697,0,0.4486267,0,0,0.3503546,0,0.58125275,0.47003502,4
0.7420915,0.65844935,0.0070918873,9.57E-05,0.38159412,0.46982324,0,0,0.34851477,0.4641461,0,0,0.38961926,0.4486558,0,0,0.43765217,0.46403483,0,0,0,0,0,0.9826656,0,0.43570697,0,0.4486267,0,0,2.08E-17,0,0.58125275,0.47003502,3
0.21930283,0.3140934,7.23E-05,3.67E-06,0.38159412,0.46982324,0,0,0.34851477,0.4641461,0,0,0.38961926,0.4486558,0,0,0.43765217,0.46403483,0,0,0,0,0,0.9826632,0,0.43570697,0,0.4486267,0,0,2.08E-17,0,0.58125275,0.47003502,2
0.420031,0.60366344,0.21347424,0.13150892,0.38159412,0.46982324,0,0,0.34851477,0.4641461,0,0,0.38961926,0.4486558,0,0,0.43765217,0.46403483,0,0,0,0,0,0.98266506,0,0.43570697,0,0.4486267,0,0,2.08E-17,0,0.58125275,0.47003502,4
0.22139871,0.31667778,7.41E-05,3.75E-06,0.38159412,0.46982324,0,0,0.34851477,0.4641461,0,0,0.38961926,0.4486558,0,0,0.43765217,0.46403483,0,0,0,0,0,0.9826633,0,0.43570697,0,0.4486267,0,0,2.08E-17,0,0.58125275,0.47003502,2
0.22461851,0.31247377,7.41E-05,3.64E-06,0.38159412,0.46982324,0,0,0.34851477,0.4641461,0,0,0.38961926,0.4486558,0,0,0.43765217,0.46403483,0,0,0,0,0,0.9826632,0,0.43570697,0,0.4486267,0,0,2.08E-17,0,0.58125275,0.47003502,2
0.7182535,0.97210157,0.2443567,0.1214594,0.38159412,0.46982324,0,0,0.34851477,0.4641461,0,0,0.38961926,0.4486558,0,0,0.43765217,0.46403483,0,0,0,0,0,0.982665,0,0.43570697,0,0.4486267,0,0,2.08E-17,0,0.58125275,0.47003502,4
0.00051403884,0.00040082436,0.011493389,0.0004600613,0.38159412,0.46982324,1.39E-09,1.44E-18,0.34851477,0.4641461,9.93E-10,8.41E-19,0.38961926,0.4486558,9.93E-10,9.50E-19,0.43765217,0.46403483,5.46E-15,1.23E-14,0.00013076828,1.38E-14,7.13E-05,3.77E-08,1.20E-14,0.43570697,9.07E-19,0.4486267,0.00024702892,9.90E-10,2.08E-17,9.50E-19,0.58125275,0.47003502,0
0.00093161233,0.0015174702,0.008327536,0.0008561307,0.38159412,0.46982324,0.0004110629,0.0003418795,0.34851474,0.46375564,0.027342692,0.0008898637,0.38959652,0.4360582,0.031935003,0.0012063797,0.43757075,0.44962126,1.51E-20,7.08E-19,0.0010286868,6.21E-18,0.0016469628,8.07E-10,6.82E-18,0.4357094,0.0004520478,0.4633169,0.0014595443,0.0034562293,0.039403934,0.00050490943,0.5812727,0.5164859,0
0.46627152,0.5943685,0.21465445,0.13125966,0.38159412,0.46982324,0.0017309515,2.23E-06,0.34851477,0.4641461,0.012862695,0.00014074954,0.38961926,0.4486558,0.013037427,0.00016333938,0.43765217,0.46403483,3.60E-22,3.85E-22,0.33375448,1.19E-14,0.46411723,3.53E-06,1.39E-05,0.43570697,0,0.4486267,0,0,0.3503546,0,0.58125275,0.47003502,4
0.0013482693,0.0015659954,0.008606697,0.0009089563,0.38159412,0.47051927,0.026456239,0.00052249565,0.34852117,0.4799733,0.038415167,0.0013710308,0.3897744,0.5136316,0.033356607,0.0012690662,0.4379831,0.52092147,2.57E-18,2.57E-18,0.001280028,4.74E-18,0.0016451991,8.07E-10,5.73E-18,0.43570697,0.0002839216,0.4486267,0.0013835939,0.00079908513,0.04010314,0.00043645696,0.5812524,0.46664113,0
0.40525994,0.39802176,0.0058606397,0.0001070536,0.38159412,0.46982324,5.02E-09,1.88E-17,0.34851477,0.4641461,0.00025323278,5.46E-08,0.38961926,0.4486558,0.00061567157,3.64E-07,0.43765217,0.46403483,1.59E-21,2.76E-21,0.30343872,1.15E-08,0.2976106,2.16E-05,8.51E-05,0.43570697,0,0.4486267,0,0,0.009929078,0,0.58125275,0.47003502,3
0.000113001595,0.00041746895,0.020220999,0.015276393,0.38159412,0.46982324,2.41E-09,4.40E-18,0.34851477,0.4641461,0.0020344635,3.53E-06,0.3896191,0.3989327,0.014090105,0.00019078393,0.43765125,0.45409098,0,1.94E-30,7.71E-06,1.63E-17,9.22E-05,2.01E-08,1.63E-13,0.43570697,3.81E-06,0.3989068,0.00031961728,0.014037034,0.03225849,0.00019074678,0.581252,0.4602027,0
0.000733911,0.0015701894,0.023995275,0.05524606,0.38159412,0.46982324,1.99E-05,9.57E-07,0.34851477,0.46414587,0.02358703,0.00063740683,0.38960114,0.43460754,0.2616861,0.07237178,0.44085193,0.47459733,9.00E-22,2.09E-19,0.00070648355,7.11E-18,0.0016813657,7.84E-10,8.12E-18,0.43570697,0.0018429204,0.47173765,0.0013355198,0.058865555,0.044138532,0.0035956856,0.5813975,0.48235515,0
0.38120812,0.4513755,0.005925168,0.000106699925,0.38159412,0.46982324,0.00037644952,1.06E-07,0.34851477,0.4641461,0.0009236259,7.26E-07,0.38961926,0.4486558,0.0007782092,5.82E-07,0.43765217,0.46403483,1.23E-20,2.18E-20,0.24065477,1.59E-10,0.34157208,1.20E-05,4.72E-05,0.43570697,0,0.4486267,0,0,0.009929078,0,0.58125275,0.47003502,3
0.3621909,0.4363499,0.2063968,0.14000139,0.38159412,0.46982324,0,0,0.34851477,0.4641461,0,0,0.38961926,0.4486558,0,0,0.43765217,0.46403483,0,0,0,0,0,0.9826662,0,0.43570697,0,0.4486267,0,0,2.08E-17,0,0.58125275,0.47003502,1
0.40610868,0.18811393,0.20988773,0.1395432,0.38159412,0.46982324,1.27E-05,1.20E-10,0.34851477,0.4641461,0.015154541,0.00019537483,0.38961926,0.4486558,0.021819046,0.00045748684,0.43765217,0.46403483,1.05E-21,5.62E-21,0.2882769,2.56E-05,0.14028835,9.87E-05,0.00038827295,0.43570697,0,0.4486267,0,0,0.35886526,0,0.58125275,0.47003502,1
0.41455236,0.43712854,0.21723919,0.13827106,0.38159412,0.46982324,0,0,0.34851477,0.4641461,0,0,0.38961926,0.4486558,0,0,0.43765217,0.46403483,0,0,0,0,0,0.9826662,0,0.43570697,0,0.4486267,0,0,2.08E-17,0,0.58125275,0.47003502,1
0.0039580488,0.0020677827,0.075780496,0.23228769,0.20856985,0.36260116,0.9299833,0.81653684,0.15452562,0.35384217,0.8374331,0.7521938,0.3456304,0.41934595,0.52596086,0.31050792,0.5176022,0.5209258,7.16E-20,2.81E-19,0.0044718185,2.48E-18,0.0022781456,4.67E-10,6.01E-18,0.16747601,0.8723759,0.11118248,0.0021908327,0.87833,0.2678974,0.74682033,0.53644735,0.18944602,0
0.7193186,0.97577995,0.24392192,0.12165288,0.38159412,0.46982324,0,0,0.34851477,0.4641461,0,0,0.38961926,0.4486558,0,0,0.43765217,0.46403483,0,0,0,0,0,0.982665,0,0.43570697,0,0.4486267,0,0,2.08E-17,0,0.58125275,0.47003502,4
0.738333,0.618714,0.0081149,7.84E-05,0.38159412,0.46982324,1.32E-07,1.30E-14,0.34851477,0.4641461,0.00016036381,2.19E-08,0.38961926,0.4486558,0.0002671691,6.86E-08,0.43765217,0.46403483,8.45E-23,1.12E-22,0.7162419,1.06E-07,0.6399732,1.37E-05,5.38E-05,0.43570697,0,0.4486267,0,0,0.009929078,0,0.58125275,0.47003502,3
0.38992736,0.41416973,0.21479131,0.13874263,0.38159412,0.46982324,0.035849445,0.0009574604,0.34851477,0.4641461,0.022098286,0.00041543227,0.38961926,0.4486558,0.026153062,0.00065728265,0.43765217,0.46403483,3.70E-21,5.16E-21,0.288604,1.83E-09,0.3162238,1.69E-05,6.63E-05,0.43570697,0,0.4486267,0,0,0.35886526,0,0.58125275,0.47003502,1
0.6375644,0.18737155,0.0070414976,9.63E-05,0.38159412,0.46982324,1.37E-07,1.40E-14,0.34851477,0.4641461,0.00013815031,1.62E-08,0.38961926,0.4486558,0.00021361603,4.39E-08,0.43765217,0.46403483,8.04E-23,3.01E-11,0.53191864,0.00014544356,0.16922687,0.00010348498,0.00040705723,0.43570697,0,0.4486267,0,0,0.009929078,0,0.58125275,0.47003502,3
0.40671754,0.39085126,0.21259645,0.13912492,0.38159412,0.46982324,0,0,0.34851477,0.4641461,0,0,0.38961926,0.4486558,0,0,0.43765217,0.46403483,0,0,0,0,0,0.98266613,0,0.43570697,0,0.4486267,0,0,2.08E-17,0,0.58125275,0.47003502,1
0.0010532229,0.0014913576,0.009117117,0.004197384,0.38159412,0.46982324,3.87E-06,3.64E-07,0.34851477,0.46414703,0.0071609626,0.000105275314,0.38962513,0.4802734,0.010491114,0.00016021694,0.4376763,0.49545112,1.16E-30,1.30E-21,0.00012292725,3.69E-17,0.00035045797,5.28E-09,1.46E-16,0.43570796,0.00011360026,0.48024222,0.0012116272,0.010451123,0.028214943,0.00016019926,0.5812725,0.5011146,0
0.22300453,0.2972125,7.51E-05,3.77E-06,0.38159412,0.46982324,0,0,0.34851477,0.4641461,0,0,0.38961926,0.4486558,0,0,0.43765217,0.46403483,0,0,0,0,0,0.9826631,0,0.43570697,0,0.4486267,0,0,2.08E-17,0,0.58125275,0.47003502,2
0.75127244,0.7440176,0.008081021,7.86E-05,0.38159412,0.46982324,0.0003411646,8.67E-08,0.34851477,0.4641461,0.0002835312,6.84E-08,0.38961926,0.4486558,0.0002687307,6.94E-08,0.43765217,0.46403483,1.23E-22,9.19E-23,0.7174387,3.39E-09,0.76823515,8.08E-06,3.18E-05,0.43570697,0,0.4486267,0,0,0.009929078,0,0.58125275,0.47003502,3
0.43737423,0.6037239,0.21249121,0.13170655,0.38159412,0.46982324,0.00085155334,5.40E-07,0.34851477,0.4641461,0.013867041,0.0001635877,0.38961926,0.4486558,0.01360086,0.00017776237,0.43765217,0.46403483,6.56E-22,6.69E-22,0.30997708,7.12E-20,0.46667784,1.04E-06,4.11E-06,0.43570697,0,0.4486267,0,0,0.3503546,0,0.58125275,0.47003502,4
0.0001503692,0.00041835208,0.011574745,0.00054686837,0.38159412,0.46982324,2.41E-09,1.59E-06,0.34851477,0.4641461,0.0020310155,3.96E-06,0.38961926,0.44849604,0.014088567,0.00019074758,0.43764994,0.44608757,0,1.55E-30,7.69E-06,1.63E-17,9.22E-05,2.01E-08,5.16E-16,0.43570697,4.27E-06,0.44803873,0.000319613,0.014035505,0.032385603,0.00019071052,0.5812509,0.45253035,0
0.00060455943,0.00042112605,0.009467112,0.00054275733,0.38159412,0.46982324,0,0,0.34851477,0.4641461,0,1.15E-07,0.38961926,0.4486558,0.00013550807,0.00015507016,0.437652,0.4484349,0,0,2.24E-06,4.02E-21,4.26E-05,3.83E-08,1.18E-16,0.43570697,0,0.4486267,0,0,0.009219858,0,0.58125275,0.47003502,0
0.74499565,0.8094645,0.0070954906,9.56E-05,0.38159412,0.46982324,2.26E-08,3.80E-16,0.34851477,0.4641461,0.00013756815,1.61E-08,0.38961926,0.4486558,0.00024002553,5.54E-08,0.43765217,0.46403483,1.27E-22,1.46E-22,0.62661487,4.96E-10,0.73665917,6.86E-06,2.70E-05,0.43570697,0,0.4486267,0,0,0.009929078,0,0.58125275,0.47003502,3
0.71666497,0.9453794,0.245054,0.121146984,0.38159412,0.46982324,0,0,0.34851477,0.4641461,0,0,0.38961926,0.4486558,0,0,0.43765217,0.46403483,0,0,0,0,0,0.982665,0,0.43570697,0,0.4486267,0,0,2.08E-17,0,0.58125275,0.47003502,4
0.7246862,0.9039195,0.24431515,0.12147817,0.38159412,0.46982324,0.002782664,5.77E-06,0.34851477,0.4641461,0.008940337,6.80E-05,0.38961926,0.4486558,0.0070074107,4.72E-05,0.43765217,0.46403483,7.01E-23,1.09E-22,0.59660196,3.74E-13,0.8033021,3.05E-06,1.20E-05,0.43570697,0,0.4486267,0,0,0.3503546,0,0.58125275,0.47003502,4
0.24893151,0.3605718,1.51E-05,1.51E-06,0.38159412,0.46982324,0,0,0.34851477,0.4641461,0,0,0.38961926,0.4486558,0,0,0.43765217,0.46403483,0,0,0,0,0,0.9826633,0,0.43570697,0,0.4486267,0,0,2.08E-17,0,0.58125275,0.47003502,2
0.25713247,0.35835555,1.51E-05,1.53E-06,0.38159412,0.46982324,0,0,0.34851477,0.4641461,0,0,0.38961926,0.4486558,0,0,0.43765217,0.46403483,0,0,0,0,0,0.9826632,0,0.43570697,0,0.4486267,0,0,2.08E-17,0,0.58125275,0.47003502,2
0.45108503,0.40883517,0.21221147,0.1317648,0.38159412,0.46982324,0,0,0.34851477,0.4641461,0,0,0.38961926,0.4486558,0,0,0.43765217,0.46403483,0,0,0,0,0,0.9826648,0,0.43570697,0,0.4486267,0,0,2.08E-17,0,0.58125275,0.47003502,4
0.41968066,0.40106222,0.0058535812,0.00010707934,0.38159412,0.46982324,4.83E-09,1.73E-17,0.34851477,0.4641461,0.00024409172,5.07E-08,0.38961926,0.4486558,0.0006120912,3.60E-07,0.43765217,0.46403483,8.77E-22,1.70E-21,0.31004184,1.07E-08,0.29954335,2.14E-05,8.42E-05,0.43570697,0,0.4486267,0,0,0.009929078,0,0.58125275,0.47003502,3
0.7106636,0.47146988,0.24975836,0.1276757,0.38159412,0.46982324,4.59E-08,1.57E-15,0.34851477,0.4641461,0.0029736846,7.52E-06,0.38961926,0.4486558,0.006114865,3.59E-05,0.43765217,0.46403483,2.42E-22,1.77E-22,0.5746583,1.74E-06,0.41815302,2.71E-05,0.00010667607,0.43570697,0,0.4486267,0,0,0.35886526,0,0.58125275,0.47003502,1
0.000191812,0.00055089203,0.02316365,0.026638646,0.38159412,0.46983182,0.0032330658,0.00016191855,0.3485157,0.472552,0.009274352,0.001500589,0.3896853,0.51810396,0.2461256,0.15908617,0.44715703,0.47908136,8.31E-21,8.24E-18,0.00013267233,1.81E-16,0.0003007288,6.54E-09,3.39E-16,0.43570697,1.81E-18,0.4486267,0.0003730912,9.90E-10,0.017626109,3.90E-18,0.58125275,0.47003502,0
0.0005650432,0.0006782062,0.014378526,0.001372443,0.38159412,0.46982324,9.55E-09,6.79E-17,0.34851477,0.4641461,0.008684652,6.42E-05,0.38961926,0.4486558,0.015434731,0.00022893133,0.43765217,0.46403483,0,1.31E-27,2.24E-05,2.23E-16,0.000102620055,1.83E-08,5.68E-16,0.43570697,6.92E-05,0.4486267,0.00035578356,0.015376599,0.018255334,0.00022888684,0.58125275,0.47003502,0
0.37433976,0.4182562,0.0057736277,0.00010740097,0.38159412,0.46982324,0,0,0.34851477,0.4641461,0,0,0.38961926,0.4486558,0,0,0.43765217,0.46403483,0,0,0,0,0,0.9826656,0,0.43570697,0,0.4486267,0,0,2.08E-17,0,0.58125275,0.47003502,3
0.34899694,0.14315532,0.18280928,0.13424419,0.38159412,0.46982324,0.00019902058,2.95E-08,0.34851477,0.4641461,0.01487834,0.00018831808,0.38961926,0.4486558,0.019689236,0.00037253305,0.43765217,0.46403483,4.92E-22,5.04E-16,0.21384387,0.00010853738,0.095226444,0.00016303368,0.0006412526,0.43570697,8.13E-16,0.4486267,0.3299083,8.23E-08,0.3503546,6.56E-15,0.58125275,0.47003502,5
0.2508991,0.35245752,1.65E-05,1.67E-06,0.38159412,0.46982324,0,0,0.34851477,0.4641461,0,0,0.38961926,0.4486558,0,0,0.43765217,0.46403483,0,0,0,0,0,0.98266315,0,0.43570697,0,0.4486267,0,0,2.08E-17,0,0.58125275,0.47003502,2
0.42104098,0.15838957,0.21771407,0.1305636,0.38159412,0.46982324,3.66E-07,1.00E-13,0.34851477,0.4641461,0.0065568024,3.66E-05,0.38961926,0.4486558,0.011981901,0.00013796169,0.43765217,0.46403483,4.88E-22,2.74E-14,0.30569473,0.00011764776,0.12543142,0.00012931901,0.000508661,0.43570697,0,0.4486267,0,0,0.3503546,0,0.58125275,0.47003502,4
0.7093633,0.76589984,0.25017223,0.1274867,0.38159412,0.46982324,0,0,0.34851477,0.4641461,0,0,0.38961926,0.4486558,0,0,0.43765217,0.46403483,0,0,0,0,0,0.9826662,0,0.43570697,0,0.4486267,0,0,2.08E-17,0,0.58125275,0.47003502,1
0.7391337,0.74333483,0.0080868965,7.84E-05,0.38159412,0.46982324,0.0003058491,6.97E-08,0.34851477,0.4641461,0.00028050054,6.69E-08,0.38961926,0.4486558,0.00026831473,6.92E-08,0.43765217,0.46403483,2.46E-22,1.32E-22,0.7093978,3.31E-09,0.7680987,8.06E-06,3.17E-05,0.43570697,0,0.4486267,0,0,0.009929078,0,0.58125275,0.47003502,3
0.23732872,0.050012268,0.005947737,0.00010628848,0.38159412,0.46982324,0,0,0.34851477,0.4641461,0,0,0.38961926,0.4486558,0,0,0.43765217,0.46403483,0,0,0,0,0,0.9826655,0,0.43570697,0,0.4486267,0,0,2.08E-17,0,0.58125275,0.47003502,3
0.70576733,0.58808094,0.25056913,0.1273044,0.38159412,0.46982324,3.93E-06,1.15E-11,0.34851477,0.4641461,0.004735294,1.91E-05,0.38961926,0.4486558,0.006522003,4.09E-05,0.43765217,0.46403483,4.40E-23,1.19E-22,0.58070445,1.47E-07,0.5232741,1.69E-05,6.66E-05,0.43570697,0,0.4486267,0,0,0.35886526,0,0.58125275,0.47003502,1
0.35939535,0.14096539,0.19906436,0.14065306,0.38159412,0.46982324,0,0,0.34851477,0.4641461,0,0,0.38961926,0.4486558,0,0,0.43765217,0.46403483,0,0,0,0,0,0.9826661,0,0.43570697,0,0.4486267,0,0,2.08E-17,0,0.58125275,0.47003502,1
0.64976037,0.21624221,0.2497406,0.12768441,0.38159412,0.46982324,3.67E-07,1.00E-13,0.34851477,0.4641461,0.0038386993,1.25E-05,0.38961926,0.4486558,0.0070641097,4.80E-05,0.43765217,0.46403483,2.65E-22,2.71E-13,0.53130466,9.04E-05,0.19177511,8.71E-05,0.00034246908,0.43570697,0,0.4486267,0,0,0.35886526,0,0.58125275,0.47003502,1
0.7439964,0.6243355,0.007085755,9.57E-05,0.38159412,0.46982324,6.48E-06,3.12E-11,0.34851477,0.4641461,0.00025966397,5.74E-08,0.38961926,0.4486558,0.00025930966,6.46E-08,0.43765217,0.46403483,1.14E-22,1.36E-22,0.62416244,1.19E-07,0.5674532,1.54E-05,6.06E-05,0.43570697,0,0.4486267,0,0,0.009929078,0,0.58125275,0.47003502,3
0.43879256,0.42208564,0.21222676,0.1317613,0.38159412,0.46982324,0.0007573218,4.27E-07,0.34851477,0.4641461,0.014914088,0.0001892241,0.38961926,0.4486558,0.014643679,0.00020606656,0.43765217,0.46403483,5.77E-22,1.15E-21,0.30839097,4.23E-08,0.32588318,2.25E-05,8.87E-05,0.43570697,0,0.4486267,0,0,0.3503546,0,0.58125275,0.47003502,4
0.64414537,0.2096465,0.24912284,0.12796225,0.38159412,0.46982324,5.60E-07,2.33E-13,0.34851477,0.4641461,0.0040278,1.38E-05,0.38961926,0.4486558,0.007212782,5.00E-05,0.43765217,0.46403483,1.84E-22,6.30E-13,0.5238846,9.95E-05,0.18546608,9.08E-05,0.00035703604,0.43570697,0,0.4486267,0,0,0.35886526,0,0.58125275,0.47003502,1
0.34883326,0.35794804,0.18371977,0.13425696,0.38159412,0.46982324,0,0,0.34851477,0.4641461,0,0,0.38961926,0.4486558,0,0,0.43765217,0.46403483,0,0,0,0,0,0.9826671,0,0.43570697,0,0.4486267,0,0,2.08E-17,0,0.58125275,0.47003502,5
0.7086257,0.8924731,0.0075768726,8.80E-05,0.38159412,0.46982324,1.24E-08,1.14E-16,0.34851477,0.4641461,9.77E-05,8.12E-09,0.38961926,0.4486558,0.0002265362,4.93E-08,0.43765217,0.46403483,5.93E-23,3.83E-23,0.8028133,2.37E-12,0.8674524,3.50E-06,1.38E-05,0.43570697,0,0.4486267,0,0,0.009929078,0,0.58125275,0.47003502,3
0.25264663,0.3568472,1.51E-05,1.49E-06,0.38159412,0.46982324,0,0,0.34851477,0.4641461,0,0,0.38961926,0.4486558,0,0,0.43765217,0.46403483,0,0,0,0,0,0.9826632,0,0.43570697,0,0.4486267,0,0,2.08E-17,0,0.58125275,0.47003502,2
0.43038926,0.6031925,0.21163057,0.13187774,0.38159412,0.46982324,0,0,0.34851477,0.4641461,0,0,0.38961926,0.4486558,0,0,0.43765217,0.46403483,0,0,0,0,0,0.9826651,0,0.43570697,0,0.4486267,0,0,2.08E-17,0,0.58125275,0.47003502,4
0.00038841806,0.0008964816,0.04270228,0.05769047,0.38159412,0.46982324,0.00016523612,2.03E-08,0.34851477,0.4641461,0.009241949,0.00029557606,0.3896142,0.43640536,0.31347463,0.18322186,0.44476712,0.47262213,6.89E-28,1.20E-19,5.96E-05,3.20E-16,0.00065566646,2.92E-09,2.36E-16,0.43570697,0,0.4486267,0,0,0.009219858,0,0.58125275,0.47003502,0
0.7507105,0.5801787,0.0070719765,9.59E-05,0.38159412,0.46982324,0,0,0.34851477,0.4641461,0,0,0.38961926,0.4486558,0,0,0.43765217,0.46403483,0,0,0,0,0,0.98266554,0,0.43570697,0,0.4486267,0,0,2.08E-17,0,0.58125275,0.47003502,3
0.38650662,0.3030588,0.2101946,0.13950348,0.38159412,0.46982324,0,0,0.34851477,0.4641461,0,0,0.38961926,0.4486558,0,0,0.43765217,0.46403483,0,0,0,0,0,0.98266613,0,0.43570697,0,0.4486267,0,0,2.08E-17,0,0.58125275,0.47003502,1
0.22794372,0.31313354,7.35E-05,3.63E-06,0.38159412,0.46982324,0,0,0.34851477,0.4641461,0,0,0.38961926,0.4486558,0,0,0.43765217,0.46403483,0,0,0,0,0,0.9826632,0,0.43570697,0,0.4486267,0,0,2.08E-17,0,0.58125275,0.47003502,2
0.74323887,0.83873624,0.0070971474,9.56E-05,0.38159412,0.46982324,5.05E-05,1.90E-09,0.34851477,0.4641461,0.00031186553,8.27E-08,0.38961926,0.4486558,0.0002673834,6.87E-08,0.43765217,0.46403483,1.21E-22,1.50E-22,0.6257736,1.43E-10,0.7634758,5.85E-06,2.30E-05,0.43570697,0,0.4486267,0,0,0.009929078,0,0.58125275,0.47003502,3
0.00038576114,0.00047312237,0.0114709055,0.0046880436,0.38159412,0.46982324,6.89E-06,3.53E-11,0.34851477,0.4641461,0.015961278,0.00021672969,0.38961926,0.4486565,0.01914243,0.00035212873,0.43765378,0.4845008,0,1.49E-23,2.55E-05,7.85E-17,7.44E-05,2.39E-08,2.24E-16,0.43570697,0.00023386821,0.44862738,0.0002580521,0.019070333,0.02983805,0.0003520603,0.58125407,0.49027166,0
0.76239306,0.9255522,0.24498047,0.12117997,0.38159412,0.46982324,4.81E-06,1.72E-11,0.34851477,0.4641461,0.0045719226,1.78E-05,0.38961926,0.4486558,0.0064883293,4.05E-05,0.43765217,0.46403483,1.15E-22,1.17E-22,0.63703257,9.79E-14,0.8247561,2.62E-06,1.03E-05,0.43570697,0,0.4486267,0,0,0.3503546,0,0.58125275,0.47003502,4
0.00022680013,0.00052786886,0.017507572,0.01122499,0.38159412,0.46982324,0,0,0.34851477,0.4641461,1.95E-08,1.68E-08,0.38961926,0.4486558,0.03625621,0.0057280906,0.43767536,0.4653167,0,0,4.81E-10,2.14E-19,7.81E-05,3.49E-08,1.19E-14,0.43570697,0,0.4486267,0,0,0.009929078,0,0.58125275,0.47003502,0
0.00028260276,0.0012030088,0.03961149,0.056793027,0.38159412,0.46982324,0,7.23E-19,0.34851477,0.4641461,9.27E-05,7.36E-09,0.38961926,0.44865474,0.011362783,0.00012407472,0.43765157,0.45450723,0,7.74E-31,6.79E-06,3.60E-20,7.72E-05,2.34E-08,3.87E-16,0.43570697,7.94E-09,0.44862562,0.0002676579,0.011319987,0.03298018,0.00012405061,0.5812522,0.4606142,0
0.25488177,0.34126663,1.51E-05,1.49E-06,0.38159412,0.46982324,0,0,0.34851477,0.4641461,0,0,0.38961926,0.4486558,0,0,0.43765217,0.46403483,0,0,0,0,0,0.9826631,0,0.43570697,0,0.4486267,0,0,2.08E-17,0,0.58125275,0.47003502,2
0.25690168,0.24612953,1.68E-05,1.70E-06,0.38159412,0.46982324,0,0,0.34851477,0.4641461,0,0,0.38961926,0.4486558,0,0,0.43765217,0.46403483,0,0,0,0,0,0.9826629,0,0.43570697,0,0.4486267,0,0,2.08E-17,0,0.58125275,0.47003502,2
0.37181598,0.4675969,0.0058822087,0.00010692772,0.38159412,0.46982324,0,0,0.34851477,0.4641461,0,0,0.38961926,0.4486558,0,0,0.43765217,0.46403483,0,0,0,0,0,0.98266566,0,0.43570697,0,0.4486267,0,0,2.08E-17,0,0.58125275,0.47003502,3
0.22521262,0.30760497,7.52E-05,3.84E-06,0.38159412,0.46982324,0,0,0.34851477,0.4641461,0,0,0.38961926,0.4486558,0,0,0.43765217,0.46403483,0,0,0,0,0,0.98266315,0,0.43570697,0,0.4486267,0,0,2.08E-17,0,0.58125275,0.47003502,2
0.22176151,0.3126837,7.40E-05,3.68E-06,0.38159412,0.46982324,0,0,0.34851477,0.4641461,0,0,0.38961926,0.4486558,0,0,0.43765217,0.46403483,0,0,0,0,0,0.9826632,0,0.43570697,0,0.4486267,0,0,2.08E-17,0,0.58125275,0.47003502,2
0.0062168846,0.0033109381,0.052011844,0.07757895,0.404888,0.5627846,0.36731645,0.13511167,0.35971996,0.5021671,0.33556923,0.26981667,0.3753167,0.41660547,0.33522955,0.256882,0.43152374,0.4583579,8.90E-20,7.09E-19,0.0053309533,8.42E-18,0.0028791714,3.37E-10,5.14E-17,0.43570697,3.19E-05,0.4486267,7.51E-05,0.005873705,0.029689793,3.34E-05,0.58125275,0.47003502,0
0.4260236,0.43847418,0.21182698,0.13184021,0.38159412,0.46982324,0,0,0.34851477,0.4641461,0,0,0.38961926,0.4486558,0,0,0.43765217,0.46403483,0,0,0,0,0,0.9826649,0,0.43570697,0,0.4486267,0,0,2.08E-17,0,0.58125275,0.47003502,4
0.71753645,0.6785511,0.25021616,0.12746699,0.38159412,0.46982324,0,0,0.34851477,0.4641461,0,0,0.38961926,0.4486558,0,0,0.43765217,0.46403483,0,0,0,0,0,0.98266613,0,0.43570697,0,0.4486267,0,0,2.08E-17,0,0.58125275,0.47003502,1
0.0008934625,0.001562047,0.0077977,0.00075638277,0.38159412,0.46982324,7.62E-05,3.65E-05,0.34851477,0.46401715,0.024952993,0.00075137214,0.38964832,0.4677041,0.030544559,0.0011328207,0.43784425,0.4998567,1.43E-21,1.26E-18,0.00084333355,8.03E-18,0.0016142468,8.32E-10,7.14E-18,0.43570697,0.00032759036,0.4485513,0.0014537494,0.002690421,0.03903068,0.0005254919,0.5812501,0.46218798,0
0.7448511,0.5029338,0.0070972466,9.56E-05,0.38159412,0.46982324,7.81E-06,4.54E-11,0.34851477,0.4641461,0.00026111407,5.80E-08,0.38961926,0.4486558,0.0002463847,5.83E-08,0.43765217,0.46403483,7.50E-23,1.24E-22,0.6298248,1.40E-06,0.45779237,2.45E-05,9.62E-05,0.43570697,0,0.4486267,0,0,0.009929078,0,0.58125275,0.47003502,3
0.2306421,0.3098737,7.22E-05,3.66E-06,0.38159412,0.46982324,0,0,0.34851477,0.4641461,0,0,0.38961926,0.4486558,0,0,0.43765217,0.46403483,0,0,0,0,0,0.98266315,0,0.43570697,0,0.4486267,0,0,2.08E-17,0,0.58125275,0.47003502,2
0.0019180916,0.0006774207,0.033311617,0.032916013,0.33860037,0.38183632,0.28797284,0.40056702,0.30597964,0.37621793,0.28573206,0.44032827,0.34846765,0.3661696,0.24725705,0.38754666,0.43692297,0.46332043,1.67E-17,1.73E-17,0.0020267165,7.22E-17,0.00045219884,4.39E-09,3.42E-16,0.43570697,0.15327035,0.4486267,0.00015013355,0.4070583,0.1532674,0.16040337,0.58125275,0.47003502,0
0.7197184,0.9964139,0.24399757,0.1216192,0.38159412,0.46982324,0.0003119722,7.25E-08,0.34851477,0.4641461,0.007493761,4.78E-05,0.38961926,0.4486558,0.0073105455,5.14E-05,0.43765217,0.46403483,2.33E-22,2.18E-22,0.585887,1.08E-19,0.88435733,6.13E-07,2.41E-06,0.43570697,0,0.4486267,0,0,0.3503546,0,0.58125275,0.47003502,4
0.7089782,0.4926092,0.25077224,0.12721182,0.38159412,0.46982324,2.23E-08,3.70E-16,0.34851477,0.4641461,0.002405107,4.92E-06,0.38961926,0.4486558,0.0058497298,3.29E-05,0.43765217,0.46403483,1.10E-22,1.38E-22,0.5844199,1.14E-06,0.438672,2.48E-05,9.76E-05,0.43570697,0,0.4486267,0,0,0.35886526,0,0.58125275,0.47003502,1
0.72542745,0.7507571,0.24343717,0.12186656,0.38159412,0.46982324,0.0020715932,3.20E-06,0.34851477,0.4641461,0.00869049,6.42E-05,0.38961926,0.4486558,0.0069764825,4.68E-05,0.43765217,0.46403483,1.75E-22,1.20E-22,0.5873325,1.51E-09,0.66478926,8.45E-06,3.32E-05,0.43570697,0,0.4486267,0,0,0.3503546,0,0.58125275,0.47003502,4
0.23066501,0.27436566,7.36E-05,3.78E-06,0.38159412,0.46982324,0,0,0.34851477,0.4641461,0,0,0.38961926,0.4486558,0,0,0.43765217,0.46403483,0,0,0,0,0,0.982663,0,0.43570697,0,0.4486267,0,0,2.08E-17,0,0.58125275,0.47003502,2
0.46279016,0.559036,0.21315792,0.13157472,0.38159412,0.46982324,5.92E-06,2.61E-11,0.34851477,0.4641461,0.0067905784,3.92E-05,0.38961926,0.4486558,0.012734067,0.0001558265,0.43765217,0.46403483,4.35E-21,4.92E-21,0.3286418,1.57E-12,0.4334757,6.15E-06,2.42E-05,0.43570697,0,0.4486267,0,0,0.3503546,0,0.58125275,0.47003502,4
0.74159765,0.8403785,0.007101574,9.56E-05,0.38159412,0.46982324,3.28E-05,8.01E-10,0.34851477,0.4641461,0.000298418,7.58E-08,0.38961926,0.4486558,0.00026589917,6.79E-08,0.43765217,0.46403483,4.59E-23,9.15E-23,0.62746125,1.31E-10,0.7654533,5.78E-06,2.27E-05,0.43570697,0,0.4486267,0,0,0.009929078,0,0.58125275,0.47003502,3
0.3963783,0.18294889,0.20870246,0.13971062,0.38159412,0.46982324,2.63E-05,5.16E-10,0.34851477,0.4641461,0.016219532,0.0002237998,0.38961926,0.4486558,0.022295978,0.0004777054,0.43765217,0.46403483,6.20E-21,2.06E-20,0.27761602,2.94E-05,0.13567108,0.00010307531,0.00040544622,0.43570697,0,0.4486267,0,0,0.35886526,0,0.58125275,0.47003502,1
0.0003012398,0.0004340974,0.010113235,0.0012963611,0.38159412,0.46982324,6.66E-06,3.31E-11,0.34851477,0.4641461,0.01592126,0.00021564428,0.38961926,0.44865635,0.019216893,0.00035487348,0.43765315,0.47910768,0,1.40E-23,2.53E-05,7.84E-17,7.34E-05,2.52E-08,3.84E-09,0.43570697,0.00023269696,0.4486272,0.00025375333,0.019112607,0.029793518,0.00035362277,0.58125347,0.48468736,0
0.31715634,0.27875066,0.2112638,0.13934186,0.38159412,0.46982324,0,0,0.34851477,0.4641461,0,0,0.38961926,0.4486558,0,0,0.43765217,0.46403483,0,0,0,0,0,0.98266613,0,0.43570697,0,0.4486267,0,0,2.08E-17,0,0.58125275,0.47003502,1
0.00075942936,0.0015125783,0.008235591,0.0008044918,0.38159412,0.46982116,0.0005076251,9.24E-05,0.34851468,0.4581809,0.009642285,0.00013834222,0.3896057,0.3988117,0.010286949,0.00015836094,0.43765786,0.4715528,1.24E-25,1.32E-19,0.00019794391,3.23E-17,0.0003807378,4.84E-09,5.04E-17,0.42943272,0.00014928202,0.3987858,0.0013200174,0.010248205,0.028643394,0.00015833018,0.5812574,0.47746873,0
0.7408994,0.40594912,0.0070548016,9.62E-05,0.38159412,0.46982324,0,0,0.34851477,0.4641461,0,0,0.38961926,0.4486558,0,0,0.43765217,0.46403483,0,0,0,0,0,0.98266554,0,0.43570697,0,0.4486267,0,0,2.08E-17,0,0.58125275,0.47003502,3
0.0009461215,0.0015882549,0.010726549,0.0017300242,0.38159412,0.4698208,0.00057043124,0.000247781,0.34851462,0.45890084,0.020404793,0.0006174219,0.38960856,0.43984976,0.045766376,0.0022029714,0.43755966,0.45390686,5.98E-20,7.27E-19,0.00091029645,5.51E-18,0.0017069561,7.67E-10,1.41E-11,0.4376099,0.00023165895,0.51086533,0.0014278325,0.0042867335,0.04034339,0.00044138863,0.5812656,0.4958665,0
0.43746328,0.20280424,0.20975234,0.13956308,0.38159412,0.46982324,0,0,0.34851477,0.4641461,0,0,0.38961926,0.4486558,0,0,0.43765217,0.46403483,0,0,0,0,0,0.9826661,0,0.43570697,0,0.4486267,0,0,2.08E-17,0,0.58125275,0.47003502,1
0.74666387,0.59699446,0.0070672836,9.60E-05,0.38159412,0.46982324,0.00015565482,1.81E-08,0.34851477,0.4641461,0.00035655402,1.08E-07,0.38961926,0.4486558,0.00027392549,7.21E-08,0.43765217,0.46403483,4.69E-22,1.98E-22,0.6167027,2.25E-07,0.5411537,1.72E-05,6.76E-05,0.43570697,0,0.4486267,0,0,0.009929078,0,0.58125275,0.47003502,3
0.70951915,0.46384588,0.24993725,0.12759438,0.38159412,0.46982324,8.04E-08,4.81E-15,0.34851477,0.4641461,0.003185403,8.63E-06,0.38961926,0.4486558,0.0062058102,3.70E-05,0.43765217,0.46403483,2.12E-22,1.45E-22,0.5757395,2.00E-06,0.4116863,2.79E-05,0.00010987293,0.43570697,0,0.4486267,0,0,0.35886526,0,0.58125275,0.47003502,1
0.0017045785,0.0005824253,0.02548116,0.019510314,0.3708351,0.43832427,0.2191682,0.37691456,0.3267981,0.40356565,0.21287541,0.42957434,0.36736137,0.38828546,0.17811438,0.3704367,0.46439707,0.5010841,1.58E-17,2.09E-17,0.0018988394,4.23E-17,0.00045261133,4.32E-09,2.86E-16,0.43570697,3.19E-05,0.4486267,7.51E-05,0.005873705,0.02968972,3.34E-05,0.58125275,0.47003502,0
0.72913706,0.69324034,0.00807415,7.89E-05,0.38159412,0.46982324,4.05E-06,1.22E-11,0.34851477,0.4641461,0.00022829765,4.43E-08,0.38961926,0.4486558,0.00027378477,7.20E-08,0.43765217,0.46403483,8.02E-23,7.53E-23,0.6921406,1.47E-08,0.7147147,1.00E-05,3.94E-05,0.43570697,0,0.4486267,0,0,0.009929078,0,0.58125275,0.47003502,3
0.26125726,0.36062038,1.53E-05,1.55E-06,0.38159412,0.46982324,0,0,0.34851477,0.4641461,0,0,0.38961926,0.4486558,0,0,0.43765217,0.46403483,0,0,0,0,0,0.9826632,0,0.43570697,0,0.4486267,0,0,2.08E-17,0,0.58125275,0.47003502,2
0.45501003,0.48270792,0.21296106,0.13161474,0.38159412,0.46982324,0,0,0.34851477,0.4641461,0,0,0.38961926,0.4486558,0,0,0.43765217,0.46403483,0,0,0,0,0,0.9826649,0,0.43570697,0,0.4486267,0,0,2.08E-17,0,0.58125275,0.47003502,4
0.34530884,0.13213058,0.18201907,0.13422193,0.38159412,0.46982324,0,0,0.34851477,0.4641461,0,0,0.38961926,0.4486558,0,0,0.43765217,0.46403483,0,0,0,0,0,0.98266697,0,0.43570697,0,0.4486267,0,0,2.08E-17,0,0.58125275,0.47003502,5
0.42899418,0.45879343,0.0060102586,0.000106263826,0.38159412,0.46982324,0.0008604752,5.52E-07,0.34851477,0.4641461,0.00090995856,7.04E-07,0.38961926,0.4486558,0.0007812886,5.87E-07,0.43765217,0.46403483,7.60E-22,4.03E-21,0.3066695,1.18E-10,0.35217515,1.16E-05,4.56E-05,0.43570697,0,0.4486267,0,0,0.009929078,0,0.58125275,0.47003502,3
0.8358504,0.86665493,0.008117583,7.75E-05,0.38159412,0.46982324,0,0,0.34851477,0.4641461,0,0,0.38961926,0.4486558,0,0,0.43765217,0.46403483,0,0,0,0,0,0.98266566,0,0.43570697,0,0.4486267,0,0,2.08E-17,0,0.58125275,0.47003502,3
0.31968275,0.36771667,0.21292259,0.1390695,0.38159412,0.46982324,0.005311706,2.10E-05,0.34851477,0.4641461,0.032496937,0.00089839625,0.38961926,0.4486558,0.027709037,0.00073781924,0.43765217,0.46403483,2.52E-20,1.29E-20,0.21995977,1.86E-08,0.27835304,2.35E-05,9.24E-05,0.43570697,0,0.4486267,0,0,0.35886526,0,0.58125275,0.47003502,1
0.4206442,0.60362065,0.21336603,0.13152987,0.38159412,0.46982324,0,0,0.34851477,0.4641461,0,0,0.38961926,0.4486558,0,0,0.43765217,0.46403483,0,0,0,0,0,0.98266506,0,0.43570697,0,0.4486267,0,0,2.08E-17,0,0.58125275,0.47003502,4
0.71830314,0.9765692,0.24402833,0.121605895,0.38159412,0.46982324,0,0,0.34851477,0.4641461,0,0,0.38961926,0.4486558,0,0,0.43765217,0.46403483,0,0,0,0,0,0.98266506,0,0.43570697,0,0.4486267,0,0,2.08E-17,0,0.58125275,0.47003502,4
0.71063983,0.9550641,0.2449382,0.121199064,0.38159412,0.46982324,0,0,0.34851477,0.4641461,0,0,0.38961926,0.4486558,0,0,0.43765217,0.46403483,0,0,0,0,0,0.982665,0,0.43570697,0,0.4486267,0,0,2.08E-17,0,0.58125275,0.47003502,4
0.2232423,0.30901486,7.31E-05,3.71E-06,0.38159412,0.46982324,0,0,0.34851477,0.4641461,0,0,0.38961926,0.4486558,0,0,0.43765217,0.46403483,0,0,0,0,0,0.98266315,0,0.43570697,0,0.4486267,0,0,2.08E-17,0,0.58125275,0.47003502,2
0.22529294,0.27898872,7.37E-05,3.83E-06,0.38159412,0.46982324,0,0,0.34851477,0.4641461,0,0,0.38961926,0.4486558,0,0,0.43765217,0.46403483,0,0,0,0,0,0.98266304,0,0.43570697,0,0.4486267,0,0,2.08E-17,0,0.58125275,0.47003502,2
0.0013527615,0.001684066,0.008582236,0.00085254776,0.38159412,0.46906877,0.0050508836,1.90E-05,0.34851512,0.4914037,0.031565804,0.00091646716,0.389747,0.5305297,0.03198837,0.001192166,0.4377941,0.489649,8.37E-18,8.39E-18,0.0013505621,6.99E-18,0.0017970426,7.05E-10,6.36E-18,0.4357069,0.0001377442,0.42469758,0.0016723129,0.0055960207,0.040164676,0.0004759463,0.58129245,0.52873546,0
0.0012002854,0.0016076346,0.008067619,0.00069396937,0.38159412,0.46982324,5.74E-06,0.00033165736,0.34851477,0.4641375,0.01735077,0.00067076704,0.38962513,0.4537885,0.028926428,0.0010480663,0.43783435,0.5004498,2.52E-18,2.79E-18,0.0011526744,5.99E-18,0.001701808,7.67E-10,6.11E-18,0.37659618,8.66E-05,0.28300786,0.001441641,0.003677023,0.04059932,0.0004125839,0.581227,0.4078684,0
0.7142658,0.97185177,0.24442066,0.12143091,0.38159412,0.46982324,0.004986408,1.85E-05,0.34851477,0.4641461,0.009581072,7.81E-05,0.38961926,0.4486558,0.0070888195,4.83E-05,0.43765217,0.46403483,1.59E-22,1.99E-22,0.5842654,1.18E-16,0.8640476,1.26E-06,4.97E-06,0.43570697,0,0.4486267,0,0,0.3503546,0,0.58125275,0.47003502,4
0.48322034,0.58579046,0.21534233,0.13110796,0.38159412,0.46982324,0,0,0.34851477,0.4641461,0,0,0.38961926,0.4486558,0,0,0.43765217,0.46403483,0,0,0,0,0,0.982665,0,0.43570697,0,0.4486267,0,0,2.08E-17,0,0.58125275,0.47003502,4
0.00092415686,0.0015362108,0.007991366,0.000798351,0.38159412,0.46982324,4.34E-05,1.04E-06,0.34851477,0.46295166,0.023473622,0.00062487344,0.38964185,0.46652567,0.031077262,0.001157995,0.43765754,0.46501732,3.62E-17,3.71E-17,0.0009668618,2.56E-17,0.0016309087,8.33E-10,1.74E-17,0.43570697,0.00047228983,0.44862548,0.001415523,0.0010963259,0.038892914,0.0005281624,0.58125246,0.46815252,0
0.45049942,0.6037907,0.21383119,0.13143349,0.38159412,0.46982324,0.0026579034,5.26E-06,0.34851477,0.4641461,0.0126574095,0.00013629274,0.38961926,0.4486558,0.012777446,0.00015688998,0.43765217,0.46403483,1.13E-21,1.09E-21,0.32551733,9.54E-17,0.46965712,2.15E-06,8.45E-06,0.43570697,0,0.4486267,0,0,0.3503546,0,0.58125275,0.47003502,4
0.75428706,0.71043223,0.007085618,9.57E-05,0.38159412,0.46982324,0,0,0.34851477,0.4641461,0,0,0.38961926,0.4486558,0,0,0.43765217,0.46403483,0,0,0,0,0,0.9826656,0,0.43570697,0,0.4486267,0,0,2.08E-17,0,0.58125275,0.47003502,3
0.42555586,0.40532213,0.0058499523,0.00010709806,0.38159412,0.46982324,0.0005943105,2.63E-07,0.34851477,0.4641461,0.0004612798,1.81E-07,0.38961926,0.4486558,0.0006280527,3.79E-07,0.43765217,0.46403483,6.69E-22,7.93E-22,0.30920106,9.04E-09,0.30255616,2.08E-05,8.19E-05,0.43570697,0,0.4486267,0,0,0.009929078,0,0.58125275,0.47003502,3
0.7099384,0.78200376,0.25026467,0.1274449,0.38159412,0.46982324,0.000113016584,9.52E-09,0.34851477,0.4641461,0.006630859,3.74E-05,0.38961926,0.4486558,0.0066148546,4.20E-05,0.43765217,0.46403483,3.42E-22,3.48E-22,0.5790605,3.17E-10,0.69498736,6.90E-06,2.72E-05,0.43570697,0,0.4486267,0,0,0.35886526,0,0.58125275,0.47003502,1
0.3502837,0.41505754,0.21356949,0.13895904,0.38159412,0.46982324,0,0,0.34851477,0.4641461,0,0,0.38961926,0.4486558,0,0,0.43765217,0.46403483,0,0,0,0,0,0.9826662,0,0.43570697,0,0.4486267,0,0,2.08E-17,0,0.58125275,0.47003502,1
0.7094405,0.6862861,0.25056916,0.12730537,0.38159412,0.46982324,0.00018480334,2.54E-08,0.34851477,0.4641461,0.006929957,4.09E-05,0.38961926,0.4486558,0.0067637344,4.40E-05,0.43765217,0.46403483,1.43E-22,1.72E-22,0.583433,1.05E-08,0.61066365,1.12E-05,4.39E-05,0.43570697,0,0.4486267,0,0,0.35886526,0,0.58125275,0.47003502,1
0.36668408,0.25406146,0.184312,0.13427307,0.38159412,0.46982324,0,0,0.34851477,0.4641461,0,0,0.38961926,0.4486558,0,0,0.43765217,0.46403483,0,0,0,0,0,0.982667,0,0.43570697,0,0.4486267,0,0,2.08E-17,0,0.58125275,0.47003502,5
0.42814025,0.6048832,0.21396612,0.13140559,0.38159412,0.46982324,0.04471476,0.0014895592,0.34851477,0.4641461,0.020152949,0.0003455097,0.38961926,0.4486558,0.01386113,0.0001846309,0.43765217,0.46403483,6.29E-22,7.97E-22,0.30885556,1.75E-18,0.47083038,1.43E-06,5.62E-06,0.43570697,0,0.4486267,0,0,0.3503546,0,0.58125275,0.47003502,4
0.6294505,0.18274581,0.0070647965,9.60E-05,0.38159412,0.46982324,0,0,0.34851477,0.4641461,0,0,0.38961926,0.4486558,0,0,0.43765217,0.46403483,0,0,0,0,0,0.9826655,0,0.43570697,0,0.4486267,0,0,2.08E-17,0,0.58125275,0.47003502,3
0.7143237,0.5589038,0.25001526,0.1275582,0.38159412,0.46982324,0.00012980576,1.26E-08,0.34851477,0.4641461,0.0067117778,3.83E-05,0.38961926,0.4486558,0.0069347573,4.62E-05,0.43765217,0.46403483,5.99E-22,2.99E-22,0.5800345,2.95E-07,0.49621874,1.92E-05,7.53E-05,0.43570697,0,0.4486267,0,0,0.35886526,0,0.58125275,0.47003502,1
0.2509385,0.36049363,1.49E-05,1.48E-06,0.38159412,0.46982324,0,0,0.34851477,0.4641461,0,0,0.38961926,0.4486558,0,0,0.43765217,0.46403483,0,0,0,0,0,0.9826633,0,0.43570697,0,0.4486267,0,0,2.08E-17,0,0.58125275,0.47003502,2
0.74592143,0.417712,0.0080418615,7.97E-05,0.38159412,0.46982324,0.00023416503,4.09E-08,0.34851477,0.4641461,0.0002882575,7.07E-08,0.38961926,0.4486558,0.00028648353,7.89E-08,0.43765217,0.46403483,8.12E-23,9.55E-23,0.7040568,4.83E-06,0.42943045,2.98E-05,0.000117371135,0.43570697,0,0.4486267,0,0,0.009929078,0,0.58125275,0.47003502,3
0.00094020803,0.0015515023,0.007902208,0.0007652174,0.38159412,0.46982324,0.00019599039,5.70E-06,0.34851477,0.46411932,0.02638893,0.0008137811,0.38961843,0.44815305,0.030782046,0.0011266255,0.43787244,0.50568277,1.34E-22,3.37E-19,0.00087681354,7.54E-18,0.0015933703,8.48E-10,6.94E-18,0.43570697,0.00047176817,0.44706038,0.0014169632,0.003773353,0.04004636,0.0004593226,0.5812667,0.50116855,0
0.7168373,0.75414115,0.25001273,0.1275598,0.38159412,0.46982324,1.11E-08,9.25E-17,0.34851477,0.4641461,0.0021946966,4.10E-06,0.38961926,0.4486558,0.0057564178,3.18E-05,0.43765217,0.46403483,4.42E-22,2.31E-22,0.580321,1.05E-09,0.66953754,8.08E-06,3.18E-05,0.43570697,0,0.4486267,0,0,0.35886526,0,0.58125275,0.47003502,1
0.74827707,0.8161124,0.0070821997,9.58E-05,0.38159412,0.46982324,0,0,0.34851477,0.4641461,0,0,0.38961926,0.4486558,0,0,0.43765217,0.46403483,0,0,0,0,0,0.9826656,0,0.43570697,0,0.4486267,0,0,2.08E-17,0,0.58125275,0.47003502,3
0.43777192,0.4428631,0.21189323,0.13182764,0.38159412,0.46982324,0,0,0.34851477,0.4641461,0,0,0.38961926,0.4486558,0,0,0.43765217,0.46403483,0,0,0,0,0,0.9826649,0,0.43570697,0,0.4486267,0,0,2.08E-17,0,0.58125275,0.47003502,4
0.22511558,0.31130984,7.11E-05,3.51E-06,0.38159412,0.46982324,0,0,0.34851477,0.4641461,0,0,0.38961926,0.4486558,0,0,0.43765217,0.46403483,0,0,0,0,0,0.98266315,0,0.43570697,0,0.4486267,0,0,2.08E-17,0,0.58125275,0.47003502,2
0.00065302756,0.00068827864,0.024516106,0.020051382,0.38159412,0.46982324,1.39E-09,1.44E-18,0.34851477,0.4641461,0.00018090167,2.79E-08,0.38961926,0.4486558,0.06776745,0.0044131586,0.43763873,0.44938502,5.30E-17,2.28E-15,0.00023586609,5.85E-15,0.00017185105,1.39E-08,2.96E-15,0.43570697,1.81E-18,0.4486267,0.00014756202,0,0.009929078,0,0.58125275,0.47003502,0
0.61323464,0.18053038,0.00798929,8.01E-05,0.38159412,0.46982324,4.81E-06,1.72E-11,0.34851477,0.4641461,0.00023180195,4.57E-08,0.38961926,0.4486558,0.00029461217,8.34E-08,0.43765217,0.46403483,1.81E-22,3.85E-11,0.5736536,0.0001371709,0.18454097,9.51E-05,0.00037391818,0.43570697,0,0.4486267,0,0,0.009929078,0,0.58125275,0.47003502,3
0.31322646,0.17503859,0.0054042707,0.00010824825,0.38159412,0.46982324,0,0,0.34851477,0.4641461,0,0,0.38961926,0.4486558,0,0,0.43765217,0.46403483,0,0,0,0,0,0.98266554,0,0.43570697,0,0.4486267,0,0,2.08E-17,0,0.58125275,0.47003502,3
0.7143129,0.9756363,0.24436605,0.12145563,0.38159412,0.46982324,0,0,0.34851477,0.4641461,0,0,0.38961926,0.4486558,0,0,0.43765217,0.46403483,0,0,0,0,0,0.98266506,0,0.43570697,0,0.4486267,0,0,2.08E-17,0,0.58125275,0.47003502,4
0.21773991,0.21916606,7.76E-05,3.88E-06,0.38159412,0.46982324,0,0,0.34851477,0.4641461,0,0,0.38961926,0.4486558,0,0,0.43765217,0.46403483,0,0,0,0,0,0.9826629,0,0.43570697,0,0.4486267,0,0,2.08E-17,0,0.58125275,0.47003502,2
0.23072965,0.30620715,7.55E-05,3.85E-06,0.38159412,0.46982324,0,0,0.34851477,0.4641461,0,0,0.38961926,0.4486558,0,0,0.43765217,0.46403483,0,0,0,0,0,0.9826631,0,0.43570697,0,0.4486267,0,0,2.08E-17,0,0.58125275,0.47003502,2
0.43191513,0.60546684,0.21319595,0.13156551,0.38159412,0.46982324,0,0,0.34851477,0.4641461,0,0,0.38961926,0.4486558,0,0,0.43765217,0.46403483,0,0,0,0,0,0.98266506,0,0.43570697,0,0.4486267,0,0,2.08E-17,0,0.58125275,0.47003502,4
0.727564,0.9438933,0.24481513,0.12125458,0.38159412,0.46982324,0,0,0.34851477,0.4641461,0,0,0.38961926,0.4486558,0,0,0.43765217,0.46403483,0,0,0,0,0,0.982665,0,0.43570697,0,0.4486267,0,0,2.08E-17,0,0.58125275,0.47003502,4
0.25886282,0.3520073,1.58E-05,1.61E-06,0.38159412,0.46982324,0,0,0.34851477,0.4641461,0,0,0.38961926,0.4486558,0,0,0.43765217,0.46403483,0,0,0,0,0,0.98266315,0,0.43570697,0,0.4486267,0,0,2.08E-17,0,0.58125275,0.47003502,2
0.42060015,0.17887256,0.20988275,0.13954386,0.38159412,0.46982324,0,0,0.34851477,0.4641461,0,0,0.38961926,0.4486558,0,0,0.43765217,0.46403483,0,0,0,0,0,0.9826661,0,0.43570697,0,0.4486267,0,0,2.08E-17,0,0.58125275,0.47003502,1
0.4639481,0.49766523,0.21312071,0.13158302,0.38159412,0.46982324,0,0,0.34851477,0.4641461,0,0,0.38961926,0.4486558,0,0,0.43765217,0.46403483,0,0,0,0,0,0.9826649,0,0.43570697,0,0.4486267,0,0,2.08E-17,0,0.58125275,0.47003502,4
0.36127412,0.18718255,0.18352745,0.13425577,0.38159412,0.46982324,0,0,0.34851477,0.4641461,0,0,0.38961926,0.4486558,0,0,0.43765217,0.46403483,0,0,0,0,0,0.98266697,0,0.43570697,0,0.4486267,0,0,2.08E-17,0,0.58125275,0.47003502,5
0.22096105,0.25929704,7.43E-05,3.77E-06,0.38159412,0.46982324,0,0,0.34851477,0.4641461,0,0,0.38961926,0.4486558,0,0,0.43765217,0.46403483,0,0,0,0,0,0.982663,0,0.43570697,0,0.4486267,0,0,2.08E-17,0,0.58125275,0.47003502,2
0.9909297,0.9459252,0.008196841,7.58E-05,0.38159412,0.46982324,2.25E-05,3.77E-10,0.34851477,0.4641461,0.00020263097,3.49E-08,0.38961926,0.4486558,0.00024692612,5.86E-08,0.43765217,0.46403483,2.31E-23,3.16E-23,0.99155056,1.07E-11,0.9918564,3.64E-06,1.43E-05,0.43570697,0,0.4486267,0,0,0.009929078,0,0.58125275,0.47003502,3
0.39904946,0.45415178,0.0059643215,0.000106498286,0.38159412,0.46982324,0.0002333026,4.06E-08,0.34851477,0.4641461,0.00086470024,6.36E-07,0.38961926,0.4486558,0.0007723584,5.73E-07,0.43765217,0.46403483,2.49E-21,8.45E-21,0.2683471,1.39E-10,0.34596938,1.18E-05,4.65E-05,0.43570697,0,0.4486267,0,0,0.009929078,0,0.58125275,0.47003502,3
0.24897759,0.29827952,1.48E-05,1.51E-06,0.38159412,0.46982324,0,0,0.34851477,0.4641461,0,0,0.38961926,0.4486558,0,0,0.43765217,0.46403483,0,0,0,0,0,0.982663,0,0.43570697,0,0.4486267,0,0,2.08E-17,0,0.58125275,0.47003502,2
0.42777812,0.41997674,0.21256818,0.13169374,0.38159412,0.46982324,0,0,0.34851477,0.4641461,0,0,0.38961926,0.4486558,0,0,0.43765217,0.46403483,0,0,0,0,0,0.9826648,0,0.43570697,0,0.4486267,0,0,2.08E-17,0,0.58125275,0.47003502,4
0.00028653763,0.0005682112,0.012722441,0.00094450696,0.38159412,0.46982324,2.22E-08,0.00016165982,0.34851477,0.4641461,0.0047467044,0.0013289938,0.38962388,0.4587063,0.046843216,0.006969655,0.43783605,0.47125506,0,6.68E-26,3.09E-05,1.76E-16,0.00021046175,9.09E-09,2.37E-16,0.43570697,2.03E-18,0.4486267,0.0004108129,9.90E-10,0.017626109,1.34E-18,0.58125275,0.47003502,0
0.3521629,0.29187572,0.21110207,0.13936698,0.38159412,0.46982324,0,0,0.34851477,0.4641461,0,0,0.38961926,0.4486558,0,0,0.43765217,0.46403483,0,0,0,0,0,0.98266613,0,0.43570697,0,0.4486267,0,0,2.08E-17,0,0.58125275,0.47003502,1
0.3876924,0.26999524,0.22149378,0.13734907,0.38159412,0.46982324,0.00012849466,1.23E-08,0.34851477,0.4641461,0.023487259,0.00046929697,0.38961926,0.4486558,0.028584698,0.0007851892,0.43765217,0.46403483,4.31E-21,1.49E-21,0.33130258,1.96E-06,0.21263017,5.11E-05,0.00020084815,0.43570697,0,0.4486267,0,0,0.35886526,0,0.58125275,0.47003502,1
0.7133508,0.8649376,0.24418554,0.12153615,0.38159412,0.46982324,0.0018723333,2.61E-06,0.34851477,0.4641461,0.008704707,6.45E-05,0.38961926,0.4486558,0.0070192744,4.73E-05,0.43765217,0.46403483,1.75E-22,1.66E-22,0.5838574,6.47E-12,0.7682522,4.23E-06,1.67E-05,0.43570697,0,0.4486267,0,0,0.3503546,0,0.58125275,0.47003502,4
0.72141504,0.7230272,0.24341871,0.12187454,0.38159412,0.46982324,0,0,0.34851477,0.4641461,0,0,0.38961926,0.4486558,0,0,0.43765217,0.46403483,0,0,0,0,0,0.9826649,0,0.43570697,0,0.4486267,0,0,2.08E-17,0,0.58125275,0.47003502,4
0.74003255,0.60112834,0.007083402,9.58E-05,0.38159412,0.46982324,8.65E-05,5.58E-09,0.34851477,0.4641461,0.0003366407,9.64E-08,0.38961926,0.4486558,0.00027116452,7.07E-08,0.43765217,0.46403483,1.56E-22,1.62E-22,0.6193228,2.01E-07,0.5461505,1.69E-05,6.63E-05,0.43570697,0,0.4486267,0,0,0.009929078,0,0.58125275,0.47003502,3
0.41853747,0.2861339,0.0054821908,0.00010815891,0.38159412,0.46982324,4.65E-05,1.61E-09,0.34851477,0.4641461,0.0007210189,4.42E-07,0.38961926,0.4486558,0.0007937447,6.05E-07,0.43765217,0.46403483,5.83E-22,1.65E-21,0.26909235,1.60E-06,0.20023338,5.21E-05,0.00020479174,0.43570697,0,0.4486267,0,0,0.009929078,0,0.58125275,0.47003502,3
0.41102934,0.52538574,0.21292575,0.13162078,0.38159412,0.46982324,0,0,0.34851477,0.4641461,0,0,0.38961926,0.4486558,0,0,0.43765217,0.46403483,0,0,0,0,0,0.98266494,0,0.43570697,0,0.4486267,0,0,2.08E-17,0,0.58125275,0.47003502,4
0.7345829,0.64654213,0.008094228,7.87E-05,0.38159412,0.46982324,0.0003830831,1.09E-07,0.34851477,0.4641461,0.0002913414,7.22E-08,0.38961926,0.4486558,0.0002783676,7.45E-08,0.43765217,0.46403483,6.25E-23,7.82E-23,0.7016739,5.44E-08,0.6674489,1.23E-05,4.82E-05,0.43570697,0,0.4486267,0,0,0.009929078,0,0.58125275,0.47003502,3
0.39057145,0.4160518,0.005835611,0.000107143365,0.38159412,0.46982324,0,0,0.34851477,0.4641461,0,0,0.38961926,0.4486558,0,0,0.43765217,0.46403483,0,0,0,0,0,0.9826656,0,0.43570697,0,0.4486267,0,0,2.08E-17,0,0.58125275,0.47003502,3
0.35489112,0.19141027,0.005474086,0.00010813888,0.38159412,0.46982324,1.52E-06,1.73E-12,0.34851477,0.4641461,0.00067226216,3.84E-07,0.38961926,0.4486558,0.0008525217,6.98E-07,0.43765217,0.46403483,3.93E-21,3.48E-21,0.24359512,1.98E-05,0.1337394,9.92E-05,0.00039031488,0.43570697,0,0.4486267,0,0,0.009929078,0,0.58125275,0.47003502,3
0.0005442259,0.00056498183,0.029471321,0.03447644,0.38159412,0.46982324,0.02190848,0.000357586,0.34851477,0.4641461,0.022039797,0.0004132361,0.38961926,0.44865525,0.017896485,0.00030778162,0.43765265,0.47161517,2.89E-16,2.89E-16,0.00016414984,3.96E-16,9.40E-05,1.98E-08,5.67E-16,0.43570697,0.00044591393,0.44862628,0.0003258302,0.01782908,0.030574275,0.0003077218,0.5812524,0.46333405,0
0.22114561,0.26937968,7.38E-05,3.77E-06,0.38159412,0.46982324,0,0,0.34851477,0.4641461,0,0,0.38961926,0.4486558,0,0,0.43765217,0.46403483,0,0,0,0,0,0.982663,0,0.43570697,0,0.4486267,0,0,2.08E-17,0,0.58125275,0.47003502,2
0.78375554,0.7871648,0.008077736,7.85E-05,0.38159412,0.46982324,0,0,0.34851477,0.4641461,0,0,0.38961926,0.4486558,0,0,0.43765217,0.46403483,0,0,0,0,0,0.9826656,0,0.43570697,0,0.4486267,0,0,2.08E-17,0,0.58125275,0.47003502,3
0.00043078355,0.0004431947,0.011934812,0.0005125986,0.38159412,0.46982324,0.02190849,0.0003575863,0.34851477,0.4641461,0.02203546,0.00041307352,0.38961926,0.44865513,0.017848566,0.00030613563,0.43765262,0.47139195,2.79E-16,2.79E-16,0.00016501053,3.86E-16,9.52E-05,1.96E-08,5.50E-16,0.43570697,0.00044573846,0.448626,0.00033004786,0.017781341,0.03059878,0.00030607614,0.5812531,0.47730967,0
0.35548407,0.30232543,0.18376045,0.13426049,0.38159412,0.46982324,0.0006281251,2.94E-07,0.34851477,0.4641461,0.014013158,0.00016705331,0.38961926,0.4486558,0.017696247,0.0003009327,0.43765217,0.46403483,8.74E-22,8.49E-22,0.21857448,4.34E-07,0.20213018,4.43E-05,0.00017434896,0.43570697,3.02E-15,0.4486267,0.70037085,1.28E-07,0.3503546,1.58E-14,0.58125275,0.47003502,5
0.7078621,0.4190539,0.25042653,0.12737118,0.38159412,0.46982324,3.82E-06,1.09E-11,0.34851477,0.4641461,0.0047196094,1.89E-05,0.38961926,0.4486558,0.0067863287,4.43E-05,0.43765217,0.46403483,1.80E-22,1.84E-22,0.57949376,4.39E-06,0.37266347,3.34E-05,0.00013139141,0.43570697,0,0.4486267,0,0,0.35886526,0,0.58125275,0.47003502,1
0.71303844,0.8628708,0.24438247,0.12144833,0.38159412,0.46982324,0.0035458794,9.37E-06,0.34851477,0.4641461,0.009267442,7.31E-05,0.38961926,0.4486558,0.0070712417,4.81E-05,0.43765217,0.46403483,1.04E-22,1.27E-22,0.58759636,7.34E-12,0.76703537,4.30E-06,1.69E-05,0.43570697,0,0.4486267,0,0,0.3503546,0,0.58125275,0.47003502,4
0.0002552931,0.0008639887,0.027321862,0.032560814,0.38159412,0.46982324,6.87E-06,3.51E-11,0.34851477,0.4641461,0.015956748,0.00021660667,0.38961926,0.4486558,0.019132769,0.00035177317,0.43765217,0.46403483,0,1.49E-23,2.55E-05,7.90E-17,7.47E-05,2.38E-08,2.23E-16,0.43570697,0.00023373547,0.4486267,0.00025881222,0.019060709,0.01596973,0.00035170483,0.58125275,0.47003502,0
0.41096967,0.35694262,0.0055859294,0.00010800814,0.38159412,0.46982324,0.00015625838,1.82E-08,0.34851477,0.4641461,0.00073446956,4.59E-07,0.38961926,0.4486558,0.0007378357,5.23E-07,0.43765217,0.46403483,1.81E-20,8.71E-21,0.2807938,9.73E-08,0.25434625,3.11E-05,0.00012233044,0.43570697,0,0.4486267,0,0,0.009929078,0,0.58125275,0.47003502,3
0.3449293,0.18313397,0.005423185,0.00010824155,0.38159412,0.46982324,4.16E-06,1.29E-11,0.34851477,0.4641461,0.00076822785,5.02E-07,0.38961926,0.4486558,0.0008853835,7.53E-07,0.43765217,0.46403483,2.84E-21,3.43E-21,0.2325269,2.59E-05,0.12674506,0.00010703989,0.00042103886,0.43570697,0,0.4486267,0,0,0.009929078,0,0.58125275,0.47003502,3
0.42602763,0.6045082,0.21312527,0.13158046,0.38159412,0.46982324,0,0,0.34851477,0.4641461,0,0,0.38961926,0.4486558,0,0,0.43765217,0.46403483,0,0,0,0,0,0.98266506,0,0.43570697,0,0.4486267,0,0,2.08E-17,0,0.58125275,0.47003502,4
0.71142745,0.43683344,0.24309279,0.12201749,0.38159412,0.46982324,1.88E-06,2.65E-12,0.34851477,0.4641461,0.004309855,1.58E-05,0.38961926,0.4486558,0.0064644315,4.02E-05,0.43765217,0.46403483,3.21E-22,2.54E-22,0.5764111,3.55E-06,0.38625726,3.15E-05,0.00012403938,0.43570697,0,0.4486267,0,0,0.3503546,0,0.58125275,0.47003502,4
0.0010841043,0.0015670181,0.008281692,0.00080083206,0.38159412,0.46982324,0.0032266043,8.28E-06,0.34851477,0.46412683,0.032630432,0.0010423091,0.38958684,0.43212238,0.03109844,0.001152121,0.43778476,0.48852926,3.01E-19,3.69E-18,0.001038102,6.17E-18,0.0016692901,7.90E-10,6.11E-18,0.4357061,0.0030884915,0.41490355,0.0013010355,0.057100512,0.04435225,0.0034310878,0.5815293,0.49384436,0
0.22127101,0.27059698,7.42E-05,3.80E-06,0.38159412,0.46982324,0,0,0.34851477,0.4641461,0,0,0.38961926,0.4486558,0,0,0.43765217,0.46403483,0,0,0,0,0,0.982663,0,0.43570697,0,0.4486267,0,0,2.08E-17,0,0.58125275,0.47003502,2
0.0010912396,0.0014918835,0.00806187,0.0008243586,0.38159412,0.46982324,9.14E-05,1.02E-06,0.34851477,0.4641385,0.025687579,0.00061384874,0.38961348,0.44326738,0.032153983,0.0010658171,0.4377868,0.49598265,2.88E-17,2.88E-17,0.0008833316,1.93E-17,0.0015153182,0.00023537705,0.00094205275,0.43570697,3.63E-18,0.4486267,0.0012792615,1.40E-09,0.04420675,4.24E-18,0.58125275,0.47003502,0
0.25870714,0.2026427,1.62E-05,1.65E-06,0.38159412,0.46982324,0,0,0.34851477,0.4641461,0,0,0.38961926,0.4486558,0,0,0.43765217,0.46403483,0,0,0,0,0,0.9826629,0,0.43570697,0,0.4486267,0,0,2.08E-17,0,0.58125275,0.47003502,2
0.23220594,0.31693888,7.21E-05,3.65E-06,0.38159412,0.46982324,0,0,0.34851477,0.4641461,0,0,0.38961926,0.4486558,0,0,0.43765217,0.46403483,0,0,0,0,0,0.9826632,0,0.43570697,0,0.4486267,0,0,2.08E-17,0,0.58125275,0.47003502,2
0.7217373,0.62404495,0.2429765,0.122068,0.38159412,0.46982324,2.49E-08,4.63E-16,0.34851477,0.4641461,0.0029627506,7.47E-06,0.38961926,0.4486558,0.0059735826,3.43E-05,0.43765217,0.46403483,2.74E-22,1.91E-22,0.5827416,7.15E-08,0.55152625,1.50E-05,5.88E-05,0.43570697,0,0.4486267,0,0,0.3503546,0,0.58125275,0.47003502,4
0.0012947979,0.0015571939,0.008275021,0.000901565,0.38159412,0.4713509,0.027521925,0.000564885,0.34852907,0.5026312,0.03906466,0.0013348827,0.38955334,0.4124983,0.03345749,0.001147095,0.43761992,0.4567907,2.56E-18,3.39E-18,0.0012437938,1.12E-17,0.0015931771,1.04E-07,4.12E-07,0.43570697,1.81E-18,0.4486267,0.001303324,0.00033911693,0.044208184,5.65E-06,0.58125275,0.47003594,0
0.7739797,0.4848016,0.008075799,7.89E-05,0.38159412,0.46982324,0.0008929133,5.94E-07,0.34851477,0.4641461,0.000421313,1.51E-07,0.38961926,0.4486558,0.00031631443,9.61E-08,0.43765217,0.46403483,1.09E-22,9.93E-23,0.7403864,1.65E-06,0.5007336,2.31E-05,9.08E-05,0.43570697,0,0.4486267,0,0,0.009929078,0,0.58125275,0.47003502,3
0.3521387,0.15996759,0.00517803,0.00010820492,0.38159412,0.46982324,0.0002159166,3.47E-08,0.34851477,0.4641461,0.0012194975,1.27E-06,0.38961926,0.4486558,0.0010084257,9.77E-07,0.43765217,0.46403483,3.90E-21,1.19E-18,0.20441335,6.54E-05,0.105752274,0.00013893453,0.00054647744,0.43570697,0,0.4486267,0,0,0.009929078,0,0.58125275,0.47003502,3
0.71817803,0.6296503,0.24312216,0.12200468,0.38159412,0.46982324,3.34E-08,8.33E-16,0.34851477,0.4641461,0.002742563,6.40E-06,0.38961926,0.4486558,0.0058990335,3.34E-05,0.43765217,0.46403483,1.29E-22,1.30E-22,0.5819681,6.12E-08,0.5568133,1.46E-05,5.74E-05,0.43570697,0,0.4486267,0,0,0.3503546,0,0.58125275,0.47003502,4
0.7425581,0.80546516,0.007094964,9.57E-05,0.38159412,0.46982324,4.67E-08,1.62E-15,0.34851477,0.4641461,0.0001481243,1.87E-08,0.38961926,0.4486558,0.00024236734,5.64E-08,0.43765217,0.46403483,1.04E-22,1.38E-22,0.6240762,5.76E-10,0.73295575,7.00E-06,2.75E-05,0.43570697,0,0.4486267,0,0,0.009929078,0,0.58125275,0.47003502,3
0.431705,0.59737194,0.21397784,0.13140552,0.38159412,0.46982324,0.007247965,3.91E-05,0.34851477,0.4641461,0.015887503,0.00021473078,0.38961926,0.4486558,0.013213535,0.0001677819,0.43765217,0.46403483,6.86E-22,5.38E-22,0.3070759,8.24E-16,0.46499756,2.68E-06,1.05E-05,0.43570697,0,0.4486267,0,0,0.3503546,0,0.58125275,0.47003502,4
0.2572757,0.35061955,1.51E-05,1.50E-06,0.38159412,0.46982324,0,0,0.34851477,0.4641461,0,0,0.38961926,0.4486558,0,0,0.43765217,0.46403483,0,0,0,0,0,0.9826631,0,0.43570697,0,0.4486267,0,0,2.08E-17,0,0.58125275,0.47003502,2
0.22837247,0.20153637,7.73E-05,3.90E-06,0.38159412,0.46982324,0,0,0.34851477,0.4641461,0,0,0.38961926,0.4486558,0,0,0.43765217,0.46403483,0,0,0,0,0,0.9826629,0,0.43570697,0,0.4486267,0,0,2.08E-17,0,0.58125275,0.47003502,2
0.4381617,0.3541858,0.21051554,0.13945371,0.38159412,0.46982324,1.17E-05,1.02E-10,0.34851477,0.4641461,0.014931341,0.00018966215,0.38961926,0.4486558,0.025630897,0.00063129835,0.43765217,0.46403483,7.23E-22,8.08E-22,0.30320758,7.39E-08,0.26502663,2.93E-05,0.00011510118,0.43570697,0,0.4486267,0,0,0.35886526,0,0.58125275,0.47003502,1
0.72051144,0.594606,0.24308594,0.122019865,0.38159412,0.46982324,1.54E-06,1.78E-12,0.34851477,0.4641461,0.0042271283,1.52E-05,0.38961926,0.4486558,0.0063404986,3.86E-05,0.43765217,0.46403483,3.45E-22,2.05E-22,0.58438987,1.45E-07,0.52574843,1.69E-05,6.63E-05,0.43570697,0,0.4486267,0,0,0.3503546,0,0.58125275,0.47003502,4
0.00075222773,0.00047903878,0.01763448,0.014302229,0.38159412,0.46982324,7.38E-09,0.00015910604,0.34851477,0.4641461,0.0039696167,0.0013459758,0.38962185,0.45537138,0.19456849,0.07480058,0.44288975,0.47982058,0,9.01E-27,2.49E-05,1.98E-16,0.0002207967,8.95E-09,4.49E-16,0.43570697,9.07E-19,0.4486267,0.0003722332,1.72E-09,0.017626109,2.84E-18,0.58125275,0.47003502,0
0.7152836,0.4568816,0.2427589,0.122163236,0.38159412,0.46982324,3.36E-07,8.39E-14,0.34851477,0.4641461,0.0036254195,1.12E-05,0.38961926,0.4486558,0.0062167835,3.71E-05,0.43765217,0.46403483,1.39E-22,1.68E-22,0.576118,2.51E-06,0.403428,2.92E-05,0.00011471729,0.43570697,0,0.4486267,0,0,0.3503546,0,0.58125275,0.47003502,4
0.001027682,0.0015282573,0.008003597,0.0007444985,0.38159412,0.46982324,1.29E-05,3.72E-08,0.34851477,0.46345007,0.020604977,0.000473953,0.3896027,0.43130067,0.029961709,0.0010839542,0.43772277,0.47782165,3.14E-17,3.18E-17,0.0010278777,2.18E-17,0.0016280997,8.34E-10,1.69E-17,0.43570697,4.49E-05,0.4486267,0.0013868148,0.00036645043,0.040029224,0.00044187618,0.58125263,0.46815833,0
0.22116303,0.3155001,7.35E-05,3.73E-06,0.38159412,0.46982324,0,0,0.34851477,0.4641461,0,0,0.38961926,0.4486558,0,0,0.43765217,0.46403483,0,0,0,0,0,0.9826632,0,0.43570697,0,0.4486267,0,0,2.08E-17,0,0.58125275,0.47003502,2
0.71292037,0.5242013,0.24260649,0.122228526,0.38159412,0.46982324,0.0034606615,8.92E-06,0.34851477,0.4641461,0.009181133,7.17E-05,0.38961926,0.4486558,0.0072967894,5.12E-05,0.43765217,0.46403483,7.28E-22,2.79E-22,0.57208514,6.86E-07,0.46259367,2.23E-05,8.78E-05,0.43570697,0,0.4486267,0,0,0.3503546,0,0.58125275,0.47003502,4
0.45376587,0.3419555,0.21372902,0.13145652,0.38159412,0.46982324,0,0,0.34851477,0.4641461,0,0,0.38961926,0.4486558,0,0,0.43765217,0.46403483,0,0,0,0,0,0.9826648,0,0.43570697,0,0.4486267,0,0,2.08E-17,0,0.58125275,0.47003502,4
0.7246794,0.7529897,0.24365595,0.12177044,0.38159412,0.46982324,0.0013165629,1.29E-06,0.34851477,0.4641461,0.008306475,5.87E-05,0.38961926,0.4486558,0.0069334297,4.62E-05,0.43765217,0.46403483,1.51E-22,1.16E-22,0.59042567,1.38E-09,0.6673649,8.34E-06,3.28E-05,0.43570697,0,0.4486267,0,0,0.3503546,0,0.58125275,0.47003502,4
0.00047106942,0.0005182672,0.012278717,0.0003566828,0.38159412,0.4698383,0.0023211741,0.00013439998,0.3485158,0.47877356,0.008379295,0.001984541,0.38978463,0.6159972,0.009594433,0.0021742845,0.4378611,0.534076,1.07E-17,4.22E-17,0.00025052112,4.06E-16,0.00021904428,2.84E-05,0.00011141037,0.43570697,2.71E-18,0.4486267,0.0004316036,1.40E-09,0.017626109,1.90E-18,0.58125275,0.47003502,0
0.68965393,0.23792604,0.007071395,9.58E-05,0.38159412,0.46982324,5.91E-09,2.60E-17,0.34851477,0.4641461,9.84E-05,8.24E-09,0.38961926,0.4486558,0.00018366783,3.24E-08,0.43765217,0.46403483,1.33E-22,7.52E-14,0.5801586,7.38E-05,0.21578787,7.65E-05,0.00030092185,0.43570697,0,0.4486267,0,0,0.009929078,0,0.58125275,0.47003502,3
0.40957034,0.17218672,0.20939438,0.13961238,0.38159412,0.46982324,9.39E-05,6.57E-09,0.34851477,0.4641461,0.018447667,0.00028951163,0.38961926,0.4486558,0.023304071,0.00052188005,0.43765217,0.46403483,7.27E-22,2.16E-19,0.2934122,3.80E-05,0.12812254,0.00011261632,0.00044297124,0.43570697,0,0.4486267,0,0,0.35886526,0,0.58125275,0.47003502,1
0.72278863,0.75651366,0.2435543,0.12181532,0.38159412,0.46982324,0.00067157374,3.36E-07,0.34851477,0.4641461,0.0077670636,5.13E-05,0.38961926,0.4486558,0.0068702213,4.54E-05,0.43765217,0.46403483,4.89E-22,2.28E-22,0.5866734,1.21E-09,0.6702076,8.19E-06,3.22E-05,0.43570697,0,0.4486267,0,0,0.3503546,0,0.58125275,0.47003502,4
0.0009149391,0.0015394954,0.010535258,0.009704523,0.38159412,0.46982324,2.07E-05,1.10E-06,0.34851477,0.46266627,0.02348627,0.0006280808,0.38959953,0.43313012,0.11223213,0.018543646,0.4379762,0.4676867,3.28E-22,1.34E-19,0.00068855553,7.62E-18,0.0015749413,8.64E-10,7.68E-18,0.43570697,0.0018722356,0.47393614,0.0011913686,0.056405358,0.04332949,0.003354822,0.5815998,0.50045204,0
0.71482015,0.7547996,0.24424136,0.12151132,0.38159412,0.46982324,0.0007154975,3.81E-07,0.34851477,0.4641461,0.007813558,5.19E-05,0.38961926,0.4486558,0.006875773,4.54E-05,0.43765217,0.46403483,5.43E-23,8.30E-23,0.59239703,1.22E-09,0.67057556,8.20E-06,3.23E-05,0.43570697,0,0.4486267,0,0,0.3503546,0,0.58125275,0.47003502,4
0.0008419959,0.0015095029,0.008175634,0.0008081346,0.38159412,0.46982324,0.00076505553,3.26E-05,0.34851474,0.46379507,0.031376205,0.0009755936,0.38959652,0.43641394,0.03125547,0.0011622924,0.4377309,0.4784614,6.85E-23,1.09E-19,0.0008219658,1.31E-17,0.0016100244,8.48E-10,1.65E-17,0.43570697,0.00029594803,0.4340839,0.001467732,0.003489549,0.039326202,0.0005107659,0.5812643,0.49648696,0
0.26389623,0.34978592,1.49E-05,1.45E-06,0.38159412,0.46982324,0,0,0.34851477,0.4641461,0,0,0.38961926,0.4486558,0,0,0.43765217,0.46403483,0,0,0,0,0,0.9826631,0,0.43570697,0,0.4486267,0,0,2.08E-17,0,0.58125275,0.47003502,2
0.0008567455,0.0014952159,0.008165448,0.0007573348,0.38159412,0.46982324,1.26E-05,1.11E-05,0.34851477,0.46428722,0.021578977,0.0007662889,0.38969365,0.49947795,0.03039231,0.0011109839,0.43795216,0.52128136,1.27E-17,2.56E-17,0.0007876082,2.03E-17,0.0015725598,8.78E-10,1.81E-17,0.43570697,0.00047331295,0.4481838,0.0013831382,0.0031519448,0.03981162,0.00047217595,0.58125174,0.4673724,0
0.7039396,0.78848463,0.2504827,0.12734514,0.38159412,0.46982324,0,0,0.34851477,0.4641461,0,0,0.38961926,0.4486558,0,0,0.43765217,0.46403483,0,0,0,0,0,0.9826662,0,0.43570697,0,0.4486267,0,0,2.08E-17,0,0.58125275,0.47003502,1
0.69947934,0.25630862,0.008036921,8.04E-05,0.38159412,0.46982324,0,0,0.34851477,0.4641461,0,0,0.38961926,0.4486558,0,0,0.43765217,0.46403483,0,0,0,0,0,0.98266554,0,0.43570697,0,0.4486267,0,0,2.08E-17,0,0.58125275,0.47003502,3
0.36771733,0.4143532,0.18336326,0.1342508,0.38159412,0.46982324,0.018854551,0.00026484294,0.34851477,0.4641461,0.022367006,0.00042559722,0.38961926,0.4486558,0.017886912,0.0003074524,0.43765217,0.46403483,5.64E-22,7.63E-22,0.22165842,2.36E-10,0.2764385,1.53E-05,6.02E-05,0.43570697,1.51E-15,0.4486267,0.9578331,9.64E-08,0.3503546,8.99E-15,0.58125275,0.47003502,5
0.70702845,0.74472696,0.25043115,0.12736855,0.38159412,0.46982324,0,0,0.34851477,0.4641461,0,0,0.38961926,0.4486558,0,0,0.43765217,0.46403483,0,0,0,0,0,0.98266613,0,0.43570697,0,0.4486267,0,0,2.08E-17,0,0.58125275,0.47003502,1
0.69346607,0.8281195,0.25005955,0.12753776,0.38159412,0.46982324,0,0,0.34851477,0.4641461,0,0,0.38961926,0.4486558,0,0,0.43765217,0.46403483,0,0,0,0,0,0.9826662,0,0.43570697,0,0.4486267,0,0,2.08E-17,0,0.58125275,0.47003502,1
0.0011582647,0.0015612568,0.008364835,0.0008532052,0.38158858,0.45305946,0.06489075,0.0031389564,0.34845555,0.43146518,0.04369403,0.0017569393,0.39008093,0.6028106,0.03227878,0.0012187025,0.4380176,0.5284254,1.70E-18,3.71E-18,0.0010868234,6.08E-18,0.0016390418,8.12E-10,6.13E-18,0.4289492,0.0039918986,0.45842803,0.0013072151,0.05819615,0.04506222,0.0035445085,0.58165234,0.5037682,0
0.23232038,0.27460688,7.35E-05,3.78E-06,0.38159412,0.46982324,0,0,0.34851477,0.4641461,0,0,0.38961926,0.4486558,0,0,0.43765217,0.46403483,0,0,0,0,0,0.982663,0,0.43570697,0,0.4486267,0,0,2.08E-17,0,0.58125275,0.47003502,2
0.2279182,0.30207926,7.45E-05,3.73E-06,0.38159412,0.46982324,0,0,0.34851477,0.4641461,0,0,0.38961926,0.4486558,0,0,0.43765217,0.46403483,0,0,0,0,0,0.9826631,0,0.43570697,0,0.4486267,0,0,2.08E-17,0,0.58125275,0.47003502,2
0.7569707,0.7456795,0.007080641,9.59E-05,0.38159412,0.46982324,0.00011514067,9.88E-09,0.34851477,0.4641461,0.00027573184,6.47E-08,0.38961926,0.4486558,0.0002551299,6.26E-08,0.43765217,0.46403483,2.25E-22,1.79E-22,0.6280674,4.99E-09,0.67715406,9.41E-06,3.70E-05,0.43570697,0,0.4486267,0,0,0.009929078,0,0.58125275,0.47003502,3
0.002004108,0.00082723325,0.013629777,0.0011567342,0.41067272,0.7312764,0.05602651,0.56268215,0.3781641,0.72835505,0.055926614,0.6173495,0.42020765,0.71154994,0.0424564,0.4357073,0.5063044,0.8312942,1.16E-16,1.18E-16,0.001167214,1.27E-16,0.00036612875,5.30E-09,2.53E-16,0.43570697,3.19E-05,0.4486267,7.51E-05,0.005873705,0.029689796,3.34E-05,0.58125275,0.47003502,0
0.40592676,0.5939821,0.21335445,0.13153479,0.38159412,0.46982324,0.00039437803,1.16E-07,0.34851477,0.4641461,0.012244097,0.00012753712,0.38961926,0.4486558,0.012876448,0.00015933064,0.43765217,0.46403483,1.08E-20,5.58E-21,0.28285635,4.89E-16,0.46100226,2.54E-06,1.00E-05,0.43570697,0,0.4486267,0,0,0.3503546,0,0.58125275,0.47003502,4
0.3920385,0.3180307,0.0054255584,0.000108241315,0.38159412,0.46982324,0,0,0.34851477,0.4641461,0,0,0.38961926,0.4486558,0,0,0.43765217,0.46403483,0,0,0,0,0,0.98266554,0,0.43570697,0,0.4486267,0,0,2.08E-17,0,0.58125275,0.47003502,3
0.21937035,0.22304592,7.59E-05,3.80E-06,0.38159412,0.46982324,0,0,0.34851477,0.4641461,0,0,0.38961926,0.4486558,0,0,0.43765217,0.46403483,0,0,0,0,0,0.9826629,0,0.43570697,0,0.4486267,0,0,2.08E-17,0,0.58125275,0.47003502,2
0.3607398,0.31028447,0.18304192,0.13424346,0.38159412,0.46982324,0.00010759316,8.62E-09,0.34851477,0.4641461,0.01173878,0.000117227355,0.38961926,0.4486558,0.01718919,0.00028393432,0.43765217,0.46403483,5.94E-22,1.02E-21,0.21702267,3.05E-07,0.2066339,4.18E-05,0.00016449565,0.43570697,2.55E-15,0.4486267,0.7159999,1.28E-07,0.3503546,1.59E-14,0.58125275,0.47003502,5
0.7112074,0.89241093,0.007565704,8.82E-05,0.38159412,0.46982324,1.30E-08,1.26E-16,0.34851477,0.4641461,9.95E-05,8.42E-09,0.38961926,0.4486558,0.00022712538,4.96E-08,0.43765217,0.46403483,1.91E-23,2.39E-23,0.80298215,2.46E-12,0.8661112,3.52E-06,1.38E-05,0.43570697,0,0.4486267,0,0,0.009929078,0,0.58125275,0.47003502,3
0.0008091149,0.00057562126,0.016098462,0.0015466831,0.38159412,0.46982324,1.97E-09,2.89E-18,0.34851477,0.4641461,0.000367403,1.15E-07,0.38961926,0.4486558,0.068307415,0.0044837645,0.43765217,0.46403483,2.05E-20,2.85E-16,0.0002847967,6.56E-15,0.00016746309,0.00212435,0.008328554,0.43570697,1.81E-18,0.4486267,0.00021653238,1.40E-09,0.009929078,1.90E-18,0.58125275,0.47003502,0
0.22041333,0.18137752,7.79E-05,4.05E-06,0.38159412,0.46982324,0,0,0.34851477,0.4641461,0,0,0.38961926,0.4486558,0,0,0.43765217,0.46403483,0,0,0,0,0,0.9826629,0,0.43570697,0,0.4486267,0,0,2.08E-17,0,0.58125275,0.47003502,2
0.22831546,0.31361836,7.37E-05,3.66E-06,0.38159412,0.46982324,0,0,0.34851477,0.4641461,0,0,0.38961926,0.4486558,0,0,0.43765217,0.46403483,0,0,0,0,0,0.9826632,0,0.43570697,0,0.4486267,0,0,2.08E-17,0,0.58125275,0.47003502,2
0.7537323,0.56292874,0.0070715644,9.59E-05,0.38159412,0.46982324,2.89E-08,6.20E-16,0.34851477,0.4641461,0.00014950841,1.90E-08,0.38961926,0.4486558,0.00022057586,4.68E-08,0.43765217,0.46403483,5.60E-22,3.07E-22,0.6257784,4.59E-07,0.5105956,1.96E-05,7.71E-05,0.43570697,0,0.4486267,0,0,0.009929078,0,0.58125275,0.47003502,3
0.24034134,0.062328644,0.22939965,0.13523287,0.38159412,0.46982324,0.0011865995,1.05E-06,0.34851477,0.4641461,0.018948862,0.0003054565,0.38961926,0.4486558,0.020857548,0.00041805513,0.43765217,0.46403483,1.44E-20,6.20E-09,0.18532115,0.00064643443,0.05079341,0.00036010504,0.0014160966,0.43570697,0,0.4486267,0,0,0.35886526,0,0.58125275,0.47003502,1
0.38436905,0.40532207,0.18353976,0.13425486,0.38159412,0.46982324,5.14E-05,1.97E-09,0.34851477,0.4641461,0.01069875,9.74E-05,0.38961926,0.4486558,0.016379867,0.00025782664,0.43765217,0.46403483,1.12E-21,1.85E-21,0.23208436,5.48E-10,0.27064684,1.71E-05,6.72E-05,0.43570697,3.37E-15,0.4486267,0.93785703,1.09E-07,0.3503546,1.14E-14,0.58125275,0.47003502,5
0.22775951,0.3144711,7.43E-05,3.75E-06,0.38159412,0.46982324,0,0,0.34851477,0.4641461,0,0,0.38961926,0.4486558,0,0,0.43765217,0.46403483,0,0,0,0,0,0.9826632,0,0.43570697,0,0.4486267,0,0,2.08E-17,0,0.58125275,0.47003502,2
0.72129,0.6673382,0.008074799,7.90E-05,0.38159412,0.46982324,0.00017052316,2.17E-08,0.34851477,0.4641461,0.0003311654,9.33E-08,0.38961926,0.4486558,0.00028946227,8.05E-08,0.43765217,0.46403483,8.45E-23,9.15E-23,0.6810226,3.08E-08,0.6876529,1.12E-05,4.41E-05,0.43570697,0,0.4486267,0,0,0.009929078,0,0.58125275,0.47003502,3
0.65670335,0.20764023,0.008014575,8.03E-05,0.38159412,0.46982324,1.00E-06,7.50E-13,0.34851477,0.4641461,0.0001928893,3.17E-08,0.38961926,0.4486558,0.00027046792,7.03E-08,0.43765217,0.46403483,9.47E-23,1.68E-12,0.6161291,9.50E-05,0.21257949,8.01E-05,0.00031513697,0.43570697,0,0.4486267,0,0,0.009929078,0,0.58125275,0.47003502,3
0.44561145,0.5993922,0.21353051,0.13149776,0.38159412,0.46982324,0,0,0.34851477,0.4641461,0,0,0.38961926,0.4486558,0,0,0.43765217,0.46403483,0,0,0,0,0,0.982665,0,0.43570697,0,0.4486267,0,0,2.08E-17,0,0.58125275,0.47003502,4
0.38220385,0.25019062,0.18408823,0.13426748,0.38159412,0.46982324,0.0025201298,4.73E-06,0.34851477,0.4641461,0.014810307,0.0001865998,0.38961926,0.4486558,0.018123677,0.00031564556,0.43765217,0.46403483,8.15E-22,1.13E-21,0.23595832,4.06E-06,0.16757524,6.74E-05,0.000265008,0.43570697,0,0.4486267,0.5806229,1.16E-07,0.3503546,1.30E-14,0.58125275,0.47003502,5
0.43986532,0.59837747,0.21363647,0.13147767,0.38159412,0.46982324,0,0,0.34851477,0.4641461,0,0,0.38961926,0.4486558,0,0,0.43765217,0.46403483,0,0,0,0,0,0.982665,0,0.43570697,0,0.4486267,0,0,2.08E-17,0,0.58125275,0.47003502,4
0.0009146408,0.0015022043,0.0074954955,0.0007497233,0.38159412,0.46982324,1.53E-06,8.77E-06,0.34851477,0.4641626,0.01733463,0.00038074472,0.3896467,0.484239,0.030380424,0.00097095047,0.43780932,0.50304556,1.78E-17,1.78E-17,0.0008743207,1.64E-17,0.001511466,3.95E-07,1.58E-06,0.43570697,4.05E-18,0.4486267,0.0013027997,0.0006462729,0.04421195,2.05E-05,0.5812555,0.64123917,0
0.0061211805,0.001412154,0.05200334,0.0668896,0.36361545,0.41657725,0.3238024,0.18161206,0.32329226,0.39210168,0.32425383,0.21492736,0.3596852,0.36978987,0.30184513,0.21368594,0.44710362,0.4746673,1.75E-18,2.27E-18,0.0071902904,3.66E-17,0.0013340077,1.22E-09,1.14E-16,0.43570697,3.19E-05,0.4486267,7.51E-05,0.005873705,0.029689794,3.34E-05,0.58125275,0.47003502,0
0.012752369,0.003776496,0.07305834,0.10679139,0.41604415,0.7236873,0.21034361,0.52282065,0.36006024,0.4926035,0.3476666,0.30766708,0.3797487,0.4287443,0.3449976,0.30534616,0.41899443,0.44879714,4.06E-19,5.84E-19,0.014756496,5.35E-18,0.0044687474,6.61E-11,3.40E-17,0.71063656,0.7587424,0.71349007,0.00045039118,0.06316089,0.44123173,0.7941566,0.66061413,0.7242626,0
0.7306121,0.938408,0.24467002,0.121319324,0.38159412,0.46982324,0,0,0.34851477,0.4641461,0,0,0.38961926,0.4486558,0,0,0.43765217,0.46403483,0,0,0,0,0,0.982665,0,0.43570697,0,0.4486267,0,0,2.08E-17,0,0.58125275,0.47003502,4
0.70635194,0.56981057,0.25075382,0.12722021,0.38159412,0.46982324,0,0,0.34851477,0.4641461,0,0,0.38961926,0.4486558,0,0,0.43765217,0.46403483,0,0,0,0,0,0.98266613,0,0.43570697,0,0.4486267,0,0,2.08E-17,0,0.58125275,0.47003502,1
0.000590496,0.00050986564,0.014150295,0.00063322065,0.38159412,0.46982324,0,0.0072746333,0.34851477,0.4641461,0.00017225296,0.008650523,0.3896193,0.44913983,0.037611835,0.0098805,0.43976128,0.54901445,1.08E-16,4.64E-15,0.00023592128,1.19E-14,0.00013952404,2.06E-08,7.50E-15,0.43570697,0,0.4486267,0.0001475663,0,0.009929078,0,0.58125275,0.47003502,0
0.00036193535,0.00054309284,0.024595525,0.0043726247,0.38159412,0.46982324,1.39E-09,1.44E-18,0.34851477,0.4641461,4.30E-06,1.57E-11,0.38961926,0.4486558,0.008844664,7.52E-05,0.43765217,0.46403483,0,0,6.82E-06,6.36E-22,6.94E-05,2.55E-08,2.53E-16,0.43570697,1.70E-11,0.4486267,0.00024074144,0.008811353,0.02038829,7.52E-05,0.58125275,0.47003502,0
0.71176165,0.5050927,0.250567,0.12730506,0.38159412,0.46982324,0,0,0.34851477,0.4641461,0,0,0.38961926,0.4486558,0,0,0.43765217,0.46403483,0,0,0,0,0,0.9826661,0,0.43570697,0,0.4486267,0,0,2.08E-17,0,0.58125275,0.47003502,1
0.7212802,0.74224573,0.24339707,0.121884204,0.38159412,0.46982324,0.00871932,5.66E-05,0.34851477,0.4641461,0.010044978,8.58E-05,0.38961926,0.4486558,0.007117277,4.87E-05,0.43765217,0.46403483,1.13E-21,3.95E-22,0.5839854,2.02E-09,0.6571467,8.79E-06,3.46E-05,0.43570697,0,0.4486267,0,0,0.3503546,0,0.58125275,0.47003502,4
0.42771122,0.6045437,0.21327123,0.1315495,0.38159412,0.46982324,0.00032731687,7.98E-08,0.34851477,0.4641461,0.012510854,0.00013315484,0.38961926,0.4486558,0.013225582,0.00016808801,0.43765217,0.46403483,3.56E-22,5.12E-22,0.30165848,6.75E-19,0.46902052,1.30E-06,5.12E-06,0.43570697,0,0.4486267,0,0,0.3503546,0,0.58125275,0.47003502,4
0.69277817,0.2971865,0.24945404,0.12781239,0.38159412,0.46982324,0,0,0.34851477,0.4641461,0,0,0.38961926,0.4486558,0,0,0.43765217,0.46403483,0,0,0,0,0,0.9826661,0,0.43570697,0,0.4486267,0,0,2.08E-17,0,0.58125275,0.47003502,1
0.22054656,0.29095554,7.25E-05,3.59E-06,0.38159412,0.46982324,0,0,0.34851477,0.4641461,0,0,0.38961926,0.4486558,0,0,0.43765217,0.46403483,0,0,0,0,0,0.98266304,0,0.43570697,0,0.4486267,0,0,2.08E-17,0,0.58125275,0.47003502,2
0.000913455,0.0015746291,0.013184483,0.011378635,0.38159412,0.4698233,0.048174173,0.0017296812,0.348517,0.4666193,0.04724548,0.0019924138,0.38977104,0.49804994,0.11847484,0.014761687,0.43761665,0.46345434,1.86E-20,1.90E-18,0.0009570091,7.09E-18,0.0016933659,7.74E-10,6.89E-18,0.43570697,0.0039769355,0.42844385,0.0014420006,0.06474069,0.048459828,0.0041857916,0.5810012,0.448195,0
0.0010908636,0.0026909797,0.0770551,0.1979225,0.38159412,0.4698231,0.0009763761,7.50E-05,0.3485147,0.4625935,0.124679565,0.021703586,0.38925928,0.44034383,0.1734692,0.4372426,0.4430878,0.47114688,2.57E-22,2.50E-19,0.0011185422,0.0014232415,0.0013776473,0.00871035,0.03452381,0.43570697,0.016472325,0.45175573,0.001199539,0.088483475,0.1829248,0.4316439,0.6029973,0.5374834,0
0.5036335,0.4708648,0.21357478,0.13148904,0.38159412,0.46982324,2.24E-05,3.74E-10,0.34851477,0.4641461,0.010290817,9.01E-05,0.38961926,0.4486558,0.01441847,0.00019977697,0.43765217,0.46403483,2.36E-21,1.49E-21,0.3660951,4.22E-09,0.36585277,1.62E-05,6.38E-05,0.43570697,0,0.4486267,0,0,0.3503546,0,0.58125275,0.47003502,4
0.43432727,0.5626196,0.21364136,0.1314731,0.38159412,0.46982324,0.002327503,4.04E-06,0.34851477,0.4641461,0.012157629,0.00012574214,0.38961926,0.4486558,0.0130818235,0.0001644537,0.43765217,0.46403483,2.03E-21,1.85E-21,0.31241325,6.52E-13,0.43724927,5.55E-06,2.19E-05,0.43570697,0,0.4486267,0,0,0.3503546,0,0.58125275,0.47003502,4
0.43246996,0.5302208,0.21315762,0.1315743,0.38159412,0.46982324,0.00036307832,9.82E-08,0.34851477,0.4641461,0.011228536,0.00010725791,0.38961926,0.4486558,0.013841423,0.00018410626,0.43765217,0.46403483,8.50E-22,1.22E-21,0.31035972,2.26E-11,0.41115355,8.41E-06,3.31E-05,0.43570697,0,0.4486267,0,0,0.3503546,0,0.58125275,0.47003502,4
0.85100293,0.87283885,0.008126845,7.72E-05,0.38159412,0.46982324,4.70E-05,1.64E-09,0.34851477,0.4641461,0.00024299572,5.02E-08,0.38961926,0.4486558,0.00025844597,6.42E-08,0.43765217,0.46403483,4.70E-23,5.65E-23,0.82989985,6.12E-11,0.908037,4.65E-06,1.83E-05,0.43570697,0,0.4486267,0,0,0.009929078,0,0.58125275,0.47003502,3
0.0015811241,0.0017177477,0.0077761062,0.0007467331,0.38159412,0.46983293,0.0018899019,0.00054390094,0.34851575,0.47249755,0.028603638,0.000970794,0.38984802,0.56475294,0.030362118,0.0011397958,0.43793595,0.51635283,1.83E-17,2.01E-17,0.0014635462,2.03E-17,0.0017637814,7.52E-10,4.66E-11,0.43570697,0.0006559481,0.44892275,0.0015627014,0.0036117414,0.038505066,0.0005660546,0.58125323,0.47111446,0
0.23337187,0.31059048,7.23E-05,3.66E-06,0.38159412,0.46982324,0,0,0.34851477,0.4641461,0,0,0.38961926,0.4486558,0,0,0.43765217,0.46403483,0,0,0,0,0,0.98266315,0,0.43570697,0,0.4486267,0,0,2.08E-17,0,0.58125275,0.47003502,2
0.0011220106,0.0015706104,0.008200178,0.0008338636,0.38159412,0.46982324,0.01138131,9.65E-05,0.34851477,0.46413854,0.01160934,0.000120587516,0.38961473,0.42456746,0.01047211,0.00015016866,0.43766066,0.4757592,5.63E-17,8.33E-17,0.0002481871,8.21E-17,0.00040516007,4.57E-09,8.02E-17,0.435699,0.00013012333,0.42453992,0.0014046893,0.010432668,0.02803239,0.00015013949,0.58125967,0.481628,0
0.7479572,0.50879234,0.007065091,9.61E-05,0.38159412,0.46982324,5.15E-06,1.97E-11,0.34851477,0.4641461,0.00025087842,5.35E-08,0.38961926,0.4486558,0.00024432136,5.74E-08,0.43765217,0.46403483,4.64E-22,2.09E-22,0.618762,1.29E-06,0.46103197,2.40E-05,9.46E-05,0.43570697,0,0.4486267,0,0,0.009929078,0,0.58125275,0.47003502,3
0.38315448,0.22442646,0.18377146,0.13426149,0.38159412,0.46982324,1.80E-05,2.41E-10,0.34851477,0.4641461,0.010829922,9.98E-05,0.38961926,0.4486558,0.017928092,0.00030886964,0.43765217,0.46403483,1.08E-21,1.22E-21,0.23587722,9.60E-06,0.15005706,8.20E-05,0.00032250298,0.43570697,1.86E-15,0.4486267,0.519932,9.44E-08,0.3503546,8.63E-15,0.58125275,0.47003502,5
0.41848424,0.56902295,0.2143566,0.13132203,0.38159412,0.46982324,3.53E-05,9.29E-10,0.34851477,0.4641461,0.009301742,7.36E-05,0.38961926,0.4486558,0.01284678,0.00015859725,0.43765217,0.46403483,8.44E-22,1.76E-21,0.3087648,1.23E-13,0.44370198,4.63E-06,1.82E-05,0.43570697,0,0.4486267,0,0,0.3503546,0,0.58125275,0.47003502,4
0.319829,0.43144053,0.20275526,0.14037998,0.38159412,0.46982324,0,0,0.34851477,0.4641461,0,0,0.38961926,0.4486558,0,0,0.43765217,0.46403483,0,0,0,0,0,0.9826662,0,0.43570697,0,0.4486267,0,0,2.08E-17,0,0.58125275,0.47003502,1
0.35851195,0.15179099,0.20811737,0.1397858,0.38159412,0.46982324,0,0,0.34851477,0.4641461,0,0,0.38961926,0.4486558,0,0,0.43765217,0.46403483,0,0,0,0,0,0.9826661,0,0.43570697,0,0.4486267,0,0,2.08E-17,0,0.58125275,0.47003502,1
0.48536614,0.46550295,0.2140115,0.13139674,0.38159412,0.46982324,3.69E-05,1.01E-09,0.34851477,0.4641461,0.011011524,0.00010315206,0.38961926,0.4486558,0.014569624,0.0002039876,0.43765217,0.46403483,7.60E-22,1.34E-21,0.3585641,4.84E-09,0.3624287,1.66E-05,6.52E-05,0.43570697,0,0.4486267,0,0,0.3503546,0,0.58125275,0.47003502,4
0.2601411,0.13356774,1.73E-05,1.77E-06,0.38159412,0.46982324,0,0,0.34851477,0.4641461,0,0,0.38961926,0.4486558,0,0,0.43765217,0.46403483,0,0,0,0,0,0.98266286,0,0.43570697,0,0.4486267,0,0,2.08E-17,0,0.58125275,0.47003502,2
0.47268626,0.3514683,0.21421015,0.13135485,0.38159412,0.46982324,0.00018714303,2.61E-08,0.34851477,0.4641461,0.012162758,0.00012584824,0.38961926,0.4486558,0.014096182,0.00019094578,0.43765217,0.46403483,1.17E-21,1.11E-21,0.340673,7.99E-07,0.27388933,3.63E-05,0.00014296151,0.43570697,0,0.4486267,0,0,0.3503546,0,0.58125275,0.47003502,4
0.4190625,0.5688977,0.21343827,0.13151573,0.38159412,0.46982324,0,0,0.34851477,0.4641461,0,0,0.38961926,0.4486558,0,0,0.43765217,0.46403483,0,0,0,0,0,0.98266494,0,0.43570697,0,0.4486267,0,0,2.08E-17,0,0.58125275,0.47003502,4
0.22417633,0.31183478,7.37E-05,3.61E-06,0.38159412,0.46982324,0,0,0.34851477,0.4641461,0,0,0.38961926,0.4486558,0,0,0.43765217,0.46403483,0,0,0,0,0,0.98266315,0,0.43570697,0,0.4486267,0,0,2.08E-17,0,0.58125275,0.47003502,2
0.39022568,0.22152373,0.18331288,0.13425003,0.38159412,0.46982324,0.0053510526,2.13E-05,0.34851477,0.4641461,0.0075061237,4.79E-05,0.38961926,0.4486558,0.0075753354,5.51E-05,0.43765217,0.46403483,2.36E-19,1.24E-17,0.0006143829,0.0037459682,0.0003427229,0.034526657,0.13105196,0.43570697,0,0.4486267,0,0,0.009219858,0,0.58125275,0.47003502,5
0.41871077,0.6018257,0.21204025,0.1317958,0.38159412,0.46982324,0.030147143,0.000677093,0.34851477,0.4641461,0.020371564,0.0003530464,0.38961926,0.4486558,0.0141179515,0.00019153602,0.43765217,0.46403483,1.04E-21,8.33E-22,0.2873986,1.52E-19,0.46423528,1.13E-06,4.43E-06,0.43570697,0,0.4486267,0,0,0.3503546,0,0.58125275,0.47003502,4
0.22777733,0.29840454,7.41E-05,3.74E-06,0.38159412,0.46982324,0,0,0.34851477,0.4641461,0,0,0.38961926,0.4486558,0,0,0.43765217,0.46403483,0,0,0,0,0,0.9826631,0,0.43570697,0,0.4486267,0,0,2.08E-17,0,0.58125275,0.47003502,2
0.35790208,0.12056119,0.19482508,0.14084187,0.38159412,0.46982324,0.036951248,0.0010172183,0.34851477,0.4641461,0.03819325,0.0012409557,0.38961926,0.4486558,0.03057492,0.0008983338,0.43765217,0.46403483,2.27E-21,3.34E-14,0.2178336,0.00016327192,0.08351815,0.00019398857,0.00076298096,0.43570697,0,0.4486267,0,0,0.35886526,0,0.58125275,0.47003502,1
0.0027449413,0.002801839,0.050729603,0.07275475,0.38159412,0.46982324,1.39E-09,1.44E-18,0.34851477,0.4641461,1.41E-09,1.68E-18,0.38961926,0.4486558,1.72E-09,2.84E-18,0.43765217,0.46403483,1.87E-26,1.31E-24,0.0019029366,6.11E-15,0.00104234,1.62E-08,7.48E-14,0.43570697,1.81E-18,0.4486267,0.0036137907,1.72E-09,2.08E-17,2.84E-18,0.58125275,0.47003502,0
0.72371185,0.9405646,0.2450019,0.12117034,0.38159412,0.46982324,0.00080513314,4.83E-07,0.34851477,0.4641461,0.007901572,5.31E-05,0.38961926,0.4486558,0.0068888753,4.56E-05,0.43765217,0.46403483,4.64E-23,8.35E-23,0.59623677,1.81E-14,0.83821553,2.16E-06,8.50E-06,0.43570697,0,0.4486267,0,0,0.3503546,0,0.58125275,0.47003502,4
0.3988888,0.33029372,0.005512502,0.00010815928,0.38159412,0.46982324,8.36E-09,5.20E-17,0.34851477,0.4641461,0.0003039103,7.86E-08,0.38961926,0.4486558,0.00067535724,4.38E-07,0.43765217,0.46403483,4.74E-22,1.59E-21,0.26215726,2.85E-07,0.23216583,3.77E-05,0.0001481993,0.43570697,0,0.4486267,0,0,0.009929078,0,0.58125275,0.47003502,3
0.009481068,0.0018926358,0.05685164,0.08041359,0.3724028,0.4415414,0.33439398,0.16567141,0.33155176,0.4139439,0.33531854,0.19661467,0.36734447,0.38812476,0.32395506,0.21103817,0.4322149,0.45819065,1.51E-18,1.98E-18,0.01045342,7.92E-18,0.0018542858,7.59E-10,7.82E-17,0.43570697,3.19E-05,0.4486267,7.51E-05,0.0058737043,0.029689584,3.34E-05,0.58125275,0.47003502,0
0.22772858,0.14845683,7.82E-05,4.09E-06,0.38159412,0.46982324,0,0,0.34851477,0.4641461,0,0,0.38961926,0.4486558,0,0,0.43765217,0.46403483,0,0,0,0,0,0.98266286,0,0.43570697,0,0.4486267,0,0,2.08E-17,0,0.58125275,0.47003502,2
0.7137806,0.5450346,0.24266969,0.12220174,0.38159412,0.46982324,0.00038322806,1.09E-07,0.34851477,0.4641461,0.0073714755,4.62E-05,0.38961926,0.4486558,0.0070006736,4.71E-05,0.43765217,0.46403483,3.20E-22,1.55E-22,0.5736592,4.42E-07,0.48110113,2.05E-05,8.08E-05,0.43570697,0,0.4486267,0,0,0.3503546,0,0.58125275,0.47003502,4
0.31554988,0.10265086,0.18417893,0.13428643,0.38159412,0.46982324,0,0,0.34851477,0.4641461,0,0,0.38961926,0.4486558,0,0,0.43765217,0.46403483,0,0,0,0,0,0.98266697,0,0.43570697,0,0.4486267,0,0,2.08E-17,0,0.58125275,0.47003502,5
0.22198205,0.31526348,7.27E-05,3.70E-06,0.38159412,0.46982324,0,0,0.34851477,0.4641461,0,0,0.38961926,0.4486558,0,0,0.43765217,0.46403483,0,0,0,0,0,0.9826632,0,0.43570697,0,0.4486267,0,0,2.08E-17,0,0.58125275,0.47003502,2
0.7149216,0.6445069,0.24991366,0.12760463,0.38159412,0.46982324,0,0,0.34851477,0.4641461,0,0,0.38961926,0.4486558,0,0,0.43765217,0.46403483,0,0,0,0,0,0.98266613,0,0.43570697,0,0.4486267,0,0,2.08E-17,0,0.58125275,0.47003502,1
0.440901,0.5649445,0.21369743,0.13146268,0.38159412,0.46982324,0.0007465702,4.15E-07,0.34851477,0.4641461,0.010809522,9.94E-05,0.38961926,0.4486558,0.012911173,0.00016019112,0.43765217,0.46403483,8.39E-21,3.85E-21,0.31753087,5.16E-13,0.43916965,5.41E-06,2.13E-05,0.43570697,0,0.4486267,0,0,0.3503546,0,0.58125275,0.47003502,4
0.42835402,0.41735834,0.2121882,0.13176876,0.38159412,0.46982324,0.0021816234,3.55E-06,0.34851477,0.4641461,0.016491635,0.00023137183,0.38961926,0.4486558,0.0148562705,0.00021209317,0.43765217,0.46403483,2.01E-21,1.58E-21,0.30013132,5.17E-08,0.32217827,2.32E-05,9.13E-05,0.43570697,0,0.4486267,0,0,0.3503546,0,0.58125275,0.47003502,4
0.4237797,0.43760717,0.2125975,0.1316875,0.38159412,0.46982324,0,0,0.34851477,0.4641461,0,0,0.38961926,0.4486558,0,0,0.43765217,0.46403483,0,0,0,0,0,0.9826649,0,0.43570697,0,0.4486267,0,0,2.08E-17,0,0.58125275,0.47003502,4
0.24827605,0.35033318,1.61E-05,1.64E-06,0.38159412,0.46982324,0,0,0.34851477,0.4641461,0,0,0.38961926,0.4486558,0,0,0.43765217,0.46403483,0,0,0,0,0,0.98266315,0,0.43570697,0,0.4486267,0,0,2.08E-17,0,0.58125275,0.47003502,2
0.37976223,0.26055124,0.18426189,0.13427158,0.38159412,0.46982324,0.00722773,3.89E-05,0.34851477,0.4641461,0.019114299,0.00031081343,0.38961926,0.4486558,0.019128378,0.00035161176,0.43765217,0.46403483,9.97E-22,3.09E-21,0.23475944,2.73E-06,0.17469281,6.21E-05,0.00024417767,0.43570697,3.25E-15,0.4486267,0.60524136,1.13E-07,0.3503546,1.23E-14,0.58125275,0.47003502,5
0.3563716,0.15134193,0.20857768,0.13972437,0.38159412,0.46982324,0.000519747,2.01E-07,0.34851477,0.4641461,0.023220664,0.00045870378,0.38961926,0.4486558,0.025321625,0.0006161554,0.43765217,0.46403483,7.91E-22,6.60E-18,0.25871837,6.03E-05,0.112191156,0.00013298356,0.0005230738,0.43570697,0,0.4486267,0,0,0.35886526,0,0.58125275,0.47003502,1
0.38211697,0.47512436,0.0060396367,0.00010611029,0.38159412,0.46982324,0,0,0.34851477,0.4641461,0,0,0.38961926,0.4486558,0,0,0.43765217,0.46403483,0,0,0,0,0,0.98266566,0,0.43570697,0,0.4486267,0,0,2.08E-17,0,0.58125275,0.47003502,3
0.41362187,0.35667217,0.21033917,0.13947989,0.38159412,0.46982324,4.00E-06,1.19E-11,0.34851477,0.4641461,0.013647082,0.00015843922,0.38961926,0.4486558,0.025245491,0.00061245577,0.43765217,0.46403483,1.71E-21,2.84E-21,0.28490758,6.17E-08,0.26665398,2.84E-05,0.000111661866,0.43570697,0,0.4486267,0,0,0.35886526,0,0.58125275,0.47003502,1
0.38270143,0.44735524,0.20364141,0.14029722,0.38159412,0.46982324,0.0054136785,2.18E-05,0.34851477,0.4641461,0.028805101,0.0007058653,0.38961926,0.4486558,0.02811875,0.0007597997,0.43765217,0.46403483,5.81E-22,8.27E-22,0.23639856,5.52E-11,0.32388586,1.14E-05,4.47E-05,0.43570697,0,0.4486267,0,0,0.35886526,0,0.58125275,0.47003502,1
0.001234424,0.0006499826,0.023946112,0.0041871,0.38159412,0.46982324,0.011879511,0.0001051364,0.34851477,0.4641461,0.0200826,0.00034310174,0.38961926,0.4486558,0.016876625,0.00027370217,0.43765217,0.46403483,7.71E-19,6.75E-17,0.00024067065,3.01E-08,9.78E-05,0.030382738,0.11564626,0.43570697,0.0003702335,0.4486267,0.00033922802,0.01681306,0.017510928,0.000273649,0.58125275,0.47003502,0
0.0016297968,0.0016752004,0.011262029,0.0015633953,0.38151798,0.4057644,0.040078353,0.0012470221,0.34830528,0.35962942,0.049281977,0.0021508497,0.38917887,0.31060672,0.043906976,0.0019948077,0.43722734,0.41069934,3.85E-18,7.20E-18,0.0016320273,1.21E-17,0.0017358721,7.54E-10,1.39E-17,0.43570697,0.0001565534,0.4486267,0.0013928335,0.0013967786,0.04005138,0.00049414847,0.58125204,0.46588713,0
0.45182782,0.56326646,0.21336879,0.13153066,0.38159412,0.46982324,0,0,0.34851477,0.4641461,0,0,0.38961926,0.4486558,0,0,0.43765217,0.46403483,0,0,0,0,0,0.98266494,0,0.43570697,0,0.4486267,0,0,2.08E-17,0,0.58125275,0.47003502,4
0.74098784,0.79388887,0.0070921634,9.57E-05,0.38159412,0.46982324,4.46E-07,1.48E-13,0.34851477,0.4641461,0.00018572024,2.93E-08,0.38961926,0.4486558,0.00024968066,5.99E-08,0.43765217,0.46403483,1.38E-22,1.72E-22,0.61980164,9.05E-10,0.72210723,7.43E-06,2.92E-05,0.43570697,0,0.4486267,0,0,0.009929078,0,0.58125275,0.47003502,3
0.36932263,0.3754878,0.2130742,0.13904352,0.38159412,0.46982324,0.0022688897,3.84E-06,0.34851477,0.4641461,0.029249664,0.0007278214,0.38961926,0.4486558,0.027330538,0.0007178,0.43765217,0.46403483,1.02E-21,2.49E-21,0.25591657,1.50E-08,0.2844272,2.29E-05,8.99E-05,0.43570697,0,0.4486267,0,0,0.35886526,0,0.58125275,0.47003502,1
0.44097394,0.21555875,0.005666664,0.00010774973,0.38159412,0.46982324,0,0,0.34851477,0.4641461,0,0,0.38961926,0.4486558,0,0,0.43765217,0.46403483,0,0,0,0,0,0.98266554,0,0.43570697,0,0.4486267,0,0,2.08E-17,0,0.58125275,0.47003502,3
0.46097425,0.24062908,0.0058172946,0.000107199674,0.38159412,0.46982324,1.01E-08,7.66E-17,0.34851477,0.4641461,0.0003578716,1.09E-07,0.38961926,0.4486558,0.0007052422,4.78E-07,0.43765217,0.46403483,5.06E-22,1.58E-21,0.3498629,5.62E-06,0.1787172,6.79E-05,0.00026696827,0.43570697,0,0.4486267,0,0,0.009929078,0,0.58125275,0.47003502,3
0.4242694,0.59938514,0.21371223,0.13145809,0.38159412,0.46982324,0.017684845,0.0002330014,0.34851477,0.4641461,0.015460902,0.00020335398,0.38961926,0.4486558,0.013043326,0.00016348722,0.43765217,0.46403483,2.21E-21,1.66E-21,0.3044313,1.42E-16,0.46597624,2.24E-06,8.80E-06,0.43570697,0,0.4486267,0,0,0.3503546,0,0.58125275,0.47003502,4
0.44028166,0.35418427,0.21032207,0.13948248,0.38159412,0.46982324,1.23E-05,1.13E-10,0.34851477,0.4641461,0.0150179,0.00019186751,0.38961926,0.4486558,0.025657067,0.0006325882,0.43765217,0.46403483,6.44E-22,8.04E-22,0.30310223,7.48E-08,0.26478246,2.93E-05,0.00011533663,0.43570697,0,0.4486267,0,0,0.35886526,0,0.58125275,0.47003502,1
0.7624114,0.80717784,0.008096115,7.80E-05,0.38159412,0.46982324,0,0,0.34851477,0.4641461,0,0,0.38961926,0.4486558,0,0,0.43765217,0.46403483,0,0,0,0,0,0.9826656,0,0.43570697,0,0.4486267,0,0,2.08E-17,0,0.58125275,0.47003502,3
0.72624046,0.980328,0.24411838,0.12156537,0.38159412,0.46982324,2.98E-06,6.60E-12,0.34851477,0.4641461,0.0045459014,1.76E-05,0.38961926,0.4486558,0.0065584388,4.13E-05,0.43765217,0.46403483,4.92E-22,2.88E-22,0.5902099,2.65E-17,0.8704934,1.08E-06,4.26E-06,0.43570697,0,0.4486267,0,0,0.3503546,0,0.58125275,0.47003502,4
0.42361405,0.6042339,0.21367605,0.13146621,0.38159412,0.46982324,0,0,0.34851477,0.4641461,0,0,0.38961926,0.4486558,0,0,0.43765217,0.46403483,0,0,0,0,0,0.98266506,0,0.43570697,0,0.4486267,0,0,2.08E-17,0,0.58125275,0.47003502,4
0.7282926,0.6029644,0.008097234,7.88E-05,0.38159412,0.46982324,6.72E-07,3.36E-13,0.34851477,0.4641461,0.00019082715,3.10E-08,0.38961926,0.4486558,0.00027539447,7.29E-08,0.43765217,0.46403483,6.72E-23,7.31E-23,0.69850737,1.50E-07,0.6220681,1.45E-05,5.72E-05,0.43570697,0,0.4486267,0,0,0.009929078,0,0.58125275,0.47003502,3
0.21692397,0.26638284,7.43E-05,3.77E-06,0.38159412,0.46982324,0,0,0.34851477,0.4641461,0,0,0.38961926,0.4486558,0,0,0.43765217,0.46403483,0,0,0,0,0,0.982663,0,0.43570697,0,0.4486267,0,0,2.08E-17,0,0.58125275,0.47003502,2
0.67474204,0.21602397,0.008015969,8.05E-05,0.38159412,0.46982324,0,0,0.34851477,0.4641461,0,0,0.38961926,0.4486558,0,0,0.43765217,0.46403483,0,0,0,0,0,0.9826655,0,0.43570697,0,0.4486267,0,0,2.08E-17,0,0.58125275,0.47003502,3
0.0011742061,0.0016672391,0.008305303,0.00081591407,0.38159412,0.50297785,0.0025987208,5.67E-06,0.3485151,0.4956894,0.031538542,0.0010214689,0.3896243,0.45118022,0.03128248,0.0011746692,0.43784213,0.4983444,3.40E-17,3.42E-17,0.0012160566,2.02E-17,0.0017888083,7.24E-10,1.74E-17,0.43570697,0.00049815176,0.44580007,0.0015589502,0.0043993625,0.03915108,0.0005319496,0.5812558,0.47545937,0
0.359615,0.18680249,0.18391825,0.13426425,0.38159412,0.46982324,0,0,0.34851477,0.4641461,0,0,0.38961926,0.4486558,0,0,0.43765217,0.46403483,0,0,0,0,0,0.98266697,0,0.43570697,0,0.4486267,0,0,2.08E-17,0,0.58125275,0.47003502,5
0.72239625,0.9832596,0.24413176,0.12156003,0.38159412,0.46982324,0.0019458105,2.82E-06,0.34851477,0.4641461,0.008949849,6.81E-05,0.38961926,0.4486558,0.0072103315,5.00E-05,0.43765217,0.46403483,1.21E-22,1.11E-22,0.58730775,1.20E-17,0.8731609,9.95E-07,3.92E-06,0.43570697,0,0.4486267,0,0,0.3503546,0,0.58125275,0.47003502,4
0.73413944,0.6238703,0.008081937,7.91E-05,0.38159412,0.46982324,7.61E-08,4.31E-15,0.34851477,0.4641461,0.00015219138,1.97E-08,0.38961926,0.4486558,0.00026479954,6.74E-08,0.43765217,0.46403483,1.33E-22,1.05E-22,0.69500816,9.52E-08,0.64276296,1.34E-05,5.29E-05,0.43570697,0,0.4486267,0,0,0.009929078,0,0.58125275,0.47003502,3
0.71201867,0.7563009,0.2505218,0.12732644,0.38159412,0.46982324,0.026251907,0.0005134258,0.34851477,0.4641461,0.011376562,0.00011010451,0.38961926,0.4486558,0.0070995474,4.84E-05,0.43765217,0.46403483,6.12E-23,1.09E-22,0.5853254,9.34E-10,0.67284137,7.95E-06,3.13E-05,0.43570697,0,0.4486267,0,0,0.35886526,0,0.58125275,0.47003502,1
0.7115705,0.954748,0.24491718,0.12120874,0.38159412,0.46982324,0,0,0.34851477,0.4641461,0,0,0.38961926,0.4486558,0,0,0.43765217,0.46403483,0,0,0,0,0,0.982665,0,0.43570697,0,0.4486267,0,0,2.08E-17,0,0.58125275,0.47003502,4
0.0010429034,0.0016543546,0.011802264,0.01083721,0.38159412,0.46982324,0.0046935147,1.66E-05,0.34851474,0.463889,0.035750948,0.0012112383,0.38959876,0.43927526,0.11755051,0.014416764,0.43775612,0.46580422,2.94E-23,2.60E-19,0.00090721034,8.29E-18,0.0017203696,7.56E-10,7.49E-18,0.43570697,0.0005006193,0.44862637,0.001474741,0.00090523076,0.038245715,0.0005692626,0.58125204,0.46444863,0
0.7111201,0.7147655,0.24400255,0.121616825,0.38159412,0.46982324,3.77E-07,1.06E-13,0.34851477,0.4641461,0.0036683937,1.14E-05,0.38961926,0.4486558,0.0061761704,3.67E-05,0.43765217,0.46403483,8.21E-23,1.61E-22,0.5873567,4.90E-09,0.6343752,9.96E-06,3.92E-05,0.43570697,0,0.4486267,0,0,0.3503546,0,0.58125275,0.47003502,4
0.0023151687,0.0027040932,0.023975046,0.015874874,0.38158792,0.37863797,0.03125646,0.0007505232,0.34837586,0.3411627,0.14080442,0.33886117,0.40932977,0.5395312,0.1881194,0.67454535,0.50402355,0.5284777,1.59E-18,5.04E-11,0.0021173651,0.021938775,0.0013451661,0.0122536635,0.04761905,0.43570346,0.3816222,0.47350833,0.0010523894,0.107193284,0.30204758,0.692373,0.5977596,0.50340587,0
0.7053301,0.30320194,0.008021608,8.04E-05,0.38159412,0.46982324,7.64E-05,4.35E-09,0.34851477,0.4641461,0.00031585142,8.49E-08,0.38961926,0.4486558,0.00031537996,9.56E-08,0.43765217,0.46403483,6.37E-23,8.47E-18,0.6612763,2.62E-05,0.3107926,4.85E-05,0.0001908274,0.43570697,0,0.4486267,0,0,0.009929078,0,0.58125275,0.47003502,3
0.34247404,0.44611788,0.20394757,0.14026845,0.38159412,0.46982324,0.00025860494,4.98E-08,0.34851477,0.4641461,0.021404738,0.000389765,0.38961926,0.4486558,0.027223464,0.0007121867,0.43765217,0.46403483,6.56E-21,4.27E-21,0.22106639,3.05E-11,0.3234481,1.07E-05,4.19E-05,0.43570697,0,0.4486267,0,0,0.35886526,0,0.58125275,0.47003502,1
0.35429987,0.38627523,0.18419524,0.13426626,0.38159412,0.46982324,0,0,0.34851477,0.4641461,0,0,0.38961926,0.4486558,0,0,0.43765217,0.46403483,0,0,0,0,0,0.9826671,0,0.43570697,0,0.4486267,0,0,2.08E-17,0,0.58125275,0.47003502,5
0.7223537,0.98198664,0.24411653,0.121566564,0.38159412,0.46982324,0,0,0.34851477,0.4641461,0,0,0.38961926,0.4486558,0,0,0.43765217,0.46403483,0,0,0,0,0,0.98266506,0,0.43570697,0,0.4486267,0,0,2.08E-17,0,0.58125275,0.47003502,4
0.75296414,0.43238983,0.008056485,7.93E-05,0.38159412,0.46982324,7.93E-05,4.69E-09,0.34851477,0.4641461,0.0002568739,5.61E-08,0.38961926,0.4486558,0.00027832066,7.44E-08,0.43765217,0.46403483,1.35E-22,7.79E-23,0.7154983,3.83E-06,0.4453412,2.82E-05,0.00011077682,0.43570697,0,0.4486267,0,0,0.009929078,0,0.58125275,0.47003502,3
0.7124808,0.96060365,0.24495783,0.12118985,0.38159412,0.46982324,0,0,0.34851477,0.4641461,0,0,0.38961926,0.4486558,0,0,0.43765217,0.46403483,0,0,0,0,0,0.982665,0,0.43570697,0,0.4486267,0,0,2.08E-17,0,0.58125275,0.47003502,4
0.2275181,0.29237893,7.29E-05,3.61E-06,0.38159412,0.46982324,0,0,0.34851477,0.4641461,0,0,0.38961926,0.4486558,0,0,0.43765217,0.46403483,0,0,0,0,0,0.98266304,0,0.43570697,0,0.4486267,0,0,2.08E-17,0,0.58125275,0.47003502,2
0.41334552,0.4754888,0.0059147067,0.00010677788,0.38159412,0.46982324,1.87E-06,2.59E-12,0.34851477,0.4641461,0.00062868395,3.36E-07,0.38961926,0.4486558,0.00078869535,5.98E-07,0.43765217,0.46403483,1.45E-21,3.83E-21,0.2835277,1.74E-11,0.3591707,9.30E-06,3.66E-05,0.43570697,0,0.4486267,0,0,0.009929078,0,0.58125275,0.47003502,3
0.72319514,0.84290135,0.24403614,0.121601894,0.38159412,0.46982324,3.21E-06,7.68E-12,0.34851477,0.4641461,0.004572127,1.78E-05,0.38961926,0.4486558,0.0064456766,3.99E-05,0.43765217,0.46403483,1.70E-22,1.69E-22,0.58977205,2.59E-11,0.74820864,5.00E-06,1.97E-05,0.43570697,0,0.4486267,0,0,0.3503546,0,0.58125275,0.47003502,4
0.3452955,0.303357,0.18360275,0.13425545,0.38159412,0.46982324,0.0003840741,1.10E-07,0.34851477,0.4641461,0.01338674,0.00015245187,0.38961926,0.4486558,0.01756343,0.00029643247,0.43765217,0.46403483,7.27E-21,4.60E-21,0.21127611,3.96E-07,0.2026428,4.37E-05,0.00017174028,0.43570697,2.44E-15,0.4486267,0.7021532,1.29E-07,0.3503546,1.60E-14,0.58125275,0.47003502,5
0.73219264,0.7730642,0.243706,0.12174811,0.38159412,0.46982324,0,0,0.34851477,0.4641461,0,0,0.38961926,0.4486558,0,0,0.43765217,0.46403483,0,0,0,0,0,0.9826649,0,0.43570697,0,0.4486267,0,0,2.08E-17,0,0.58125275,0.47003502,4
0.38087615,0.30210346,0.21099404,0.13938308,0.38159412,0.46982324,0,0,0.34851477,0.4641461,0,0,0.38961926,0.4486558,0,0,0.43765217,0.46403483,0,0,0,0,0,0.98266613,0,0.43570697,0,0.4486267,0,0,2.08E-17,0,0.58125275,0.47003502,1
0.26398513,0.23403169,1.53E-05,1.54E-06,0.38159412,0.46982324,0,0,0.34851477,0.4641461,0,0,0.38961926,0.4486558,0,0,0.43765217,0.46403483,0,0,0,0,0,0.9826629,0,0.43570697,0,0.4486267,0,0,2.08E-17,0,0.58125275,0.47003502,2
0.6935999,0.2696056,0.008063794,7.97E-05,0.38159412,0.46982324,0,0,0.34851477,0.4641461,0,0,0.38961926,0.4486558,0,0,0.43765217,0.46403483,0,0,0,0,0,0.98266554,0,0.43570697,0,0.4486267,0,0,2.08E-17,0,0.58125275,0.47003502,3
0.0013689722,0.0015371025,0.008102916,0.00082403433,0.38159412,0.46982324,1.52E-05,1.10E-07,0.34851477,0.46243495,0.019420551,0.00041445327,0.38959536,0.41995254,0.031731322,0.0017315084,0.437573,0.45416114,2.17E-17,2.29E-17,0.0012828114,1.92E-17,0.0016124775,1.09E-05,4.29E-05,0.43570697,4.45E-05,0.4486267,0.0013636139,0.0034730176,0.040486604,0.0011542413,0.5812523,0.4693464,0
0.23110029,0.31207845,7.11E-05,3.52E-06,0.38159412,0.46982324,0,0,0.34851477,0.4641461,0,0,0.38961926,0.4486558,0,0,0.43765217,0.46403483,0,0,0,0,0,0.98266315,0,0.43570697,0,0.4486267,0,0,2.08E-17,0,0.58125275,0.47003502,2
0.00013287562,0.00040622498,0.011103862,0.0004944995,0.38159412,0.46983147,0.0032135502,0.00016233527,0.34851566,0.47243837,0.009332345,0.001526318,0.3896986,0.53087896,0.015842544,0.0019098127,0.43774894,0.48506835,1.83E-20,1.86E-17,0.00011943169,1.99E-16,0.00016025375,1.19E-08,1.07E-10,0.43570697,9.07E-19,0.4486267,0.00033810717,1.40E-09,0.017626109,2.69E-18,0.58125275,0.47003502,0
0.42900985,0.5968942,0.21358748,0.13148576,0.38159412,0.46982324,0,0,0.34851477,0.4641461,0,0,0.38961926,0.4486558,0,0,0.43765217,0.46403483,0,0,0,0,0,0.982665,0,0.43570697,0,0.4486267,0,0,2.08E-17,0,0.58125275,0.47003502,4
0.71134233,0.43965733,0.24277209,0.12215707,0.38159412,0.46982324,0,0,0.34851477,0.4641461,0,0,0.38961926,0.4486558,0,0,0.43765217,0.46403483,0,0,0,0,0,0.9826648,0,0.43570697,0,0.4486267,0,0,2.08E-17,0,0.58125275,0.47003502,4
0.76180446,0.7734748,0.008085277,7.84E-05,0.38159412,0.46982324,2.39E-05,4.25E-10,0.34851477,0.4641461,0.00026679473,6.06E-08,0.38961926,0.4486558,0.00027211267,7.12E-08,0.43765217,0.46403483,1.07E-22,9.50E-23,0.7297142,1.33E-09,0.7994582,7.09E-06,2.79E-05,0.43570697,0,0.4486267,0,0,0.009929078,0,0.58125275,0.47003502,3
0.0012713928,0.0016051867,0.008142773,0.000825079,0.38159412,0.46982315,0.0013183904,0.00038672352,0.34851465,0.46280032,0.029845256,0.0010002113,0.38962403,0.45100772,0.03185962,0.0012057401,0.43785116,0.4992028,2.95E-20,1.02E-18,0.0010912518,5.17E-18,0.00167031,7.89E-10,5.79E-18,0.43570697,0.0003275334,0.4486267,0.0013634884,7.46E-07,0.039393287,0.00049125537,0.58125275,0.47003236,0
0.25922406,0.28689727,1.50E-05,1.52E-06,0.38159412,0.46982324,0,0,0.34851477,0.4641461,0,0,0.38961926,0.4486558,0,0,0.43765217,0.46403483,0,0,0,0,0,0.982663,0,0.43570697,0,0.4486267,0,0,2.08E-17,0,0.58125275,0.47003502,2
0.0003309363,0.00044282817,0.011906416,0.0004900356,0.38159412,0.46982324,0,0,0.34851477,0.4641461,0,0,0.38961926,0.4486558,9.93E-10,9.50E-19,0.43765217,0.46403483,0,0,1.72E-08,1.51E-20,1.51E-05,8.37E-08,4.70E-16,0.43570697,0,0.4486267,5.24E-05,9.90E-10,2.08E-17,9.50E-19,0.58125275,0.47003502,0
0.71995264,0.9860858,0.24401079,0.12161307,0.38159412,0.46982324,0,0,0.34851477,0.4641461,0,0,0.38961926,0.4486558,0,0,0.43765217,0.46403483,0,0,0,0,0,0.98266506,0,0.43570697,0,0.4486267,0,0,2.08E-17,0,0.58125275,0.47003502,4
0.7044793,0.32608655,0.2506679,0.12726103,0.38159412,0.46982324,0.0056078653,2.34E-05,0.34851477,0.4641461,0.009806157,8.18E-05,0.38961926,0.4486558,0.008273121,6.58E-05,0.43765217,0.46403483,1.36E-22,1.04E-19,0.5803816,1.90E-05,0.29027793,4.96E-05,0.00019527481,0.43570697,0,0.4486267,0,0,0.35886526,0,0.58125275,0.47003502,1
0.44715902,0.41727534,0.21245603,0.13914737,0.38159412,0.46982324,8.05E-05,4.83E-09,0.34851477,0.4641461,0.017338183,0.000255735,0.38961926,0.4486558,0.025827184,0.0006410047,0.43765217,0.46403483,1.97E-21,3.96E-21,0.30671343,2.28E-09,0.31511965,1.74E-05,6.84E-05,0.43570697,0,0.4486267,0,0,0.35886526,0,0.58125275,0.47003502,1
0.0012863297,0.0016114245,0.008436762,0.0009021117,0.38159412,0.46982324,3.82E-06,3.60E-07,0.34851477,0.4641461,0.0071544843,0.000105493804,0.38962397,0.47394192,0.009991793,0.00015257424,0.4376762,0.49710667,1.16E-30,1.30E-21,0.000122022786,3.62E-17,0.00033848186,5.47E-09,4.91E-17,0.43570697,0.00011383603,0.47391117,0.001173516,0.00995416,0.028198611,0.0001525446,0.5812724,0.5027362,0
0.7149494,0.8046526,0.2443164,0.12147726,0.38159412,0.46982324,0,0,0.34851477,0.4641461,0,0,0.38961926,0.4486558,0,0,0.43765217,0.46403483,0,0,0,0,0,0.9826649,0,0.43570697,0,0.4486267,0,0,2.08E-17,0,0.58125275,0.47003502,4
0.36531845,0.3552641,0.0056046904,0.000107975204,0.38159412,0.46982324,6.72E-05,3.37E-09,0.34851477,0.4641461,0.0006879574,4.03E-07,0.38961926,0.4486558,0.000729673,5.12E-07,0.43765217,0.46403483,4.33E-20,2.31E-20,0.252687,8.53E-08,0.2539996,3.04E-05,0.00011963544,0.43570697,0,0.4486267,0,0,0.009929078,0,0.58125275,0.47003502,3
0.42933258,0.34799173,0.2096394,0.13958125,0.38159412,0.46982324,2.59E-05,4.99E-10,0.34851477,0.4641461,0.016689412,0.00023695461,0.38961926,0.4486558,0.026141454,0.00065669935,0.43765217,0.46403483,1.67E-21,1.93E-21,0.28972855,9.23E-08,0.25931937,3.04E-05,0.00011973797,0.43570697,0,0.4486267,0,0,0.35886526,0,0.58125275,0.47003502,1
0.2209577,0.25153163,7.57E-05,3.85E-06,0.38159412,0.46982324,0,0,0.34851477,0.4641461,0,0,0.38961926,0.4486558,0,0,0.43765217,0.46403483,0,0,0,0,0,0.982663,0,0.43570697,0,0.4486267,0,0,2.08E-17,0,0.58125275,0.47003502,2
0.25968486,0.25141665,1.57E-05,1.59E-06,0.38159412,0.46982324,0,0,0.34851477,0.4641461,0,0,0.38961926,0.4486558,0,0,0.43765217,0.46403483,0,0,0,0,0,0.9826629,0,0.43570697,0,0.4486267,0,0,2.08E-17,0,0.58125275,0.47003502,2
0.7228428,0.91418916,0.2439129,0.12165645,0.38159412,0.46982324,2.99E-05,6.67E-10,0.34851477,0.4641461,0.0057108277,2.77E-05,0.38961926,0.4486558,0.006662276,4.27E-05,0.43765217,0.46403483,3.49E-22,2.58E-22,0.58634937,1.53E-13,0.8110829,2.76E-06,1.09E-05,0.43570697,0,0.4486267,0,0,0.3503546,0,0.58125275,0.47003502,4
0.28032646,0.07654105,0.0052463384,0.00010800319,0.38159412,0.46982324,3.61E-06,9.69E-12,0.34851477,0.4641461,0.00032851112,9.18E-08,0.38961926,0.4486558,0.0003991439,1.53E-07,0.43765217,0.46403483,9.47E-21,1.88E-09,0.16502412,0.00064659293,0.05124818,0.0003528064,0.0013874046,0.43570697,0,0.4486267,0,0,0.009929078,0,0.58125275,0.47003502,3
0.22368741,0.31740218,7.32E-05,3.70E-06,0.38159412,0.46982324,0,0,0.34851477,0.4641461,0,0,0.38961926,0.4486558,0,0,0.43765217,0.46403483,0,0,0,0,0,0.9826633,0,0.43570697,0,0.4486267,0,0,2.08E-17,0,0.58125275,0.47003502,2
0.0018021329,0.0006898012,0.012460824,0.0015400628,0.4111958,0.735276,0.055755068,0.55857,0.37873122,0.7357137,0.054869283,0.5906213,0.42035535,0.7239347,0.04704081,0.5119393,0.5165986,0.81568205,2.56E-18,5.99E-17,0.0012429715,2.86E-16,0.00029654682,1.63E-07,6.14E-07,0.43570697,3.19E-05,0.4486267,7.51E-05,0.005873705,0.029689753,3.34E-05,0.58125275,0.47003502,0
0.35663655,0.37409058,0.18484709,0.13427635,0.38159412,0.46982324,0.003370664,8.46E-06,0.34851477,0.4641461,0.017929757,0.00027348395,0.38961926,0.4486558,0.017651338,0.0002994073,0.43765217,0.46403483,1.05E-21,1.64E-21,0.22639708,5.32E-09,0.2515895,2.30E-05,9.05E-05,0.43570697,8.13E-16,0.4486267,0.8717475,1.24E-07,0.3503546,1.49E-14,0.58125275,0.47003502,5
0.41008762,0.34431836,0.2094653,0.13960591,0.38159412,0.46982324,3.64E-05,9.88E-10,0.34851477,0.4641461,0.017452883,0.00025912983,0.38961926,0.4486558,0.026340555,0.00066674064,0.43765217,0.46403483,7.34E-21,3.64E-21,0.27509248,1.01E-07,0.2563735,3.09E-05,0.000121571065,0.43570697,0,0.4486267,0,0,0.35886526,0,0.58125275,0.47003502,1
0.44045252,0.5971874,0.21392,0.1314176,0.38159412,0.46982324,0,0,0.34851477,0.4641461,0,0,0.38961926,0.4486558,0,0,0.43765217,0.46403483,0,0,0,0,0,0.982665,0,0.43570697,0,0.4486267,0,0,2.08E-17,0,0.58125275,0.47003502,4
0.30384842,0.09344881,0.18224172,0.13423973,0.38159412,0.46982324,0.019100768,0.00027180515,0.34851477,0.4641461,0.020799382,0.00036803057,0.38961926,0.4486558,0.022056691,0.0004675067,0.43765217,0.46403483,3.99E-20,1.48E-10,0.18509822,0.0004280703,0.061979778,0.00028318126,0.001113686,0.43570697,6.97E-16,0.4486267,0.21468638,5.60E-08,0.3503546,3.04E-15,0.58125275,0.47003502,5
0.4152616,0.5939762,0.21393543,0.13141395,0.38159412,0.46982324,0,0,0.34851477,0.4641461,0,0,0.38961926,0.4486558,0,0,0.43765217,0.46403483,0,0,0,0,0,0.982665,0,0.43570697,0,0.4486267,0,0,2.08E-17,0,0.58125275,0.47003502,4
0.7365201,0.40925404,0.00708022,9.58E-05,0.38159412,0.46982324,0,0,0.34851477,0.4641461,0,0,0.38961926,0.4486558,0,0,0.43765217,0.46403483,0,0,0,0,0,0.98266554,0,0.43570697,0,0.4486267,0,0,2.08E-17,0,0.58125275,0.47003502,3
0.2617234,0.33959836,1.64E-05,1.65E-06,0.38159412,0.46982324,0,0,0.34851477,0.4641461,0,0,0.38961926,0.4486558,0,0,0.43765217,0.46403483,0,0,0,0,0,0.98266304,0,0.43570697,0,0.4486267,0,0,2.08E-17,0,0.58125275,0.47003502,2
0.7087941,0.5336388,0.24316542,0.121985875,0.38159412,0.46982324,0,0,0.34851477,0.4641461,0,0,0.38961926,0.4486558,0,0,0.43765217,0.46403483,0,0,0,0,0,0.9826648,0,0.43570697,0,0.4486267,0,0,2.08E-17,0,0.58125275,0.47003502,4
0.25261605,0.25802332,1.50E-05,1.48E-06,0.38159412,0.46982324,0,0,0.34851477,0.4641461,0,0,0.38961926,0.4486558,0,0,0.43765217,0.46403483,0,0,0,0,0,0.9826629,0,0.43570697,0,0.4486267,0,0,2.08E-17,0,0.58125275,0.47003502,2
0.7188086,0.988185,0.24373463,0.12173569,0.38159412,0.46982324,5.38E-07,2.15E-13,0.34851477,0.4641461,0.003964258,1.34E-05,0.38961926,0.4486558,0.006629495,4.22E-05,0.43765217,0.46403483,1.84E-22,1.72E-22,0.5770638,2.35E-18,0.8760935,8.41E-07,3.31E-06,0.43570697,0,0.4486267,0,0,0.3503546,0,0.58125275,0.47003502,4
0.009150233,0.0017230238,0.06905027,0.09715017,0.38259962,0.47308677,0.35055295,0.15281428,0.34026304,0.43894398,0.346467,0.19407444,0.36565852,0.3843639,0.33577296,0.2101009,0.4232018,0.44882792,1.89E-18,8.85E-18,0.011122884,1.90E-17,0.0019318329,7.29E-10,9.00E-17,0.61012775,0.20478675,0.616839,0.00022519322,0.41417775,0.21484344,0.21432744,0.71778715,0.63150954,0
0.5863266,0.82821,0.0071027745,9.55E-05,0.38159412,0.46982324,1.17E-06,1.02E-12,0.34851477,0.4641461,0.00023586089,4.73E-08,0.38961926,0.4486558,0.00025857176,6.42E-08,0.43765217,0.46403483,1.61E-20,4.02E-20,0.4974139,8.17E-11,0.75452334,5.47E-06,2.15E-05,0.43570697,0,0.4486267,0,0,0.009929078,0,0.58125275,0.47003502,3
0.0010570178,0.0015655528,0.008177062,0.0008387167,0.38159412,0.46982324,0.0037039898,1.16E-05,0.34851477,0.46434158,0.03662986,0.0012269503,0.38967502,0.4757458,0.032214977,0.0012186777,0.43792814,0.5125616,1.56E-21,3.17E-19,0.0008064655,6.50E-18,0.0016166117,8.30E-10,6.95E-18,0.43417475,0.0030357693,0.43220004,0.0013662908,0.05706992,0.044273064,0.0034264755,0.58150846,0.49209535,0
0.44875792,0.45596737,0.21352609,0.13149925,0.38159412,0.46982324,0.00012390396,1.14E-08,0.34851477,0.4641461,0.012824167,0.00013990761,0.38961926,0.4486558,0.0148992725,0.00021332277,0.43765217,0.46403483,1.71E-21,2.36E-21,0.32878196,6.56E-09,0.35420614,1.73E-05,6.81E-05,0.43570697,0,0.4486267,0,0,0.3503546,0,0.58125275,0.47003502,4
0.0005651972,0.00045134808,0.011359649,0.00093127514,0.38159412,0.46982324,0.02190849,0.0003575863,0.34851477,0.4641461,0.02203267,0.00041296886,0.38961926,0.4486558,0.017814878,0.000304981,0.43765217,0.46403483,2.73E-16,2.73E-16,0.00016552182,3.79E-16,9.63E-05,1.94E-08,5.36E-16,0.43570697,0.00044562554,0.4486267,0.0003314016,0.01777428,0.016921433,0.00030583295,0.58125275,0.47003502,0
0.21912345,0.28615293,7.56E-05,3.80E-06,0.38159412,0.46982324,0,0,0.34851477,0.4641461,0,0,0.38961926,0.4486558,0,0,0.43765217,0.46403483,0,0,0,0,0,0.98266304,0,0.43570697,0,0.4486267,0,0,2.08E-17,0,0.58125275,0.47003502,2
0.3838629,0.4261832,0.005875304,0.00010695367,0.38159412,0.46982324,9.26E-06,6.39E-11,0.34851477,0.4641461,0.00078775967,5.28E-07,0.38961926,0.4486558,0.000761945,5.58E-07,0.43765217,0.46403483,3.18E-21,4.74E-21,0.28322577,1.33E-09,0.31971487,1.61E-05,6.34E-05,0.43570697,0,0.4486267,0,0,0.009929078,0,0.58125275,0.47003502,3
0.22915967,0.23603429,7.59E-05,3.81E-06,0.38159412,0.46982324,0,0,0.34851477,0.4641461,0,0,0.38961926,0.4486558,0,0,0.43765217,0.46403483,0,0,0,0,0,0.9826629,0,0.43570697,0,0.4486267,0,0,2.08E-17,0,0.58125275,0.47003502,2
0.6225094,0.17291287,0.0069955518,9.70E-05,0.38159412,0.46982324,3.27E-07,7.97E-14,0.34851477,0.4641461,0.00015337724,2.00E-08,0.38961926,0.4486558,0.0002250363,4.87E-08,0.43765217,0.46403483,7.44E-23,1.72E-10,0.51286584,0.00017927236,0.15513875,0.0001148471,0.00045174462,0.43570697,0,0.4486267,0,0,0.009929078,0,0.58125275,0.47003502,3
0.0012044043,0.0016405926,0.008514343,0.0008318442,0.381594,0.4644978,0.038698897,0.0011227278,0.34850997,0.45999515,0.04062475,0.0015501466,0.3896488,0.45936745,0.031846855,0.0012035923,0.4377948,0.48929843,3.98E-20,1.27E-18,0.0011033178,4.83E-18,0.0017256364,7.50E-10,6.02E-18,0.43570697,0.0003332597,0.44304183,0.0014946384,0.0032800564,0.03894173,0.000535573,0.58126634,0.5023916,0
0.7437151,0.6203987,0.008100699,7.87E-05,0.38159412,0.46982324,1.21E-07,1.10E-14,0.34851477,0.4641461,0.00015892685,2.15E-08,0.38961926,0.4486558,0.00026675392,6.84E-08,0.43765217,0.46403483,7.92E-23,1.05E-22,0.713942,1.04E-07,0.64060634,1.36E-05,5.37E-05,0.43570697,0,0.4486267,0,0,0.009929078,0,0.58125275,0.47003502,3
0.7205196,0.32880667,0.0070884656,9.57E-05,0.38159412,0.46982324,2.78E-06,5.77E-12,0.34851477,0.4641461,0.00018248794,2.83E-08,0.38961926,0.4486558,0.00022148258,4.71E-08,0.43765217,0.46403483,5.42E-23,5.49E-19,0.60859853,2.14E-05,0.2989555,4.90E-05,0.0001928441,0.43570697,0,0.4486267,0,0,0.009929078,0,0.58125275,0.47003502,3
0.33812115,0.12540951,0.1824709,0.13423656,0.38159412,0.46982324,0.002003298,2.99E-06,0.34851477,0.4641461,0.019023012,0.00030785173,0.38961926,0.4486558,0.021540307,0.0004458727,0.43765217,0.46403483,4.35E-21,5.11E-14,0.20679188,0.0001774747,0.08327906,0.00019515795,0.00076758006,0.43570697,2.32E-15,0.4486267,0.2884754,5.01E-08,0.3503546,2.43E-15,0.58125275,0.47003502,5
0.70755225,0.81061137,0.25068268,0.12725328,0.38159412,0.46982324,0,0,0.34851477,0.4641461,0,0,0.38961926,0.4486558,0,0,0.43765217,0.46403483,0,0,0,0,0,0.9826662,0,0.43570697,0,0.4486267,0,0,2.08E-17,0,0.58125275,0.47003502,1
0.38595742,0.5641935,0.21339057,0.13152567,0.38159412,0.46982324,0,0,0.34851477,0.4641461,0,0,0.38961926,0.4486558,0,0,0.43765217,0.46403483,0,0,0,0,0,0.98266494,0,0.43570697,0,0.4486267,0,0,2.08E-17,0,0.58125275,0.47003502,4
0.7150807,0.9483136,0.24496618,0.121186644,0.38159412,0.46982324,3.32E-06,8.21E-12,0.34851477,0.4641461,0.004596347,1.80E-05,0.38961926,0.4486558,0.006495143,4.05E-05,0.43765217,0.46403483,2.58E-22,2.63E-22,0.58854085,6.12E-15,0.8449904,1.92E-06,7.55E-06,0.43570697,0,0.4486267,0,0,0.3503546,0,0.58125275,0.47003502,4
0.41852605,0.41218075,0.0058657895,0.000107019616,0.38159412,0.46982324,0,0,0.34851477,0.4641461,0,0,0.38961926,0.4486558,0,0,0.43765217,0.46403483,0,0,0,0,0,0.9826656,0,0.43570697,0,0.4486267,0,0,2.08E-17,0,0.58125275,0.47003502,3
0.3145725,0.08496954,0.0054035443,0.00010802621,0.38159412,0.46982324,0,0,0.34851477,0.4641461,0,0,0.38961926,0.4486558,0,0,0.43765217,0.46403483,0,0,0,0,0,0.9826655,0,0.43570697,0,0.4486267,0,0,2.08E-17,0,0.58125275,0.47003502,3
0.7157002,0.5883472,0.24323711,0.12195366,0.38159412,0.46982324,2.94E-06,6.42E-12,0.34851477,0.4641461,0.004518666,1.74E-05,0.38961926,0.4486558,0.0064138616,3.95E-05,0.43765217,0.46403483,1.21E-22,1.31E-22,0.5827093,1.66E-07,0.5205385,1.72E-05,6.78E-05,0.43570697,0,0.4486267,0,0,0.3503546,0,0.58125275,0.47003502,4
0.3785686,0.44609794,0.20331791,0.14032757,0.38159412,0.46982324,0,0,0.34851477,0.4641461,0,0,0.38961926,0.4486558,0,0,0.43765217,0.46403483,0,0,0,0,0,0.9826662,0,0.43570697,0,0.4486267,0,0,2.08E-17,0,0.58125275,0.47003502,1
0.42998415,0.603127,0.2117473,0.13185504,0.38159412,0.46982324,0,0,0.34851477,0.4641461,0,0,0.38961926,0.4486558,0,0,0.43765217,0.46403483,0,0,0,0,0,0.9826651,0,0.43570697,0,0.4486267,0,0,2.08E-17,0,0.58125275,0.47003502,4
0.7581143,0.80130464,0.008079848,7.84E-05,0.38159412,0.46982324,2.09E-07,3.25E-14,0.34851477,0.4641461,0.00016713054,2.38E-08,0.38961926,0.4486558,0.00025501644,6.25E-08,0.43765217,0.46403483,1.12E-22,1.02E-22,0.7214385,5.23E-10,0.82802343,6.22E-06,2.45E-05,0.43570697,0,0.4486267,0,0,0.009929078,0,0.58125275,0.47003502,3
0.25495675,0.35770342,1.60E-05,1.62E-06,0.38159412,0.46982324,0,0,0.34851477,0.4641461,0,0,0.38961926,0.4486558,0,0,0.43765217,0.46403483,0,0,0,0,0,0.9826632,0,0.43570697,0,0.4486267,0,0,2.08E-17,0,0.58125275,0.47003502,2
0.39773977,0.32105872,0.005447355,0.0001082504,0.38159412,0.46982324,0,0,0.34851477,0.4641461,0,0,0.38961926,0.4486558,0,0,0.43765217,0.46403483,0,0,0,0,0,0.98266554,0,0.43570697,0,0.4486267,0,0,2.08E-17,0,0.58125275,0.47003502,3
0.21924952,0.30057105,7.39E-05,3.70E-06,0.38159412,0.46982324,0,0,0.34851477,0.4641461,0,0,0.38961926,0.4486558,0,0,0.43765217,0.46403483,0,0,0,0,0,0.9826631,0,0.43570697,0,0.4486267,0,0,2.08E-17,0,0.58125275,0.47003502,2
0.39858016,0.2949628,0.21431737,0.13133083,0.38159412,0.46982324,4.41E-07,1.45E-13,0.34851477,0.4641461,0.007668642,5.00E-05,0.38961926,0.4486558,0.0130451275,0.00016353239,0.43765217,0.46403483,3.61E-21,5.06E-21,0.2857551,3.88E-06,0.22995648,4.98E-05,0.00019597633,0.43570697,0,0.4486267,0,0,0.3503546,0,0.58125275,0.47003502,4
0.39693102,0.35780427,0.00560452,0.00010797716,0.38159412,0.46982324,0,0,0.34851477,0.4641461,0,0,0.38961926,0.4486558,0,0,0.43765217,0.46403483,0,0,0,0,0,0.9826656,0,0.43570697,0,0.4486267,0,0,2.08E-17,0,0.58125275,0.47003502,3
0.71558434,0.8108913,0.25025955,0.12744713,0.38159412,0.46982324,1.62E-07,1.95E-14,0.34851477,0.4641461,0.0034281402,1.00E-05,0.38961926,0.4486558,0.006083531,3.56E-05,0.43765217,0.46403483,1.62E-22,2.07E-22,0.5832025,8.48E-11,0.7206369,5.84E-06,2.30E-05,0.43570697,0,0.4486267,0,0,0.35886526,0,0.58125275,0.47003502,1
0.22499464,0.2567168,7.63E-05,3.88E-06,0.38159412,0.46982324,0,0,0.34851477,0.4641461,0,0,0.38961926,0.4486558,0,0,0.43765217,0.46403483,0,0,0,0,0,0.982663,0,0.43570697,0,0.4486267,0,0,2.08E-17,0,0.58125275,0.47003502,2
0.7136037,0.9944188,0.24441244,0.1214343,0.38159412,0.46982324,0.0031590918,7.43E-06,0.34851477,0.4641461,0.009423784,7.55E-05,0.38961926,0.4486558,0.0074842926,5.38E-05,0.43765217,0.46403483,5.93E-23,9.53E-23,0.5908368,1.70E-19,0.8840906,6.43E-07,2.53E-06,0.43570697,0,0.4486267,0,0,0.3503546,0,0.58125275,0.47003502,4
0.71821994,0.7084909,0.24380554,0.121703744,0.38159412,0.46982324,1.22E-06,1.11E-12,0.34851477,0.4641461,0.004119804,1.44E-05,0.38961926,0.4486558,0.0062800017,3.79E-05,0.43765217,0.46403483,9.10E-23,1.05E-22,0.5903728,6.18E-09,0.6282996,1.03E-05,4.05E-05,0.43570697,0,0.4486267,0,0,0.3503546,0,0.58125275,0.47003502,4
0.71502554,0.9922065,0.24434255,0.12146609,0.38159412,0.46982324,7.64E-06,4.35E-11,0.34851477,0.4641461,0.0051108696,2.22E-05,0.38961926,0.4486558,0.006910527,4.59E-05,0.43765217,0.46403483,3.55E-23,7.04E-23,0.59077996,4.09E-19,0.8818594,7.03E-07,2.77E-06,0.43570697,0,0.4486267,0,0,0.3503546,0,0.58125275,0.47003502,4
0.26126495,0.3559173,1.60E-05,1.62E-06,0.38159412,0.46982324,0,0,0.34851477,0.4641461,0,0,0.38961926,0.4486558,0,0,0.43765217,0.46403483,0,0,0,0,0,0.98266315,0,0.43570697,0,0.4486267,0,0,2.08E-17,0,0.58125275,0.47003502,2
0.22497408,0.2481417,7.42E-05,3.79E-06,0.38159412,0.46982324,0,0,0.34851477,0.4641461,0,0,0.38961926,0.4486558,0,0,0.43765217,0.46403483,0,0,0,0,0,0.982663,0,0.43570697,0,0.4486267,0,0,2.08E-17,0,0.58125275,0.47003502,2
0.45156682,0.26289687,0.21445422,0.1313017,0.38159412,0.46982324,0.000111751186,9.30E-09,0.34851477,0.4641461,0.012707208,0.0001373673,0.38961926,0.4486558,0.014609824,0.00020511483,0.43765217,0.46403483,2.87E-21,2.40E-21,0.31981474,1.07E-05,0.20510435,6.25E-05,0.00024582542,0.43570697,0,0.4486267,0,0,0.3503546,0,0.58125275,0.47003502,4
0.69938016,0.62530893,0.25052547,0.12732531,0.38159412,0.46982324,2.73E-08,5.55E-16,0.34851477,0.4641461,0.0029298037,7.30E-06,0.38961926,0.4486558,0.0060268384,3.49E-05,0.43765217,0.46403483,8.13E-23,1.22E-22,0.5766057,5.62E-08,0.5562983,1.45E-05,5.69E-05,0.43570697,0,0.4486267,0,0,0.35886526,0,0.58125275,0.47003502,1
0.42928547,0.6048498,0.2126832,0.13166995,0.38159412,0.46982324,0.00011137323,9.24E-09,0.34851477,0.4641461,0.011248159,0.000107633125,0.38961926,0.4486558,0.013087606,0.00016459911,0.43765217,0.46403483,6.10E-22,5.40E-22,0.29580837,5.46E-19,0.4679617,1.27E-06,5.01E-06,0.43570697,0,0.4486267,0,0,0.3503546,0,0.58125275,0.47003502,4
0.71417403,0.89139336,0.0075272964,8.88E-05,0.38159412,0.46982324,2.53E-08,4.78E-16,0.34851477,0.4641461,0.000105939675,9.55E-09,0.38961926,0.4486558,0.00022918181,5.05E-08,0.43765217,0.46403483,3.62E-23,2.85E-23,0.7966148,2.79E-12,0.86072415,3.58E-06,1.41E-05,0.43570697,0,0.4486267,0,0,0.009929078,0,0.58125275,0.47003502,3
0.7190967,0.7247408,0.24353775,0.121822186,0.38159412,0.46982324,0,0,0.34851477,0.4641461,0,0,0.38961926,0.4486558,0,0,0.43765217,0.46403483,0,0,0,0,0,0.9826649,0,0.43570697,0,0.4486267,0,0,2.08E-17,0,0.58125275,0.47003502,4
0.00094975263,0.0015379564,0.008325382,0.00086912524,0.38159412,0.46982324,0.02650671,0.0005240892,0.3485141,0.46236566,0.042389885,0.0016609317,0.3898812,0.54021466,0.0330302,0.0012636645,0.4379986,0.5232314,4.23E-21,1.50E-18,0.0008434744,1.43E-17,0.0015679208,8.83E-10,1.74E-17,0.43570697,0.0004577404,0.4486267,0.0013716107,0.00050416397,0.039053947,0.0005160126,0.5812526,0.4679418,0
0.36178136,0.27412155,0.1836257,0.13425565,0.38159412,0.46982324,0.00048471504,1.75E-07,0.34851477,0.4641461,0.01465703,0.00018275742,0.38961926,0.4486558,0.018131107,0.00031590444,0.43765217,0.46403483,5.34E-22,7.13E-22,0.21932045,1.60E-06,0.18314213,5.58E-05,0.00021936664,0.43570697,4.64E-16,0.4486267,0.6345595,1.31E-07,0.3503546,1.66E-14,0.58125275,0.47003502,5
0.7182765,0.87460864,0.24382253,0.12169674,0.38159412,0.46982324,8.24E-05,5.06E-09,0.34851477,0.4641461,0.006385083,3.47E-05,0.38961926,0.4486558,0.006770679,4.41E-05,0.43765217,0.46403483,1.70E-22,1.38E-22,0.5808678,3.48E-12,0.77568156,3.94E-06,1.55E-05,0.43570697,0,0.4486267,0,0,0.3503546,0,0.58125275,0.47003502,4
0.011716112,0.002447475,0.05769265,0.08096775,0.38159412,0.46982324,1.39E-09,1.44E-18,0.34851477,0.4641461,1.41E-09,1.68E-18,0.38961926,0.4486558,0.015988633,0.00039119067,0.4376523,0.46409813,1.59E-24,1.28E-19,0.0002939097,1.32E-16,0.00027296718,9.54E-09,3.02E-15,0.43570697,1.81E-18,0.4486267,0.00027585877,2.42E-09,0.009929078,5.70E-18,0.58125275,0.47003502,0
0.37076747,0.26214635,0.0053197467,0.00010831963,0.38159412,0.46982324,0,0,0.34851477,0.4641461,0,0,0.38961926,0.4486558,0,0,0.43765217,0.46403483,0,0,0,0,0,0.98266554,0,0.43570697,0,0.4486267,0,0,2.08E-17,0,0.58125275,0.47003502,3
0.0011617348,0.0015193621,0.010322884,0.002303647,0.3815671,0.45917723,0.06548326,0.0032418247,0.34820586,0.38891008,0.04939638,0.002190643,0.38949838,0.41372645,0.053098388,0.0030238812,0.43752542,0.45426723,1.30E-18,4.94E-18,0.0012409393,5.85E-18,0.0016281316,8.21E-10,6.81E-18,0.435724,0.0042103045,0.5304214,0.0014927058,0.06299498,0.04778374,0.004036491,0.5818732,0.52048665,0
0.71142036,0.9519534,0.245,0.12117108,0.38159412,0.46982324,0,0,0.34851477,0.4641461,0,0,0.38961926,0.4486558,0,0,0.43765217,0.46403483,0,0,0,0,0,0.982665,0,0.43570697,0,0.4486267,0,0,2.08E-17,0,0.58125275,0.47003502,4
0.22618298,0.3009684,7.33E-05,3.68E-06,0.38159412,0.46982324,0,0,0.34851477,0.4641461,0,0,0.38961926,0.4486558,0,0,0.43765217,0.46403483,0,0,0,0,0,0.9826631,0,0.43570697,0,0.4486267,0,0,2.08E-17,0,0.58125275,0.47003502,2
0.7297817,0.9989956,0.24392225,0.12165293,0.38159412,0.46982324,2.67E-05,5.32E-10,0.34851477,0.4641461,0.0058421106,2.90E-05,0.38961926,0.4486558,0.0071266065,4.88E-05,0.43765217,0.46403483,1.29E-22,1.19E-22,0.59239566,6.56E-20,0.88637155,5.83E-07,2.29E-06,0.43570697,0,0.4486267,0,0,0.3503546,0,0.58125275,0.47003502,4
0.2598689,0.35962313,1.54E-05,1.55E-06,0.38159412,0.46982324,0,0,0.34851477,0.4641461,0,0,0.38961926,0.4486558,0,0,0.43765217,0.46403483,0,0,0,0,0,0.9826632,0,0.43570697,0,0.4486267,0,0,2.08E-17,0,0.58125275,0.47003502,2
0.24778597,0.25282642,1.52E-05,1.54E-06,0.38159412,0.46982324,0,0,0.34851477,0.4641461,0,0,0.38961926,0.4486558,0,0,0.43765217,0.46403483,0,0,0,0,0,0.9826629,0,0.43570697,0,0.4486267,0,0,2.08E-17,0,0.58125275,0.47003502,2
0.7022865,0.3891313,0.25087798,0.12716274,0.38159412,0.46982324,0,0,0.34851477,0.4641461,0,0,0.38961926,0.4486558,0,0,0.43765217,0.46403483,0,0,0,0,0,0.9826661,0,0.43570697,0,0.4486267,0,0,2.08E-17,0,0.58125275,0.47003502,1
0.46489048,0.101487495,0.008054123,7.90E-05,0.38159412,0.46982324,0.00039241472,1.15E-07,0.34851477,0.4641461,0.00041289485,1.45E-07,0.38961926,0.4486558,0.00040955606,1.61E-07,0.43765217,0.46403483,7.29E-16,2.57E-07,0.44140342,0.00043530372,0.1043816,0.00018373987,0.0007226788,0.43570697,0,0.4486267,0,0,0.009929078,0,0.58125275,0.47003502,3
0.38560098,0.40896073,0.18408911,0.13426766,0.38159412,0.46982324,0,0,0.34851477,0.4641461,0,0,0.38961926,0.4486558,0,0,0.43765217,0.46403483,0,0,0,0,0,0.9826671,0,0.43570697,0,0.4486267,0,0,2.08E-17,0,0.58125275,0.47003502,5
0.7275351,0.83078986,0.24377422,0.12171839,0.38159412,0.46982324,9.45E-05,6.66E-09,0.34851477,0.4641461,0.0063996175,3.48E-05,0.38961926,0.4486558,0.006717611,4.34E-05,0.43765217,0.46403483,2.82E-22,1.88E-22,0.58894104,5.08E-11,0.73667246,5.43E-06,2.14E-05,0.43570697,0,0.4486267,0,0,0.3503546,0,0.58125275,0.47003502,4
0.22994845,0.31847626,7.33E-05,3.68E-06,0.38159412,0.46982324,0,0,0.34851477,0.4641461,0,0,0.38961926,0.4486558,0,0,0.43765217,0.46403483,0,0,0,0,0,0.9826633,0,0.43570697,0,0.4486267,0,0,2.08E-17,0,0.58125275,0.47003502,2
0.0006718166,0.000608107,0.014892315,0.0065623154,0.38159412,0.46982324,0,0,0.34851477,0.4641461,9.93E-10,8.41E-19,0.38961926,0.4486558,1.41E-09,1.90E-18,0.43765217,0.46403483,0,0,2.80E-08,5.13E-21,1.45E-05,8.86E-08,2.85E-15,0.43570697,9.07E-19,0.4486267,5.02E-05,1.40E-09,2.08E-17,1.90E-18,0.58125275,0.47003502,0
0.46048158,0.60295075,0.21362281,0.13147773,0.38159412,0.46982324,0,0,0.34851477,0.4641461,0,0,0.38961926,0.4486558,0,0,0.43765217,0.46403483,0,0,0,0,0,0.982665,0,0.43570697,0,0.4486267,0,0,2.08E-17,0,0.58125275,0.47003502,4
0.39026162,0.2659737,0.18442188,0.13427478,0.38159412,0.46982324,0,0,0.34851477,0.4641461,0,0,0.38961926,0.4486558,0,0,0.43765217,0.46403483,0,0,0,0,0,0.982667,0,0.43570697,0,0.4486267,0,0,2.08E-17,0,0.58125275,0.47003502,5
0.7185565,0.9015783,0.24429391,0.12148781,0.38159412,0.46982324,0,0,0.34851477,0.4641461,0,0,0.38961926,0.4486558,0,0,0.43765217,0.46403483,0,0,0,0,0,0.98266494,0,0.43570697,0,0.4486267,0,0,2.08E-17,0,0.58125275,0.47003502,4
0.37017766,0.4415435,0.20239456,0.14041185,0.38159412,0.46982324,0,0,0.34851477,0.4641461,0,0,0.38961926,0.4486558,0,0,0.43765217,0.46403483,0,0,0,0,0,0.9826662,0,0.43570697,0,0.4486267,0,0,2.08E-17,0,0.58125275,0.47003502,1
0.0011727262,0.0016525877,0.008343497,0.0008200478,0.38159412,0.46982324,0.009704467,7.02E-05,0.34851477,0.4641423,0.011680734,0.00012302984,0.38961527,0.42838043,0.010725267,0.00016258947,0.4376899,0.51233554,6.62E-18,5.18E-17,0.00023088664,7.18E-17,0.00044472492,4.13E-09,6.92E-17,0.43570295,0.00013275877,0.42835262,0.0015418606,0.010684873,0.02910296,0.00016255787,0.5812836,0.51779443,0
0.24498199,0.042037353,0.2294601,0.12719916,0.38159412,0.46982324,0.017934622,0.00023962957,0.34851477,0.4641461,0.025236811,0.00054181623,0.38961926,0.4486558,0.025274562,0.00061386713,0.43765217,0.46403483,8.21E-09,6.54E-05,0.18780059,0.0017441066,0.0351125,0.0005759515,0.0022644012,0.43570697,0,0.4486267,0,0,0.3503546,0,0.58125275,0.47003502,4
0.43694907,0.20114249,0.20976618,0.13956133,0.38159412,0.46982324,0.045654226,0.0015528088,0.34851477,0.4641461,0.025449453,0.0005509853,0.38961926,0.4486558,0.024400337,0.00057213526,0.43765217,0.46403483,1.55E-21,1.77E-21,0.3075056,1.95E-05,0.14995086,9.04E-05,0.0003556654,0.43570697,0,0.4486267,0,0,0.35886526,0,0.58125275,0.47003502,1
0.42261004,0.5913485,0.21442051,0.13131078,0.38159412,0.46982324,0,0,0.34851477,0.4641461,0,0,0.38961926,0.4486558,0,0,0.43765217,0.46403483,0,0,0,0,0,0.982665,0,0.43570697,0,0.4486267,0,0,2.08E-17,0,0.58125275,0.47003502,4
0.7149437,0.47628054,0.24259652,0.12223351,0.38159412,0.46982324,6.69E-08,3.33E-15,0.34851477,0.4641461,0.0030382792,7.85E-06,0.38961926,0.4486558,0.005983167,3.44E-05,0.43765217,0.46403483,6.24E-22,2.67E-22,0.5740042,1.76E-06,0.42027402,2.70E-05,0.00010625716,0.43570697,0,0.4486267,0,0,0.3503546,0,0.58125275,0.47003502,4
0.0011146636,0.0015430731,0.0077218213,0.00073328335,0.38159412,0.46982324,6.52E-06,0.00023661926,0.34851477,0.46413675,0.017773492,0.000585605,0.38963178,0.46032053,0.029680943,0.0010977522,0.4377516,0.48302743,2.49E-18,1.06E-17,0.0012039862,1.58E-17,0.0016513082,8.16E-10,1.63E-17,0.43570697,0.00032735453,0.4486267,0.001475392,0.00033749893,0.038974456,0.00052142737,0.58125234,0.46088278,0
0.35590813,0.29127237,0.2121077,0.13920817,0.38159412,0.46982324,0,0,0.34851477,0.4641461,0,0,0.38961926,0.4486558,0,0,0.43765217,0.46403483,0,0,0,0,0,0.98266613,0,0.43570697,0,0.4486267,0,0,2.08E-17,0,0.58125275,0.47003502,1
0.28690636,0.09031862,0.19651759,0.14078385,0.38159412,0.46982324,4.46E-05,1.48E-09,0.34851477,0.4641461,0.014151005,0.00017035607,0.38961926,0.4486558,0.018112669,0.00031526227,0.43765217,0.46403483,2.49E-21,8.75E-12,0.17096475,0.0003604464,0.06304025,0.0002715087,0.0010677923,0.43570697,0,0.4486267,0,0,0.35886526,0,0.58125275,0.47003502,1
0.3576723,0.593855,0.21358567,0.13148537,0.38159412,0.46982324,0.00020715174,3.20E-08,0.34851477,0.4641461,0.01156095,0.00011370253,0.38961926,0.4486558,0.01298802,0.00016210372,0.43765217,0.46403483,7.86E-21,9.85E-21,0.2576991,7.94E-18,0.46140343,1.67E-06,6.55E-06,0.43570697,0,0.4486267,0,0,0.3503546,0,0.58125275,0.47003502,4
0.41486028,0.6010226,0.21147999,0.1319058,0.38159412,0.46982324,0,0,0.34851477,0.4641461,0,0,0.38961926,0.4486558,0,0,0.43765217,0.46403483,0,0,0,0,0,0.9826651,0,0.43570697,0,0.4486267,0,0,2.08E-17,0,0.58125275,0.47003502,4
0.7254282,0.3309591,0.0070450134,9.63E-05,0.38159412,0.46982324,0,0,0.34851477,0.4641461,0,0,0.38961926,0.4486558,0,0,0.43765217,0.46403483,0,0,0,0,0,0.98266554,0,0.43570697,0,0.4486267,0,0,2.08E-17,0,0.58125275,0.47003502,3
0.41113526,0.39114657,0.0058464836,0.000107124346,0.38159412,0.46982324,3.66E-08,9.99E-16,0.34851477,0.4641461,0.00030757347,8.05E-08,0.38961926,0.4486558,0.0006350487,3.88E-07,0.43765217,0.46403483,1.18E-21,9.30E-22,0.3139528,1.70E-08,0.29179287,2.30E-05,9.06E-05,0.43570697,0,0.4486267,0,0,0.009929078,0,0.58125275,0.47003502,3
0.00018136871,0.00038187575,0.012323423,0.00045743663,0.38159412,0.46982324,0,0,0.34851477,0.4641461,9.93E-10,8.41E-19,0.38961926,0.4486558,1.41E-09,1.90E-18,0.43765217,0.46403483,0,0,2.45E-09,8.33E-19,5.00E-05,4.92E-08,1.38E-14,0.43570697,9.07E-19,0.4486267,0.00017350394,9.90E-10,2.08E-17,9.50E-19,0.58125275,0.47003502,0
0.011033706,0.0019510876,0.06993433,0.09912413,0.3768298,0.45497075,0.34467864,0.157507,0.33823517,0.4332028,0.34239143,0.18675804,0.37863037,0.41815257,0.3327163,0.20079726,0.44747722,0.4747625,3.92E-19,2.59E-18,0.013628952,1.13E-17,0.002295816,5.47E-10,7.69E-17,0.566785,0.2271644,0.57455415,0.00022519946,0.41481206,0.1906441,0.2377566,0.6957563,0.59087205,0
0.91308,0.9226554,0.0081519345,7.69E-05,0.38159412,0.46982324,0.000117290445,1.02E-08,0.34851477,0.4641461,0.0002488793,5.27E-08,0.38961926,0.4486558,0.00025452086,6.23E-08,0.43765217,0.46403483,5.78E-23,1.24E-22,0.88709456,1.61E-11,0.9619596,3.86E-06,1.52E-05,0.43570697,0,0.4486267,0,0,0.009929078,0,0.58125275,0.47003502,3
0.7142288,0.890324,0.2440166,0.121610425,0.38159412,0.46982324,0,0,0.34851477,0.4641461,0,0,0.38961926,0.4486558,0,0,0.43765217,0.46403483,0,0,0,0,0,0.98266494,0,0.43570697,0,0.4486267,0,0,2.08E-17,0,0.58125275,0.47003502,4
0.39847726,0.5659314,0.21363984,0.1314733,0.38159412,0.46982324,0,0,0.34851477,0.4641461,0,0,0.38961926,0.4486558,0,0,0.43765217,0.46403483,0,0,0,0,0,0.98266494,0,0.43570697,0,0.4486267,0,0,2.08E-17,0,0.58125275,0.47003502,4
0.0004451152,0.0004279809,0.009946784,0.00067248015,0.38159412,0.46982324,0.02190846,0.00035758532,0.34851477,0.4641461,0.022031559,0.00041292724,0.38961926,0.44865516,0.01781732,0.00030506475,0.4376529,0.47564432,2.71E-16,2.71E-16,0.00016562118,3.77E-16,9.59E-05,1.95E-08,5.39E-16,0.43570697,0.00044558063,0.448626,0.00033237145,0.017750215,0.030616289,0.00030500547,0.5812533,0.48151442,0
0.40670216,0.36141363,0.21122679,0.13934566,0.38159412,0.46982324,1.16E-06,1.00E-12,0.34851477,0.4641461,0.01203249,0.00012316692,0.38961926,0.4486558,0.024725549,0.000587488,0.43765217,0.46403483,2.67E-21,2.27E-21,0.2874697,4.80E-08,0.27132717,2.72E-05,0.00010710489,0.43570697,0,0.4486267,0,0,0.35886526,0,0.58125275,0.47003502,1
0.008179212,0.001572164,0.060704313,0.08385708,0.367888,0.4287323,0.33480594,0.17060012,0.32792532,0.40443435,0.33644736,0.20313431,0.36070496,0.3719113,0.32968616,0.22203262,0.40092385,0.42630306,2.78E-17,3.51E-17,0.009438824,4.05E-17,0.0015506814,1.05E-09,1.42E-16,0.43570697,0,0.4486267,0,0,0.009929078,0,0.58125275,0.47003502,0
0.4532526,0.3371771,0.2133653,0.13153197,0.38159412,0.46982324,0.0016103704,1.93E-06,0.34851477,0.4641461,0.015066742,0.00019311755,0.38961926,0.4486558,0.014685085,0.00020723352,0.43765217,0.46403483,3.03E-20,1.02E-20,0.31961083,1.23E-06,0.26172376,3.94E-05,0.00015516065,0.43570697,0,0.4486267,0,0,0.3503546,0,0.58125275,0.47003502,4
0.00016824465,0.0003401237,0.012658191,0.00043996348,0.38159412,0.46982324,1.97E-09,2.89E-18,0.34851477,0.4641461,2.11E-05,3.79E-10,0.38961926,0.44864935,0.01008651,9.78E-05,0.43764985,0.42483118,0,7.74E-31,6.97E-06,1.78E-21,7.33E-05,2.44E-08,3.14E-16,0.43570697,4.09E-10,0.44862023,0.00025415875,0.010048521,0.03327252,9.78E-05,0.58125085,0.43127075,0
0.3543801,0.2953622,0.18297365,0.13424079,0.38159412,0.46982324,0,0,0.34851477,0.4641461,0,0,0.38961926,0.4486558,0,0,0.43765217,0.46403483,0,0,0,0,0,0.982667,0,0.43570697,0,0.4486267,0,0,2.08E-17,0,0.58125275,0.47003502,5
0.39375475,0.5652651,0.21394046,0.13141003,0.38159412,0.46982324,8.40E-05,5.25E-09,0.34851477,0.4641461,0.010344877,9.10E-05,0.38961926,0.4486558,0.012989215,0.00016213354,0.43765217,0.46403483,4.73E-21,6.54E-21,0.28568098,1.52E-13,0.43991807,4.73E-06,1.86E-05,0.43570697,0,0.4486267,0,0,0.3503546,0,0.58125275,0.47003502,4
0.0008798355,0.0015270791,0.008328077,0.00086713664,0.38159308,0.4689104,0.06064361,0.0027933146,0.34834307,0.4186899,0.04772801,0.0020156875,0.38922083,0.31478179,0.032660276,0.0012313708,0.43761298,0.4571479,1.98E-19,3.11E-18,0.0008662961,6.21E-18,0.001589469,8.51E-10,6.22E-18,0.43570697,0.004015631,0.42171812,0.0012483151,0.05876444,0.044786457,0.003580841,0.581363,0.47947848,0
0.72752637,0.90300494,0.24390677,0.12165972,0.38159412,0.46982324,0.0047802245,1.70E-05,0.34851477,0.4641461,0.00946571,7.62E-05,0.38961926,0.4486558,0.007053324,4.78E-05,0.43765217,0.46403483,2.25E-22,1.86E-22,0.59041053,4.20E-13,0.8011493,3.09E-06,1.22E-05,0.43570697,0,0.4486267,0,0,0.3503546,0,0.58125275,0.47003502,4
0.22404823,0.22345608,7.60E-05,3.80E-06,0.38159412,0.46982324,0,0,0.34851477,0.4641461,0,0,0.38961926,0.4486558,0,0,0.43765217,0.46403483,0,0,0,0,0,0.9826629,0,0.43570697,0,0.4486267,0,0,2.08E-17,0,0.58125275,0.47003502,2
0.4338652,0.5961004,0.21386191,0.13142984,0.38159412,0.46982324,0.0052282675,2.04E-05,0.34851477,0.4641461,0.013328413,0.00015112625,0.38961926,0.4486558,0.01273266,0.00015579209,0.43765217,0.46403483,1.12E-20,2.69E-21,0.3040419,1.67E-15,0.46374515,2.87E-06,1.13E-05,0.43570697,0,0.4486267,0,0,0.3503546,0,0.58125275,0.47003502,4
0.70735353,0.8253453,0.24961215,0.12774123,0.38159412,0.46982324,3.34E-08,8.33E-16,0.34851477,0.4641461,0.002260221,4.35E-06,0.38961926,0.4486558,0.0057838866,3.21E-05,0.43765217,0.46403483,4.80E-22,2.93E-22,0.5679954,3.69E-11,0.7315805,5.28E-06,2.08E-05,0.43570697,0,0.4486267,0,0,0.35886526,0,0.58125275,0.47003502,1
0.25456926,0.31486183,1.60E-05,1.62E-06,0.38159412,0.46982324,0,0,0.34851477,0.4641461,0,0,0.38961926,0.4486558,0,0,0.43765217,0.46403483,0,0,0,0,0,0.982663,0,0.43570697,0,0.4486267,0,0,2.08E-17,0,0.58125275,0.47003502,2
0.2185375,0.316927,7.40E-05,3.70E-06,0.38159412,0.46982324,0,0,0.34851477,0.4641461,0,0,0.38961926,0.4486558,0,0,0.43765217,0.46403483,0,0,0,0,0,0.9826633,0,0.43570697,0,0.4486267,0,0,2.08E-17,0,0.58125275,0.47003502,2
0.22052749,0.3175042,7.41E-05,3.70E-06,0.38159412,0.46982324,0,0,0.34851477,0.4641461,0,0,0.38961926,0.4486558,0,0,0.43765217,0.46403483,0,0,0,0,0,0.98266333,0,0.43570697,0,0.4486267,0,0,2.08E-17,0,0.58125275,0.47003502,2
0.39522746,0.3573581,0.0056141997,0.000107954154,0.38159412,0.46982324,0,0,0.34851477,0.4641461,0,0,0.38961926,0.4486558,0,0,0.43765217,0.46403483,0,0,0,0,0,0.9826656,0,0.43570697,0,0.4486267,0,0,2.08E-17,0,0.58125275,0.47003502,3
0.32916299,0.10544596,0.1809519,0.13418543,0.38159412,0.46982324,0,0,0.34851477,0.4641461,0,0,0.38961926,0.4486558,0,0,0.43765217,0.46403483,0,0,0,0,0,0.98266697,0,0.43570697,0,0.4486267,0,0,2.08E-17,0,0.58125275,0.47003502,5
0.00068911596,0.0008900461,0.04264636,0.0571829,0.38159406,0.4607053,0.012147983,0.00010995365,0.3485113,0.3797419,0.020079993,0.00034301754,0.38961053,0.32740626,0.016666692,0.00026693867,0.437655,0.4858763,8.63E-19,6.66E-17,0.00024304572,2.97E-16,0.00011526235,1.66E-08,6.16E-16,0.34692994,0.00037014263,0.32738498,0.0003996144,0.01660392,0.031320184,0.0002668868,0.581255,0.49163172,0
0.43924525,0.5112372,0.21263714,0.13167924,0.38159412,0.46982324,0,0,0.34851477,0.4641461,0,0,0.38961926,0.4486558,0,0,0.43765217,0.46403483,0,0,0,0,0,0.9826649,0,0.43570697,0,0.4486267,0,0,2.08E-17,0,0.58125275,0.47003502,4
0.179893,0.03416899,0.18560728,0.13430777,0.38159412,0.46982324,0.0034185436,8.71E-06,0.34851477,0.4641461,0.026497938,0.00059732015,0.38961926,0.4486558,0.030523308,0.0008953035,0.43765217,0.46403483,2.36E-10,3.38E-05,0.11324051,0.002498182,0.02309375,0.0008627405,0.0033909522,0.43570697,2.32E-16,0.4486267,0.079924926,5.01E-08,0.3503546,2.43E-15,0.58125275,0.47003502,5
0.7255504,0.96429133,0.24448012,0.12140459,0.38159412,0.46982324,1.04E-05,8.09E-11,0.34851477,0.4641461,0.0052074105,2.31E-05,0.38961926,0.4486558,0.0066317967,4.23E-05,0.43765217,0.46403483,9.17E-22,6.60E-22,0.58815837,5.36E-16,0.8575248,1.48E-06,5.83E-06,0.43570697,0,0.4486267,0,0,0.3503546,0,0.58125275,0.47003502,4
0.46254465,0.49198437,0.21311454,0.13158436,0.38159412,0.46982324,0,0,0.34851477,0.4641461,0,0,0.38961926,0.4486558,0,0,0.43765217,0.46403483,0,0,0,0,0,0.9826649,0,0.43570697,0,0.4486267,0,0,2.08E-17,0,0.58125275,0.47003502,4
0.41416696,0.38620305,0.0058186315,0.00010724344,0.38159412,0.46982324,0,0,0.34851477,0.4641461,0,0,0.38961926,0.4486558,0,0,0.43765217,0.46403483,0,0,0,0,0,0.9826656,0,0.43570697,0,0.4486267,0,0,2.08E-17,0,0.58125275,0.47003502,3
0.68397593,0.28572673,0.24980739,0.12765235,0.38159412,0.46982324,0,0,0.34851477,0.4641461,0,0,0.38961926,0.4486558,0,0,0.43765217,0.46403483,0,0,0,0,0,0.9826661,0,0.43570697,0,0.4486267,0,0,2.08E-17,0,0.58125275,0.47003502,1
0.40397653,0.36674896,0.21739757,0.13824154,0.38159412,0.46982324,0,0,0.34851477,0.4641461,0,0,0.38961926,0.4486558,0,0,0.43765217,0.46403483,0,0,0,0,0,0.98266613,0,0.43570697,0,0.4486267,0,0,2.08E-17,0,0.58125275,0.47003502,1
0.7273619,0.7953651,0.24363923,0.121777765,0.38159412,0.46982324,3.64E-07,9.87E-14,0.34851477,0.4641461,0.0036617937,1.14E-05,0.38961926,0.4486558,0.006214815,3.71E-05,0.43765217,0.46403483,2.12E-22,2.04E-22,0.5882675,2.69E-10,0.704861,6.70E-06,2.64E-05,0.43570697,0,0.4486267,0,0,0.3503546,0,0.58125275,0.47003502,4
0.23634838,0.042589817,0.0071391747,9.46E-05,0.38159412,0.46982324,0,0,0.34851477,0.4641461,0,0,0.38961926,0.4486558,0,0,0.43765217,0.46403483,0,0,0,0,0,0.9826655,0,0.43570697,0,0.4486267,0,0,2.08E-17,0,0.58125275,0.47003502,3
0.70846653,0.37785333,0.24333422,0.121912114,0.38159412,0.46982324,0,0,0.34851477,0.4641461,0,0,0.38961926,0.4486558,0,0,0.43765217,0.46403483,0,0,0,0,0,0.98266476,0,0.43570697,0,0.4486267,0,0,2.08E-17,0,0.58125275,0.47003502,4
0.22379355,0.27946234,7.43E-05,3.84E-06,0.38159412,0.46982324,0,0,0.34851477,0.4641461,0,0,0.38961926,0.4486558,0,0,0.43765217,0.46403483,0,0,0,0,0,0.98266304,0,0.43570697,0,0.4486267,0,0,2.08E-17,0,0.58125275,0.47003502,2
0.21928158,0.28807363,7.54E-05,3.76E-06,0.38159412,0.46982324,0,0,0.34851477,0.4641461,0,0,0.38961926,0.4486558,0,0,0.43765217,0.46403483,0,0,0,0,0,0.98266304,0,0.43570697,0,0.4486267,0,0,2.08E-17,0,0.58125275,0.47003502,2
0.41312706,0.601038,0.21216093,0.1317719,0.38159412,0.46982324,0,0,0.34851477,0.4641461,0,0,0.38961926,0.4486558,0,0,0.43765217,0.46403483,0,0,0,0,0,0.9826651,0,0.43570697,0,0.4486267,0,0,2.08E-17,0,0.58125275,0.47003502,4
0.7161053,0.88510114,0.24383661,0.121690884,0.38159412,0.46982324,1.60E-06,1.90E-12,0.34851477,0.4641461,0.004302616,1.57E-05,0.38961926,0.4486558,0.0064689964,4.02E-05,0.43765217,0.46403483,2.11E-22,1.39E-22,0.57947874,1.58E-12,0.7850276,3.60E-06,1.41E-05,0.43570697,0,0.4486267,0,0,0.3503546,0,0.58125275,0.47003502,4
0.31059214,0.46057662,0.005893147,0.00010688228,0.38159412,0.46982324,7.22E-06,3.88E-11,0.34851477,0.4641461,0.00076733425,5.01E-07,0.38961926,0.4486558,0.0008054951,6.23E-07,0.43765217,0.46403483,1.09E-19,5.51E-20,0.20315333,2.59E-11,0.34659868,9.70E-06,3.82E-05,0.43570697,0,0.4486267,0,0,0.009929078,0,0.58125275,0.47003502,3
0.46380457,0.5574978,0.21349195,0.13150553,0.38159412,0.46982324,0,0,0.34851477,0.4641461,0,0,0.38961926,0.4486558,0,0,0.43765217,0.46403483,0,0,0,0,0,0.98266494,0,0.43570697,0,0.4486267,0,0,2.08E-17,0,0.58125275,0.47003502,4
0.4137604,0.5314545,0.21252806,0.1317019,0.38159412,0.46982324,1.81E-05,2.44E-10,0.34851477,0.4641461,0.0085662715,6.24E-05,0.38961926,0.4486558,0.013427058,0.00017324823,0.43765217,0.46403483,6.22E-22,1.22E-21,0.28841487,1.31E-11,0.41088396,7.92E-06,3.12E-05,0.43570697,0,0.4486267,0,0,0.3503546,0,0.58125275,0.47003502,4
0.42169046,0.4081759,0.0058709467,0.00010699582,0.38159412,0.46982324,0,0,0.34851477,0.4641461,0,0,0.38961926,0.4486558,0,0,0.43765217,0.46403483,0,0,0,0,0,0.9826656,0,0.43570697,0,0.4486267,0,0,2.08E-17,0,0.58125275,0.47003502,3
0.4351316,0.518132,0.21349077,0.13150486,0.38159412,0.46982324,0.0010176307,7.72E-07,0.34851477,0.4641461,0.012103484,0.00012462461,0.38961926,0.4486558,0.014022966,0.00018896737,0.43765217,0.46403483,8.78E-22,2.00E-21,0.31766465,9.54E-11,0.40241027,9.95E-06,3.92E-05,0.43570697,0,0.4486267,0,0,0.3503546,0,0.58125275,0.47003502,4
0.7145067,0.6932441,0.2501902,0.12747881,0.38159412,0.46982324,7.02E-05,3.68E-09,0.34851477,0.4641461,0.0063007823,3.38E-05,0.38961926,0.4486558,0.0066699525,4.28E-05,0.43765217,0.46403483,1.97E-22,1.55E-22,0.5815808,8.66E-09,0.6159208,1.08E-05,4.27E-05,0.43570697,0,0.4486267,0,0,0.35886526,0,0.58125275,0.47003502,1
0.71701044,0.857848,0.007075191,9.59E-05,0.38159412,0.46982324,0.0006296687,2.95E-07,0.34851477,0.4641461,0.00033360496,9.47E-08,0.38961926,0.4486558,0.0002662903,6.81E-08,0.43765217,0.46403483,1.30E-22,1.52E-22,0.5919198,2.77E-11,0.7784716,4.84E-06,1.90E-05,0.43570697,0,0.4486267,0,0,0.009929078,0,0.58125275,0.47003502,3
0.00083953183,0.001533391,0.0084678605,0.0008756825,0.38159412,0.46982324,0.002633659,1.02E-05,0.34851477,0.46419004,0.035936575,0.0012179473,0.3895932,0.43671107,0.032625776,0.001251407,0.43761256,0.45725346,3.47E-25,8.49E-20,0.0007818467,8.80E-18,0.0016276377,8.24E-10,8.40E-18,0.43570697,0.0003283931,0.4486267,0.0014166229,0.00030546283,0.038518835,0.0005516259,0.58125246,0.46305847,0
0.0014029674,0.0017376993,0.02294352,0.04651589,0.38159412,0.41458598,0.0021558234,4.78E-06,0.34851384,0.37722534,0.036883924,0.0012969832,0.38955444,0.4212195,0.23849633,0.057622664,0.43896365,0.47013915,2.42E-17,2.80E-17,0.0012729864,2.21E-17,0.0018870693,6.62E-10,1.46E-17,0.43570545,0.003802676,0.39587757,0.0016154003,0.064855054,0.048643284,0.0041941274,0.58071136,0.4225729,0
0.50554913,0.47121358,0.21374223,0.13145408,0.38159412,0.46982324,2.14E-05,3.40E-10,0.34851477,0.4641461,0.01023026,8.90E-05,0.38961926,0.4486558,0.014405265,0.00019941124,0.43765217,0.46403483,1.80E-21,1.37E-21,0.36929983,4.17E-09,0.3664107,1.62E-05,6.37E-05,0.43570697,0,0.4486267,0,0,0.3503546,0,0.58125275,0.47003502,4
0.013169152,0.002852428,0.07381305,0.10677956,0.3407486,0.38691208,0.36572903,0.26894587,0.32201973,0.40986347,0.35565934,0.24810323,0.37545496,0.41684476,0.34658143,0.25989705,0.42902213,0.45629874,3.01E-19,6.29E-19,0.015866531,5.12E-18,0.0033339038,2.43E-10,1.19E-11,0.580896,0.22627084,0.58831066,0.0003002573,0.4182316,0.17918058,0.23681542,0.7077748,0.60409176,0
0.691029,0.2658498,0.008033409,8.04E-05,0.38159412,0.46982324,0.00010215214,7.77E-09,0.34851477,0.4641461,0.0002747993,6.42E-08,0.38961926,0.4486558,0.00029217903,8.20E-08,0.43765217,0.46403483,9.31E-23,1.53E-15,0.64884984,4.40E-05,0.27271312,5.81E-05,0.0002286525,0.43570697,0,0.4486267,0,0,0.009929078,0,0.58125275,0.47003502,3
0.25560609,0.34881043,1.64E-05,1.67E-06,0.38159412,0.46982324,0,0,0.34851477,0.4641461,0,0,0.38961926,0.4486558,0,0,0.43765217,0.46403483,0,0,0,0,0,0.9826631,0,0.43570697,0,0.4486267,0,0,2.08E-17,0,0.58125275,0.47003502,2
0.43817893,0.60584587,0.21291505,0.1316231,0.38159412,0.46982324,0.0019122321,2.72E-06,0.34851477,0.4641461,0.013292829,0.00015032038,0.38961926,0.4486558,0.012956012,0.00016130572,0.43765217,0.46403483,3.81E-22,6.28E-22,0.30506602,3.08E-17,0.46924052,1.91E-06,7.50E-06,0.43570697,0,0.4486267,0,0,0.3503546,0,0.58125275,0.47003502,4
0.0005997564,0.0008409008,0.041347854,0.056925878,0.38159412,0.46982324,3.32E-06,8.20E-12,0.34851477,0.4641461,0.011967439,0.00012183878,0.38961917,0.43663198,0.021661788,0.0004509209,0.4376109,0.26610714,2.32E-18,8.69E-17,0.0001375068,3.35E-16,9.08E-05,1.29E-07,4.28E-07,0.43570697,0.0002111553,0.44862676,0.00024114415,0.019326441,0.029679846,0.0003615801,0.58125466,0.49436343,0
0.22449856,0.31255922,7.43E-05,3.66E-06,0.38159412,0.46982324,0,0,0.34851477,0.4641461,0,0,0.38961926,0.4486558,0,0,0.43765217,0.46403483,0,0,0,0,0,0.9826632,0,0.43570697,0,0.4486267,0,0,2.08E-17,0,0.58125275,0.47003502,2
0.00069864857,0.0015176636,0.008230388,0.0008133509,0.38159412,0.46982324,4.63E-05,2.65E-07,0.34851477,0.46414465,0.025903847,0.00066851586,0.38960567,0.43802324,0.031392045,0.0011602365,0.4378606,0.5024778,1.46E-24,5.97E-20,0.0006852579,6.77E-18,0.001611558,8.33E-10,5.98E-18,0.43570697,0.00016057299,0.4459729,0.0014325997,0.003374189,0.03962679,0.000487817,0.58126736,0.5054899,0
0.71308434,0.70086336,0.24362928,0.12178232,0.38159412,0.46982324,3.67E-06,1.00E-11,0.34851477,0.4641461,0.004622524,1.82E-05,0.38961926,0.4486558,0.0063859,3.92E-05,0.43765217,0.46403483,5.96E-23,9.28E-23,0.5837777,7.78E-09,0.62108916,1.06E-05,4.19E-05,0.43570697,0,0.4486267,0,0,0.3503546,0,0.58125275,0.47003502,4
0.0004286216,0.00040476126,0.012019461,0.0039521717,0.38159412,0.46982324,9.84E-10,7.23E-19,0.34851477,0.4641461,9.93E-10,8.41E-19,0.38961926,0.4486558,9.93E-10,9.50E-19,0.43765217,0.46403483,9.55E-17,3.49E-15,0.00036637016,9.76E-15,0.00011259742,2.59E-08,9.52E-15,0.43570697,9.07E-19,0.4486267,0.0003903751,9.90E-10,2.08E-17,9.50E-19,0.58125275,0.47003502,0
0.72340626,0.98018134,0.24404716,0.12159702,0.38159412,0.46982324,0,0,0.34851477,0.4641461,0,0,0.38961926,0.4486558,0,0,0.43765217,0.46403483,0,0,0,0,0,0.98266506,0,0.43570697,0,0.4486267,0,0,2.08E-17,0,0.58125275,0.47003502,4
0.2261156,0.31591296,7.28E-05,3.71E-06,0.38159412,0.46982324,0,0,0.34851477,0.4641461,0,0,0.38961926,0.4486558,0,0,0.43765217,0.46403483,0,0,0,0,0,0.9826632,0,0.43570697,0,0.4486267,0,0,2.08E-17,0,0.58125275,0.47003502,2
0.4420513,0.29405174,0.21354191,0.1314958,0.38159412,0.46982324,0,0,0.34851477,0.4641461,0,0,0.38961926,0.4486558,0,0,0.43765217,0.46403483,0,0,0,0,0,0.9826648,0,0.43570697,0,0.4486267,0,0,2.08E-17,0,0.58125275,0.47003502,4