H_L0.1_weight,H_L0.01_weight,H_L0.01_mean,H_L0.01_variance,HH_L3_covariance,HH_L3_pcc,HH_L1_std,HH_L1_radius,HH_L1_covariance,HH_L1_pcc,HH_L0.1_std,HH_L0.1_radius,HH_L0.1_covariance,HH_L0.1_pcc,HH_L0.01_std,HH_L0.01_radius,HH_L0.01_covariance,HH_L0.01_pcc,HH_jit_L3_variance,HH_jit_L1_variance,HH_jit_L0.1_weight,HH_jit_L0.1_variance,HH_jit_L0.01_weight,HH_jit_L0.01_mean,HH_jit_L0.01_variance,HpHp_L1_pcc,HpHp_L0.1_radius,HpHp_L0.1_pcc,HpHp_L0.01_weight,HpHp_L0.01_std,HpHp_L0.01_magnitude,HpHp_L0.01_radius,HpHp_L0.01_covariance,HpHp_L0.01_pcc,type
0.0010591802,0.0015653424,0.008132599,0.0007672064,0.38159412,0.46982324,0.0007567262,4.27E-07,0.34851477,0.4641461,0.011708691,0.00012569329,0.38961366,0.42218778,0.010565289,0.00015089005,0.43765572,0.46892023,5.22E-26,4.72E-20,0.00013484334,2.13E-17,0.00035133678,5.26E-09,4.96E-17,0.43570697,0.00013563284,0.42216036,0.0012180841,0.010525497,0.028066255,0.00015086072,0.5812556,0.47486567,0
0.36544937,0.47408137,0.0060178186,0.000106227846,0.38159412,0.46982324,0.00015315997,1.75E-08,0.34851477,0.4641461,0.00074833946,4.76E-07,0.38961926,0.4486558,0.00080388313,6.21E-07,0.43765217,0.46403483,2.47E-20,9.76E-21,0.27682433,9.41E-12,0.36449438,8.60E-06,3.38E-05,0.43570697,0,0.4486267,0,0,0.009929078,0,0.58125275,0.47003502,3
0.37772286,0.43505436,0.0060148076,0.000106228195,0.38159412,0.46982324,0,0,0.34851477,0.4641461,0,0,0.38961926,0.4486558,0,0,0.43765217,0.46403483,0,0,0,0,0,0.9826656,0,0.43570697,0,0.4486267,0,0,2.08E-17,0,0.58125275,0.47003502,3
0.71193415,0.7898513,0.249893,0.12761408,0.38159412,0.46982324,2.12E-05,3.35E-10,0.34851477,0.4641461,0.005607674,2.68E-05,0.38961926,0.4486558,0.006474603,4.03E-05,0.43765217,0.46403483,2.97E-22,1.79E-22,0.5741753,2.27E-10,0.7009169,6.61E-06,2.60E-05,0.43570697,0,0.4486267,0,0,0.35886526,0,0.58125275,0.47003502,1
0.3822334,0.41595358,0.0057904166,0.00010733748,0.38159412,0.46982324,0,0,0.34851477,0.4641461,0,0,0.38961926,0.4486558,0,0,0.43765217,0.46403483,0,0,0,0,0,0.9826656,0,0.43570697,0,0.4486267,0,0,2.08E-17,0,0.58125275,0.47003502,3
0.7134211,0.27119076,0.0070376615,9.65E-05,0.38159412,0.46982324,0.00014686384,1.61E-08,0.34851477,0.4641461,0.000274441,6.41E-08,0.38961926,0.4486558,0.00025459935,6.23E-08,0.43765217,0.46403483,2.76E-22,1.53E-15,0.5911888,4.84E-05,0.24475698,6.48E-05,0.00025483023,0.43570697,0,0.4486267,0,0,0.009929078,0,0.58125275,0.47003502,3
0.7368556,0.5926465,0.008086301,7.91E-05,0.38159412,0.46982324,2.44E-06,4.43E-12,0.34851477,0.4641461,0.00021720688,4.01E-08,0.38961926,0.4486558,0.00028168043,7.62E-08,0.43765217,0.46403483,5.49E-23,5.63E-23,0.7006151,1.94E-07,0.6103933,1.52E-05,5.98E-05,0.43570697,0,0.4486267,0,0,0.009929078,0,0.58125275,0.47003502,3
0.43855137,0.21467656,0.0056675333,0.00010774935,0.38159412,0.46982324,2.20E-07,3.60E-14,0.34851477,0.4641461,0.00049732183,2.10E-07,0.38961926,0.4486558,0.000778697,5.83E-07,0.43765217,0.46403483,5.11E-22,7.40E-22,0.3230571,1.08E-05,0.15528165,8.28E-05,0.0003255556,0.43570697,0,0.4486267,0,0,0.009929078,0,0.58125275,0.47003502,3
0.22733779,0.1188975,7.95E-05,4.17E-06,0.38159412,0.46982324,0,0,0.34851477,0.4641461,0,0,0.38961926,0.4486558,0,0,0.43765217,0.46403483,0,0,0,0,0,0.98266286,0,0.43570697,0,0.4486267,0,0,2.08E-17,0,0.58125275,0.47003502,2
0.43288267,0.3751721,0.005689943,0.00010773017,0.38159412,0.46982324,3.62E-06,9.75E-12,0.34851477,0.4641461,0.0004940214,2.08E-07,0.38961926,0.4486558,0.0006892263,4.56E-07,0.43765217,0.46403483,4.04E-21,4.69E-21,0.31464314,4.40E-08,0.27237007,2.71E-05,0.00010672586,0.43570697,0,0.4486267,0,0,0.009929078,0,0.58125275,0.47003502,3
0.4326322,0.5203582,0.21288557,0.1316293,0.38159412,0.46982324,0.00034336487,8.78E-08,0.34851477,0.4641461,0.010774807,9.88E-05,0.38961926,0.4486558,0.013828089,0.00018375173,0.43765217,0.46403483,1.59E-21,1.20E-21,0.30735245,7.56E-11,0.40298948,9.68E-06,3.81E-05,0.43570697,0,0.4486267,0,0,0.3503546,0,0.58125275,0.47003502,4
0.43657315,0.51210225,0.212468,0.13171381,0.38159412,0.46982324,0,0,0.34851477,0.4641461,0,0,0.38961926,0.4486558,0,0,0.43765217,0.46403483,0,0,0,0,0,0.9826649,0,0.43570697,0,0.4486267,0,0,2.08E-17,0,0.58125275,0.47003502,4
0.20324843,0.06678608,8.54E-05,4.61E-06,0.38159412,0.46982324,0,0,0.34851477,0.4641461,0,0,0.38961926,0.4486558,0,0,0.43765217,0.46403483,0,0,0,0,0,0.98266286,0,0.43570697,0,0.4486267,0,0,2.08E-17,0,0.58125275,0.47003502,2
0.0008898012,0.0015580725,0.007858215,0.0007453215,0.38159412,0.46982324,3.58E-06,3.43E-07,0.34851477,0.4641038,0.007131662,0.00010253178,0.38962558,0.48325107,0.009992253,0.00015009464,0.4376746,0.49536115,9.66E-31,1.21E-21,0.00012999834,4.33E-17,0.0003597038,5.13E-09,5.10E-17,0.43566245,0.000110639776,0.48321968,0.0012470925,0.009954618,0.028065613,0.00015006548,0.5812711,0.5010103,0
0.31548283,0.39296472,0.18368159,0.13425785,0.38159412,0.46982324,0.0003481657,9.03E-08,0.34851477,0.4641461,0.013283131,0.00015010111,0.38961926,0.4486558,0.01682779,0.00027212047,0.43765217,0.46403483,7.04E-20,3.37E-20,0.19101694,8.45E-10,0.262605,1.80E-05,7.09E-05,0.43570697,2.67E-15,0.4486267,0.9099646,9.24E-08,0.3503546,8.26E-15,0.58125275,0.47003502,5
0.7449396,0.73735434,0.008087509,7.85E-05,0.38159412,0.46982324,0.00081094145,4.90E-07,0.34851477,0.4641461,0.00031017914,8.18E-08,0.38961926,0.4486558,0.0002722546,7.12E-08,0.43765217,0.46403483,6.34E-23,1.05E-22,0.71586794,4.05E-09,0.76187736,8.30E-06,3.26E-05,0.43570697,0,0.4486267,0,0,0.009929078,0,0.58125275,0.47003502,3
0.27010864,0.05019815,0.22156,0.12958266,0.38159412,0.46982324,0,0,0.34851477,0.4641461,0,0,0.38961926,0.4486558,0,0,0.43765217,0.46403483,0,0,0,0,0,0.98266476,0,0.43570697,0,0.4486267,0,0,2.08E-17,0,0.58125275,0.47003502,4
0.74275064,0.7955963,0.0070852805,9.58E-05,0.38159412,0.46982324,3.43E-07,8.77E-14,0.34851477,0.4641461,0.00018100259,2.79E-08,0.38961926,0.4486558,0.00024883298,5.95E-08,0.43765217,0.46403483,9.42E-23,1.36E-22,0.6168684,8.60E-10,0.72296137,7.38E-06,2.90E-05,0.43570697,0,0.4486267,0,0,0.009929078,0,0.58125275,0.47003502,3
0.2542278,0.35956618,1.56E-05,1.58E-06,0.38159412,0.46982324,0,0,0.34851477,0.4641461,0,0,0.38961926,0.4486558,0,0,0.43765217,0.46403483,0,0,0,0,0,0.9826632,0,0.43570697,0,0.4486267,0,0,2.08E-17,0,0.58125275,0.47003502,2
0.8853643,0.9146048,0.008145088,7.70E-05,0.38159412,0.46982324,0,0,0.34851477,0.4641461,0,0,0.38961926,0.4486558,0,0,0.43765217,0.46403483,0,0,0,0,0,0.98266566,0,0.43570697,0,0.4486267,0,0,2.08E-17,0,0.58125275,0.47003502,3
0.000892104,0.0016835645,0.012367465,0.0065748426,0.38159412,0.46982324,8.19E-05,2.54E-06,0.34851477,0.4639681,0.02523201,0.00076900487,0.38966095,0.47536075,0.07572187,0.099289805,0.44194332,0.4910178,6.87E-25,8.07E-19,0.0008291045,1.80E-10,0.0015674324,0.0015034428,0.0058981464,0.43570697,0.00047826365,0.4487141,0.001399683,0.039203156,0.061528236,0.090615705,0.5900418,0.6043308,0
0.4467399,0.4473687,0.21238264,0.13173054,0.38159412,0.46982324,0,0,0.34851477,0.4641461,0,0,0.38961926,0.4486558,0,0,0.43765217,0.46403483,0,0,0,0,0,0.9826649,0,0.43570697,0,0.4486267,0,0,2.08E-17,0,0.58125275,0.47003502,4
0.69967234,0.4570269,0.25090462,0.12715136,0.38159412,0.46982324,1.26E-07,1.17E-14,0.34851477,0.4641461,0.0033424352,9.50E-06,0.38961926,0.4486558,0.006271127,3.78E-05,0.43765217,0.46403483,4.84E-23,8.49E-23,0.57788455,2.20E-06,0.40720448,2.85E-05,0.00011219805,0.43570697,0,0.4486267,0,0,0.35886526,0,0.58125275,0.47003502,1
0.40808386,0.5940318,0.21319127,0.13156824,0.38159412,0.46982324,0,0,0.34851477,0.4641461,0,0,0.38961926,0.4486558,0,0,0.43765217,0.46403483,0,0,0,0,0,0.982665,0,0.43570697,0,0.4486267,0,0,2.08E-17,0,0.58125275,0.47003502,4
0.004502809,0.0026604657,0.0399131,0.05566422,0.33602273,0.3787186,0.35620815,0.2982434,0.298624,0.36552247,0.35327667,0.34256503,0.3539499,0.38183987,0.3386076,0.3323556,0.41611236,0.44700378,1.16E-17,1.32E-17,0.0036948726,1.97E-17,0.0016046457,9.22E-10,7.39E-17,0.58040303,0.29935965,0.58820075,0.00030023296,0.52512723,0.19695243,0.31332016,0.7392976,0.6040212,0
0.2546457,0.3581239,1.53E-05,1.52E-06,0.38159412,0.46982324,0,0,0.34851477,0.4641461,0,0,0.38961926,0.4486558,0,0,0.43765217,0.46403483,0,0,0,0,0,0.9826632,0,0.43570697,0,0.4486267,0,0,2.08E-17,0,0.58125275,0.47003502,2
0.0007329834,0.0015581563,0.013089398,0.008206232,0.38159412,0.46982324,1.09E-06,3.02E-08,0.34851477,0.4641461,0.006703335,8.70E-05,0.38962194,0.46573123,0.0100558,0.00015113332,0.43765944,0.47407815,1.45E-31,1.40E-22,0.00012233807,4.61E-17,0.00036826433,5.02E-09,1.09E-13,0.43570697,9.39E-05,0.46570098,0.0012767718,0.010017927,0.028221369,0.00015110396,0.58125865,0.4799658,0
0.4409812,0.543767,0.21329021,0.13154791,0.38159412,0.46982324,0,0,0.34851477,0.4641461,0,0,0.38961926,0.4486558,0,0,0.43765217,0.46403483,0,0,0,0,0,0.98266494,0,0.43570697,0,0.4486267,0,0,2.08E-17,0,0.58125275,0.47003502,4
0.0009563287,0.0015953861,0.020389132,0.042252045,0.38159412,0.46982324,3.29E-05,2.05E-07,0.34851477,0.4641444,0.022624815,0.0006293696,0.38960025,0.43376237,0.23036037,0.05821733,0.4426289,0.48336095,1.10E-17,1.09E-17,0.0009119097,7.84E-18,0.0016865511,7.78E-10,6.32E-18,0.43570697,0.0002857879,0.44924888,0.0013079845,0.04326158,0.06787445,0.1111783,0.5949957,0.6418295,0
0.42769805,0.36696038,0.21414824,0.1313649,0.38159412,0.46982324,0,0,0.34851477,0.4641461,0,0,0.38961926,0.4486558,0,0,0.43765217,0.46403483,0,0,0,0,0,0.9826648,0,0.43570697,0,0.4486267,0,0,2.08E-17,0,0.58125275,0.47003502,4
0.3326741,0.43359223,0.20205247,0.14043969,0.38159412,0.46982324,0.013500932,0.00013579491,0.34851477,0.4641461,0.032168195,0.00088031153,0.38961926,0.4486558,0.027917609,0.00074896845,0.43765217,0.46403483,5.58E-20,1.66E-19,0.14736505,2.17E-10,0.31146315,1.29E-05,5.09E-05,0.43570697,0,0.4486267,0,0,0.35886526,0,0.58125275,0.47003502,1
0.7529086,0.92740554,0.24491271,0.121210665,0.38159412,0.46982324,1.69E-06,2.12E-12,0.34851477,0.4641461,0.0041432567,1.46E-05,0.38961926,0.4486558,0.006413296,3.95E-05,0.43765217,0.46403483,2.81E-22,2.08E-22,0.6253418,8.04E-14,0.82617795,2.56E-06,1.01E-05,0.43570697,0,0.4486267,0,0,0.3503546,0,0.58125275,0.47003502,4
0.75302655,0.7478707,0.007084578,9.58E-05,0.38159412,0.46982324,7.50E-05,4.20E-09,0.34851477,0.4641461,0.0002643542,5.95E-08,0.38961926,0.4486558,0.00025359582,6.18E-08,0.43765217,0.46403483,3.21E-22,2.13E-22,0.6272106,4.59E-09,0.67952716,9.29E-06,3.66E-05,0.43570697,0,0.4486267,0,0,0.009929078,0,0.58125275,0.47003502,3
0.21833067,0.2860312,7.56E-05,3.81E-06,0.38159412,0.46982324,0,0,0.34851477,0.4641461,0,0,0.38961926,0.4486558,0,0,0.43765217,0.46403483,0,0,0,0,0,0.98266304,0,0.43570697,0,0.4486267,0,0,2.08E-17,0,0.58125275,0.47003502,2
0.28214547,0.07856138,0.2012633,0.14050071,0.38159412,0.46982324,0,0,0.34851477,0.4641461,0,0,0.38961926,0.4486558,0,0,0.43765217,0.46403483,0,0,0,0,0,0.9826661,0,0.43570697,0,0.4486267,0,0,2.08E-17,0,0.58125275,0.47003502,1
0.2228282,0.28709584,7.50E-05,3.76E-06,0.38159412,0.46982324,0,0,0.34851477,0.4641461,0,0,0.38961926,0.4486558,0,0,0.43765217,0.46403483,0,0,0,0,0,0.98266304,0,0.43570697,0,0.4486267,0,0,2.08E-17,0,0.58125275,0.47003502,2
0.35784027,0.44783235,0.20384091,0.1402787,0.38159412,0.46982324,0,0,0.34851477,0.4641461,0,0,0.38961926,0.4486558,0,0,0.43765217,0.46403483,0,0,0,0,0,0.9826662,0,0.43570697,0,0.4486267,0,0,2.08E-17,0,0.58125275,0.47003502,1
0.25050145,0.19339155,1.78E-05,1.81E-06,0.38159412,0.46982324,0,0,0.34851477,0.4641461,0,0,0.38961926,0.4486558,0,0,0.43765217,0.46403483,0,0,0,0,0,0.98266286,0,0.43570697,0,0.4486267,0,0,2.08E-17,0,0.58125275,0.47003502,2
0.0011976792,0.0008201381,0.03782567,0.048368942,0.38159412,0.46982324,0,0,0.34851477,0.4641461,0,0,0.38961926,0.4486558,9.93E-10,9.50E-19,0.43765217,0.46403483,9.28E-17,3.43E-15,0.00036638172,9.62E-15,0.0001129611,2.58E-08,9.44E-15,0.43570697,0,0.4486267,0.00047588896,1.72E-09,2.08E-17,2.84E-18,0.58125275,0.47003502,0
0.70512956,0.40780017,0.25049707,0.1273385,0.38159412,0.46982324,0,0,0.34851477,0.4641461,0,0,0.38961926,0.4486558,0,0,0.43765217,0.46403483,0,0,0,0,0,0.9826661,0,0.43570697,0,0.4486267,0,0,2.08E-17,0,0.58125275,0.47003502,1
0.2181425,0.23974138,7.42E-05,3.75E-06,0.38159412,0.46982324,0,0,0.34851477,0.4641461,0,0,0.38961926,0.4486558,0,0,0.43765217,0.46403483,0,0,0,0,0,0.9826629,0,0.43570697,0,0.4486267,0,0,2.08E-17,0,0.58125275,0.47003502,2
0.46684557,0.25963283,0.21432634,0.1313307,0.38159412,0.46982324,0,0,0.34851477,0.4641461,0,0,0.38961926,0.4486558,0,0,0.43765217,0.46403483,0,0,0,0,0,0.98266476,0,0.43570697,0,0.4486267,0,0,2.08E-17,0,0.58125275,0.47003502,4
0.4711402,0.542854,0.21269175,0.13166897,0.38159412,0.46982324,0.020438112,0.00031119856,0.34851477,0.4641461,0.015458454,0.00020328962,0.38961926,0.4486558,0.01405159,0.00018973961,0.43765217,0.46403483,3.32E-22,4.68E-22,0.33167383,8.16E-12,0.42003435,7.49E-06,2.95E-05,0.43570697,0,0.4486267,0,0,0.3503546,0,0.58125275,0.47003502,4
0.38968584,0.4506304,0.0059337127,0.000106652806,0.38159412,0.46982324,0,0,0.34851477,0.4641461,0,0,0.38961926,0.4486558,0,0,0.43765217,0.46403483,0,0,0,0,0,0.98266566,0,0.43570697,0,0.4486267,0,0,2.08E-17,0,0.58125275,0.47003502,3
0.46937576,0.56957614,0.21359076,0.1314842,0.38159412,0.46982324,0.036631364,0.0009996827,0.34851477,0.4641461,0.01788792,0.0002722092,0.38961926,0.4486558,0.013792034,0.00018279474,0.43765217,0.46403483,1.07E-21,1.65E-21,0.33669135,4.55E-13,0.44256765,5.33E-06,2.10E-05,0.43570697,0,0.4486267,0,0,0.3503546,0,0.58125275,0.47003502,4
0.24731007,0.35889804,1.49E-05,1.48E-06,0.38159412,0.46982324,0,0,0.34851477,0.4641461,0,0,0.38961926,0.4486558,0,0,0.43765217,0.46403483,0,0,0,0,0,0.9826632,0,0.43570697,0,0.4486267,0,0,2.08E-17,0,0.58125275,0.47003502,2
0.4980424,0.46869364,0.2139948,0.13140091,0.38159412,0.46982324,2.73E-05,5.54E-10,0.34851477,0.4641461,0.01056517,9.50E-05,0.38961926,0.4486558,0.01447751,0.0002014164,0.43765217,0.46403483,6.23E-22,1.03E-21,0.36704773,4.45E-09,0.3648834,1.64E-05,6.43E-05,0.43570697,0,0.4486267,0,0,0.3503546,0,0.58125275,0.47003502,4
0.0046863705,0.001080419,0.05017721,0.06262596,0.3540216,0.39511582,0.32390118,0.20604776,0.3165136,0.37940532,0.32251844,0.24077015,0.35694414,0.36779782,0.29803917,0.23606004,0.43740955,0.46377468,1.85E-18,2.39E-18,0.005130678,3.12E-17,0.00097310136,1.84E-09,1.64E-16,0.5471069,0.19496398,0.5564948,0.00030025918,0.38299063,0.2041685,0.20406267,0.66548747,0.57362396,0
0.21693596,0.2941547,7.58E-05,3.78E-06,0.38159412,0.46982324,0,0,0.34851477,0.4641461,0,0,0.38961926,0.4486558,0,0,0.43765217,0.46403483,0,0,0,0,0,0.9826631,0,0.43570697,0,0.4486267,0,0,2.08E-17,0,0.58125275,0.47003502,2
0.0036138098,0.002025695,0.15663247,0.47104743,0.4933031,0.9199303,0.98820376,0.72759,0.4747729,0.95279485,0.9984137,0.8480938,0.5365315,0.967413,0.9985691,0.9583039,0.82180566,0.9698909,0.15408163,0.20408164,0.0020778899,0.23129252,0.0003244128,0.06241002,0.23469388,0.9496717,0.9151592,0.96735024,0.0011247386,0.99480814,0.5695894,0.9581177,0.895864,0.9702221,0
0.3156231,0.10724095,0.0056257294,0.00010767482,0.38159412,0.46982324,8.18E-08,4.99E-15,0.34851477,0.4641461,0.00019909606,3.37E-08,0.38961926,0.4486558,0.00031393766,9.47E-08,0.43765217,0.46403483,4.32E-21,9.69E-13,0.2153103,0.00023748295,0.076986164,0.00021822372,0.00085827895,0.43570697,0,0.4486267,0,0,0.009929078,0,0.58125275,0.47003502,3
0.7464045,0.82989305,0.0070911627,9.57E-05,0.38159412,0.46982324,0,0,0.34851477,0.4641461,0,0,0.38961926,0.4486558,0,0,0.43765217,0.46403483,0,0,0,0,0,0.9826656,0,0.43570697,0,0.4486267,0,0,2.08E-17,0,0.58125275,0.47003502,3
0.4582188,0.56429,0.21350002,0.13150294,0.38159412,0.46982324,0.007370145,4.05E-05,0.34851477,0.4641461,0.013466139,0.00015426565,0.38961926,0.4486558,0.013232539,0.00016826487,0.43765217,0.46403483,4.30E-22,8.17E-22,0.3277113,8.00E-13,0.4382611,5.68E-06,2.24E-05,0.43570697,0,0.4486267,0,0,0.3503546,0,0.58125275,0.47003502,4
0.74060994,0.52928793,0.0080974,7.91E-05,0.38159412,0.46982324,0,0,0.34851477,0.4641461,0,0,0.38961926,0.4486558,0,0,0.43765217,0.46403483,0,0,0,0,0,0.98266554,0,0.43570697,0,0.4486267,0,0,2.08E-17,0,0.58125275,0.47003502,3
0.21276069,0.15937847,7.58E-05,4.00E-06,0.38159412,0.46982324,0,0,0.34851477,0.4641461,0,0,0.38961926,0.4486558,0,0,0.43765217,0.46403483,0,0,0,0,0,0.98266286,0,0.43570697,0,0.4486267,0,0,2.08E-17,0,0.58125275,0.47003502,2
0.72271943,0.33907437,0.0070842886,9.57E-05,0.38159412,0.46982324,1.37E-06,1.40E-12,0.34851477,0.4641461,0.00016984378,2.45E-08,0.38961926,0.4486558,0.00021662193,4.51E-08,0.43765217,0.46403483,1.25E-22,1.34E-19,0.60911685,1.85E-05,0.3080942,4.69E-05,0.00018447217,0.43570697,0,0.4486267,0,0,0.009929078,0,0.58125275,0.47003502,3
0.722197,0.6097193,0.24306914,0.122027636,0.38159412,0.46982324,2.61E-07,5.06E-14,0.34851477,0.4641461,0.0035344386,1.06E-05,0.38961926,0.4486558,0.006150912,3.64E-05,0.43765217,0.46403483,1.58E-22,1.39E-22,0.5849917,1.02E-07,0.53907275,1.59E-05,6.24E-05,0.43570697,0,0.4486267,0,0,0.3503546,0,0.58125275,0.47003502,4
0.33220744,0.13353656,0.18446462,0.13428587,0.38159412,0.46982324,0.00056765357,2.40E-07,0.34851477,0.4641461,0.016671667,0.00023645096,0.38961926,0.4486558,0.020502388,0.00040393922,0.43765217,0.46403483,1.23E-20,4.10E-15,0.20913748,0.00013629241,0.08963901,0.0001767891,0.0006953463,0.43570697,1.97E-15,0.4486267,0.31053168,4.88E-08,0.3503546,2.31E-15,0.58125275,0.47003502,5
0.0011925338,0.00056048995,0.011919796,0.00040862442,0.38159412,0.46982324,0.012113339,0.00010931601,0.34851477,0.4641461,0.020085726,0.00034320855,0.38961926,0.4486558,0.016704068,0.00026813382,0.43765217,0.46403483,8.66E-19,6.79E-17,0.00024238606,3.05E-16,0.00011399229,1.68E-08,6.38E-16,0.43570697,0.00037034875,0.4486267,0.0003952111,0.016641155,0.017607844,0.00026808173,0.58125275,0.47003502,0
0.72657037,0.96662587,0.24442193,0.12143083,0.38159412,0.46982324,0,0,0.34851477,0.4641461,0,0,0.38961926,0.4486558,0,0,0.43765217,0.46403483,0,0,0,0,0,0.982665,0,0.43570697,0,0.4486267,0,0,2.08E-17,0,0.58125275,0.47003502,4
0.00017778508,0.0003937466,0.013939981,0.004411988,0.38159412,0.4698309,0.003128333,0.00014512689,0.34851557,0.47224763,0.009186061,0.0013390086,0.38967714,0.5137263,0.11139933,0.023693228,0.4386263,0.4731969,3.20E-21,3.67E-18,0.0001388253,2.89E-16,0.00015948548,1.25E-08,7.14E-16,0.43570697,1.81E-18,0.4486267,0.0002845487,1.72E-09,0.017626109,3.01E-18,0.58125275,0.47003502,0
0.31362814,0.16849159,0.005278873,0.0001082969,0.38159412,0.46982324,0,0,0.34851477,0.4641461,0,0,0.38961926,0.4486558,0,0,0.43765217,0.46403483,0,0,0,0,0,0.98266554,0,0.43570697,0,0.4486267,0,0,2.08E-17,0,0.58125275,0.47003502,3
0.0013041162,0.0016150745,0.008242108,0.0007784416,0.38159412,0.46982324,0.0023375908,4.08E-06,0.34851477,0.46418342,0.030181175,0.0008184664,0.3896163,0.44638085,0.03056455,0.0011046253,0.43774563,0.48209924,2.77E-17,2.82E-17,0.0013035033,2.19E-17,0.0017262783,7.64E-10,1.69E-17,0.43570694,0.00015412059,0.4306017,0.0015224962,0.0037855147,0.039789952,0.00047939166,0.58126944,0.50635874,0
0.4216637,0.35807675,0.21059112,0.1394425,0.38159412,0.46982324,0,0,0.34851477,0.4641461,0,0,0.38961926,0.4486558,0,0,0.43765217,0.46403483,0,0,0,0,0,0.98266613,0,0.43570697,0,0.4486267,0,0,2.08E-17,0,0.58125275,0.47003502,1
0.25567886,0.27409986,1.53E-05,1.50E-06,0.38159412,0.46982324,0,0,0.34851477,0.4641461,0,0,0.38961926,0.4486558,0,0,0.43765217,0.46403483,0,0,0,0,0,0.9826629,0,0.43570697,0,0.4486267,0,0,2.08E-17,0,0.58125275,0.47003502,2
0.35725358,0.3482622,0.18326136,0.13424768,0.38159412,0.46982324,5.30E-05,2.09E-09,0.34851477,0.4641461,0.01248181,0.0001325373,0.38961926,0.4486558,0.017155088,0.00028280882,0.43765217,0.46403483,5.15E-21,2.82E-21,0.21441695,3.28E-08,0.23220271,2.97E-05,0.00011699902,0.43570697,2.32E-16,0.4486267,0.8045993,1.37E-07,0.3503546,1.81E-14,0.58125275,0.47003502,5
0.73504007,0.60794204,0.0070921434,9.57E-05,0.38159412,0.46982324,3.67E-05,1.00E-09,0.34851477,0.4641461,0.00030943396,8.15E-08,0.38961926,0.4486558,0.00026721944,6.86E-08,0.43765217,0.46403483,8.09E-23,1.16E-22,0.6197177,1.70E-07,0.5530324,1.64E-05,6.44E-05,0.43570697,0,0.4486267,0,0,0.009929078,0,0.58125275,0.47003502,3
0.00018001851,0.00064237503,0.033951994,0.041459657,0.38159412,0.46982324,0,0,0.34851477,0.4641461,0,0,0.38961926,0.4486558,0,0,0.43765217,0.46403483,0,0,1.78E-08,1.62E-20,1.54E-05,8.23E-08,2.63E-17,0.43570697,0,0.4486267,5.32E-05,0,2.08E-17,0,0.58125275,0.47003502,0
0.76975375,0.8130538,0.008090375,7.82E-05,0.38159412,0.46982324,3.57E-08,9.48E-16,0.34851477,0.4641461,0.000138411,1.63E-08,0.38961926,0.4486558,0.0002485507,5.94E-08,0.43765217,0.46403483,9.11E-23,9.10E-23,0.73878264,3.59E-10,0.8414068,5.91E-06,2.33E-05,0.43570697,0,0.4486267,0,0,0.009929078,0,0.58125275,0.47003502,3
0.70483863,0.6097862,0.24980246,0.12765475,0.38159412,0.46982324,0,0,0.34851477,0.4641461,0,0,0.38961926,0.4486558,0,0,0.43765217,0.46403483,0,0,0,0,0,0.98266613,0,0.43570697,0,0.4486267,0,0,2.08E-17,0,0.58125275,0.47003502,1
0.7368293,0.44132945,0.008055655,7.93E-05,0.38159412,0.46982324,0,0,0.34851477,0.4641461,0,0,0.38961926,0.4486558,0,0,0.43765217,0.46403483,0,0,0,0,0,0.98266554,0,0.43570697,0,0.4486267,0,0,2.08E-17,0,0.58125275,0.47003502,3
0.42292175,0.51375806,0.21251668,0.1317041,0.38159412,0.46982324,0.00787421,4.62E-05,0.34851477,0.4641461,0.015043082,0.0001925115,0.38961926,0.4486558,0.014377636,0.00019864702,0.43765217,0.46403483,9.34E-22,1.36E-21,0.29749724,1.47E-10,0.39720055,1.05E-05,4.12E-05,0.43570697,0,0.4486267,0,0,0.3503546,0,0.58125275,0.47003502,4
0.7201663,0.94875985,0.24453864,0.12137859,0.38159412,0.46982324,4.21E-06,1.32E-11,0.34851477,0.4641461,0.0047063264,1.88E-05,0.38961926,0.4486558,0.0065116473,4.07E-05,0.43765217,0.46403483,9.33E-22,4.12E-22,0.5830958,6.42E-15,0.8439128,1.93E-06,7.59E-06,0.43570697,0,0.4486267,0,0,0.3503546,0,0.58125275,0.47003502,4
0.21975033,0.30324632,7.60E-05,3.84E-06,0.38159412,0.46982324,0,0,0.34851477,0.4641461,0,0,0.38961926,0.4486558,0,0,0.43765217,0.46403483,0,0,0,0,0,0.9826631,0,0.43570697,0,0.4486267,0,0,2.08E-17,0,0.58125275,0.47003502,2
0.0013535589,0.0017627322,0.010625715,0.002796395,0.38159412,0.46985146,0.014502186,0.00015686294,0.3485159,0.47490627,0.035514936,0.0011573329,0.3895847,0.4310057,0.05732258,0.05078274,0.43941653,0.4845313,7.11E-18,7.13E-18,0.001327729,1.28E-17,0.0018754707,6.69E-10,1.51E-17,0.4356931,0.00025765607,0.46470094,0.0015319113,0.02913453,0.05220312,0.049036507,0.5815276,0.477717,0
0.0004162671,0.00058685837,0.017717443,0.012086666,0.38159412,0.46982324,1.39E-09,1.44E-18,0.34851477,0.4641461,1.96E-05,3.25E-10,0.38961926,0.4486558,0.010053445,9.71E-05,0.43765217,0.46403483,0,3.86E-31,6.72E-06,1.75E-21,7.24E-05,2.46E-08,3.17E-16,0.43570697,3.51E-10,0.4486267,0.0002510132,0.01001558,0.020113196,9.71E-05,0.58125275,0.47003502,0
0.73270506,0.5957328,0.0080741765,7.94E-05,0.38159412,0.46982324,1.76E-06,2.32E-12,0.34851477,0.4641461,0.00020997095,3.75E-08,0.38961926,0.4486558,0.0002800011,7.53E-08,0.43765217,0.46403483,2.05E-22,1.07E-22,0.6908673,1.81E-07,0.6127073,1.50E-05,5.91E-05,0.43570697,0,0.4486267,0,0,0.009929078,0,0.58125275,0.47003502,3
0.7666213,0.8030323,0.008076535,7.85E-05,0.38159412,0.46982324,1.85E-07,2.54E-14,0.34851477,0.4641461,0.0001649318,2.31E-08,0.38961926,0.4486558,0.00025456052,6.23E-08,0.43765217,0.46403483,1.08E-22,1.01E-22,0.72742087,5.09E-10,0.82947874,6.20E-06,2.44E-05,0.43570697,0,0.4486267,0,0,0.009929078,0,0.58125275,0.47003502,3
0.233848,0.31907228,7.35E-05,3.69E-06,0.38159412,0.46982324,0,0,0.34851477,0.4641461,0,0,0.38961926,0.4486558,0,0,0.43765217,0.46403483,0,0,0,0,0,0.9826633,0,0.43570697,0,0.4486267,0,0,2.08E-17,0,0.58125275,0.47003502,2
0.35121,0.14407526,0.18236575,0.13423093,0.38159412,0.46982324,0.00018355875,2.51E-08,0.34851477,0.4641461,0.0147566125,0.00018524923,0.38961926,0.4486558,0.019633496,0.0003704268,0.43765217,0.46403483,5.98E-22,4.29E-16,0.21372074,0.000106767955,0.09560559,0.00016211125,0.00063762505,0.43570697,6.97E-16,0.4486267,0.33122322,8.61E-08,0.3503546,7.17E-15,0.58125275,0.47003502,5
0.7110401,0.9599398,0.24502479,0.1211596,0.38159412,0.46982324,0.00015549883,1.80E-08,0.34851477,0.4641461,0.006785149,3.92E-05,0.38961926,0.4486558,0.0068177036,4.47E-05,0.43765217,0.46403483,6.13E-22,6.13E-22,0.58857197,9.11E-16,0.8555598,1.57E-06,6.17E-06,0.43570697,0,0.4486267,0,0,0.3503546,0,0.58125275,0.47003502,4
0.3859276,0.47627637,0.0060375137,0.000106118074,0.38159412,0.46982324,0.0001829925,2.49E-08,0.34851477,0.4641461,0.00076008344,4.91E-07,0.38961926,0.4486558,0.0008054478,6.23E-07,0.43765217,0.46403483,2.26E-21,3.40E-21,0.3018347,9.71E-12,0.3673741,8.63E-06,3.40E-05,0.43570697,0,0.4486267,0,0,0.009929078,0,0.58125275,0.47003502,3
0.7140659,0.73814875,0.2498893,0.12761559,0.38159412,0.46982324,3.52E-08,9.25E-16,0.34851477,0.4641461,0.0029582784,7.44E-06,0.38961926,0.4486558,0.005993864,3.45E-05,0.43765217,0.46403483,2.09E-22,1.63E-22,0.57575405,1.91E-09,0.6550183,8.76E-06,3.45E-05,0.43570697,0,0.4486267,0,0,0.35886526,0,0.58125275,0.47003502,1
0.709584,0.32737526,0.24301663,0.12205113,0.38159412,0.46982324,0.011367651,9.63E-05,0.34851477,0.4641461,0.010326875,9.07E-05,0.38961926,0.4486558,0.008149208,6.38E-05,0.43765217,0.46403483,3.18E-22,2.05E-19,0.57510793,2.04E-05,0.2893933,5.01E-05,0.00019712496,0.43570697,0,0.4486267,0,0,0.3503546,0,0.58125275,0.47003502,4
0.20823833,0.07840433,8.28E-05,4.42E-06,0.38159412,0.46982324,0,0,0.34851477,0.4641461,0,0,0.38961926,0.4486558,0,0,0.43765217,0.46403483,0,0,0,0,0,0.98266286,0,0.43570697,0,0.4486267,0,0,2.08E-17,0,0.58125275,0.47003502,2
0.7136947,0.63087165,0.24352653,0.12182761,0.38159412,0.46982324,0,0,0.34851477,0.4641461,0,0,0.38961926,0.4486558,0,0,0.43765217,0.46403483,0,0,0,0,0,0.9826648,0,0.43570697,0,0.4486267,0,0,2.08E-17,0,0.58125275,0.47003502,4
0.3918092,0.4137447,0.0059000594,0.00010686254,0.38159412,0.46982324,0.0016723284,2.08E-06,0.34851477,0.4641461,0.0009935622,8.40E-07,0.38961926,0.4486558,0.00072577427,5.06E-07,0.43765217,0.46403483,7.39E-21,8.23E-21,0.2907829,4.62E-09,0.31160834,1.88E-05,7.39E-05,0.43570697,0,0.4486267,0,0,0.009929078,0,0.58125275,0.47003502,3
0.22059211,0.31555203,7.43E-05,3.79E-06,0.38159412,0.46982324,0,0,0.34851477,0.4641461,0,0,0.38961926,0.4486558,0,0,0.43765217,0.46403483,0,0,0,0,0,0.9826632,0,0.43570697,0,0.4486267,0,0,2.08E-17,0,0.58125275,0.47003502,2
0.77823704,0.8304151,0.00810383,7.78E-05,0.38159412,0.46982324,0,0,0.34851477,0.4641461,0,0,0.38961926,0.4486558,0,0,0.43765217,0.46403483,0,0,0,0,0,0.9826656,0,0.43570697,0,0.4486267,0,0,2.08E-17,0,0.58125275,0.47003502,3
0.740452,0.6400985,0.007092784,9.56E-05,0.38159412,0.46982324,9.63E-07,6.91E-13,0.34851477,0.4641461,0.00021439852,3.91E-08,0.38961926,0.4486558,0.00025112508,6.06E-08,0.43765217,0.46403483,6.95E-23,9.56E-23,0.62467813,8.14E-08,0.5823548,1.45E-05,5.69E-05,0.43570697,0,0.4486267,0,0,0.009929078,0,0.58125275,0.47003502,3
0.21794334,0.31067103,7.24E-05,3.57E-06,0.38159412,0.46982324,0,0,0.34851477,0.4641461,0,0,0.38961926,0.4486558,0,0,0.43765217,0.46403483,0,0,0,0,0,0.98266315,0,0.43570697,0,0.4486267,0,0,2.08E-17,0,0.58125275,0.47003502,2
0.0009973418,0.0015666602,0.008413128,0.0009295007,0.3815937,0.4654347,0.06491881,0.0031402952,0.34846395,0.42557,0.04517876,0.0018143507,0.38994235,0.5664036,0.033669945,0.0013041692,0.43787816,0.5016115,5.22E-18,6.19E-18,0.0009949519,1.56E-17,0.0016559992,8.14E-10,1.69E-17,0.42961377,0.003993087,0.45767197,0.001305973,0.05821052,0.045064356,0.0035459402,0.5816524,0.5037678,0
0.22581428,0.1466495,7.89E-05,4.15E-06,0.38159412,0.46982324,0,0,0.34851477,0.4641461,0,0,0.38961926,0.4486558,0,0,0.43765217,0.46403483,0,0,0,0,0,0.98266286,0,0.43570697,0,0.4486267,0,0,2.08E-17,0,0.58125275,0.47003502,2
0.38382828,0.41069314,0.18376417,0.13426061,0.38159412,0.46982324,0.037124522,0.0010267807,0.34851477,0.4641461,0.01919469,0.00031343338,0.38961926,0.4486558,0.017201237,0.00028433246,0.43765217,0.46403483,6.40E-22,7.23E-22,0.23436268,3.69E-10,0.27458385,1.62E-05,6.37E-05,0.43570697,1.28E-15,0.4486267,0.95145017,9.70E-08,0.3503546,9.11E-15,0.58125275,0.47003502,5
0.7639025,0.4864882,0.008097218,7.84E-05,0.38159412,0.46982324,0.00069481664,3.60E-07,0.34851477,0.4641461,0.00041099137,1.44E-07,0.38961926,0.4486558,0.00031453365,9.51E-08,0.43765217,0.46403483,7.55E-23,8.39E-23,0.73912376,1.57E-06,0.5038281,2.28E-05,8.98E-05,0.43570697,0,0.4486267,0,0,0.009929078,0,0.58125275,0.47003502,3
0.43544742,0.5977131,0.21391937,0.13141815,0.38159412,0.46982324,0,0,0.34851477,0.4641461,0,0,0.38961926,0.4486558,0,0,0.43765217,0.46403483,0,0,0,0,0,0.982665,0,0.43570697,0,0.4486267,0,0,2.08E-17,0,0.58125275,0.47003502,4
0.22595431,0.31459573,7.47E-05,3.79E-06,0.38159412,0.46982324,0,0,0.34851477,0.4641461,0,0,0.38961926,0.4486558,0,0,0.43765217,0.46403483,0,0,0,0,0,0.9826632,0,0.43570697,0,0.4486267,0,0,2.08E-17,0,0.58125275,0.47003502,2
0.21842569,0.29263473,7.68E-05,3.76E-06,0.38159412,0.46982324,0,0,0.34851477,0.4641461,0,0,0.38961926,0.4486558,0,0,0.43765217,0.46403483,0,0,0,0,0,0.98266304,0,0.43570697,0,0.4486267,0,0,2.08E-17,0,0.58125275,0.47003502,2
0.00025298115,0.00039229722,0.011930543,0.0004632943,0.38159412,0.46982324,0,7.23E-19,0.34851477,0.4641461,0.0003200097,8.77E-08,0.38961926,0.40750334,0.012621032,0.00015307472,0.43765044,0.44137865,0,0,5.43E-06,5.05E-19,7.77E-05,2.34E-08,5.11E-16,0.43570697,9.47E-08,0.40747687,0.00026948657,0.012573497,0.03267617,0.00015304498,0.5812513,0.44763276,0
0.00031524745,0.0005873136,0.018321736,0.010403929,0.38159412,0.46982324,0.0025393462,0.0004592527,0.34851477,0.46427554,0.008878434,0.004064449,0.38960394,0.4384209,0.1655577,0.077229604,0.4568485,0.5285497,6.17E-24,4.11E-19,0.00017681006,1.35E-16,0.00025818046,7.57E-09,3.33E-16,0.43570697,0,0.4486267,0,0,0.009219858,0,0.58125275,0.47003502,0
0.674433,0.21584101,0.0080226995,8.03E-05,0.38159412,0.46982324,0,0,0.34851477,0.4641461,0,0,0.38961926,0.4486558,0,0,0.43765217,0.46403483,0,0,0,0,0,0.9826655,0,0.43570697,0,0.4486267,0,0,2.08E-17,0,0.58125275,0.47003502,3
0.0011346444,0.001567888,0.007705047,0.0007209859,0.38159412,0.46982127,0.00048465692,0.00016680306,0.34851468,0.45880777,0.01775208,0.00062954443,0.38961053,0.44085434,0.02961197,0.0010928272,0.43767402,0.4682225,2.87E-18,2.96E-18,0.0011398512,5.51E-18,0.0016480424,8.06E-10,6.14E-18,0.43530026,0.00040226695,0.47130418,0.0014941505,0.003789763,0.039285846,0.00051635085,0.58127826,0.5235158,0
0.00014493117,0.00040835544,0.012178747,0.00046724867,0.38159412,0.46982324,1.39E-09,4.97E-07,0.34851477,0.4641461,0.002035556,3.84E-06,0.38961926,0.44849688,0.014090648,0.00019080119,0.43765053,0.44941986,0,1.16E-30,7.72E-06,1.64E-17,9.22E-05,2.01E-08,5.15E-16,0.43570697,4.15E-06,0.44751748,0.00031971434,0.014037578,0.032318786,0.00019076413,0.5812515,0.45654404,0
0.63710815,0.835905,0.0070915245,9.57E-05,0.38159412,0.46982324,5.16E-07,1.98E-13,0.34851477,0.4641461,0.00021450737,3.91E-08,0.38961926,0.4486558,0.00025600227,6.30E-08,0.43765217,0.46403483,8.52E-22,8.11E-21,0.5317856,6.76E-11,0.7603367,5.36E-06,2.11E-05,0.43570697,0,0.4486267,0,0,0.009929078,0,0.58125275,0.47003502,3
0.0011145471,0.0015332758,0.008216427,0.0008841389,0.38159412,0.46982324,0.00082929234,5.12E-07,0.34851477,0.46414608,0.011727671,0.00012620066,0.38961685,0.43734467,0.010567159,0.00015625975,0.4376662,0.48269144,1.00E-25,6.27E-20,0.00013940921,2.31E-17,0.00036089832,5.13E-09,5.92E-11,0.4357069,0.00013618033,0.43731627,0.0012512197,0.010527354,0.02833529,0.0001562293,0.5812642,0.48848256,0
0.34662554,0.16732726,0.005283146,0.00010827059,0.38159412,0.46982324,7.60E-05,4.30E-09,0.34851477,0.4641461,0.0010504855,9.39E-07,0.38961926,0.4486558,0.000964482,8.94E-07,0.43765217,0.46403483,6.11E-21,1.50E-19,0.21625794,4.85E-05,0.11285761,0.0001270637,0.0004997916,0.43570697,0,0.4486267,0,0,0.009929078,0,0.58125275,0.47003502,3
0.26274568,0.22922778,1.62E-05,1.62E-06,0.38159412,0.46982324,0,0,0.34851477,0.4641461,0,0,0.38961926,0.4486558,0,0,0.43765217,0.46403483,0,0,0,0,0,0.9826629,0,0.43570697,0,0.4486267,0,0,2.08E-17,0,0.58125275,0.47003502,2
0.72571987,0.8159125,0.2437276,0.12173876,0.38159412,0.46982324,0.0035053892,9.15E-06,0.34851477,0.4641461,0.009183681,7.17E-05,0.38961926,0.4486558,0.0070278384,4.75E-05,0.43765217,0.46403483,2.93E-22,1.32E-22,0.5877736,1.05E-10,0.72334725,5.94E-06,2.34E-05,0.43570697,0,0.4486267,0,0,0.3503546,0,0.58125275,0.47003502,4
0.0011572021,0.0015561224,0.0081083095,0.00078390463,0.38159412,0.46982324,0.0010425345,0.00031734232,0.34851477,0.46438053,0.030078728,0.0009913528,0.38971457,0.4965265,0.030974137,0.0011487689,0.43791002,0.51170707,3.01E-18,3.20E-18,0.001024364,5.80E-18,0.0016298955,8.19E-10,6.12E-18,0.43570697,0.00045676043,0.44746497,0.0014115339,0.0027647165,0.039261676,0.00050982734,0.58125335,0.47181952,0
0.48220518,0.59007335,0.21493334,0.13119818,0.38159412,0.46982324,0.00044750422,1.49E-07,0.34851477,0.4641461,0.010116699,8.71E-05,0.38961926,0.4486558,0.012605563,0.00015269738,0.43765217,0.46403483,5.60E-22,9.63E-22,0.35085678,2.34E-14,0.46135116,3.82E-06,1.50E-05,0.43570697,0,0.4486267,0,0,0.3503546,0,0.58125275,0.47003502,4
0.42512852,0.13328867,0.21893351,0.13026698,0.38159412,0.46982324,0,0,0.34851477,0.4641461,0,0,0.38961926,0.4486558,0,0,0.43765217,0.46403483,0,0,0,0,0,0.98266476,0,0.43570697,0,0.4486267,0,0,2.08E-17,0,0.58125275,0.47003502,4
0.33833703,0.16300914,0.005197268,0.000108252374,0.38159412,0.46982324,0,0,0.34851477,0.4641461,0,0,0.38961926,0.4486558,0,0,0.43765217,0.46403483,0,0,0,0,0,0.98266554,0,0.43570697,0,0.4486267,0,0,2.08E-17,0,0.58125275,0.47003502,3
0.43287897,0.5934288,0.21452822,0.13128756,0.38159412,0.46982324,1.49E-05,1.65E-10,0.34851477,0.4641461,0.008318734,5.89E-05,0.38961926,0.4486558,0.012446073,0.00014885787,0.43765217,0.46403483,2.81E-21,1.75E-21,0.30844972,4.96E-15,0.46309865,3.22E-06,1.27E-05,0.43570697,0,0.4486267,0,0,0.3503546,0,0.58125275,0.47003502,4
0.0029596756,0.0038846335,0.046654988,0.072171405,0.38159412,0.46982324,0,0,0.34851477,0.4641461,0,0,0.38961926,0.4486558,1.72E-09,2.84E-18,0.43765217,0.46403483,9.74E-24,1.69E-22,0.0019365982,6.78E-17,0.0017799546,6.24E-09,2.84E-14,0.43570697,0,0.4486267,0.0061711,1.72E-09,2.08E-17,2.84E-18,0.58125275,0.47003502,0
0.34380302,0.4653716,0.0059150415,0.00010676694,0.38159412,0.46982324,0,0,0.34851477,0.4641461,0,0,0.38961926,0.4486558,0,0,0.43765217,0.46403483,0,0,0,0,0,0.98266566,0,0.43570697,0,0.4486267,0,0,2.08E-17,0,0.58125275,0.47003502,3
0.00049760315,0.0005022674,0.015362196,0.011428944,0.38159412,0.46982324,6.46E-08,1.89E-10,0.34851477,0.4641461,0.00560226,0.00068884547,0.38962588,0.46566358,0.18545832,0.06882212,0.46117303,0.5414218,0,5.36E-27,1.69E-05,6.49E-17,0.00019908398,9.75E-09,3.64E-16,0.43570697,0,0.4486267,0,0,0.009219858,0,0.58125275,0.47003502,0
0.25692114,0.3598632,1.59E-05,1.61E-06,0.38159412,0.46982324,0,0,0.34851477,0.4641461,0,0,0.38961926,0.4486558,0,0,0.43765217,0.46403483,0,0,0,0,0,0.9826632,0,0.43570697,0,0.4486267,0,0,2.08E-17,0,0.58125275,0.47003502,2
0.33033413,0.28104082,0.21106412,0.13937265,0.38159412,0.46982324,1.81E-06,2.44E-12,0.34851477,0.4641461,0.018635109,0.0002954248,0.38961926,0.4486558,0.027434386,0.0007232653,0.43765217,0.46403483,6.20E-21,3.63E-20,0.21285848,1.23E-06,0.2108786,4.70E-05,0.0001849875,0.43570697,0,0.4486267,0,0,0.35886526,0,0.58125275,0.47003502,1
0.0017444603,0.0017553266,0.008387978,0.00077745214,0.38159412,0.46982324,0.0006904603,1.33E-05,0.34851477,0.46414185,0.009639909,0.00014214855,0.38961187,0.4219561,0.010208985,0.00015727404,0.43766877,0.4861405,1.69E-25,1.99E-19,0.00023152214,4.10E-17,0.00037535728,4.91E-09,5.06E-17,0.43570247,0.00015338935,0.4219287,0.0013013631,0.010170534,0.028468778,0.00015724348,0.5812663,0.49189293,0
0.50921565,0.47065684,0.21361095,0.13148184,0.38159412,0.46982324,0,0,0.34851477,0.4641461,0,0,0.38961926,0.4486558,0,0,0.43765217,0.46403483,0,0,0,0,0,0.9826649,0,0.43570697,0,0.4486267,0,0,2.08E-17,0,0.58125275,0.47003502,4
0.34981367,0.43417463,0.20857705,0.13972662,0.38159412,0.46982324,0,0,0.34851477,0.4641461,0,0,0.38961926,0.4486558,0,0,0.43765217,0.46403483,0,0,0,0,0,0.9826662,0,0.43570697,0,0.4486267,0,0,2.08E-17,0,0.58125275,0.47003502,1
0.71675384,0.98475105,0.24436031,0.12145823,0.38159412,0.46982324,9.30E-05,6.45E-09,0.34851477,0.4641461,0.0066119195,3.72E-05,0.38961926,0.4486558,0.006987172,4.69E-05,0.43765217,0.46403483,8.34E-23,1.26E-22,0.5880165,6.52E-18,0.8752986,9.34E-07,3.68E-06,0.43570697,0,0.4486267,0,0,0.3503546,0,0.58125275,0.47003502,4
0.5834241,0.15388009,0.007978985,8.04E-05,0.38159412,0.46982324,2.24E-05,3.75E-10,0.34851477,0.4641461,0.00027983368,6.66E-08,0.38961926,0.4486558,0.00032463085,1.01E-07,0.43765217,0.46403483,1.32E-22,8.40E-10,0.54523045,0.00019991516,0.15701437,0.00011542292,0.0004540093,0.43570697,0,0.4486267,0,0,0.009929078,0,0.58125275,0.47003502,3
0.24496943,0.04247167,0.23113188,0.12663567,0.38159412,0.46982324,0.01720149,0.00022043887,0.34851477,0.4641461,0.024947809,0.00052947795,0.38961926,0.4486558,0.025036601,0.0006023624,0.43765217,0.46403483,6.30E-09,6.01E-05,0.18945971,0.0017043605,0.03573328,0.0005651445,0.002221937,0.43570697,0,0.4486267,0,0,0.3503546,0,0.58125275,0.47003502,4
0.0010658342,0.0015258746,0.008418377,0.00088774576,0.3815842,0.4476683,0.064120166,0.0030679482,0.34848404,0.45055568,0.044042792,0.0017697848,0.39005062,0.5949107,0.03270824,0.0012457323,0.43790227,0.50725204,1.83E-18,2.09E-18,0.0011188785,5.08E-18,0.0016336323,8.16E-10,6.00E-18,0.40260476,0.0038677503,0.4761438,0.001346407,0.058148127,0.04498704,0.0035385112,0.58166236,0.50467664,0
0.72367793,0.3199813,0.0070429808,9.63E-05,0.38159412,0.46982324,0,0,0.34851477,0.4641461,0,0,0.38961926,0.4486558,0,0,0.43765217,0.46403483,0,0,0,0,0,0.98266554,0,0.43570697,0,0.4486267,0,0,2.08E-17,0,0.58125275,0.47003502,3
0.43042886,0.18431172,0.21659482,0.13082334,0.38159412,0.46982324,0.017057298,0.00021675865,0.34851477,0.4641461,0.014873983,0.0001882078,0.38961926,0.4486558,0.013949013,0.00018697952,0.43765217,0.46403483,1.33E-21,7.64E-17,0.31079257,6.51E-05,0.14522234,0.00010544696,0.0004147735,0.43570697,0,0.4486267,0,0,0.3503546,0,0.58125275,0.47003502,4
0.21694225,0.14072129,8.06E-05,4.18E-06,0.38159412,0.46982324,0,0,0.34851477,0.4641461,0,0,0.38961926,0.4486558,0,0,0.43765217,0.46403483,0,0,0,0,0,0.98266286,0,0.43570697,0,0.4486267,0,0,2.08E-17,0,0.58125275,0.47003502,2
0.0011102603,0.0016255729,0.0081735095,0.00071324944,0.38159412,0.46982324,1.24E-05,3.79E-08,0.34851477,0.46414575,0.019970868,0.00053000724,0.38959682,0.4276119,0.02947974,0.0010480912,0.43771914,0.4775657,3.08E-17,3.14E-17,0.0010920325,2.09E-17,0.0017016524,7.80E-10,1.62E-17,0.43570697,0.00029862925,0.44839928,0.001493644,0.0040623383,0.040312883,0.00044109035,0.5812587,0.4826941,0
0.44113904,0.40966317,0.21239749,0.13172758,0.38159412,0.46982324,0,0,0.34851477,0.4641461,0,0,0.38961926,0.4486558,0,0,0.43765217,0.46403483,0,0,0,0,0,0.9826648,0,0.43570697,0,0.4486267,0,0,2.08E-17,0,0.58125275,0.47003502,4
0.41106856,0.60049284,0.21167271,0.13186853,0.38159412,0.46982324,0,0,0.34851477,0.4641461,0,0,0.38961926,0.4486558,0,0,0.43765217,0.46403483,0,0,0,0,0,0.9826651,0,0.43570697,0,0.4486267,0,0,2.08E-17,0,0.58125275,0.47003502,4
0.36188325,0.286885,0.18384515,0.13426195,0.38159412,0.46982324,0,0,0.34851477,0.4641461,0,0,0.38961926,0.4486558,0,0,0.43765217,0.46403483,0,0,0,0,0,0.982667,0,0.43570697,0,0.4486267,0,0,2.08E-17,0,0.58125275,0.47003502,5
0.41403654,0.16336222,0.21703517,0.13072592,0.38159412,0.46982324,0,0,0.34851477,0.4641461,0,0,0.38961926,0.4486558,0,0,0.43765217,0.46403483,0,0,0,0,0,0.98266476,0,0.43570697,0,0.4486267,0,0,2.08E-17,0,0.58125275,0.47003502,4
0.71355057,0.68271023,0.00806928,7.90E-05,0.38159412,0.46982324,1.44E-05,1.55E-10,0.34851477,0.4641461,0.00026177824,5.83E-08,0.38961926,0.4486558,0.0002794258,7.50E-08,0.43765217,0.46403483,7.80E-23,8.51E-23,0.6737109,1.93E-08,0.7032847,1.04E-05,4.11E-05,0.43570697,0,0.4486267,0,0,0.009929078,0,0.58125275,0.47003502,3
5.66E-05,0.00091125217,0.051151976,0.0705093,0.38159412,0.46982324,0,0,0.34851477,0.4641461,0.00041137185,1.45E-07,0.38961926,0.40450406,0.012705078,0.00015512036,0.43765026,0.4400242,0,0,6.61E-06,7.06E-19,8.23E-05,2.22E-08,4.67E-16,0.43570697,1.56E-07,0.4044778,0.00028537243,0.012657227,0.03265724,0.00015509021,0.58125114,0.44629347,0
0.7095294,0.710138,0.25012556,0.12750746,0.38159412,0.46982324,0,0,0.34851477,0.4641461,0,0,0.38961926,0.4486558,0,0,0.43765217,0.46403483,0,0,0,0,0,0.98266613,0,0.43570697,0,0.4486267,0,0,2.08E-17,0,0.58125275,0.47003502,1
0.35137933,0.19107494,0.18246093,0.13422456,0.38159412,0.46982324,0.0018562893,2.57E-06,0.34851477,0.4641461,0.01781829,0.00027009414,0.38961926,0.4486558,0.02038784,0.00039943808,0.43765217,0.46403483,7.89E-21,4.97E-21,0.21307449,2.60E-05,0.12686601,0.000106046675,0.00041713312,0.43570697,1.63E-15,0.4486267,0.43949908,9.57E-08,0.3503546,8.87E-15,0.58125275,0.47003502,5
0.38776374,0.2688277,0.1840038,0.1342663,0.38159412,0.46982324,0.0025772704,4.95E-06,0.34851477,0.4641461,0.016782565,0.0002396071,0.38961926,0.4486558,0.018611746,0.0003328751,0.43765217,0.46403483,6.80E-22,1.01E-21,0.23727867,2.10E-06,0.17998284,5.88E-05,0.0002311582,0.43570697,1.74E-15,0.4486267,0.62359226,1.13E-07,0.3503546,1.23E-14,0.58125275,0.47003502,5
0.22581133,0.30545896,7.59E-05,3.87E-06,0.38159412,0.46982324,0,0,0.34851477,0.4641461,0,0,0.38961926,0.4486558,0,0,0.43765217,0.46403483,0,0,0,0,0,0.9826631,0,0.43570697,0,0.4486267,0,0,2.08E-17,0,0.58125275,0.47003502,2
0.2553319,0.34977093,1.53E-05,1.55E-06,0.38159412,0.46982324,0,0,0.34851477,0.4641461,0,0,0.38961926,0.4486558,0,0,0.43765217,0.46403483,0,0,0,0,0,0.9826631,0,0.43570697,0,0.4486267,0,0,2.08E-17,0,0.58125275,0.47003502,2
0.4226137,0.52394164,0.21331695,0.13154127,0.38159412,0.46982324,0,0,0.34851477,0.4641461,0,0,0.38961926,0.4486558,0,0,0.43765217,0.46403483,0,0,0,0,0,0.9826649,0,0.43570697,0,0.4486267,0,0,2.08E-17,0,0.58125275,0.47003502,4
0.00051126815,0.00028264464,0.012497608,0.00032568505,0.38159412,0.46982324,9.16E-05,0.00025235667,0.34851477,0.46414608,0.00767316,0.00037289393,0.38962656,0.46736294,0.009392163,0.00045311896,0.4378142,0.5866184,3.67E-30,1.31E-12,0.00016839671,0.1,9.26E-05,0.14214447,0.48809522,0.43570697,0,0.4486267,0,0,0.009219858,0,0.58125275,0.47003502,0
0.43027157,0.4386471,0.2121111,0.13178444,0.38159412,0.46982324,0,0,0.34851477,0.4641461,0,0,0.38961926,0.4486558,0,0,0.43765217,0.46403483,0,0,0,0,0,0.9826649,0,0.43570697,0,0.4486267,0,0,2.08E-17,0,0.58125275,0.47003502,4
0.3589964,0.32438606,0.18385538,0.1342626,0.38159412,0.46982324,0,0,0.34851477,0.4641461,0,0,0.38961926,0.4486558,0,0,0.43765217,0.46403483,0,0,0,0,0,0.982667,0,0.43570697,0,0.4486267,0,0,2.08E-17,0,0.58125275,0.47003502,5
0.7211638,0.88974065,0.007459714,9.00E-05,0.38159412,0.46982324,6.83E-08,3.47E-15,0.34851477,0.4641461,0.00011817324,1.19E-08,0.38961926,0.4486558,0.00023278574,5.21E-08,0.43765217,0.46403483,2.83E-23,2.96E-23,0.78445804,3.47E-12,0.8514014,3.70E-06,1.45E-05,0.43570697,0,0.4486267,0,0,0.009929078,0,0.58125275,0.47003502,3
0.24846846,0.3596131,1.54E-05,1.50E-06,0.38159412,0.46982324,0,0,0.34851477,0.4641461,0,0,0.38961926,0.4486558,0,0,0.43765217,0.46403483,0,0,0,0,0,0.9826633,0,0.43570697,0,0.4486267,0,0,2.08E-17,0,0.58125275,0.47003502,2
0.2206247,0.3143046,7.27E-05,3.71E-06,0.38159412,0.46982324,0,0,0.34851477,0.4641461,0,0,0.38961926,0.4486558,0,0,0.43765217,0.46403483,0,0,0,0,0,0.9826632,0,0.43570697,0,0.4486267,0,0,2.08E-17,0,0.58125275,0.47003502,2
0.4412038,0.4243106,0.21230453,0.13174598,0.38159412,0.46982324,0.00047151328,1.66E-07,0.34851477,0.4641461,0.014163059,0.00017064642,0.38961926,0.4486558,0.014534377,0.0002030018,0.43765217,0.46403483,1.83E-21,2.01E-21,0.31138435,3.81E-08,0.32771927,2.22E-05,8.74E-05,0.43570697,0,0.4486267,0,0,0.3503546,0,0.58125275,0.47003502,4
0.28548807,0.07515077,0.21290374,0.13906226,0.38159412,0.46982324,0,0,0.34851477,0.4641461,0,0,0.38961926,0.4486558,0,0,0.43765217,0.46403483,0,0,0,0,0,0.9826661,0,0.43570697,0,0.4486267,0,0,2.08E-17,0,0.58125275,0.47003502,1
0.7389532,0.5135776,0.007084037,9.58E-05,0.38159412,0.46982324,2.82E-06,5.92E-12,0.34851477,0.4641461,0.00023715553,4.78E-08,0.38961926,0.4486558,0.00024150388,5.60E-08,0.43765217,0.46403483,1.55E-22,1.75E-22,0.61941546,1.15E-06,0.4666233,2.35E-05,9.24E-05,0.43570697,0,0.4486267,0,0,0.009929078,0,0.58125275,0.47003502,3
0.0011181626,0.001620173,0.0082328,0.0007462713,0.38159412,0.46982324,2.22E-05,3.46E-08,0.34851477,0.46309674,0.020046975,0.00044609956,0.38960335,0.4309478,0.02998203,0.0010659304,0.43773404,0.48041558,3.09E-17,3.15E-17,0.0011395678,2.02E-17,0.0017198902,7.68E-10,1.62E-17,0.43570694,0.00014179609,0.43090215,0.0015378153,0.0049340576,0.04065502,0.0004248684,0.58126915,0.49918482,0
0.010996125,0.002038297,0.06364329,0.090005025,0.37064198,0.43614578,0.34232026,0.16139686,0.33143014,0.41341645,0.34313414,0.19183673,0.36725786,0.38780943,0.33194706,0.20429549,0.43365037,0.45971084,3.01E-18,4.11E-18,0.012681731,8.07E-18,0.00215158,6.04E-10,7.50E-17,0.50203437,0.17448835,0.5130573,0.00037533202,0.35704935,0.19152835,0.18263674,0.6262245,0.53192925,0
0.7135416,0.28957054,0.0070678894,9.60E-05,0.38159412,0.46982324,4.13E-05,1.27E-09,0.34851477,0.4641461,0.00024071692,4.93E-08,0.38961926,0.4486558,0.00024278562,5.66E-08,0.43765217,0.46403483,9.50E-23,1.20E-16,0.5978214,3.73E-05,0.26248622,5.89E-05,0.00023172819,0.43570697,0,0.4486267,0,0,0.009929078,0,0.58125275,0.47003502,3
0.003107806,0.003356905,0.054489106,0.07661796,0.38159412,0.46982324,1.39E-09,1.44E-18,0.34851477,0.4641461,1.41E-09,1.68E-18,0.38961926,0.4486558,1.99E-09,3.80E-18,0.43765217,0.46403483,3.40E-19,8.46E-19,0.0016992056,4.07E-16,0.0012715874,1.03E-08,4.67E-14,0.43570697,0,0.4486267,7.46E-05,0,0.009929078,0,0.58125275,0.47003502,0
0.36432898,0.37525505,0.18451235,0.13427167,0.38159412,0.46982324,0,0,0.34851477,0.4641461,0,0,0.38961926,0.4486558,0,0,0.43765217,0.46403483,0,0,0,0,0,0.9826671,0,0.43570697,0,0.4486267,0,0,2.08E-17,0,0.58125275,0.47003502,5
0.35210422,0.3927813,0.18405652,0.13426429,0.38159412,0.46982324,0,0,0.34851477,0.4641461,0,0,0.38961926,0.4486558,0,0,0.43765217,0.46403483,0,0,0,0,0,0.9826671,0,0.43570697,0,0.4486267,0,0,2.08E-17,0,0.58125275,0.47003502,5
0.23223905,0.3093062,7.37E-05,3.75E-06,0.38159412,0.46982324,0,0,0.34851477,0.4641461,0,0,0.38961926,0.4486558,0,0,0.43765217,0.46403483,0,0,0,0,0,0.98266315,0,0.43570697,0,0.4486267,0,0,2.08E-17,0,0.58125275,0.47003502,2
0.0059360787,0.004416098,0.048717394,0.07568661,0.38159412,0.46982324,1.39E-09,1.44E-18,0.34851477,0.4641461,1.72E-09,2.51E-18,0.38961926,0.4486558,2.82E-09,7.60E-18,0.43765217,0.46403483,5.83E-24,1.47E-23,0.0019241801,4.98E-17,0.0017779848,6.07E-09,2.75E-14,0.43570697,2.71E-18,0.4486267,0.0061642705,2.80E-09,2.08E-17,7.60E-18,0.58125275,0.47003502,0
0.22685541,0.30151117,7.43E-05,3.72E-06,0.38159412,0.46982324,0,0,0.34851477,0.4641461,0,0,0.38961926,0.4486558,0,0,0.43765217,0.46403483,0,0,0,0,0,0.9826631,0,0.43570697,0,0.4486267,0,0,2.08E-17,0,0.58125275,0.47003502,2
0.4327235,0.18776268,0.21550429,0.13107127,0.38159412,0.46982324,0.012664828,0.00011949633,0.34851477,0.4641461,0.014408458,0.00017661112,0.38961926,0.4486558,0.013805177,0.00018314332,0.43765217,0.46403483,1.90E-21,4.21E-17,0.30805886,6.10E-05,0.1471953,0.00010328275,0.00040626153,0.43570697,0,0.4486267,0,0,0.3503546,0,0.58125275,0.47003502,4
0.72617656,0.9717329,0.24413164,0.12155937,0.38159412,0.46982324,0,0,0.34851477,0.4641461,0,0,0.38961926,0.4486558,0,0,0.43765217,0.46403483,0,0,0,0,0,0.982665,0,0.43570697,0,0.4486267,0,0,2.08E-17,0,0.58125275,0.47003502,4
0.34071666,0.11175117,0.0056361766,0.00010763809,0.38159412,0.46982324,5.93E-08,2.62E-15,0.34851477,0.4641461,0.00018890707,3.04E-08,0.38961926,0.4486558,0.00030680484,9.05E-08,0.43765217,0.46403483,1.41E-21,5.09E-13,0.23285677,0.00021379726,0.08039365,0.00020841789,0.0008197206,0.43570697,0,0.4486267,0,0,0.009929078,0,0.58125275,0.47003502,3
0.49125037,0.24191828,0.2153096,0.13111563,0.38159412,0.46982324,0,0,0.34851477,0.4641461,0,0,0.38961926,0.4486558,0,0,0.43765217,0.46403483,0,0,0,0,0,0.98266476,0,0.43570697,0,0.4486267,0,0,2.08E-17,0,0.58125275,0.47003502,4
0.7186107,0.98612744,0.24408251,0.12158131,0.38159412,0.46982324,0,0,0.34851477,0.4641461,0,0,0.38961926,0.4486558,0,0,0.43765217,0.46403483,0,0,0,0,0,0.98266506,0,0.43570697,0,0.4486267,0,0,2.08E-17,0,0.58125275,0.47003502,4
0.4606039,0.36191988,0.21407843,0.13138077,0.38159412,0.46982324,0,0,0.34851477,0.4641461,0,0,0.38961926,0.4486558,0,0,0.43765217,0.46403483,0,0,0,0,0,0.9826648,0,0.43570697,0,0.4486267,0,0,2.08E-17,0,0.58125275,0.47003502,4
0.0004729926,0.0012416999,0.050401617,0.06813859,0.38159412,0.46982324,1.39E-09,1.44E-18,0.34851477,0.4641461,4.20E-06,1.51E-11,0.38961926,0.4486558,0.008833086,7.50E-05,0.43765166,0.45029196,0,3.86E-31,6.72E-06,1.63E-21,6.92E-05,6.13E-06,2.40E-05,0.43570697,1.63E-11,0.4486267,0.00023987089,0.008799818,0.033468593,7.50E-05,0.5812523,0.45644617,0
0.37087107,0.19591732,0.0054992475,0.000108089225,0.38159412,0.46982324,0,0,0.34851477,0.4641461,0,0,0.38961926,0.4486558,0,0,0.43765217,0.46403483,0,0,0,0,0,0.98266554,0,0.43570697,0,0.4486267,0,0,2.08E-17,0,0.58125275,0.47003502,3
0.44883442,0.27416217,0.21497503,0.13118793,0.38159412,0.46982324,0,0,0.34851477,0.4641461,0,0,0.38961926,0.4486558,0,0,0.43765217,0.46403483,0,0,0,0,0,0.9826648,0,0.43570697,0,0.4486267,0,0,2.08E-17,0,0.58125275,0.47003502,4
0.71155876,0.7784783,0.24998105,0.12757425,0.38159412,0.46982324,0.00027135797,5.49E-08,0.34851477,0.4641461,0.007232535,4.45E-05,0.38961926,0.4486558,0.0066892453,4.30E-05,0.43765217,0.46403483,2.16E-22,1.32E-22,0.5752831,3.78E-10,0.69107157,7.06E-06,2.78E-05,0.43570697,0,0.4486267,0,0,0.35886526,0,0.58125275,0.47003502,1
0.25923374,0.32276264,1.60E-05,1.63E-06,0.38159412,0.46982324,0,0,0.34851477,0.4641461,0,0,0.38961926,0.4486558,0,0,0.43765217,0.46403483,0,0,0,0,0,0.98266304,0,0.43570697,0,0.4486267,0,0,2.08E-17,0,0.58125275,0.47003502,2
0.0011758077,0.0015897494,0.0083060395,0.0033552859,0.38159412,0.46858472,0.011649678,0.000102102655,0.3485111,0.43300483,0.01115783,0.00015868923,0.38962775,0.47506908,0.010382676,0.00015677403,0.43767723,0.4973868,8.43E-18,1.33E-17,0.0003252459,5.66E-17,0.00038620614,4.77E-09,5.32E-17,0.4029523,0.00017123803,0.47503823,0.0013389761,0.010343571,0.028411115,0.00015674355,0.58127326,0.50301325,0
0.72969204,0.93607324,0.24497041,0.121184096,0.38159412,0.46982324,0,0,0.34851477,0.4641461,0,0,0.38961926,0.4486558,0,0,0.43765217,0.46403483,0,0,0,0,0,0.98266494,0,0.43570697,0,0.4486267,0,0,2.08E-17,0,0.58125275,0.47003502,4
0.3586252,0.28392628,0.18439594,0.13427173,0.38159412,0.46982324,0.047595505,0.0016876714,0.34851477,0.4641461,0.021446124,0.00039127373,0.38961926,0.4486558,0.01904095,0.00034840492,0.43765217,0.46403483,4.41E-22,5.19E-22,0.22337115,1.02E-06,0.19050187,5.13E-05,0.00020186996,0.43570697,2.32E-15,0.4486267,0.66001767,1.34E-07,0.3503546,1.75E-14,0.58125275,0.47003502,5
0.006295544,0.0013325072,0.047382608,0.061503887,0.3807887,0.46679583,0.3229843,0.1565522,0.3318984,0.4118822,0.31909612,0.21696484,0.35935858,0.3683549,0.30432945,0.22973132,0.41458502,0.43934298,1.32E-17,5.51E-17,0.0063318084,1.02E-16,0.0011133561,1.63E-09,2.08E-16,0.43570697,3.19E-05,0.4486267,7.51E-05,0.005873705,0.02968971,3.34E-05,0.58125275,0.47003502,0
0.39579448,0.21621732,0.18404855,0.13426581,0.38159412,0.46982324,6.67E-05,3.31E-09,0.34851477,0.4641461,0.012350083,0.00012975461,0.38961926,0.4486558,0.018531412,0.00033000772,0.43765217,0.46403483,6.79E-22,9.40E-22,0.24610765,1.25E-05,0.1447911,8.76E-05,0.00034458644,0.43570697,1.51E-15,0.4486267,0.5016651,8.89E-08,0.3503546,7.65E-15,0.58125275,0.47003502,5
0.22854622,0.30036423,7.35E-05,3.70E-06,0.38159412,0.46982324,0,0,0.34851477,0.4641461,0,0,0.38961926,0.4486558,0,0,0.43765217,0.46403483,0,0,0,0,0,0.9826631,0,0.43570697,0,0.4486267,0,0,2.08E-17,0,0.58125275,0.47003502,2
0.31799904,0.080209464,0.22345857,0.1290517,0.38159412,0.46982324,0.0004395675,1.44E-07,0.34851477,0.4641461,0.015080569,0.00019347218,0.38961926,0.4486558,0.017837543,0.0003057575,0.43765217,0.46403483,5.51E-19,3.92E-08,0.23942201,0.00062248576,0.06521217,0.00028669822,0.0011275107,0.43570697,0,0.4486267,0,0,0.3503546,0,0.58125275,0.47003502,4
0.4660797,0.3855655,0.2131587,0.13157262,0.38159412,0.46982324,0.00043325473,1.40E-07,0.34851477,0.4641461,0.011535183,0.00011319624,0.38961926,0.4486558,0.014003939,0.00018845493,0.43765217,0.46403483,5.54E-22,7.51E-22,0.32962456,2.45E-07,0.29898232,2.95E-05,0.00011596738,0.43570697,0,0.4486267,0,0,0.3503546,0,0.58125275,0.47003502,4
0.41606757,0.35800266,0.0056082257,0.0001079732,0.38159412,0.46982324,0.000120305755,1.08E-08,0.34851477,0.4641461,0.00071705,4.37E-07,0.38961926,0.4486558,0.000734779,5.19E-07,0.43765217,0.46403483,3.88E-21,5.24E-21,0.29037574,9.27E-08,0.2560974,3.08E-05,0.00012131771,0.43570697,0,0.4486267,0,0,0.009929078,0,0.58125275,0.47003502,3
0.3089826,0.09620722,0.0054376344,0.00010797253,0.38159412,0.46982324,4.67E-07,1.63E-13,0.34851477,0.4641461,0.00024184016,4.98E-08,0.38961926,0.4486558,0.0003421122,1.12E-07,0.43765217,0.46403483,3.56E-21,3.16E-11,0.19608933,0.0003504051,0.06676695,0.00025916199,0.0010192472,0.43570697,0,0.4486267,0,0,0.009929078,0,0.58125275,0.47003502,3
0.45375693,0.57144964,0.21406423,0.13138524,0.38159412,0.46982324,0.0027730444,5.73E-06,0.34851477,0.4641461,0.013880247,0.00016389944,0.38961926,0.4486558,0.013398776,0.00017251914,0.43765217,0.46403483,4.70E-22,1.05E-21,0.33121303,2.74E-13,0.4449998,5.03E-06,1.98E-05,0.43570697,0,0.4486267,0,0,0.3503546,0,0.58125275,0.47003502,4
0.7434309,0.5996428,0.0070762765,9.59E-05,0.38159412,0.46982324,0,0,0.34851477,0.4641461,0,0,0.38961926,0.4486558,0,0,0.43765217,0.46403483,0,0,0,0,0,0.98266554,0,0.43570697,0,0.4486267,0,0,2.08E-17,0,0.58125275,0.47003502,3
0.36465383,0.19669409,0.18414411,0.13426842,0.38159412,0.46982324,0.0007678291,4.39E-07,0.34851477,0.4641461,0.016220966,0.00022383936,0.38961926,0.4486558,0.019886224,0.0003800246,0.43765217,0.46403483,1.06E-21,1.71E-21,0.22868675,2.15E-05,0.13179807,0.00010088872,0.00039684656,0.43570697,2.09E-15,0.4486267,0.45660257,8.89E-08,0.3503546,7.65E-15,0.58125275,0.47003502,5
0.71517336,0.73629785,0.25004327,0.12754557,0.38159412,0.46982324,0,0,0.34851477,0.4641461,0,0,0.38961926,0.4486558,0,0,0.43765217,0.46403483,0,0,0,0,0,0.98266613,0,0.43570697,0,0.4486267,0,0,2.08E-17,0,0.58125275,0.47003502,1
0.34646857,0.3978847,0.18378745,0.13426071,0.38159412,0.46982324,0.00013210185,1.30E-08,0.34851477,0.4641461,0.012233371,0.00012731376,0.38961926,0.4486558,0.016664755,0.0002668732,0.43765217,0.46403483,1.67E-21,5.40E-21,0.2111186,7.17E-10,0.2660441,1.77E-05,6.96E-05,0.43570697,3.13E-15,0.4486267,0.9218911,1.01E-07,0.3503546,9.84E-15,0.58125275,0.47003502,5
0.22477883,0.30121547,7.44E-05,3.72E-06,0.38159412,0.46982324,0,0,0.34851477,0.4641461,0,0,0.38961926,0.4486558,0,0,0.43765217,0.46403483,0,0,0,0,0,0.9826631,0,0.43570697,0,0.4486267,0,0,2.08E-17,0,0.58125275,0.47003502,2
0.7140259,0.54509026,0.24268878,0.12219348,0.38159412,0.46982324,0.00038078098,1.08E-07,0.34851477,0.4641461,0.007366978,4.62E-05,0.38961926,0.4486558,0.006999886,4.71E-05,0.43765217,0.46403483,3.08E-22,1.54E-22,0.5741061,4.42E-07,0.48118812,2.05E-05,8.08E-05,0.43570697,0,0.4486267,0,0,0.3503546,0,0.58125275,0.47003502,4
0.74773705,0.7579652,0.0070974217,9.56E-05,0.38159412,0.46982324,0,0,0.34851477,0.4641461,0,0,0.38961926,0.4486558,0,0,0.43765217,0.46403483,0,0,0,0,0,0.9826656,0,0.43570697,0,0.4486267,0,0,2.08E-17,0,0.58125275,0.47003502,3
0.4329056,0.41228974,0.21258281,0.1316899,0.38159412,0.46982324,0.008532887,5.42E-05,0.34851477,0.4641461,0.018810377,0.00030100803,0.38961926,0.4486558,0.015146752,0.00022046828,0.43765217,0.46403483,1.31E-21,1.05E-21,0.30642286,6.73E-08,0.3188625,2.41E-05,9.49E-05,0.43570697,0,0.4486267,0,0,0.3503546,0,0.58125275,0.47003502,4
0.4517397,0.269858,0.21484834,0.13121776,0.38159412,0.46982324,4.13E-05,1.27E-09,0.34851477,0.4641461,0.0115547925,0.00011358144,0.38961926,0.4486558,0.014278144,0.00019590728,0.43765217,0.46403483,5.13E-21,3.88E-21,0.323122,8.82E-06,0.21091972,5.97E-05,0.00023478681,0.43570697,0,0.4486267,0,0,0.3503546,0,0.58125275,0.47003502,4
0.71567255,0.72892445,0.2504422,0.12736355,0.38159412,0.46982324,1.82E-07,2.46E-14,0.34851477,0.4641461,0.0034689219,1.02E-05,0.38961926,0.4486558,0.0061274893,3.61E-05,0.43765217,0.46403483,9.41E-23,1.10E-22,0.58674616,2.63E-09,0.64826584,9.15E-06,3.60E-05,0.43570697,0,0.4486267,0,0,0.35886526,0,0.58125275,0.47003502,1
0.47738793,0.3375039,0.2143912,0.1313165,0.38159412,0.46982324,0.0018712047,2.61E-06,0.34851477,0.4641461,0.015221527,0.00019710584,0.38961926,0.4486558,0.014714201,0.0002080561,0.43765217,0.46403483,7.00E-22,7.58E-22,0.34516373,1.25E-06,0.26323846,3.96E-05,0.00015577675,0.43570697,0,0.4486267,0,0,0.3503546,0,0.58125275,0.47003502,4
0.22327708,0.2877002,7.55E-05,3.77E-06,0.38159412,0.46982324,0,0,0.34851477,0.4641461,0,0,0.38961926,0.4486558,0,0,0.43765217,0.46403483,0,0,0,0,0,0.98266304,0,0.43570697,0,0.4486267,0,0,2.08E-17,0,0.58125275,0.47003502,2
0.00087645964,0.0015444576,0.008527801,0.00087975,0.381594,0.46839073,0.06539871,0.0031901796,0.34843746,0.42872906,0.046693787,0.0019392729,0.38965818,0.46188956,0.032497138,0.0012304323,0.4377371,0.4788882,9.06E-18,1.02E-17,0.000948302,1.78E-17,0.0016591081,8.11E-10,1.65E-17,0.40319213,0.0038831083,0.47361574,0.0013292048,0.058399905,0.045086917,0.0035609624,0.5816547,0.504017,0
0.8053652,0.85418785,0.008101175,7.78E-05,0.38159412,0.46982324,0,0,0.34851477,0.4641461,0,0,0.38961926,0.4486558,0,0,0.43765217,0.46403483,0,0,0,0,0,0.98266566,0,0.43570697,0,0.4486267,0,0,2.08E-17,0,0.58125275,0.47003502,3
0.438411,0.30502677,0.00572479,0.000107558946,0.38159412,0.46982324,0,0,0.34851477,0.4641461,0,0,0.38961926,0.4486558,0,0,0.43765217,0.46403483,0,0,0,0,0,0.98266554,0,0.43570697,0,0.4486267,0,0,2.08E-17,0,0.58125275,0.47003502,3
0.6208058,0.17413469,0.0070279813,9.65E-05,0.38159412,0.46982324,2.93E-07,6.40E-14,0.34851477,0.4641461,0.00015132467,1.95E-08,0.38961926,0.4486558,0.0002234964,4.80E-08,0.43765217,0.46403483,5.16E-23,1.38E-10,0.5161333,0.00017450619,0.15696079,0.00011328053,0.0004455833,0.43570697,0,0.4486267,0,0,0.009929078,0,0.58125275,0.47003502,3
0.35783568,0.3897201,0.18382335,0.13425903,0.38159412,0.46982324,0.01697119,0.00021457572,0.34851477,0.4641461,0.019358223,0.0003187969,0.38961926,0.4486558,0.017651726,0.0002994204,0.43765217,0.46403483,1.61E-21,1.17E-21,0.21716909,1.80E-09,0.26064977,1.98E-05,7.81E-05,0.43570697,3.37E-15,0.4486267,0.9031409,9.89E-08,0.3503546,9.48E-15,0.58125275,0.47003502,5
0.74549043,0.5083583,0.0070665437,9.60E-05,0.38159412,0.46982324,0,0,0.34851477,0.4641461,0,0,0.38961926,0.4486558,0,0,0.43765217,0.46403483,0,0,0,0,0,0.98266554,0,0.43570697,0,0.4486267,0,0,2.08E-17,0,0.58125275,0.47003502,3
0.4294443,0.21208933,0.005634194,0.000107814616,0.38159412,0.46982324,0,0,0.34851477,0.4641461,0,0,0.38961926,0.4486558,0,0,0.43765217,0.46403483,0,0,0,0,0,0.98266554,0,0.43570697,0,0.4486267,0,0,2.08E-17,0,0.58125275,0.47003502,3
0.24823909,0.30295193,1.68E-05,1.69E-06,0.38159412,0.46982324,0,0,0.34851477,0.4641461,0,0,0.38961926,0.4486558,0,0,0.43765217,0.46403483,0,0,0,0,0,0.982663,0,0.43570697,0,0.4486267,0,0,2.08E-17,0,0.58125275,0.47003502,2
0.2317048,0.30989656,7.24E-05,3.68E-06,0.38159412,0.46982324,0,0,0.34851477,0.4641461,0,0,0.38961926,0.4486558,0,0,0.43765217,0.46403483,0,0,0,0,0,0.98266315,0,0.43570697,0,0.4486267,0,0,2.08E-17,0,0.58125275,0.47003502,2
0.35266593,0.16549592,0.0052537695,0.00010827327,0.38159412,0.46982324,0.000103614955,8.00E-09,0.34851477,0.4641461,0.0010949769,1.02E-06,0.38961926,0.4486558,0.0009764715,9.16E-07,0.43765217,0.46403483,1.80E-21,2.75E-19,0.21568547,5.27E-05,0.11098709,0.00013024958,0.00051232113,0.43570697,0,0.4486267,0,0,0.009929078,0,0.58125275,0.47003502,3
0.00040498763,0.0008655425,0.037367847,0.04712468,0.38159412,0.46982324,0,0.0074327094,0.34851477,0.4641461,2.61E-05,0.008668393,0.38961926,0.4486558,0.040019836,0.009564637,0.43802252,0.4783138,3.86E-31,1.68E-21,0.00014137471,3.90E-16,0.00023600007,1.09E-08,3.18E-15,0.43570697,0,0.4486267,0,0,0.009929078,0,0.58125275,0.47003502,0
0.21905984,0.1221415,8.19E-05,4.20E-06,0.38159412,0.46982324,0,0,0.34851477,0.4641461,0,0,0.38961926,0.4486558,0,0,0.43765217,0.46403483,0,0,0,0,0,0.98266286,0,0.43570697,0,0.4486267,0,0,2.08E-17,0,0.58125275,0.47003502,2
0.74264747,0.84770906,0.0070885224,9.57E-05,0.38159412,0.46982324,6.44E-06,3.09E-11,0.34851477,0.4641461,0.00025402606,5.49E-08,0.38961926,0.4486558,0.00026058345,6.53E-08,0.43765217,0.46403483,1.15E-22,1.49E-22,0.6193151,9.48E-11,0.77073085,5.55E-06,2.18E-05,0.43570697,0,0.4486267,0,0,0.009929078,0,0.58125275,0.47003502,3
0.7044874,0.26049554,0.0070539876,9.63E-05,0.38159412,0.46982324,0.0002769502,5.71E-08,0.34851477,0.4641461,0.0002933781,7.32E-08,0.38961926,0.4486558,0.00026114,6.55E-08,0.43765217,0.46403483,7.23E-23,5.43E-15,0.58785576,5.53E-05,0.2356402,6.82E-05,0.00026809273,0.43570697,0,0.4486267,0,0,0.009929078,0,0.58125275,0.47003502,3
0.7528444,0.8223669,0.007084924,9.58E-05,0.38159412,0.46982324,0.0005223472,2.03E-07,0.34851477,0.4641461,0.00030986004,8.17E-08,0.38961926,0.4486558,0.00025754716,6.37E-08,0.43765217,0.46403483,2.66E-22,2.10E-22,0.6260778,3.08E-10,0.7473145,6.45E-06,2.54E-05,0.43570697,0,0.4486267,0,0,0.009929078,0,0.58125275,0.47003502,3
0.34273997,0.15534201,0.18370056,0.13426395,0.38159412,0.46982324,0,0,0.34851477,0.4641461,0,0,0.38961926,0.4486558,0,0,0.43765217,0.46403483,0,0,0,0,0,0.98266697,0,0.43570697,0,0.4486267,0,0,2.08E-17,0,0.58125275,0.47003502,5
0.00096529914,0.0015364868,0.007892591,0.00076341303,0.38159412,0.46982324,7.91E-06,0.0004145638,0.34851477,0.46415958,0.020087384,0.00065979856,0.3896601,0.48097792,0.030684447,0.0011379354,0.43781897,0.49505395,8.74E-22,5.48E-19,0.00082020194,5.72E-18,0.0015911413,8.49E-10,5.86E-18,0.43570697,0.00016060405,0.4486267,0.0012799203,0.00015977325,0.040216528,0.00042623645,0.5812527,0.4692977,0
0.7150417,0.8045135,0.24425322,0.121505395,0.38159412,0.46982324,0.032349512,0.0007796352,0.34851477,0.4641461,0.011515912,0.00011281834,0.38961926,0.4486558,0.0072329575,5.03E-05,0.43765217,0.46403483,3.56E-23,6.77E-23,0.58991265,1.65E-10,0.71478266,6.30E-06,2.48E-05,0.43570697,0,0.4486267,0,0,0.3503546,0,0.58125275,0.47003502,4
0.0009502272,0.0015201075,0.00828643,0.0008566905,0.38159412,0.46966997,0.0033274384,0.00015981049,0.34851298,0.44844475,0.030163702,0.0009272184,0.38960385,0.4401072,0.032114103,0.0012252934,0.43779776,0.48935243,4.57E-21,7.76E-19,0.0010118578,5.54E-18,0.0016301166,8.19E-10,6.12E-18,0.43570697,0.0002857475,0.4486267,0.0013709181,2.46E-05,0.03929821,0.00049825216,0.58125275,0.46992978,0
0.74127233,0.6180692,0.0070903664,9.57E-05,0.38159412,0.46982324,1.27E-05,1.19E-10,0.34851477,0.4641461,0.0002777591,6.56E-08,0.38961926,0.4486558,0.0002622998,6.61E-08,0.43765217,0.46403483,9.78E-23,1.29E-22,0.6242192,1.37E-07,0.56211615,1.58E-05,6.20E-05,0.43570697,0,0.4486267,0,0,0.009929078,0,0.58125275,0.47003502,3
0.43411183,0.6053206,0.2129639,0.13161334,0.38159412,0.46982324,0,0,0.34851477,0.4641461,0,0,0.38961926,0.4486558,0,0,0.43765217,0.46403483,0,0,0,0,0,0.98266506,0,0.43570697,0,0.4486267,0,0,2.08E-17,0,0.58125275,0.47003502,4
0.37290448,0.37872463,0.18487613,0.1342767,0.38159412,0.46982324,0,0,0.34851477,0.4641461,0,0,0.38961926,0.4486558,0,0,0.43765217,0.46403483,0,0,0,0,0,0.9826671,0,0.43570697,0,0.4486267,0,0,2.08E-17,0,0.58125275,0.47003502,5
0.8459194,0.8765772,0.008138889,7.70E-05,0.38159412,0.46982324,2.56E-05,4.88E-10,0.34851477,0.4641461,0.00022713718,4.39E-08,0.38961926,0.4486558,0.00025599176,6.30E-08,0.43765217,0.46403483,6.16E-23,6.70E-23,0.831707,5.35E-11,0.9133222,4.56E-06,1.79E-05,0.43570697,0,0.4486267,0,0,0.009929078,0,0.58125275,0.47003502,3
0.7090287,0.75836277,0.25059745,0.12729183,0.38159412,0.46982324,0,0,0.34851477,0.4641461,0,0,0.38961926,0.4486558,0,0,0.43765217,0.46403483,0,0,0,0,0,0.9826662,0,0.43570697,0,0.4486267,0,0,2.08E-17,0,0.58125275,0.47003502,1
0.00027424417,0.00052439986,0.0137607055,0.002620987,0.38159412,0.46982324,0,7.23E-19,0.34851477,0.4641461,1.41E-09,1.89E-18,0.38961926,0.44865578,0.11361221,0.03996529,0.4495856,0.5448238,0,6.22E-28,1.18E-05,2.01E-17,0.00011171697,1.66E-08,2.98E-16,0.43570697,2.03E-18,0.4486267,0.00034891564,9.90E-10,0.017626109,3.01E-18,0.58125275,0.47003502,0
0.013920895,0.004073093,0.07579544,0.10978095,0.33312497,0.37428686,0.35578215,0.2962743,0.3149427,0.39746538,0.3588447,0.28684038,0.37647453,0.42178702,0.3508482,0.29424784,0.42274955,0.45176658,4.04E-19,5.10E-19,0.01683686,1.94E-18,0.004790354,2.83E-11,2.80E-17,0.580627,0.29930317,0.5882224,0.00030025144,0.52512217,0.19694822,0.31331423,0.73929715,0.6040233,0
0.44770345,0.29508168,0.21406601,0.13138454,0.38159412,0.46982324,1.03E-06,7.87E-13,0.34851477,0.4641461,0.008121328,5.61E-05,0.38961926,0.4486558,0.013195411,0.00016732197,0.43765217,0.46403483,1.78E-21,2.20E-21,0.3179832,4.36E-06,0.22978112,5.10E-05,0.000200519,0.43570697,0,0.4486267,0,0,0.3503546,0,0.58125275,0.47003502,4
0.21023914,0.08398236,8.73E-05,4.66E-06,0.38159412,0.46982324,0,0,0.34851477,0.4641461,0,0,0.38961926,0.4486558,0,0,0.43765217,0.46403483,0,0,0,0,0,0.98266286,0,0.43570697,0,0.4486267,0,0,2.08E-17,0,0.58125275,0.47003502,2
0.7464195,0.5643327,0.007096958,9.56E-05,0.38159412,0.46982324,2.15E-08,3.44E-16,0.34851477,0.4641461,0.00014525003,1.79E-08,0.38961926,0.4486558,0.00021937155,4.62E-08,0.43765217,0.46403483,1.31E-22,1.88E-22,0.631504,4.33E-07,0.51371056,1.94E-05,7.63E-05,0.43570697,0,0.4486267,0,0,0.009929078,0,0.58125275,0.47003502,3
0.0010365008,0.0015721732,0.008140589,0.0007573198,0.38159412,0.46982324,1.87E-05,8.07E-08,0.34851477,0.4627485,0.021295456,0.00045303834,0.3896478,0.48150563,0.030343812,0.0010885949,0.43774843,0.4829199,3.06E-17,3.14E-17,0.0009911917,2.20E-17,0.0016551379,1.45E-08,5.39E-08,0.43570697,4.42E-05,0.43438798,0.0014805275,0.004113142,0.04049758,0.0004272422,0.58127713,0.5217822,0
0.7372594,0.45719293,0.008066518,7.91E-05,0.38159412,0.46982324,8.42E-06,5.28E-11,0.34851477,0.4641461,0.00020711418,3.65E-08,0.38961926,0.4486558,0.00026449232,6.72E-08,0.43765217,0.46403483,1.39E-22,1.06E-22,0.7043375,2.49E-06,0.47160614,2.54E-05,0.00010004092,0.43570697,0,0.4486267,0,0,0.009929078,0,0.58125275,0.47003502,3
0.22199748,0.14169317,7.99E-05,4.15E-06,0.38159412,0.46982324,0,0,0.34851477,0.4641461,0,0,0.38961926,0.4486558,0,0,0.43765217,0.46403483,0,0,0,0,0,0.98266286,0,0.43570697,0,0.4486267,0,0,2.08E-17,0,0.58125275,0.47003502,2
0.3271343,0.3653643,0.21356027,0.13895981,0.38159412,0.46982324,0.04478872,0.0014944909,0.34851477,0.4641461,0.038016386,0.0012294893,0.38961926,0.4486558,0.028269852,0.0007679875,0.43765217,0.46403483,1.57E-20,1.90E-20,0.23197278,2.54E-08,0.27741584,2.45E-05,9.62E-05,0.43570697,0,0.4486267,0,0,0.35886526,0,0.58125275,0.47003502,1
0.007383911,0.0014846984,0.058290415,0.080442995,0.36740136,0.42829102,0.33823496,0.17579019,0.32644156,0.40181577,0.33681,0.20827447,0.36356896,0.3806639,0.32145047,0.21655458,0.4334091,0.45952386,1.85E-18,2.46E-18,0.008432275,1.05E-17,0.001481456,1.07E-09,1.13E-16,0.54831564,0.18868385,0.558054,0.00030025525,0.3829937,0.20112078,0.19747509,0.6639721,0.5751582,0
0.00020347825,0.00044714063,0.011111754,0.0010766219,0.38159412,0.46982324,1.39E-09,1.62E-18,0.34851477,0.4641461,0.002024375,3.50E-06,0.3896191,0.3979769,0.014091776,0.00019082915,0.4376513,0.45478848,0,7.74E-31,7.67E-06,1.63E-17,9.19E-05,2.02E-08,5.18E-16,0.43570697,3.78E-06,0.3979511,0.00031873412,0.014038702,0.03225689,0.00019079207,0.58125204,0.4608923,0
0.30817306,0.10063285,0.0055037662,0.00010794198,0.38159412,0.46982324,0,0,0.34851477,0.4641461,0,0,0.38961926,0.4486558,0,0,0.43765217,0.46403483,0,0,0,0,0,0.9826655,0,0.43570697,0,0.4486267,0,0,2.08E-17,0,0.58125275,0.47003502,3
0.7387993,0.7938146,0.0070950324,9.57E-05,0.38159412,0.46982324,4.26E-07,1.35E-13,0.34851477,0.4641461,0.0001848616,2.91E-08,0.38961926,0.4486558,0.00024952728,5.98E-08,0.43765217,0.46403483,1.11E-22,1.59E-22,0.6198599,8.97E-10,0.72233236,7.42E-06,2.92E-05,0.43570697,0,0.4486267,0,0,0.009929078,0,0.58125275,0.47003502,3
0.7153494,0.94737244,0.2450131,0.12116539,0.38159412,0.46982324,0,0,0.34851477,0.4641461,0,0,0.38961926,0.4486558,0,0,0.43765217,0.46403483,0,0,0,0,0,0.982665,0,0.43570697,0,0.4486267,0,0,2.08E-17,0,0.58125275,0.47003502,4
0.7107366,0.95325744,0.24497414,0.12118291,0.38159412,0.46982324,0,0,0.34851477,0.4641461,0,0,0.38961926,0.4486558,0,0,0.43765217,0.46403483,0,0,0,0,0,0.982665,0,0.43570697,0,0.4486267,0,0,2.08E-17,0,0.58125275,0.47003502,4
0.25198686,0.34054285,1.53E-05,1.52E-06,0.38159412,0.46982324,0,0,0.34851477,0.4641461,0,0,0.38961926,0.4486558,0,0,0.43765217,0.46403483,0,0,0,0,0,0.9826631,0,0.43570697,0,0.4486267,0,0,2.08E-17,0,0.58125275,0.47003502,2
0.0009510052,0.0015128826,0.008096478,0.00080419774,0.38159412,0.4698153,0.011677039,0.0001015843,0.34851462,0.45772284,0.011374679,0.00015914733,0.38962245,0.4584897,0.010387657,0.00015882528,0.43768257,0.5040158,3.95E-17,4.00E-17,0.00027583604,5.69E-17,0.0003756341,4.91E-09,5.22E-17,0.42895094,0.00017173236,0.4584599,0.0013023227,0.010348533,0.028505702,0.00015879443,0.5812776,0.509568,0
0.7496957,0.8452312,0.007084786,9.58E-05,0.38159412,0.46982324,1.46E-05,1.60E-10,0.34851477,0.4641461,0.00027518766,6.44E-08,0.38961926,0.4486558,0.00026319906,6.66E-08,0.43765217,0.46403483,2.25E-22,1.73E-22,0.62245363,1.11E-10,0.7680633,5.66E-06,2.23E-05,0.43570697,0,0.4486267,0,0,0.009929078,0,0.58125275,0.47003502,3
0.7614681,0.80482036,0.008086604,7.83E-05,0.38159412,0.46982324,0,0,0.34851477,0.4641461,0,0,0.38961926,0.4486558,0,0,0.43765217,0.46403483,0,0,0,0,0,0.9826656,0,0.43570697,0,0.4486267,0,0,2.08E-17,0,0.58125275,0.47003502,3
0.22599697,0.3104712,7.12E-05,3.55E-06,0.38159412,0.46982324,0,0,0.34851477,0.4641461,0,0,0.38961926,0.4486558,0,0,0.43765217,0.46403483,0,0,0,0,0,0.98266315,0,0.43570697,0,0.4486267,0,0,2.08E-17,0,0.58125275,0.47003502,2
0.0012232854,0.00068234134,0.012903365,0.00045687245,0.38159412,0.46982324,1.39E-09,0.001552174,0.34851477,0.4641461,1.53E-08,0.0070569753,0.38961926,0.4486558,0.02502131,0.008339614,0.43766662,0.46498278,3.86E-31,1.68E-21,0.00014147015,4.57E-16,0.00021715295,1.21E-08,3.78E-15,0.43570697,0,0.4486267,0,0,0.009929078,0,0.58125275,0.47003502,0
0.43711966,0.6041865,0.21225104,0.13175455,0.38159412,0.46982324,0,0,0.34851477,0.4641461,0,0,0.38961926,0.4486558,0,0,0.43765217,0.46403483,0,0,0,0,0,0.9826651,0,0.43570697,0,0.4486267,0,0,2.08E-17,0,0.58125275,0.47003502,4
0.7448289,0.82609165,0.007099026,9.56E-05,0.38159412,0.46982324,0,0,0.34851477,0.4641461,0,0,0.38961926,0.4486558,0,0,0.43765217,0.46403483,0,0,0,0,0,0.9826656,0,0.43570697,0,0.4486267,0,0,2.08E-17,0,0.58125275,0.47003502,3
0.0007869868,0.00046257823,0.012738858,0.0016963944,0.38159412,0.46978304,0.012163677,0.00011023789,0.34851387,0.442624,0.020078037,0.0003429508,0.3896085,0.2998472,0.016659798,0.0002667204,0.43765253,0.4663262,8.62E-19,6.61E-17,0.00024329862,2.95E-16,0.00011549536,1.66E-08,6.13E-16,0.41306984,0.00037007063,0.2998277,0.00040042223,0.016597051,0.0314098,0.00026666856,0.581253,0.47230074,0
0.7454125,0.74867076,0.007089312,9.58E-05,0.38159412,0.46982324,0,0,0.34851477,0.4641461,0,0,0.38961926,0.4486558,0,0,0.43765217,0.46403483,0,0,0,0,0,0.9826656,0,0.43570697,0,0.4486267,0,0,2.08E-17,0,0.58125275,0.47003502,3
0.7009037,0.3207448,0.25056756,0.12730695,0.38159412,0.46982324,0.008167922,4.97E-05,0.34851477,0.4641461,0.010194518,8.84E-05,0.38961926,0.4486558,0.008373304,6.74E-05,0.43765217,0.46403483,1.47E-22,2.20E-19,0.57686985,2.05E-05,0.2854091,5.09E-05,0.00020003317,0.43570697,0,0.4486267,0,0,0.35886526,0,0.58125275,0.47003502,1
0.7120629,0.7002505,0.25037822,0.12739283,0.38159412,0.46982324,2.16E-05,3.49E-10,0.34851477,0.4641461,0.0056029256,2.67E-05,0.38961926,0.4486558,0.006557232,4.13E-05,0.43765217,0.46403483,2.14E-22,2.10E-22,0.5826958,6.85E-09,0.6226115,1.05E-05,4.12E-05,0.43570697,0,0.4486267,0,0,0.35886526,0,0.58125275,0.47003502,1
0.41114292,0.26120314,0.0054601976,0.00010820475,0.38159412,0.46982324,0,0,0.34851477,0.4641461,0,0,0.38961926,0.4486558,0,0,0.43765217,0.46403483,0,0,0,0,0,0.98266554,0,0.43570697,0,0.4486267,0,0,2.08E-17,0,0.58125275,0.47003502,3
0.36951604,0.37604523,0.18412176,0.13426499,0.38159412,0.46982324,0,0,0.34851477,0.4641461,0,0,0.38961926,0.4486558,0,0,0.43765217,0.46403483,0,0,0,0,0,0.9826671,0,0.43570697,0,0.4486267,0,0,2.08E-17,0,0.58125275,0.47003502,5
0.26455447,0.35551232,1.53E-05,1.51E-06,0.38159412,0.46982324,0,0,0.34851477,0.4641461,0,0,0.38961926,0.4486558,0,0,0.43765217,0.46403483,0,0,0,0,0,0.98266315,0,0.43570697,0,0.4486267,0,0,2.08E-17,0,0.58125275,0.47003502,2
0.72657216,0.59834856,0.008102407,7.88E-05,0.38159412,0.46982324,0,0,0.34851477,0.4641461,0,0,0.38961926,0.4486558,0,0,0.43765217,0.46403483,0,0,0,0,0,0.98266554,0,0.43570697,0,0.4486267,0,0,2.08E-17,0,0.58125275,0.47003502,3
0.40257695,0.34171757,0.20964216,0.13958114,0.38159412,0.46982324,5.17E-05,1.99E-09,0.34851477,0.4641461,0.01816864,0.0002808199,0.38961926,0.4486558,0.026517117,0.000675709,0.43765217,0.46403483,1.17E-21,1.20E-21,0.27130884,1.09E-07,0.25465646,3.13E-05,0.00012320835,0.43570697,0,0.4486267,0,0,0.35886526,0,0.58125275,0.47003502,1
0.72124964,0.97701734,0.24395639,0.121637784,0.38159412,0.46982324,5.71E-05,2.43E-09,0.34851477,0.4641461,0.0061316774,3.20E-05,0.38961926,0.4486558,0.0067665293,4.40E-05,0.43765217,0.46403483,4.68E-22,2.39E-22,0.58191776,4.82E-17,0.86698395,1.15E-06,4.53E-06,0.43570697,0,0.4486267,0,0,0.3503546,0,0.58125275,0.47003502,4
0.0011710782,0.0016245266,0.008576814,0.00089147413,0.38162,0.48660144,0.05418797,0.002193021,0.34867662,0.55414045,0.041927572,0.0015925027,0.3899749,0.585575,0.032644887,0.0012342826,0.4380084,0.5263581,1.88E-18,3.51E-18,0.0012665336,1.43E-17,0.0017505941,7.48E-10,1.69E-17,0.39252943,0.0038161827,0.4838587,0.0014568432,0.05795117,0.044732448,0.0035148144,0.58171856,0.50969213,0
0.0011743585,0.0015726133,0.007967371,0.000802081,0.38159412,0.46982324,0.00015898937,5.03E-06,0.34851477,0.46410266,0.02558585,0.0006245942,0.38960823,0.4389606,0.031730533,0.0010398948,0.4377362,0.4843681,2.05E-17,2.04E-17,0.0010660823,1.68E-17,0.0015890605,1.02E-09,6.56E-10,0.43570697,9.81E-07,0.4486267,0.0013837845,0.004063568,0.04446645,1.60E-05,0.58125275,0.4700342,0
0.75992924,0.88303965,0.0071937107,9.42E-05,0.38159412,0.46982324,2.95E-06,6.50E-12,0.34851477,0.4641461,0.00018156428,2.80E-08,0.38961926,0.4486558,0.00024708462,5.87E-08,0.43765217,0.46403483,1.45E-23,2.54E-23,0.7056257,8.19E-12,0.81480503,4.17E-06,1.64E-05,0.43570697,0,0.4486267,0,0,0.009929078,0,0.58125275,0.47003502,3
0.35643148,0.448277,0.20431888,0.14023024,0.38159412,0.46982324,0.0001681071,2.11E-08,0.34851477,0.4641461,0.020396048,0.00035389554,0.38961926,0.4486558,0.027081443,0.0007047753,0.43765217,0.46403483,1.44E-21,2.10E-21,0.23431598,2.77E-11,0.3255999,1.05E-05,4.15E-05,0.43570697,0,0.4486267,0,0,0.35886526,0,0.58125275,0.47003502,1
0.0009763481,0.0017065163,0.008722673,0.0008060986,0.38159412,0.4925315,0.0044914586,1.50E-05,0.34851557,0.54359806,0.035165846,0.0011759576,0.3898562,0.5596507,0.031197581,0.0011638845,0.43793473,0.51562136,9.88E-25,7.12E-19,0.00092430104,2.24E-17,0.0018132431,7.08E-10,1.67E-17,0.4671547,0.00030809574,0.5114209,0.0015573858,0.0049125566,0.03964138,0.0005040719,0.5812813,0.5167519,0
0.40137038,0.34148005,0.20947285,0.1396052,0.38159412,0.46982324,5.45E-05,2.21E-09,0.34851477,0.4641461,0.018267635,0.00028388845,0.38961926,0.4486558,0.026540784,0.00067691575,0.43765217,0.46403483,1.52E-21,1.31E-21,0.2691403,1.11E-07,0.2542744,3.14E-05,0.00012342866,0.43570697,0,0.4486267,0,0,0.35886526,0,0.58125275,0.47003502,1
0.009530037,0.0019158886,0.05619797,0.07658072,0.36661056,0.42499727,0.33531955,0.16818845,0.32921064,0.40769103,0.33431205,0.19570196,0.37119958,0.39834392,0.32014355,0.20413823,0.4444413,0.47155333,6.87E-20,3.75E-19,0.010598983,1.17E-17,0.0018376252,7.59E-10,6.99E-17,0.43570697,0,0.4486267,0,0,0.009929078,0,0.58125275,0.47003502,0
0.430684,0.60528666,0.213445,0.1315147,0.38159412,0.46982324,0.0005604582,2.34E-07,0.34851477,0.4641461,0.012280363,0.00012829373,0.38961926,0.4486558,0.013062904,0.00016397837,0.43765217,0.46403483,1.03E-21,1.94E-21,0.3080446,8.96E-18,0.46997762,1.68E-06,6.63E-06,0.43570697,0,0.4486267,0,0,0.3503546,0,0.58125275,0.47003502,4
0.70812315,0.5077877,0.2508739,0.12716395,0.38159412,0.46982324,0.025683677,0.0004914399,0.34851477,0.4641461,0.011355377,0.00010969482,0.38961926,0.4486558,0.0076582185,5.64E-05,0.43765217,0.46403483,3.78E-23,6.83E-23,0.5849191,8.45E-07,0.4523906,2.34E-05,9.19E-05,0.43570697,0,0.4486267,0,0,0.35886526,0,0.58125275,0.47003502,1
0.7328809,0.65989935,0.008076408,7.90E-05,0.38159412,0.46982324,0.00053412135,2.13E-07,0.34851477,0.4641461,0.00037092002,1.17E-07,0.38961926,0.4486558,0.00029464785,8.34E-08,0.43765217,0.46403483,9.10E-23,7.90E-23,0.6921678,3.87E-08,0.6799832,1.16E-05,4.57E-05,0.43570697,0,0.4486267,0,0,0.009929078,0,0.58125275,0.47003502,3
0.7372516,0.63024753,0.0080992775,7.87E-05,0.38159412,0.46982324,3.33E-08,8.24E-16,0.34851477,0.4641461,0.00014058079,1.68E-08,0.38961926,0.4486558,0.00026129626,6.56E-08,0.43765217,0.46403483,5.01E-23,6.86E-23,0.7070748,8.13E-08,0.6508415,1.31E-05,5.15E-05,0.43570697,0,0.4486267,0,0,0.009929078,0,0.58125275,0.47003502,3
0.4880064,0.55811995,0.21348295,0.13150746,0.38159412,0.46982324,0,0,0.34851477,0.4641461,0,0,0.38961926,0.4486558,0,0,0.43765217,0.46403483,0,0,0,0,0,0.98266494,0,0.43570697,0,0.4486267,0,0,2.08E-17,0,0.58125275,0.47003502,4
0.009163468,0.0017125007,0.06613757,0.09177292,0.36927995,0.43185273,0.33599478,0.16361842,0.32857737,0.4048277,0.3379409,0.1947041,0.36152983,0.3722354,0.3277168,0.20878433,0.4188928,0.44389072,1.78E-17,2.30E-17,0.01124933,2.68E-17,0.0019109051,7.39E-10,8.84E-17,0.43570697,3.19E-05,0.4486267,7.51E-05,0.005873705,0.029689802,3.34E-05,0.58125275,0.47003502,0
0.256761,0.36003712,1.51E-05,1.53E-06,0.38159412,0.46982324,0,0,0.34851477,0.4641461,0,0,0.38961926,0.4486558,0,0,0.43765217,0.46403483,0,0,0,0,0,0.9826632,0,0.43570697,0,0.4486267,0,0,2.08E-17,0,0.58125275,0.47003502,2
0.69788194,0.8323524,0.24981648,0.12764835,0.38159412,0.46982324,0,0,0.34851477,0.4641461,0,0,0.38961926,0.4486558,0,0,0.43765217,0.46403483,0,0,0,0,0,0.9826662,0,0.43570697,0,0.4486267,0,0,2.08E-17,0,0.58125275,0.47003502,1
0.3037906,0.0939722,0.19450274,0.14085482,0.38159412,0.46982324,0,0,0.34851477,0.4641461,0,0,0.38961926,0.4486558,0,0,0.43765217,0.46403483,0,0,0,0,0,0.9826661,0,0.43570697,0,0.4486267,0,0,2.08E-17,0,0.58125275,0.47003502,1
0.25439006,0.35847038,1.63E-05,1.66E-06,0.38159412,0.46982324,0,0,0.34851477,0.4641461,0,0,0.38961926,0.4486558,0,0,0.43765217,0.46403483,0,0,0,0,0,0.9826632,0,0.43570697,0,0.4486267,0,0,2.08E-17,0,0.58125275,0.47003502,2
0.7130617,0.8764941,0.24429429,0.12148759,0.38159412,0.46982324,3.21E-05,7.68E-10,0.34851477,0.4641461,0.005796645,2.86E-05,0.38961926,0.4486558,0.0066949385,4.31E-05,0.43765217,0.46403483,5.32E-23,8.06E-23,0.5862515,2.87E-12,0.77885675,3.85E-06,1.52E-05,0.43570697,0,0.4486267,0,0,0.3503546,0,0.58125275,0.47003502,4
0.7124876,0.98806447,0.24415329,0.12155026,0.38159412,0.46982324,0,0,0.34851477,0.4641461,0,0,0.38961926,0.4486558,0,0,0.43765217,0.46403483,0,0,0,0,0,0.98266506,0,0.43570697,0,0.4486267,0,0,2.08E-17,0,0.58125275,0.47003502,4
0.00014440046,0.0011281128,0.040961258,0.054513823,0.38159412,0.46982324,0,0,0.34851477,0.4641461,9.15E-05,7.15E-09,0.38961926,0.44865483,0.011358745,0.00012398654,0.43765113,0.4474574,0,3.86E-31,6.66E-06,3.72E-20,7.69E-05,2.34E-08,3.90E-16,0.43570697,7.71E-09,0.44862568,0.00026675407,0.011315964,0.032980755,0.00012396244,0.58125186,0.45364338,0
0.2463113,0.13152358,1.76E-05,1.80E-06,0.38159412,0.46982324,0,0,0.34851477,0.4641461,0,0,0.38961926,0.4486558,0,0,0.43765217,0.46403483,0,0,0,0,0,0.98266286,0,0.43570697,0,0.4486267,0,0,2.08E-17,0,0.58125275,0.47003502,2
0.41659462,0.23235585,0.0057168063,0.00010759194,0.38159412,0.46982324,2.20E-08,3.61E-16,0.34851477,0.4641461,0.0003955191,1.33E-07,0.38961926,0.4486558,0.0007258621,5.06E-07,0.43765217,0.46403483,4.29E-21,5.87E-21,0.30135012,6.86E-06,0.16955581,7.19E-05,0.00028282628,0.43570697,0,0.4486267,0,0,0.009929078,0,0.58125275,0.47003502,3
0.715834,0.67241937,0.24350649,0.121836156,0.38159412,0.46982324,0.0003055095,6.95E-08,0.34851477,0.4641461,0.007177179,4.38E-05,0.38961926,0.4486558,0.0068148864,4.46E-05,0.43765217,0.46403483,2.69E-22,3.60E-22,0.5844905,1.88E-08,0.5955881,1.21E-05,4.77E-05,0.43570697,0,0.4486267,0,0,0.3503546,0,0.58125275,0.47003502,4
0.691217,0.26242247,0.008079915,7.94E-05,0.38159412,0.46982324,0.00012129444,1.10E-08,0.34851477,0.4641461,0.00027928746,6.64E-08,0.38961926,0.4486558,0.0002939419,8.30E-08,0.43765217,0.46403483,9.59E-23,2.16E-15,0.6588499,4.55E-05,0.27073932,5.88E-05,0.00023142039,0.43570697,0,0.4486267,0,0,0.009929078,0,0.58125275,0.47003502,3
0.00085247844,0.0005842293,0.02202982,0.019687587,0.38159406,0.46115017,0.0120723015,0.000108588196,0.34851137,0.38096517,0.020073105,0.0003427823,0.3896106,0.3280323,0.016659277,0.0002667012,0.4376559,0.49278045,8.10E-19,6.48E-17,0.0002428577,2.94E-16,0.000115469404,1.66E-08,2.43E-13,0.3482166,0.0003698888,0.328011,0.00040033218,0.01659653,0.0313233,0.00026664927,0.5812558,0.498459,0
0.0011935724,0.0016247813,0.017475244,0.032328922,0.38157272,0.43788865,0.064099655,0.003069757,0.34849083,0.4549578,0.04342681,0.0017551054,0.39006463,0.5938386,0.20261349,0.042986076,0.43883216,0.4707166,9.19E-19,2.18E-18,0.0011526515,5.94E-18,0.0016988609,7.69E-10,6.40E-18,0.40210992,0.0038813378,0.4738394,0.0014248741,0.05986028,0.045555547,0.0037139503,0.58152777,0.49277815,0
0.0002650874,0.00039140508,0.013058938,0.0017281605,0.38159412,0.46982324,2.95E-09,0.00014424321,0.34851477,0.4641461,0.003697346,0.0012249993,0.38962114,0.4540856,0.066845015,0.010246971,0.43792278,0.47032627,0,1.84E-27,2.06E-05,2.08E-16,0.00014305531,1.37E-08,6.52E-16,0.43570697,9.07E-19,0.4486267,0.00031705544,9.90E-10,0.017626109,4.84E-18,0.58125275,0.47003502,0
0.0013427796,0.0017328357,0.0087158345,0.0008173671,0.38159412,0.46982342,0.00013687012,2.11E-06,0.34851477,0.47135267,0.029486708,0.00085222407,0.3899016,0.62441933,0.031285092,0.001160451,0.43807083,0.5409843,2.76E-17,2.76E-17,0.0013375422,1.91E-17,0.001859182,6.80E-10,1.64E-17,0.4875304,0.00028419946,0.49170044,0.0016299953,0.0056283674,0.0398217,0.0005022453,0.58129317,0.5278811,0
0.46437368,0.5014283,0.21310632,0.13158551,0.38159412,0.46982324,0.013192894,0.00012966899,0.34851477,0.4641461,0.015028116,0.00019212866,0.38961926,0.4486558,0.014606166,0.00020501213,0.43765217,0.46403483,6.97E-22,8.32E-22,0.33174327,6.21E-10,0.3887495,1.25E-05,4.91E-05,0.43570697,0,0.4486267,0,0,0.3503546,0,0.58125275,0.47003502,4
0.22839402,0.31848067,7.32E-05,3.66E-06,0.38159412,0.46982324,0,0,0.34851477,0.4641461,0,0,0.38961926,0.4486558,0,0,0.43765217,0.46403483,0,0,0,0,0,0.9826633,0,0.43570697,0,0.4486267,0,0,2.08E-17,0,0.58125275,0.47003502,2
0.25399256,0.3605785,1.60E-05,1.62E-06,0.38159412,0.46982324,0,0,0.34851477,0.4641461,0,0,0.38961926,0.4486558,0,0,0.43765217,0.46403483,0,0,0,0,0,0.9826633,0,0.43570697,0,0.4486267,0,0,2.08E-17,0,0.58125275,0.47003502,2
0.25750357,0.35538125,1.60E-05,1.63E-06,0.38159412,0.46982324,0,0,0.34851477,0.4641461,0,0,0.38961926,0.4486558,0,0,0.43765217,0.46403483,0,0,0,0,0,0.98266315,0,0.43570697,0,0.4486267,0,0,2.08E-17,0,0.58125275,0.47003502,2
0.7135153,0.98355544,0.24451546,0.121388786,0.38159412,0.46982324,0,0,0.34851477,0.4641461,0,0,0.38961926,0.4486558,0,0,0.43765217,0.46403483,0,0,0,0,0,0.98266506,0,0.43570697,0,0.4486267,0,0,2.08E-17,0,0.58125275,0.47003502,4
0.7157874,0.65966004,0.24344085,0.12186457,0.38159412,0.46982324,0.0019182377,2.74E-06,0.34851477,0.4641461,0.008617066,6.32E-05,0.38961926,0.4486558,0.0070081856,4.72E-05,0.43765217,0.46403483,6.51E-23,9.29E-23,0.58419204,2.70E-08,0.5841312,1.28E-05,5.04E-05,0.43570697,0,0.4486267,0,0,0.3503546,0,0.58125275,0.47003502,4
0.44328055,0.50992507,0.21265195,0.13167767,0.38159412,0.46982324,0.0001732322,2.24E-08,0.34851477,0.4641461,0.010021471,8.54E-05,0.38961926,0.4486558,0.01388159,0.00018517635,0.43765217,0.46403483,1.04E-21,1.19E-21,0.31207708,2.76E-10,0.39447856,1.13E-05,4.43E-05,0.43570697,0,0.4486267,0,0,0.3503546,0,0.58125275,0.47003502,4
0.43369535,0.34886852,0.21023881,0.13949431,0.38159412,0.46982324,2.30E-05,3.94E-10,0.34851477,0.4641461,0.016390035,0.00022852978,0.38961926,0.4486558,0.02605898,0.0006525621,0.43765217,0.46403483,1.02E-21,1.54E-21,0.29753974,8.91E-08,0.2607144,3.02E-05,0.00011898272,0.43570697,0,0.4486267,0,0,0.35886526,0,0.58125275,0.47003502,1
0.4267682,0.60291785,0.21235119,0.13173462,0.38159412,0.46982324,0.00011425778,9.73E-09,0.34851477,0.4641461,0.011412629,0.00011080374,0.38961926,0.4486558,0.013334297,0.00017086272,0.43765217,0.46403483,4.83E-22,4.44E-22,0.3019017,4.84E-20,0.46574152,1.00E-06,3.95E-06,0.43570697,0,0.4486267,0,0,0.3503546,0,0.58125275,0.47003502,4
0.40808535,0.36609033,0.21671693,0.13837855,0.38159412,0.46982324,3.09E-07,7.11E-14,0.34851477,0.4641461,0.0101347305,8.74E-05,0.38961926,0.4486558,0.02400466,0.00055373023,0.43765217,0.46403483,7.22E-22,7.37E-22,0.3292269,3.40E-08,0.28196716,2.57E-05,0.000100944286,0.43570697,0,0.4486267,0,0,0.35886526,0,0.58125275,0.47003502,1
0.3612391,0.37699908,0.21213984,0.13919866,0.38159412,0.46982324,0.051261768,0.0019576864,0.34851477,0.4641461,0.036384244,0.001126185,0.38961926,0.4486558,0.028585965,0.0007852588,0.43765217,0.46403483,4.01E-21,2.83E-21,0.2432345,1.32E-08,0.28435558,2.24E-05,8.83E-05,0.43570697,0,0.4486267,0,0,0.35886526,0,0.58125275,0.47003502,1
0.41994408,0.52812207,0.21327677,0.1315494,0.38159412,0.46982324,0.00050449115,1.90E-07,0.34851477,0.4641461,0.011604308,0.000114556984,0.38961926,0.4486558,0.01389375,0.00018550089,0.43765217,0.46403483,4.04E-21,1.91E-21,0.30287033,2.41E-11,0.4097556,8.48E-06,3.34E-05,0.43570697,0,0.4486267,0,0,0.3503546,0,0.58125275,0.47003502,4
0.72279525,0.97993803,0.24432404,0.12147388,0.38159412,0.46982324,2.66E-06,5.27E-12,0.34851477,0.4641461,0.0044934177,1.72E-05,0.38961926,0.4486558,0.0065504527,4.12E-05,0.43765217,0.46403483,2.56E-22,2.31E-22,0.59215903,2.59E-17,0.87088007,1.08E-06,4.25E-06,0.43570697,0,0.4486267,0,0,0.3503546,0,0.58125275,0.47003502,4
0.35518637,0.41780603,0.18353389,0.13425441,0.38159412,0.46982324,0.0012643981,1.19E-06,0.34851477,0.4641461,0.017295985,0.0002544917,0.38961926,0.4486558,0.017335268,0.00028878075,0.43765217,0.46403483,1.02E-21,1.43E-21,0.21718195,1.41E-10,0.2789908,1.44E-05,5.65E-05,0.43570697,1.04E-15,0.4486267,0.9667121,8.23E-08,0.3503546,6.56E-15,0.58125275,0.47003502,5
0.4318175,0.605169,0.21373431,0.1314549,0.38159412,0.46982324,0.01100273,9.02E-05,0.34851477,0.4641461,0.014604701,0.00018145476,0.38961926,0.4486558,0.013101665,0.00016495294,0.43765217,0.46403483,1.33E-21,7.47E-22,0.30811107,2.19E-18,0.47052503,1.46E-06,5.75E-06,0.43570697,0,0.4486267,0,0,0.3503546,0,0.58125275,0.47003502,4
0.66480947,0.84033775,0.0070668287,9.60E-05,0.38159412,0.46982324,0,0,0.34851477,0.4641461,0,0,0.38961926,0.4486558,0,0,0.43765217,0.46403483,0,0,0,0,0,0.98266566,0,0.43570697,0,0.4486267,0,0,2.08E-17,0,0.58125275,0.47003502,3
0.7495404,0.63651013,0.007074939,9.59E-05,0.38159412,0.46982324,1.74E-06,2.25E-12,0.34851477,0.4641461,0.00022753568,4.40E-08,0.38961926,0.4486558,0.0002536169,6.18E-08,0.43765217,0.46403483,1.00E-22,1.24E-22,0.6228252,9.17E-08,0.57762665,1.47E-05,5.80E-05,0.43570697,0,0.4486267,0,0,0.009929078,0,0.58125275,0.47003502,3
0.73053616,0.58463436,0.008074462,7.94E-05,0.38159412,0.46982324,0,0,0.34851477,0.4641461,0,0,0.38961926,0.4486558,0,0,0.43765217,0.46403483,0,0,0,0,0,0.98266554,0,0.43570697,0,0.4486267,0,0,2.08E-17,0,0.58125275,0.47003502,3
0.3780078,0.4460182,0.20332693,0.14032671,0.38159412,0.46982324,0.008199601,5.01E-05,0.34851477,0.4641461,0.030358316,0.00078404037,0.38961926,0.4486558,0.028282098,0.000768653,0.43765217,0.46403483,8.09E-22,8.98E-22,0.2283934,6.14E-11,0.32242376,1.15E-05,4.52E-05,0.43570697,0,0.4486267,0,0,0.35886526,0,0.58125275,0.47003502,1
0.35195798,0.39331385,0.18334068,0.1342488,0.38159412,0.46982324,0.0025864926,4.98E-06,0.34851477,0.4641461,0.016137347,0.00022153751,0.38961926,0.4486558,0.01724657,0.0002858331,0.43765217,0.46403483,1.09E-20,4.14E-21,0.20964538,1.25E-09,0.26235643,1.89E-05,7.45E-05,0.43570697,2.90E-15,0.4486267,0.90907866,9.96E-08,0.3503546,9.60E-15,0.58125275,0.47003502,5
0.00017065788,0.0004814603,0.014743989,0.007987047,0.38159412,0.46982324,0,0,0.34851477,0.4641461,9.93E-10,8.41E-19,0.38961926,0.4486558,1.41E-09,1.90E-18,0.43765217,0.46403483,0,0,2.57E-08,5.44E-21,1.51E-05,8.45E-08,1.17E-15,0.43570697,9.07E-19,0.4486267,5.23E-05,1.40E-09,2.08E-17,1.90E-18,0.58125275,0.47003502,0
0.42736074,0.6026347,0.2119634,0.1318121,0.38159412,0.46982324,0,0,0.34851477,0.4641461,0,0,0.38961926,0.4486558,0,0,0.43765217,0.46403483,0,0,0,0,0,0.9826651,0,0.43570697,0,0.4486267,0,0,2.08E-17,0,0.58125275,0.47003502,4
0.7060872,0.5992956,0.2500796,0.12752855,0.38159412,0.46982324,1.03E-06,7.88E-13,0.34851477,0.4641461,0.0041544572,1.47E-05,0.38961926,0.4486558,0.006379713,3.91E-05,0.43765217,0.46403483,1.31E-22,1.28E-22,0.57483995,1.13E-07,0.53221005,1.62E-05,6.38E-05,0.43570697,0,0.4486267,0,0,0.35886526,0,0.58125275,0.47003502,1
0.0012564547,0.0015854705,0.0075403247,0.00068792567,0.38159412,0.46982324,7.46E-07,5.08E-06,0.34851477,0.46416432,0.015292991,0.0005953926,0.3896413,0.47164533,0.029182944,0.0010688815,0.43788287,0.5092285,1.12E-17,1.11E-17,0.000993914,7.87E-18,0.0016231316,8.25E-10,6.84E-18,0.43570697,0.000499803,0.44694698,0.0014550118,0.0025493961,0.03893307,0.00053128926,0.58126134,0.49648973,0
0.7256847,0.7407918,0.24347298,0.12185083,0.38159412,0.46982324,0.012045265,0.0001080908,0.34851477,0.4641461,0.010377268,9.16E-05,0.38961926,0.4486558,0.0071494826,4.91E-05,0.43765217,0.46403483,1.47E-22,1.28E-22,0.5891008,2.16E-09,0.6560644,8.87E-06,3.49E-05,0.43570697,0,0.4486267,0,0,0.3503546,0,0.58125275,0.47003502,4
0.22406381,0.2979809,7.46E-05,3.75E-06,0.38159412,0.46982324,0,0,0.34851477,0.4641461,0,0,0.38961926,0.4486558,0,0,0.43765217,0.46403483,0,0,0,0,0,0.9826631,0,0.43570697,0,0.4486267,0,0,2.08E-17,0,0.58125275,0.47003502,2
0.0010334549,0.0015509907,0.008792235,0.00095196225,0.38159412,0.46982285,0.0020616588,0.0002890796,0.3485145,0.4613128,0.04020849,0.0014964297,0.38981193,0.52317834,0.033977788,0.0013099841,0.43797794,0.5184933,2.17E-19,1.44E-18,0.0010492607,5.39E-18,0.0016466447,8.07E-10,3.64E-13,0.43570697,0.00032434426,0.4486267,0.0013699138,4.13E-07,0.039318416,0.00049677363,0.58125275,0.47003335,0
0.7186726,0.8481975,0.24434038,0.121466905,0.38159412,0.46982324,0,0,0.34851477,0.4641461,0,0,0.38961926,0.4486558,0,0,0.43765217,0.46403483,0,0,0,0,0,0.9826649,0,0.43570697,0,0.4486267,0,0,2.08E-17,0,0.58125275,0.47003502,4
0.4838426,0.47671026,0.21333726,0.13153769,0.38159412,0.46982324,0.021126043,0.00033250052,0.34851477,0.4641461,0.016021827,0.00021837713,0.38961926,0.4486558,0.015117971,0.00021963124,0.43765217,0.46403483,8.65E-22,7.58E-22,0.34765998,3.07E-09,0.36999634,1.55E-05,6.08E-05,0.43570697,0,0.4486267,0,0,0.3503546,0,0.58125275,0.47003502,4
0.7170092,0.9860378,0.24420658,0.12152621,0.38159412,0.46982324,1.63E-05,1.98E-10,0.34851477,0.4641461,0.0055627264,2.63E-05,0.38961926,0.4486558,0.0068634446,4.53E-05,0.43765217,0.46403483,1.13E-22,1.17E-22,0.5850534,4.62E-18,0.87588674,9.02E-07,3.55E-06,0.43570697,0,0.4486267,0,0,0.3503546,0,0.58125275,0.47003502,4
0.4576454,0.6018871,0.21331753,0.13154072,0.38159412,0.46982324,0,0,0.34851477,0.4641461,0,0,0.38961926,0.4486558,0,0,0.43765217,0.46403483,0,0,0,0,0,0.982665,0,0.43570697,0,0.4486267,0,0,2.08E-17,0,0.58125275,0.47003502,4
0.5856816,0.15740345,0.008049046,7.89E-05,0.38159412,0.46982324,1.74E-05,2.27E-10,0.34851477,0.4641461,0.00027052782,6.23E-08,0.38961926,0.4486558,0.00031880545,9.77E-08,0.43765217,0.46403483,6.16E-23,5.08E-10,0.5565058,0.00018683828,0.16204058,0.000111316636,0.0004378594,0.43570697,0,0.4486267,0,0,0.009929078,0,0.58125275,0.47003502,3
0.22938241,0.28931838,7.51E-05,3.75E-06,0.38159412,0.46982324,0,0,0.34851477,0.4641461,0,0,0.38961926,0.4486558,0,0,0.43765217,0.46403483,0,0,0,0,0,0.98266304,0,0.43570697,0,0.4486267,0,0,2.08E-17,0,0.58125275,0.47003502,2
0.7173026,0.9769314,0.24439937,0.121440664,0.38159412,0.46982324,3.06E-05,6.99E-10,0.34851477,0.4641461,0.0057628974,2.83E-05,0.38961926,0.4486558,0.006723016,4.34E-05,0.43765217,0.46403483,2.01E-22,2.16E-22,0.5891042,4.26E-17,0.86848056,1.14E-06,4.47E-06,0.43570697,0,0.4486267,0,0,0.3503546,0,0.58125275,0.47003502,4
0.71076316,0.8702217,0.24413157,0.12155962,0.38159412,0.46982324,0,0,0.34851477,0.4641461,0,0,0.38961926,0.4486558,0,0,0.43765217,0.46403483,0,0,0,0,0,0.98266494,0,0.43570697,0,0.4486267,0,0,2.08E-17,0,0.58125275,0.47003502,4
0.21648297,0.11019315,7.52E-05,3.99E-06,0.38159412,0.46982324,0,0,0.34851477,0.4641461,0,0,0.38961926,0.4486558,0,0,0.43765217,0.46403483,0,0,0,0,0,0.98266286,0,0.43570697,0,0.4486267,0,0,2.08E-17,0,0.58125275,0.47003502,2
0.34927586,0.35805124,0.18366325,0.13425574,0.38159412,0.46982324,0,0,0.34851477,0.4641461,0,0,0.38961926,0.4486558,0,0,0.43765217,0.46403483,0,0,0,0,0,0.9826671,0,0.43570697,0,0.4486267,0,0,2.08E-17,0,0.58125275,0.47003502,5
0.0012409291,0.002672892,0.04512393,0.094347,0.38159412,0.4698232,0.00084055297,0.000104204686,0.34851474,0.46286216,0.044574995,0.001866625,0.38948894,0.40941203,0.4029544,0.31680802,0.45558578,0.47674158,4.74E-18,4.72E-18,0.001181885,2.61E-06,0.0019318559,0.0032882967,0.012875357,0.43570697,0.0005205343,0.44841853,0.0012975483,0.06525609,0.11036984,0.25856382,0.58884835,0.5113112,0
0.74220365,0.6161334,0.0070766658,9.59E-05,0.38159412,0.46982324,0,0,0.34851477,0.4641461,0,0,0.38961926,0.4486558,0,0,0.43765217,0.46403483,0,0,0,0,0,0.98266554,0,0.43570697,0,0.4486267,0,0,2.08E-17,0,0.58125275,0.47003502,3
0.22114083,0.29302764,7.66E-05,3.75E-06,0.38159412,0.46982324,0,0,0.34851477,0.4641461,0,0,0.38961926,0.4486558,0,0,0.43765217,0.46403483,0,0,0,0,0,0.98266304,0,0.43570697,0,0.4486267,0,0,2.08E-17,0,0.58125275,0.47003502,2
0.7258348,0.98058563,0.24404246,0.121599115,0.38159412,0.46982324,2.18E-06,3.53E-12,0.34851477,0.4641461,0.0044041635,1.65E-05,0.38961926,0.4486558,0.006536703,4.11E-05,0.43765217,0.46403483,4.63E-22,3.01E-22,0.5881286,2.49E-17,0.870451,1.07E-06,4.23E-06,0.43570697,0,0.4486267,0,0,0.3503546,0,0.58125275,0.47003502,4
0.36364344,0.29429406,0.1831388,0.13424438,0.38159412,0.46982324,0.006010145,2.69E-05,0.34851477,0.4641461,0.017482959,0.0002600237,0.38961926,0.4486558,0.018366912,0.00032417488,0.43765217,0.46403483,6.78E-22,5.49E-22,0.21836586,6.76E-07,0.19610254,4.77E-05,0.00018782252,0.43570697,3.60E-15,0.4486267,0.67945427,1.33E-07,0.3503546,1.71E-14,0.58125275,0.47003502,5
0.70384896,0.32038093,0.25026584,0.12744504,0.38159412,0.46982324,0.008615309,5.53E-05,0.34851477,0.4641461,0.010251604,8.94E-05,0.38961926,0.4486558,0.008387942,6.76E-05,0.43765217,0.46403483,1.91E-22,2.45E-19,0.57708323,2.07E-05,0.2847421,5.10E-05,0.0002007332,0.43570697,0,0.4486267,0,0,0.35886526,0,0.58125275,0.47003502,1
0.25847986,0.29828197,1.51E-05,1.54E-06,0.38159412,0.46982324,0,0,0.34851477,0.4641461,0,0,0.38961926,0.4486558,0,0,0.43765217,0.46403483,0,0,0,0,0,0.982663,0,0.43570697,0,0.4486267,0,0,2.08E-17,0,0.58125275,0.47003502,2
0.35821137,0.3003835,0.18355937,0.1342549,0.38159412,0.46982324,0.0010739974,8.59E-07,0.34851477,0.4641461,0.0148232635,0.00018692644,0.38961926,0.4486558,0.017863458,0.0003066466,0.43765217,0.46403483,5.30E-22,6.73E-22,0.21867114,4.86E-07,0.20061336,4.52E-05,0.0001776612,0.43570697,2.55E-15,0.4486267,0.6951073,1.26E-07,0.3503546,1.53E-14,0.58125275,0.47003502,5
0.34558576,0.17864765,0.1835111,0.13425414,0.38159412,0.46982324,0.009566724,6.82E-05,0.34851477,0.4641461,0.021253329,0.00038427045,0.38961926,0.4486558,0.021405568,0.0004403121,0.43765217,0.46403483,4.23E-21,1.39E-20,0.21478856,3.70E-05,0.11930686,0.00011690775,0.00045984975,0.43570697,3.25E-15,0.4486267,0.41327888,9.77E-08,0.3503546,9.23E-15,0.58125275,0.47003502,5
0.0011503069,0.0005531369,0.014612853,0.0018543452,0.41466475,0.72484213,0.06273506,0.59429854,0.38043368,0.7113151,0.060690273,0.6162298,0.4217954,0.70372164,0.047945697,0.49830553,0.5173923,0.81724936,2.73E-17,2.78E-17,0.00095588854,7.67E-17,0.0002985018,6.54E-09,2.98E-16,0.7113112,0.7587442,0.7135551,0.00045037994,0.06316061,0.44123408,0.7941568,0.66061574,0.72426885,0
0.7159156,0.89555043,0.2440756,0.12158449,0.38159412,0.46982324,1.11E-08,9.25E-17,0.34851477,0.4641461,0.0028314008,6.82E-06,0.38961926,0.4486558,0.006167272,3.66E-05,0.43765217,0.46403483,2.49E-22,2.25E-22,0.5845056,6.85E-13,0.795067,3.27E-06,1.29E-05,0.43570697,0,0.4486267,0,0,0.3503546,0,0.58125275,0.47003502,4
0.38307697,0.42058003,0.0057705,0.00010740662,0.38159412,0.46982324,0.00027299795,5.55E-08,0.34851477,0.4641461,0.0011484628,1.12E-06,0.38961926,0.4486558,0.0007980764,6.12E-07,0.43765217,0.46403483,6.29E-22,1.28E-21,0.2456864,2.84E-09,0.30981818,1.77E-05,6.96E-05,0.43570697,0,0.4486267,0,0,0.009929078,0,0.58125275,0.47003502,3
0.71445787,0.8513962,0.24440536,0.1214381,0.38159412,0.46982324,0,0,0.34851477,0.4641461,0,0,0.38961926,0.4486558,0,0,0.43765217,0.46403483,0,0,0,0,0,0.98266494,0,0.43570697,0,0.4486267,0,0,2.08E-17,0,0.58125275,0.47003502,4
0.25933924,0.28850806,1.52E-05,1.51E-06,0.38159412,0.46982324,0,0,0.34851477,0.4641461,0,0,0.38961926,0.4486558,0,0,0.43765217,0.46403483,0,0,0,0,0,0.982663,0,0.43570697,0,0.4486267,0,0,2.08E-17,0,0.58125275,0.47003502,2
0.40240625,0.23879705,0.20502977,0.14015792,0.38159412,0.46982324,0.06783595,0.0034282764,0.34851477,0.4641461,0.04774071,0.0019389241,0.38961926,0.4486558,0.03346889,0.0010764399,0.43765217,0.46403483,2.91E-21,7.60E-21,0.25632244,8.11E-06,0.17416888,7.00E-05,0.00027549439,0.43570697,0,0.4486267,0,0,0.35886526,0,0.58125275,0.47003502,1
0.40984496,0.38732865,0.0058350046,0.000107185486,0.38159412,0.46982324,0,0,0.34851477,0.4641461,0,0,0.38961926,0.4486558,0,0,0.43765217,0.46403483,0,0,0,0,0,0.9826656,0,0.43570697,0,0.4486267,0,0,2.08E-17,0,0.58125275,0.47003502,3
0.72629017,0.8496448,0.24395822,0.12163675,0.38159412,0.46982324,5.58E-07,2.32E-13,0.34851477,0.4641461,0.0038353973,1.25E-05,0.38961926,0.4486558,0.0063094804,3.83E-05,0.43765217,0.46403483,2.02E-22,1.78E-22,0.5902032,1.82E-11,0.75395197,4.79E-06,1.88E-05,0.43570697,0,0.4486267,0,0,0.3503546,0,0.58125275,0.47003502,4
0.41290006,0.36842117,0.005652569,0.00010785013,0.38159412,0.46982324,1.11E-05,9.21E-11,0.34851477,0.4641461,0.0005580377,2.65E-07,0.38961926,0.4486558,0.0007039372,4.76E-07,0.43765217,0.46403483,4.22E-21,4.11E-21,0.293388,5.61E-08,0.26567316,2.83E-05,0.00011133564,0.43570697,0,0.4486267,0,0,0.009929078,0,0.58125275,0.47003502,3
0.7217322,0.91449827,0.2444986,0.12139597,0.38159412,0.46982324,0,0,0.34851477,0.4641461,0,0,0.38961926,0.4486558,0,0,0.43765217,0.46403483,0,0,0,0,0,0.98266494,0,0.43570697,0,0.4486267,0,0,2.08E-17,0,0.58125275,0.47003502,4
0.7222523,0.8321504,0.24420175,0.12152872,0.38159412,0.46982324,5.40E-05,2.17E-09,0.34851477,0.4641461,0.0060488847,3.11E-05,0.38961926,0.4486558,0.006670784,4.28E-05,0.43765217,0.46403483,7.36E-23,1.09E-22,0.5928944,4.54E-11,0.7391717,5.35E-06,2.11E-05,0.43570697,0,0.4486267,0,0,0.3503546,0,0.58125275,0.47003502,4
0.4636231,0.6080173,0.21404979,0.13138813,0.38159412,0.46982324,0,0,0.34851477,0.4641461,0,0,0.38961926,0.4486558,0,0,0.43765217,0.46403483,0,0,0,0,0,0.98266506,0,0.43570697,0,0.4486267,0,0,2.08E-17,0,0.58125275,0.47003502,4
0.7226143,0.9618739,0.24491069,0.121211074,0.38159412,0.46982324,0.00011793523,1.04E-08,0.34851477,0.4641461,0.006585649,3.69E-05,0.38961926,0.4486558,0.0067960154,4.44E-05,0.43765217,0.46403483,5.17E-22,5.61E-22,0.59533757,8.58E-16,0.85688406,1.56E-06,6.13E-06,0.43570697,0,0.4486267,0,0,0.3503546,0,0.58125275,0.47003502,4
0.45136115,0.3368009,0.21350189,0.1315036,0.38159412,0.46982324,0,0,0.34851477,0.4641461,0,0,0.38961926,0.4486558,0,0,0.43765217,0.46403483,0,0,0,0,0,0.9826648,0,0.43570697,0,0.4486267,0,0,2.08E-17,0,0.58125275,0.47003502,4
0.2590916,0.3215678,1.48E-05,1.44E-06,0.38159412,0.46982324,0,0,0.34851477,0.4641461,0,0,0.38961926,0.4486558,0,0,0.43765217,0.46403483,0,0,0,0,0,0.98266304,0,0.43570697,0,0.4486267,0,0,2.08E-17,0,0.58125275,0.47003502,2
0.4968004,0.4740063,0.0060734344,0.00010588405,0.38159412,0.46982324,0.0010647522,8.45E-07,0.34851477,0.4641461,0.00089865486,6.87E-07,0.38961926,0.4486558,0.0007863941,5.94E-07,0.43765217,0.46403483,5.55E-22,9.08E-22,0.37661844,7.31E-11,0.36777604,1.08E-05,4.24E-05,0.43570697,0,0.4486267,0,0,0.009929078,0,0.58125275,0.47003502,3
0.74467874,0.84101254,0.0070953364,9.57E-05,0.38159412,0.46982324,0,0,0.34851477,0.4641461,0,0,0.38961926,0.4486558,0,0,0.43765217,0.46403483,0,0,0,0,0,0.98266566,0,0.43570697,0,0.4486267,0,0,2.08E-17,0,0.58125275,0.47003502,3
0.64693236,0.2171485,0.25053784,0.12732121,0.38159412,0.46982324,3.35E-07,8.36E-14,0.34851477,0.4641461,0.0037975172,1.23E-05,0.38961926,0.4486558,0.0070316135,4.75E-05,0.43765217,0.46403483,1.66E-22,2.24E-13,0.5329197,8.84E-05,0.19319361,8.63E-05,0.00033932546,0.43570697,0,0.4486267,0,0,0.35886526,0,0.58125275,0.47003502,1
0.40493798,0.17949839,0.20880719,0.1396958,0.38159412,0.46982324,4.67E-05,1.62E-09,0.34851477,0.4641461,0.016991654,0.0002456147,0.38961926,0.4486558,0.022638848,0.0004925108,0.43765217,0.46403483,7.30E-21,5.63E-20,0.2853109,3.22E-05,0.13318233,0.000106272855,0.0004180223,0.43570697,0,0.4486267,0,0,0.35886526,0,0.58125275,0.47003502,1
0.7178901,0.9869146,0.24396753,0.12163246,0.38159412,0.46982324,0,0,0.34851477,0.4641461,0,0,0.38961926,0.4486558,0,0,0.43765217,0.46403483,0,0,0,0,0,0.98266506,0,0.43570697,0,0.4486267,0,0,2.08E-17,0,0.58125275,0.47003502,4
0.32060266,0.10283972,0.1970129,0.14076073,0.38159412,0.46982324,0.038285755,0.0010920196,0.34851477,0.4641461,0.022555247,0.00043279104,0.38961926,0.4486558,0.021138508,0.00042939378,0.43765217,0.46403483,1.60E-21,7.90E-13,0.19630319,0.00025023142,0.07197715,0.00023247261,0.00091430725,0.43570697,0,0.4486267,0,0,0.35886526,0,0.58125275,0.47003502,1
0.22140549,0.23489854,7.63E-05,3.83E-06,0.38159412,0.46982324,0,0,0.34851477,0.4641461,0,0,0.38961926,0.4486558,0,0,0.43765217,0.46403483,0,0,0,0,0,0.9826629,0,0.43570697,0,0.4486267,0,0,2.08E-17,0,0.58125275,0.47003502,2
0.4450976,0.5035251,0.21325463,0.13155496,0.38159412,0.46982324,9.85E-10,7.23E-19,0.34851477,0.4641461,9.94E-10,8.40E-19,0.38961926,0.4486558,0,0,0.43765217,0.46403483,0,4.06E-29,1.36E-05,1.26E-06,6.49E-05,0.055729672,0.20680071,0.43570697,9.07E-19,0.4486267,0.00022484385,0,2.08E-17,0,0.58125275,0.47003502,4
0.43370453,0.60367084,0.21254583,0.13169566,0.38159412,0.46982324,0,0,0.34851477,0.4641461,0,0,0.38961926,0.4486558,0,0,0.43765217,0.46403483,0,0,0,0,0,0.9826651,0,0.43570697,0,0.4486267,0,0,2.08E-17,0,0.58125275,0.47003502,4
0.0014144183,0.0016728736,0.008305816,0.0008359856,0.38159412,0.46982425,0.0074671432,4.17E-05,0.34851488,0.46761072,0.03340419,0.0010510049,0.3896793,0.48062396,0.03193529,0.0012106879,0.43798205,0.52211726,7.34E-18,7.65E-18,0.0013815423,7.54E-18,0.001762545,7.28E-10,7.69E-18,0.43570694,0.0001571837,0.43043244,0.0015142082,0.0035031566,0.03967548,0.00048531854,0.5812713,0.5134165,0
0.22987333,0.31850362,7.36E-05,3.70E-06,0.38159412,0.46982324,0,0,0.34851477,0.4641461,0,0,0.38961926,0.4486558,0,0,0.43765217,0.46403483,0,0,0,0,0,0.9826633,0,0.43570697,0,0.4486267,0,0,2.08E-17,0,0.58125275,0.47003502,2
0.26425558,0.3064945,1.62E-05,1.64E-06,0.38159412,0.46982324,0,0,0.34851477,0.4641461,0,0,0.38961926,0.4486558,0,0,0.43765217,0.46403483,0,0,0,0,0,0.982663,0,0.43570697,0,0.4486267,0,0,2.08E-17,0,0.58125275,0.47003502,2
0.5058765,0.47013637,0.21379776,0.13144267,0.38159412,0.46982324,0,0,0.34851477,0.4641461,0,0,0.38961926,0.4486558,0,0,0.43765217,0.46403483,0,0,0,0,0,0.9826649,0,0.43570697,0,0.4486267,0,0,2.08E-17,0,0.58125275,0.47003502,4
0.43866262,0.44207832,0.21245885,0.13171552,0.38159412,0.46982324,0.0049813176,1.85E-05,0.34851477,0.4641461,0.018896509,0.00030377097,0.38961926,0.4486558,0.01573139,0.00023781612,0.43765217,0.46403483,1.03E-21,1.21E-21,0.31359595,1.42E-08,0.34171465,1.93E-05,7.60E-05,0.43570697,0,0.4486267,0,0,0.3503546,0,0.58125275,0.47003502,4
0.7432137,0.7239947,0.0071018264,9.56E-05,0.38159412,0.46982324,4.44E-07,1.47E-13,0.34851477,0.4641461,0.00015941239,2.16E-08,0.38961926,0.4486558,0.00023812384,5.45E-08,0.43765217,0.46403483,2.43E-22,2.25E-22,0.6297625,8.99E-09,0.65944225,1.02E-05,4.03E-05,0.43570697,0,0.4486267,0,0,0.009929078,0,0.58125275,0.47003502,3
0.42412427,0.60436356,0.21383214,0.13143396,0.38159412,0.46982324,0.00045917227,1.57E-07,0.34851477,0.4641461,0.012026102,0.00012303618,0.38961926,0.4486558,0.013035258,0.00016328503,0.43765217,0.46403483,5.62E-22,1.42E-21,0.30876154,8.59E-18,0.47011173,1.68E-06,6.60E-06,0.43570697,0,0.4486267,0,0,0.3503546,0,0.58125275,0.47003502,4
0.0005431632,0.00051415135,0.013201991,0.0007424759,0.38159412,0.46982324,0.0058395667,2.54E-05,0.34851477,0.4641461,0.005619453,2.69E-05,0.38961926,0.44869903,0.031289842,0.0051842825,0.43914282,0.56406194,2.04E-15,9.43E-15,0.00026174326,1.43E-14,0.00012330685,2.42E-08,9.54E-15,0.43570697,2.90E-05,0.4486267,0.00014910726,0.0055441284,0.030336848,2.98E-05,0.58125275,0.47003502,0
0.7499382,0.7571216,0.0070919394,9.57E-05,0.38159412,0.46982324,0.00033026282,8.13E-08,0.34851477,0.4641461,0.0003573253,1.09E-07,0.38961926,0.4486558,0.00027315822,7.17E-08,0.43765217,0.46403483,1.85E-22,1.91E-22,0.6290519,3.35E-09,0.6886896,8.89E-06,3.50E-05,0.43570697,0,0.4486267,0,0,0.009929078,0,0.58125275,0.47003502,3
0.45133278,0.6068106,0.2131899,0.13156739,0.38159412,0.46982324,0,0,0.34851477,0.4641461,0,0,0.38961926,0.4486558,0,0,0.43765217,0.46403483,0,0,0,0,0,0.98266506,0,0.43570697,0,0.4486267,0,0,2.08E-17,0,0.58125275,0.47003502,4
0.33690226,0.15034506,0.005133166,0.000108150525,0.38159412,0.46982324,0.000816598,4.97E-07,0.34851477,0.4641461,0.0014383434,1.76E-06,0.38961926,0.4486558,0.0010568902,1.07E-06,0.43765217,0.46403483,3.15E-21,1.69E-17,0.18585445,9.11E-05,0.09855398,0.0001526459,0.0006004004,0.43570697,0,0.4486267,0,0,0.009929078,0,0.58125275,0.47003502,3
0.3445397,0.3396763,0.18438628,0.13427168,0.38159412,0.46982324,0,0,0.34851477,0.4641461,0,0,0.38961926,0.4486558,0,0,0.43765217,0.46403483,0,0,0,0,0,0.982667,0,0.43570697,0,0.4486267,0,0,2.08E-17,0,0.58125275,0.47003502,5
0.41521597,0.44438025,0.006089381,0.00010577899,0.38159412,0.46982324,0.0011625617,1.01E-06,0.34851477,0.4641461,0.0007781608,5.15E-07,0.38961926,0.4486558,0.0007407957,5.27E-07,0.43765217,0.46403483,2.09E-21,1.66E-21,0.33266613,3.00E-10,0.34566844,1.31E-05,5.14E-05,0.43570697,0,0.4486267,0,0,0.009929078,0,0.58125275,0.47003502,3
0.37728873,0.23109898,0.18427409,0.1342696,0.38159412,0.46982324,0,0,0.34851477,0.4641461,0,0,0.38961926,0.4486558,0,0,0.43765217,0.46403483,0,0,0,0,0,0.982667,0,0.43570697,0,0.4486267,0,0,2.08E-17,0,0.58125275,0.47003502,5
0.21917018,0.28171417,7.54E-05,3.86E-06,0.38159412,0.46982324,0,0,0.34851477,0.4641461,0,0,0.38961926,0.4486558,0,0,0.43765217,0.46403483,0,0,0,0,0,0.98266304,0,0.43570697,0,0.4486267,0,0,2.08E-17,0,0.58125275,0.47003502,2
0.0011531127,0.001543632,0.007912635,0.00074260705,0.38159412,0.46982324,2.82E-05,3.32E-05,0.34851477,0.46426457,0.020994725,0.0006400127,0.38966691,0.4862945,0.029977502,0.0011038376,0.43781987,0.49601626,8.94E-18,9.15E-18,0.0010948274,7.57E-18,0.0016379994,8.13E-10,8.16E-18,0.43570697,0.00033497985,0.44814914,0.0015145652,0.0023236624,0.03902835,0.0005235509,0.58125156,0.46597844,0
0.43596032,0.43733504,0.21215777,0.13177535,0.38159412,0.46982324,0,0,0.34851477,0.4641461,0,0,0.38961926,0.4486558,0,0,0.43765217,0.46403483,0,0,0,0,0,0.9826649,0,0.43570697,0,0.4486267,0,0,2.08E-17,0,0.58125275,0.47003502,4
0.42308852,0.45785326,0.006011723,0.00010623527,0.38159412,0.46982324,0.0001663022,2.06E-08,0.34851477,0.4641461,0.00080437737,5.50E-07,0.38961926,0.4486558,0.0007653274,5.63E-07,0.43765217,0.46403483,8.43E-22,4.32E-21,0.30332828,1.20E-10,0.35157657,1.16E-05,4.57E-05,0.43570697,0,0.4486267,0,0,0.009929078,0,0.58125275,0.47003502,3
0.48505488,0.3254147,0.2141571,0.13136652,0.38159412,0.46982324,0.011408316,9.70E-05,0.34851477,0.4641461,0.018306049,0.00028508366,0.38961926,0.4486558,0.015279115,0.00022433834,0.43765217,0.46403483,9.02E-22,6.45E-22,0.34835508,1.81E-06,0.25353992,4.27E-05,0.00016797251,0.43570697,0,0.4486267,0,0,0.3503546,0,0.58125275,0.47003502,4
0.356667,0.31709895,0.18322924,0.13424784,0.38159412,0.46982324,0,0,0.34851477,0.4641461,0,0,0.38961926,0.4486558,0,0,0.43765217,0.46403483,0,0,0,0,0,0.982667,0,0.43570697,0,0.4486267,0,0,2.08E-17,0,0.58125275,0.47003502,5
0.44184458,0.41233823,0.2136238,0.13895111,0.38159412,0.46982324,0,0,0.34851477,0.4641461,0,0,0.38961926,0.4486558,0,0,0.43765217,0.46403483,0,0,0,0,0,0.98266613,0,0.43570697,0,0.4486267,0,0,2.08E-17,0,0.58125275,0.47003502,1
0.42246088,0.40440696,0.0058563272,0.00010707216,0.38159412,0.46982324,0,0,0.34851477,0.4641461,0,0,0.38961926,0.4486558,0,0,0.43765217,0.46403483,0,0,0,0,0,0.9826656,0,0.43570697,0,0.4486267,0,0,2.08E-17,0,0.58125275,0.47003502,3
0.42349684,0.6042396,0.21345812,0.13151167,0.38159412,0.46982324,0,0,0.34851477,0.4641461,0,0,0.38961926,0.4486558,0,0,0.43765217,0.46403483,0,0,0,0,0,0.98266506,0,0.43570697,0,0.4486267,0,0,2.08E-17,0,0.58125275,0.47003502,4
0.45368806,0.42656383,0.21180381,0.13184392,0.38159412,0.46982324,0.00041201926,1.26E-07,0.34851477,0.4641461,0.01391624,0.00016475056,0.38961926,0.4486558,0.014496583,0.00020194743,0.43765217,0.46403483,1.13E-21,1.59E-21,0.3152666,3.68E-08,0.32868114,2.21E-05,8.69E-05,0.43570697,0,0.4486267,0,0,0.3503546,0,0.58125275,0.47003502,4
0.22266012,0.12912266,8.22E-05,4.22E-06,0.38159412,0.46982324,0,0,0.34851477,0.4641461,0,0,0.38961926,0.4486558,0,0,0.43765217,0.46403483,0,0,0,0,0,0.98266286,0,0.43570697,0,0.4486267,0,0,2.08E-17,0,0.58125275,0.47003502,2
0.41121414,0.3637206,0.21340992,0.1315213,0.38159412,0.46982324,0,0,0.34851477,0.4641461,0,0,0.38961926,0.4486558,0,0,0.43765217,0.46403483,0,0,0,0,0,0.9826648,0,0.43570697,0,0.4486267,0,0,2.08E-17,0,0.58125275,0.47003502,4
0.45431715,0.48595235,0.21279244,0.1316499,0.38159412,0.46982324,0.0004451623,1.48E-07,0.34851477,0.4641461,0.011367534,0.000109929846,0.38961926,0.4486558,0.014426894,0.00020001047,0.43765217,0.46403483,2.41E-21,1.98E-21,0.31980208,1.54E-09,0.37619287,1.41E-05,5.54E-05,0.43570697,0,0.4486267,0,0,0.3503546,0,0.58125275,0.47003502,4
0.7214568,0.6434123,0.24295802,0.12207621,0.38159412,0.46982324,0.019704424,0.00028925674,0.34851477,0.4641461,0.010892699,0.00010093784,0.38961926,0.4486558,0.0072702225,5.08E-05,0.43765217,0.46403483,2.30E-22,2.13E-22,0.5820385,4.32E-08,0.5686187,1.38E-05,5.43E-05,0.43570697,0,0.4486267,0,0,0.3503546,0,0.58125275,0.47003502,4
0.40159565,0.36102968,0.0056407684,0.000107870816,0.38159412,0.46982324,2.87E-05,6.12E-10,0.34851477,0.4641461,0.0006355653,3.44E-07,0.38961926,0.4486558,0.0007203386,4.99E-07,0.43765217,0.46403483,2.43E-21,4.39E-21,0.2868477,7.28E-08,0.259805,2.96E-05,0.0001165905,0.43570697,0,0.4486267,0,0,0.009929078,0,0.58125275,0.47003502,3
0.71094215,0.8036869,0.25046232,0.12735406,0.38159412,0.46982324,0,0,0.34851477,0.4641461,0,0,0.38961926,0.4486558,0,0,0.43765217,0.46403483,0,0,0,0,0,0.9826662,0,0.43570697,0,0.4486267,0,0,2.08E-17,0,0.58125275,0.47003502,1
0.25210088,0.3181078,1.52E-05,1.51E-06,0.38159412,0.46982324,0,0,0.34851477,0.4641461,0,0,0.38961926,0.4486558,0,0,0.43765217,0.46403483,0,0,0,0,0,0.98266304,0,0.43570697,0,0.4486267,0,0,2.08E-17,0,0.58125275,0.47003502,2
0.71498597,0.73454034,0.24411903,0.12156568,0.38159412,0.46982324,0.026875127,0.00053809263,0.34851477,0.4641461,0.011244797,0.0001075688,0.38961926,0.4486558,0.0072298106,5.02E-05,0.43765217,0.46403483,6.42E-23,1.09E-22,0.5918467,2.53E-09,0.6522559,9.07E-06,3.57E-05,0.43570697,0,0.4486267,0,0,0.3503546,0,0.58125275,0.47003502,4
0.42024717,0.6038189,0.2136448,0.13147335,0.38159412,0.46982324,0,0,0.34851477,0.4641461,0,0,0.38961926,0.4486558,0,0,0.43765217,0.46403483,0,0,0,0,0,0.98266506,0,0.43570697,0,0.4486267,0,0,2.08E-17,0,0.58125275,0.47003502,4
0.7201771,0.9941875,0.24401884,0.1216101,0.38159412,0.46982324,0,0,0.34851477,0.4641461,0,0,0.38961926,0.4486558,0,0,0.43765217,0.46403483,0,0,0,0,0,0.98266506,0,0.43570697,0,0.4486267,0,0,2.08E-17,0,0.58125275,0.47003502,4
0.68315417,0.2894499,0.25072795,0.12723216,0.38159412,0.46982324,3.52E-08,9.25E-16,0.34851477,0.4641461,0.0022824886,4.43E-06,0.38961926,0.4486558,0.005802528,3.24E-05,0.43765217,0.46403483,7.02E-23,1.50E-17,0.56391525,3.19E-05,0.2577083,5.87E-05,0.00023106852,0.43570697,0,0.4486267,0,0,0.35886526,0,0.58125275,0.47003502,1
0.7147853,0.69343686,0.24321522,0.121964104,0.38159412,0.46982324,1.29E-05,1.24E-10,0.34851477,0.4641461,0.0052435044,2.34E-05,0.38961926,0.4486558,0.0065039103,4.06E-05,0.43765217,0.46403483,1.53E-22,1.45E-22,0.5783365,1.00E-08,0.61346537,1.10E-05,4.34E-05,0.43570697,0,0.4486267,0,0,0.3503546,0,0.58125275,0.47003502,4
0.0011760042,0.001704147,0.027833614,0.06404435,0.38159412,0.47016668,0.010874987,0.00012589435,0.34852242,0.49203873,0.049355768,0.0027353095,0.38981903,0.4848316,0.28657496,0.123499505,0.43392518,0.4577088,1.07E-17,1.05E-17,0.00092096266,8.13E-18,0.0017582829,7.31E-10,7.37E-18,0.43570697,0.0070447824,0.5197646,0.0010180442,0.08732822,0.19782257,0.4871886,0.6051461,0.5407175,0
0.35219783,0.38585672,0.18441397,0.13426997,0.38159412,0.46982324,0,0,0.34851477,0.4641461,0,0,0.38961926,0.4486558,0,0,0.43765217,0.46403483,0,0,0,0,0,0.9826671,0,0.43570697,0,0.4486267,0,0,2.08E-17,0,0.58125275,0.47003502,5
0.24961443,0.34795734,1.65E-05,1.67E-06,0.38159412,0.46982324,0,0,0.34851477,0.4641461,0,0,0.38961926,0.4486558,0,0,0.43765217,0.46403483,0,0,0,0,0,0.9826631,0,0.43570697,0,0.4486267,0,0,2.08E-17,0,0.58125275,0.47003502,2
0.42788675,0.6028894,0.21183905,0.13183737,0.38159412,0.46982324,0,0,0.34851477,0.4641461,0,0,0.38961926,0.4486558,0,0,0.43765217,0.46403483,0,0,0,0,0,0.9826651,0,0.43570697,0,0.4486267,0,0,2.08E-17,0,0.58125275,0.47003502,4
0.22973424,0.31817594,7.33E-05,3.70E-06,0.38159412,0.46982324,0,0,0.34851477,0.4641461,0,0,0.38961926,0.4486558,0,0,0.43765217,0.46403483,0,0,0,0,0,0.9826633,0,0.43570697,0,0.4486267,0,0,2.08E-17,0,0.58125275,0.47003502,2
0.4407868,0.52300245,0.2127867,0.13164936,0.38159412,0.46982324,0,0,0.34851477,0.4641461,0,0,0.38961926,0.4486558,0,0,0.43765217,0.46403483,0,0,0,0,0,0.9826649,0,0.43570697,0,0.4486267,0,0,2.08E-17,0,0.58125275,0.47003502,4
0.0010819291,0.0015699922,0.00856467,0.00088467525,0.38159412,0.48007044,0.008146223,4.96E-05,0.34851584,0.4907972,0.03595308,0.0011769389,0.38959882,0.4381614,0.032969095,0.0012371942,0.4377411,0.47973514,8.03E-18,8.08E-18,0.0011418632,7.64E-18,0.0016431563,8.11E-10,7.78E-18,0.43570697,2.25E-05,0.44838107,0.0013689682,0.0024509593,0.040782396,0.0003854212,0.5812514,0.4649064,0
0.81264096,0.88458014,0.008120405,7.74E-05,0.38159412,0.46982324,0,0,0.34851477,0.4641461,0,0,0.38961926,0.4486558,0,0,0.43765217,0.46403483,0,0,0,0,0,0.98266566,0,0.43570697,0,0.4486267,0,0,2.08E-17,0,0.58125275,0.47003502,3
0.48702723,0.35853976,0.21390502,0.13141787,0.38159412,0.46982324,0,0,0.34851477,0.4641461,0,0,0.38961926,0.4486558,0,0,0.43765217,0.46403483,0,0,0,0,0,0.9826648,0,0.43570697,0,0.4486267,0,0,2.08E-17,0,0.58125275,0.47003502,4
0.00093819684,0.00065810693,0.023171717,0.01943022,0.38189852,0.50555086,0.06258491,0.007977098,0.34988153,0.55906546,0.06988284,0.009611611,0.39214942,0.59552866,0.05740812,0.010287923,0.4428567,0.6014103,1.07E-15,5.57E-15,0.0006403743,8.84E-15,0.00018033666,1.70E-08,7.11E-15,0.43570697,0,0.4486267,0,0,0.009929078,0,0.58125275,0.47003502,0
0.41309664,0.5685542,0.2143982,0.13131298,0.38159412,0.46982324,2.20E-05,3.62E-10,0.34851477,0.4641461,0.008826644,6.63E-05,0.38961926,0.4486558,0.01277574,0.00015684808,0.43765217,0.46403483,2.19E-21,2.53E-21,0.30495656,1.11E-13,0.44342086,4.58E-06,1.80E-05,0.43570697,0,0.4486267,0,0,0.3503546,0,0.58125275,0.47003502,4
0.69974345,0.25046703,0.008033531,8.05E-05,0.38159412,0.46982324,0.00032493979,7.87E-08,0.34851477,0.4641461,0.00030619782,7.98E-08,0.38961926,0.4486558,0.00030451626,8.91E-08,0.43765217,0.46403483,3.21E-22,1.55E-14,0.6563942,5.46E-05,0.25684708,6.31E-05,0.00024837285,0.43570697,0,0.4486267,0,0,0.009929078,0,0.58125275,0.47003502,3
0.72163,0.59735894,0.24288598,0.12210701,0.38159412,0.46982324,1.16E-06,1.00E-12,0.34851477,0.4641461,0.0041062636,1.43E-05,0.38961926,0.4486558,0.0063090497,3.83E-05,0.43765217,0.46403483,2.79E-22,1.89E-22,0.5823595,1.37E-07,0.5277478,1.67E-05,6.56E-05,0.43570697,0,0.4486267,0,0,0.3503546,0,0.58125275,0.47003502,4
0.0008574679,0.00049648073,0.012042118,0.0008189936,0.38159406,0.4608095,0.012116652,0.00010938735,0.3485113,0.38003775,0.020078734,0.00034297456,0.38961053,0.3271701,0.016671242,0.00026708448,0.4376551,0.48642814,8.45E-19,6.62E-17,0.00024286246,2.97E-16,0.00011508631,1.66E-08,6.19E-16,0.34724113,0.00037009627,0.32714885,0.00039900406,0.016608454,0.031318307,0.00026703256,0.58125514,0.49217737,0
0.7184771,0.81732947,0.24428873,0.12149012,0.38159412,0.46982324,0.0018729584,2.61E-06,0.34851477,0.4641461,0.008629883,6.34E-05,0.38961926,0.4486558,0.00697296,4.67E-05,0.43765217,0.46403483,8.43E-23,1.02E-22,0.5924649,9.24E-11,0.72627103,5.85E-06,2.30E-05,0.43570697,0,0.4486267,0,0,0.3503546,0,0.58125275,0.47003502,4
0.45592016,0.60227615,0.21377595,0.13144559,0.38159412,0.46982324,0,0,0.34851477,0.4641461,0,0,0.38961926,0.4486558,0,0,0.43765217,0.46403483,0,0,0,0,0,0.982665,0,0.43570697,0,0.4486267,0,0,2.08E-17,0,0.58125275,0.47003502,4
0.41316384,0.16917288,0.2149807,0.13119093,0.38159412,0.46982324,0,0,0.34851477,0.4641461,0,0,0.38961926,0.4486558,0,0,0.43765217,0.46403483,0,0,0,0,0,0.98266476,0,0.43570697,0,0.4486267,0,0,2.08E-17,0,0.58125275,0.47003502,4
0.7232878,0.9821632,0.24401276,0.12161262,0.38159412,0.46982324,0.008957267,5.98E-05,0.34851477,0.4641461,0.010409813,9.22E-05,0.38961926,0.4486558,0.007324801,5.16E-05,0.43765217,0.46403483,2.81E-22,1.49E-22,0.58541006,1.62E-17,0.8717641,1.03E-06,4.04E-06,0.43570697,0,0.4486267,0,0,0.3503546,0,0.58125275,0.47003502,4
0.42307526,0.39988038,0.2131211,0.13158077,0.38159412,0.46982324,6.22E-06,2.88E-11,0.34851477,0.4641461,0.007880293,5.28E-05,0.38961926,0.4486558,0.013181405,0.00016696694,0.43765217,0.46403483,9.94E-22,1.58E-21,0.30230197,1.14E-07,0.31001562,2.61E-05,0.00010274057,0.43570697,0,0.4486267,0,0,0.3503546,0,0.58125275,0.47003502,4
0.4569245,0.57756215,0.21460158,0.13126951,0.38159412,0.46982324,0,0,0.34851477,0.4641461,0,0,0.38961926,0.4486558,0,0,0.43765217,0.46403483,0,0,0,0,0,0.98266494,0,0.43570697,0,0.4486267,0,0,2.08E-17,0,0.58125275,0.47003502,4
0.73793584,0.54887444,0.008087273,7.93E-05,0.38159412,0.46982324,0.00026472763,5.22E-08,0.34851477,0.4641461,0.00034761755,1.03E-07,0.38961926,0.4486558,0.00030674427,9.04E-08,0.43765217,0.46403483,4.30E-23,7.10E-23,0.69536346,4.97E-07,0.56504154,1.80E-05,7.10E-05,0.43570697,0,0.4486267,0,0,0.009929078,0,0.58125275,0.47003502,3
0.41153884,0.35842383,0.20990323,0.13954349,0.38159412,0.46982324,2.75E-06,5.64E-12,0.34851477,0.4641461,0.013179967,0.00014777866,0.38961926,0.4486558,0.0251009,0.00060546026,0.43765217,0.46403483,1.94E-21,2.25E-21,0.2800365,5.76E-08,0.26740423,2.81E-05,0.000110385045,0.43570697,0,0.4486267,0,0,0.35886526,0,0.58125275,0.47003502,1
0.72831655,0.94151443,0.24456745,0.121365555,0.38159412,0.46982324,0,0,0.34851477,0.4641461,0,0,0.38961926,0.4486558,0,0,0.43765217,0.46403483,0,0,0,0,0,0.982665,0,0.43570697,0,0.4486267,0,0,2.08E-17,0,0.58125275,0.47003502,4
0.22781672,0.3155168,7.16E-05,3.63E-06,0.38159412,0.46982324,0,0,0.34851477,0.4641461,0,0,0.38961926,0.4486558,0,0,0.43765217,0.46403483,0,0,0,0,0,0.9826632,0,0.43570697,0,0.4486267,0,0,2.08E-17,0,0.58125275,0.47003502,2
0.22557479,0.31024158,7.20E-05,3.60E-06,0.38159412,0.46982324,0,0,0.34851477,0.4641461,0,0,0.38961926,0.4486558,0,0,0.43765217,0.46403483,0,0,0,0,0,0.98266315,0,0.43570697,0,0.4486267,0,0,2.08E-17,0,0.58125275,0.47003502,2
0.4369247,0.35625497,0.0055887806,0.00010799291,0.38159412,0.46982324,0,0,0.34851477,0.4641461,0,0,0.38961926,0.4486558,0,0,0.43765217,0.46403483,0,0,0,0,0,0.9826656,0,0.43570697,0,0.4486267,0,0,2.08E-17,0,0.58125275,0.47003502,3
0.00023092856,0.00077247375,0.049952637,0.067407355,0.38159412,0.46982324,1.97E-09,2.89E-18,0.34851477,0.4641461,2.10E-05,8.65E-10,0.38961926,0.44865537,0.010086624,9.78E-05,0.43765137,0.45119947,0,0,6.96E-06,1.79E-21,7.33E-05,2.43E-08,3.13E-16,0.43570697,9.34E-10,0.44862625,0.00025418244,0.010048634,0.03328183,9.78E-05,0.5812521,0.45734352,0
0.49177557,0.5580917,0.21341957,0.13152166,0.38159412,0.46982324,4.83E-05,1.74E-09,0.34851477,0.4641461,0.0081624845,5.67E-05,0.38961926,0.4486558,0.013020934,0.00016292636,0.43765217,0.46403483,1.01E-21,8.77E-22,0.353597,2.27E-12,0.4332821,6.43E-06,2.53E-05,0.43570697,0,0.4486267,0,0,0.3503546,0,0.58125275,0.47003502,4
0.00067549234,0.0015162177,0.007971699,0.0007567162,0.38159412,0.46982324,7.73E-07,1.66E-06,0.34851477,0.4641482,0.018654156,0.000416628,0.3896066,0.43366748,0.030416075,0.0011013022,0.43757212,0.44855884,1.18E-24,4.75E-19,0.0005738983,2.83E-17,0.0015856102,8.67E-10,1.62E-17,0.43570697,2.42E-05,0.4470184,0.0013842956,0.0035221968,0.040251657,0.00044034087,0.5812554,0.47641617,0
0.747675,0.73403,0.0070983563,9.56E-05,0.38159412,0.46982324,0.0005335278,2.12E-07,0.34851477,0.4641461,0.0003215988,8.80E-08,0.38961926,0.4486558,0.0002608711,6.54E-08,0.43765217,0.46403483,4.51E-23,1.15E-22,0.6316281,6.79E-09,0.6682959,9.83E-06,3.87E-05,0.43570697,0,0.4486267,0,0,0.009929078,0,0.58125275,0.47003502,3
0.72143984,0.9938413,0.24394035,0.121644735,0.38159412,0.46982324,2.26E-06,3.80E-12,0.34851477,0.4641461,0.004526558,1.74E-05,0.38961926,0.4486558,0.0068246904,4.48E-05,0.43765217,0.46403483,1.67E-22,1.71E-22,0.5865344,3.21E-19,0.88185626,6.86E-07,2.70E-06,0.43570697,0,0.4486267,0,0,0.3503546,0,0.58125275,0.47003502,4
0.4471947,0.60520166,0.21345094,0.1315136,0.38159412,0.46982324,0.00035277067,9.27E-08,0.34851477,0.4641461,0.010240791,8.92E-05,0.38961926,0.4486558,0.012491367,0.00014994327,0.43765217,0.46403483,1.61E-21,1.02E-21,0.31787208,6.24E-17,0.469912,2.05E-06,8.07E-06,0.43570697,0,0.4486267,0,0,0.3503546,0,0.58125275,0.47003502,4
0.72121143,0.8468566,0.24427088,0.12149779,0.38159412,0.46982324,9.88E-07,7.27E-13,0.34851477,0.4641461,0.004058713,1.40E-05,0.38961926,0.4486558,0.006352891,3.88E-05,0.43765217,0.46403483,1.50E-22,1.37E-22,0.59251004,2.04E-11,0.75244147,4.86E-06,1.91E-05,0.43570697,0,0.4486267,0,0,0.3503546,0,0.58125275,0.47003502,4
0.7007845,0.3887659,0.2510354,0.12709,0.38159412,0.46982324,4.36E-05,1.42E-09,0.34851477,0.4641461,0.0060254643,3.09E-05,0.38961926,0.4486558,0.0072108554,5.00E-05,0.43765217,0.46403483,5.73E-23,1.36E-22,0.5790682,7.16E-06,0.3465713,3.77E-05,0.0001483452,0.43570697,0,0.4486267,0,0,0.35886526,0,0.58125275,0.47003502,1
0.00097059447,0.0015450742,0.008344526,0.00084472704,0.38159412,0.46982327,0.00042160836,0.00033429085,0.3485148,0.4657541,0.028936017,0.000975026,0.38967004,0.47434112,0.03220122,0.0012209655,0.43761295,0.4571564,5.70E-21,9.87E-19,0.0008898454,6.38E-18,0.0016190073,8.29E-10,7.07E-18,0.43570697,0.00033344148,0.44862568,0.0013833101,0.0014354982,0.03907588,0.0005164853,0.5812516,0.46395895,0
0.26009884,0.34629685,1.49E-05,1.45E-06,0.38159412,0.46982324,0,0,0.34851477,0.4641461,0,0,0.38961926,0.4486558,0,0,0.43765217,0.46403483,0,0,0,0,0,0.9826631,0,0.43570697,0,0.4486267,0,0,2.08E-17,0,0.58125275,0.47003502,2
0.7377861,0.52342,0.008088094,7.90E-05,0.38159412,0.46982324,2.01E-05,3.01E-10,0.34851477,0.4641461,0.00029548653,7.43E-08,0.38961926,0.4486558,0.00029314155,8.26E-08,0.43765217,0.46403483,6.99E-23,7.57E-23,0.69952387,8.09E-07,0.5400302,1.98E-05,7.80E-05,0.43570697,0,0.4486267,0,0,0.009929078,0,0.58125275,0.47003502,3
0.39387298,0.11743448,0.21856576,0.13035823,0.38159412,0.46982324,0,0,0.34851477,0.4641461,0,0,0.38961926,0.4486558,0,0,0.43765217,0.46403483,0,0,0,0,0,0.98266476,0,0.43570697,0,0.4486267,0,0,2.08E-17,0,0.58125275,0.47003502,4
0.22152463,0.10644128,7.83E-05,4.19E-06,0.38159412,0.46982324,0,0,0.34851477,0.4641461,0,0,0.38961926,0.4486558,0,0,0.43765217,0.46403483,0,0,0,0,0,0.98266286,0,0.43570697,0,0.4486267,0,0,2.08E-17,0,0.58125275,0.47003502,2
0.7163598,0.9514734,0.24476334,0.121277444,0.38159412,0.46982324,4.16E-07,1.29E-13,0.34851477,0.4641461,0.0037354042,1.19E-05,0.38961926,0.4486558,0.0063523,3.88E-05,0.43765217,0.46403483,1.92E-22,1.58E-22,0.5855861,4.04E-15,0.84709984,1.84E-06,7.23E-06,0.43570697,0,0.4486267,0,0,0.3503546,0,0.58125275,0.47003502,4
0.24763285,0.27231196,1.55E-05,1.52E-06,0.38159412,0.46982324,0,0,0.34851477,0.4641461,0,0,0.38961926,0.4486558,0,0,0.43765217,0.46403483,0,0,0,0,0,0.9826629,0,0.43570697,0,0.4486267,0,0,2.08E-17,0,0.58125275,0.47003502,2
0.43153158,0.43659583,0.21252353,0.1317025,0.38159412,0.46982324,0,0,0.34851477,0.4641461,0,0,0.38961926,0.4486558,0,0,0.43765217,0.46403483,0,0,0,0,0,0.9826649,0,0.43570697,0,0.4486267,0,0,2.08E-17,0,0.58125275,0.47003502,4
0.40489483,0.53015685,0.21301526,0.13160324,0.38159412,0.46982324,1.88E-05,2.63E-10,0.34851477,0.4641461,0.008601751,6.29E-05,0.38961926,0.4486558,0.013433073,0.00017340347,0.43765217,0.46403483,6.68E-22,1.29E-21,0.28816843,1.32E-11,0.41082042,7.93E-06,3.12E-05,0.43570697,0,0.4486267,0,0,0.3503546,0,0.58125275,0.47003502,4
0.3890726,0.3190835,0.20925625,0.13963658,0.38159412,0.46982324,0.005553224,2.30E-05,0.34851477,0.4641461,0.02918868,0.00072478957,0.38961926,0.4486558,0.02870128,0.0007916069,0.43765217,0.46403483,2.93E-20,1.21E-20,0.25412068,2.83E-07,0.23740287,3.67E-05,0.00014437173,0.43570697,0,0.4486267,0,0,0.35886526,0,0.58125275,0.47003502,1
0.74766,0.6701145,0.0070907758,9.57E-05,0.38159412,0.46982324,0.0007002127,3.65E-07,0.34851477,0.4641461,0.00033386497,9.48E-08,0.38961926,0.4486558,0.00026669548,6.83E-08,0.43765217,0.46403483,6.87E-23,9.47E-23,0.6295028,3.94E-08,0.60944706,1.29E-05,5.06E-05,0.43570697,0,0.4486267,0,0,0.009929078,0,0.58125275,0.47003502,3
0.45150238,0.26339152,0.21496342,0.1311913,0.38159412,0.46982324,9.73E-05,7.05E-09,0.34851477,0.4641461,0.012560999,0.00013422438,0.38961926,0.4486558,0.014569107,0.00020397313,0.43765217,0.46403483,1.61E-21,1.88E-21,0.32296988,1.04E-05,0.20597798,6.21E-05,0.00024445666,0.43570697,0,0.4486267,0,0,0.3503546,0,0.58125275,0.47003502,4
0.40845224,0.22843824,0.0057146354,0.000107577194,0.38159412,0.46982324,0,0,0.34851477,0.4641461,0,0,0.38961926,0.4486558,0,0,0.43765217,0.46403483,0,0,0,0,0,0.98266554,0,0.43570697,0,0.4486267,0,0,2.08E-17,0,0.58125275,0.47003502,3
0.3961145,0.3063898,0.20965667,0.13957918,0.38159412,0.46982324,0,0,0.34851477,0.4641461,0,0,0.38961926,0.4486558,0,0,0.43765217,0.46403483,0,0,0,0,0,0.98266613,0,0.43570697,0,0.4486267,0,0,2.08E-17,0,0.58125275,0.47003502,1
0.7209241,0.58256406,0.008083381,7.93E-05,0.38159412,0.46982324,0,0,0.34851477,0.4641461,0,0,0.38961926,0.4486558,0,0,0.43765217,0.46403483,0,0,0,0,0,0.98266554,0,0.43570697,0,0.4486267,0,0,2.08E-17,0,0.58125275,0.47003502,3
0.2267774,0.31832117,7.21E-05,3.60E-06,0.38159412,0.46982324,0,0,0.34851477,0.4641461,0,0,0.38961926,0.4486558,0,0,0.43765217,0.46403483,0,0,0,0,0,0.9826633,0,0.43570697,0,0.4486267,0,0,2.08E-17,0,0.58125275,0.47003502,2
0.4165265,0.59415597,0.2138665,0.13142851,0.38159412,0.46982324,0,0,0.34851477,0.4641461,0,0,0.38961926,0.4486558,0,0,0.43765217,0.46403483,0,0,0,0,0,0.982665,0,0.43570697,0,0.4486267,0,0,2.08E-17,0,0.58125275,0.47003502,4
0.34360138,0.43556845,0.20215657,0.14043158,0.38159412,0.46982324,0.0069067585,3.55E-05,0.34851477,0.4641461,0.029427053,0.00073667616,0.38961926,0.4486558,0.02772872,0.0007388678,0.43765217,0.46403483,4.32E-21,4.42E-20,0.16172889,1.81E-10,0.31303886,1.28E-05,5.02E-05,0.43570697,0,0.4486267,0,0,0.35886526,0,0.58125275,0.47003502,1
0.7671798,0.8044269,0.0080923075,7.81E-05,0.38159412,0.46982324,1.41E-07,1.47E-14,0.34851477,0.4641461,0.00015997594,2.18E-08,0.38961926,0.4486558,0.00025350493,6.18E-08,0.43765217,0.46403483,6.58E-23,8.23E-23,0.738455,4.79E-10,0.83256614,6.15E-06,2.42E-05,0.43570697,0,0.4486267,0,0,0.009929078,0,0.58125275,0.47003502,3
0.72528136,0.76603925,0.24427947,0.121493734,0.38159412,0.46982324,0.0001160557,1.00E-08,0.34851477,0.4641461,0.006478877,3.57E-05,0.38961926,0.4486558,0.006702569,4.32E-05,0.43765217,0.46403483,9.24E-23,1.28E-22,0.6005458,8.41E-10,0.680663,7.80E-06,3.07E-05,0.43570697,0,0.4486267,0,0,0.3503546,0,0.58125275,0.47003502,4
0.69343346,0.9833222,0.24412861,0.12156103,0.38159412,0.46982324,5.40E-06,2.17E-11,0.34851477,0.4641461,0.00500613,2.13E-05,0.38961926,0.4486558,0.0067897486,4.43E-05,0.43765217,0.46403483,7.46E-22,4.65E-22,0.5644445,3.74E-18,0.8731944,8.82E-07,3.47E-06,0.43570697,0,0.4486267,0,0,0.3503546,0,0.58125275,0.47003502,4
0.6927508,0.30521694,0.2506025,0.1272904,0.38159412,0.46982324,0.023284703,0.00040392193,0.34851477,0.4641461,0.0113881985,0.00011032987,0.38961926,0.4486558,0.008674067,7.23E-05,0.43765217,0.46403483,6.80E-23,1.79E-18,0.570925,2.56E-05,0.2716315,5.46E-05,0.00021466255,0.43570697,0,0.4486267,0,0,0.35886526,0,0.58125275,0.47003502,1
0.7158935,0.9457461,0.24509919,0.12112663,0.38159412,0.46982324,1.96E-05,2.85E-10,0.34851477,0.4641461,0.0054738056,2.55E-05,0.38961926,0.4486558,0.0066184592,4.21E-05,0.43765217,0.46403483,1.75E-22,2.18E-22,0.59154826,8.68E-15,0.8431627,1.99E-06,7.84E-06,0.43570697,0,0.4486267,0,0,0.3503546,0,0.58125275,0.47003502,4
0.70742875,0.7161383,0.2504585,0.12735562,0.38159412,0.46982324,0,0,0.34851477,0.4641461,0,0,0.38961926,0.4486558,0,0,0.43765217,0.46403483,0,0,0,0,0,0.98266613,0,0.43570697,0,0.4486267,0,0,2.08E-17,0,0.58125275,0.47003502,1
0.22406414,0.31181884,7.37E-05,3.61E-06,0.38159412,0.46982324,0,0,0.34851477,0.4641461,0,0,0.38961926,0.4486558,0,0,0.43765217,0.46403483,0,0,0,0,0,0.98266315,0,0.43570697,0,0.4486267,0,0,2.08E-17,0,0.58125275,0.47003502,2
0.22716086,0.27756172,7.39E-05,3.83E-06,0.38159412,0.46982324,0,0,0.34851477,0.4641461,0,0,0.38961926,0.4486558,0,0,0.43765217,0.46403483,0,0,0,0,0,0.98266304,0,0.43570697,0,0.4486267,0,0,2.08E-17,0,0.58125275,0.47003502,2
0.45612,0.5939071,0.21488611,0.13121001,0.38159412,0.46982324,0,0,0.34851477,0.4641461,0,0,0.38961926,0.4486558,0,0,0.43765217,0.46403483,0,0,0,0,0,0.982665,0,0.43570697,0,0.4486267,0,0,2.08E-17,0,0.58125275,0.47003502,4
0.22368295,0.31668043,7.48E-05,3.81E-06,0.38159412,0.46982324,0,0,0.34851477,0.4641461,0,0,0.38961926,0.4486558,0,0,0.43765217,0.46403483,0,0,0,0,0,0.9826633,0,0.43570697,0,0.4486267,0,0,2.08E-17,0,0.58125275,0.47003502,2
0.46267018,0.6057255,0.21348496,0.13150623,0.38159412,0.46982324,0.002113712,3.33E-06,0.34851477,0.4641461,0.012305024,0.00012880952,0.38961926,0.4486558,0.012738669,0.00015593917,0.43765217,0.46403483,5.00E-22,7.99E-22,0.32927072,9.01E-17,0.4703988,2.13E-06,8.40E-06,0.43570697,0,0.4486267,0,0,0.3503546,0,0.58125275,0.47003502,4
0.4692789,0.21509406,0.21072099,0.139423,0.38159412,0.46982324,0.051982105,0.0020130924,0.34851477,0.4641461,0.033586785,0.0009596657,0.38961926,0.4486558,0.027645027,0.0007344143,0.43765217,0.46403483,3.24E-22,5.97E-22,0.3331683,1.45E-05,0.16113305,8.24E-05,0.00032397316,0.43570697,0,0.4486267,0,0,0.35886526,0,0.58125275,0.47003502,1
0.724508,0.9934033,0.2438552,0.12168244,0.38159412,0.46982324,1.00E-05,7.51E-11,0.34851477,0.4641461,0.0052557825,2.35E-05,0.38961926,0.4486558,0.0069304993,4.62E-05,0.43765217,0.46403483,1.18E-22,1.12E-22,0.5871838,4.33E-19,0.8811624,7.07E-07,2.78E-06,0.43570697,0,0.4486267,0,0,0.3503546,0,0.58125275,0.47003502,4
0.7117104,0.6808548,0.008073095,7.90E-05,0.38159412,0.46982324,1.81E-05,2.45E-10,0.34851477,0.4641461,0.00026815568,6.12E-08,0.38961926,0.4486558,0.00028042626,7.56E-08,0.43765217,0.46403483,6.99E-23,9.56E-23,0.6740341,2.02E-08,0.7016783,1.05E-05,4.14E-05,0.43570697,0,0.4486267,0,0,0.009929078,0,0.58125275,0.47003502,3
0.71992177,0.7029744,0.24313533,0.12199893,0.38159412,0.46982324,3.15E-06,7.41E-12,0.34851477,0.4641461,0.0045494456,1.76E-05,0.38961926,0.4486558,0.006371127,3.90E-05,0.43765217,0.46403483,1.36E-22,1.05E-22,0.58105385,7.53E-09,0.6216967,1.06E-05,4.17E-05,0.43570697,0,0.4486267,0,0,0.3503546,0,0.58125275,0.47003502,4
0.44193518,0.44484547,0.21172023,0.13186191,0.38159412,0.46982324,0,0,0.34851477,0.4641461,0,0,0.38961926,0.4486558,0,0,0.43765217,0.46403483,0,0,0,0,0,0.9826649,0,0.43570697,0,0.4486267,0,0,2.08E-17,0,0.58125275,0.47003502,4
0.35446241,0.27348918,0.21835887,0.1380456,0.38159412,0.46982324,0,0,0.34851477,0.4641461,0,0,0.38961926,0.4486558,0,0,0.43765217,0.46403483,0,0,0,0,0,0.9826661,0,0.43570697,0,0.4486267,0,0,2.08E-17,0,0.58125275,0.47003502,1
0.2173428,0.27071828,7.37E-05,3.76E-06,0.38159412,0.46982324,0,0,0.34851477,0.4641461,0,0,0.38961926,0.4486558,0,0,0.43765217,0.46403483,0,0,0,0,0,0.982663,0,0.43570697,0,0.4486267,0,0,2.08E-17,0,0.58125275,0.47003502,2
0.0008889076,0.0014261705,0.012253552,0.0055999053,0.38159412,0.47070274,0.0036687767,1.14E-05,0.34851554,0.49830112,0.038071956,0.0012881999,0.3897819,0.5322111,0.084904894,0.0075369836,0.43752524,0.45992163,1.26E-21,2.81E-19,0.00076392235,6.21E-18,0.0014596599,2.97E-06,1.17E-05,0.43417567,0.0031021617,0.42723534,0.001488525,0.06428114,0.04913057,0.0041757715,0.58110845,0.45834306,0
0.0023573688,0.0017831567,0.08468255,0.23756017,0.38159412,0.46982324,0.11032269,0.00906746,0.34851477,0.4641461,0.11065815,0.010417172,0.38961926,0.4486558,0.110592104,0.011753178,0.43765217,0.46403483,0.82312924,0.86904764,0.00027926135,0.8877551,4.33E-05,0.33318046,0.8894558,0.43570697,0.011240939,0.4486267,0.0001500844,0.11017557,0.059258815,0.011750894,0.58125275,0.47003502,0
0.71264315,0.27756357,0.007052259,9.63E-05,0.38159412,0.46982324,9.36E-05,6.53E-09,0.34851477,0.4641461,0.0002620394,5.84E-08,0.38961926,0.4486558,0.00025028942,6.02E-08,0.43765217,0.46403483,1.32E-22,6.20E-16,0.5936879,4.42E-05,0.25103477,6.26E-05,0.00024627487,0.43570697,0,0.4486267,0,0,0.009929078,0,0.58125275,0.47003502,3
0.46094546,0.56894475,0.21380828,0.13143893,0.38159412,0.46982324,0,0,0.34851477,0.4641461,0,0,0.38961926,0.4486558,0,0,0.43765217,0.46403483,0,0,0,0,0,0.98266494,0,0.43570697,0,0.4486267,0,0,2.08E-17,0,0.58125275,0.47003502,4
0.46641922,0.25409597,0.21569252,0.1310299,0.38159412,0.46982324,0,0,0.34851477,0.4641461,0,0,0.38961926,0.4486558,0,0,0.43765217,0.46403483,0,0,0,0,0,0.98266476,0,0.43570697,0,0.4486267,0,0,2.08E-17,0,0.58125275,0.47003502,4
0.23082183,0.31772593,7.41E-05,3.77E-06,0.38159412,0.46982324,0,0,0.34851477,0.4641461,0,0,0.38961926,0.4486558,0,0,0.43765217,0.46403483,0,0,0,0,0,0.9826633,0,0.43570697,0,0.4486267,0,0,2.08E-17,0,0.58125275,0.47003502,2
0.45188904,0.6005125,0.21378398,0.13144444,0.38159412,0.46982324,0,0,0.34851477,0.4641461,0,0,0.38961926,0.4486558,0,0,0.43765217,0.46403483,0,0,0,0,0,0.982665,0,0.43570697,0,0.4486267,0,0,2.08E-17,0,0.58125275,0.47003502,4
0.7250718,0.7847451,0.24353324,0.12182464,0.38159412,0.46982324,3.34E-06,8.30E-12,0.34851477,0.4641461,0.0045644306,1.77E-05,0.38961926,0.4486558,0.006395572,3.93E-05,0.43765217,0.46403483,8.26E-22,3.54E-22,0.5847613,4.17E-10,0.69515026,7.10E-06,2.79E-05,0.43570697,0,0.4486267,0,0,0.3503546,0,0.58125275,0.47003502,4
0.34873986,0.13944392,0.18251848,0.13423882,0.38159412,0.46982324,0,0,0.34851477,0.4641461,0,0,0.38961926,0.4486558,0,0,0.43765217,0.46403483,0,0,0,0,0,0.98266697,0,0.43570697,0,0.4486267,0,0,2.08E-17,0,0.58125275,0.47003502,5
0.73958653,0.4191195,0.007085559,9.58E-05,0.38159412,0.46982324,0,0,0.34851477,0.4641461,0,0,0.38961926,0.4486558,0,0,0.43765217,0.46403483,0,0,0,0,0,0.98266554,0,0.43570697,0,0.4486267,0,0,2.08E-17,0,0.58125275,0.47003502,3
0.2586221,0.30274343,1.51E-05,1.46E-06,0.38159412,0.46982324,0,0,0.34851477,0.4641461,0,0,0.38961926,0.4486558,0,0,0.43765217,0.46403483,0,0,0,0,0,0.982663,0,0.43570697,0,0.4486267,0,0,2.08E-17,0,0.58125275,0.47003502,2
0.4603618,0.49586412,0.21350643,0.13150328,0.38159412,0.46982324,0,0,0.34851477,0.4641461,0,0,0.38961926,0.4486558,0,0,0.43765217,0.46403483,0,0,0,0,0,0.9826649,0,0.43570697,0,0.4486267,0,0,2.08E-17,0,0.58125275,0.47003502,4
0.006102226,0.0028496631,0.055533443,0.081272475,0.38159412,0.46982324,0,0,0.34851477,0.4641461,1.72E-09,2.51E-18,0.38961926,0.4486558,1.99E-09,3.80E-18,0.43765217,0.46403483,5.78E-23,1.76E-22,0.0017894824,3.35E-14,0.0006873869,2.84E-08,1.31E-13,0.43570697,2.71E-18,0.4486267,0.0023831693,1.98E-09,2.08E-17,3.80E-18,0.58125275,0.47003502,0
0.74286455,0.6491873,0.008084633,7.89E-05,0.38159412,0.46982324,0,0,0.34851477,0.4641461,0,0,0.38961926,0.4486558,0,0,0.43765217,0.46403483,0,0,0,0,0,0.9826656,0,0.43570697,0,0.4486267,0,0,2.08E-17,0,0.58125275,0.47003502,3
0.7274767,0.8101179,0.24386786,0.12167655,0.38159412,0.46982324,0.013615668,0.0001381128,0.34851477,0.4641461,0.010528959,9.43E-05,0.38961926,0.4486558,0.0071508335,4.91E-05,0.43765217,0.46403483,1.58E-22,1.36E-22,0.59254444,1.38E-10,0.7186252,6.15E-06,2.42E-05,0.43570697,0,0.4486267,0,0,0.3503546,0,0.58125275,0.47003502,4
0.36040217,0.4676845,0.005912196,0.00010679803,0.38159412,0.46982324,2.78E-06,5.78E-12,0.34851477,0.4641461,0.00068880076,4.04E-07,0.38961926,0.4486558,0.0007969536,6.10E-07,0.43765217,0.46403483,5.43E-21,8.42E-21,0.24524754,2.09E-11,0.35308897,9.50E-06,3.74E-05,0.43570697,0,0.4486267,0,0,0.009929078,0,0.58125275,0.47003502,3
0.23062344,0.23498355,7.45E-05,3.71E-06,0.38159412,0.46982324,0,0,0.34851477,0.4641461,0,0,0.38961926,0.4486558,0,0,0.43765217,0.46403483,0,0,0,0,0,0.9826629,0,0.43570697,0,0.4486267,0,0,2.08E-17,0,0.58125275,0.47003502,2
0.0008593723,0.0015553619,0.013238805,0.007832718,0.38159412,0.46982747,0.042296287,0.0014155636,0.34853932,0.4741092,0.050820705,0.0022572272,0.3897877,0.503699,0.099446915,0.010084028,0.4375311,0.46089172,5.97E-21,6.65E-19,0.0007620255,5.91E-18,0.0016287607,8.28E-10,2.74E-11,0.43570623,0.004073967,0.41647777,0.001497309,0.06493374,0.049534373,0.0042140293,0.58100873,0.4491015,0
0.31104714,0.4082831,0.2126025,0.13912354,0.38159412,0.46982324,0,0,0.34851477,0.4641461,0,0,0.38961926,0.4486558,0,0,0.43765217,0.46403483,0,0,0,0,0,0.9826662,0,0.43570697,0,0.4486267,0,0,2.08E-17,0,0.58125275,0.47003502,1
0.6780917,0.21861316,0.00804884,7.98E-05,0.38159412,0.46982324,5.45E-07,2.21E-13,0.34851477,0.4641461,0.00017905029,2.73E-08,0.38961926,0.4486558,0.00026164477,6.58E-08,0.43765217,0.46403483,6.00E-23,4.95E-13,0.6418607,8.18E-05,0.2247218,7.50E-05,0.00029491002,0.43570697,0,0.4486267,0,0,0.009929078,0,0.58125275,0.47003502,3
0.5927484,0.16921766,0.2506469,0.12727048,0.38159412,0.46982324,5.96E-06,2.65E-11,0.34851477,0.4641461,0.0052951137,2.39E-05,0.38961926,0.4486558,0.008197426,6.46E-05,0.43765217,0.46403483,6.29E-23,7.19E-11,0.4891887,0.00017192209,0.15061867,0.0001172437,0.0004611706,0.43570697,0,0.4486267,0,0,0.35886526,0,0.58125275,0.47003502,1
0.74678004,0.6764527,0.0070858267,9.58E-05,0.38159412,0.46982324,0,0,0.34851477,0.4641461,0,0,0.38961926,0.4486558,0,0,0.43765217,0.46403483,0,0,0,0,0,0.9826656,0,0.43570697,0,0.4486267,0,0,2.08E-17,0,0.58125275,0.47003502,3
0.25147673,0.3058793,1.59E-05,1.61E-06,0.38159412,0.46982324,0,0,0.34851477,0.4641461,0,0,0.38961926,0.4486558,0,0,0.43765217,0.46403483,0,0,0,0,0,0.982663,0,0.43570697,0,0.4486267,0,0,2.08E-17,0,0.58125275,0.47003502,2
0.0009099898,0.0015915309,0.013948413,0.02209497,0.38159412,0.46982324,1.91E-05,3.40E-06,0.34851477,0.46414575,0.022423709,0.0007064347,0.38960797,0.4406198,0.16764386,0.03089427,0.43894237,0.47345477,4.01E-22,1.48E-19,0.00079585216,7.74E-18,0.0016638205,7.95E-10,7.05E-18,0.43570697,0.0018315413,0.4714545,0.0013120797,0.05640478,0.043632075,0.0033596505,0.5815893,0.49939716,0
0.42272666,0.19497794,0.21473323,0.13124193,0.38159412,0.46982324,0.0049343323,1.81E-05,0.34851477,0.4641461,0.013196423,0.0001481479,0.38961926,0.4486558,0.013431237,0.0001733561,0.43765217,0.46403483,3.71E-21,6.39E-18,0.29818204,5.12E-05,0.15230243,9.78E-05,0.0003845456,0.43570697,0,0.4486267,0,0,0.3503546,0,0.58125275,0.47003502,4
0.42207006,0.59494543,0.2136066,0.13148308,0.38159412,0.46982324,0.0012707346,1.20E-06,0.34851477,0.4641461,0.011654029,0.00011554075,0.38961926,0.4486558,0.012559607,0.00015158602,0.43765217,0.46403483,3.89E-21,2.57E-21,0.2931,1.27E-15,0.46228972,2.80E-06,1.10E-05,0.43570697,0,0.4486267,0,0,0.3503546,0,0.58125275,0.47003502,4
0.4044397,0.42941958,0.21510278,0.13868478,0.38159412,0.46982324,0.0006716774,3.36E-07,0.34851477,0.4641461,0.025057988,0.000534165,0.38961926,0.4486558,0.027667155,0.00073559047,0.43765217,0.46403483,7.58E-22,1.30E-21,0.29339495,4.20E-10,0.32839087,1.40E-05,5.52E-05,0.43570697,0,0.4486267,0,0,0.35886526,0,0.58125275,0.47003502,1
0.71338075,0.76290524,0.2500601,0.12753762,0.38159412,0.46982324,0,0,0.34851477,0.4641461,0,0,0.38961926,0.4486558,0,0,0.43765217,0.46403483,0,0,0,0,0,0.9826662,0,0.43570697,0,0.4486267,0,0,2.08E-17,0,0.58125275,0.47003502,1
0.42073268,0.51303035,0.21239541,0.13172801,0.38159412,0.46982324,0.010449487,8.13E-05,0.34851477,0.4641461,0.015490888,0.00020414354,0.38961926,0.4486558,0.014426692,0.0002000049,0.43765217,0.46403483,1.08E-21,1.82E-21,0.29441532,1.56E-10,0.39641216,1.05E-05,4.14E-05,0.43570697,0,0.4486267,0,0,0.3503546,0,0.58125275,0.47003502,4
0.7516188,0.79464644,0.00808177,7.84E-05,0.38159412,0.46982324,0,0,0.34851477,0.4641461,0,0,0.38961926,0.4486558,0,0,0.43765217,0.46403483,0,0,0,0,0,0.9826656,0,0.43570697,0,0.4486267,0,0,2.08E-17,0,0.58125275,0.47003502,3
0.23017955,0.27767122,7.30E-05,3.78E-06,0.38159412,0.46982324,0,0,0.34851477,0.4641461,0,0,0.38961926,0.4486558,0,0,0.43765217,0.46403483,0,0,0,0,0,0.98266304,0,0.43570697,0,0.4486267,0,0,2.08E-17,0,0.58125275,0.47003502,2
0.22938035,0.30955964,7.25E-05,3.69E-06,0.38159412,0.46982324,0,0,0.34851477,0.4641461,0,0,0.38961926,0.4486558,0,0,0.43765217,0.46403483,0,0,0,0,0,0.98266315,0,0.43570697,0,0.4486267,0,0,2.08E-17,0,0.58125275,0.47003502,2
0.22743942,0.15944754,7.63E-05,4.05E-06,0.38159412,0.46982324,0,0,0.34851477,0.4641461,0,0,0.38961926,0.4486558,0,0,0.43765217,0.46403483,0,0,0,0,0,0.98266286,0,0.43570697,0,0.4486267,0,0,2.08E-17,0,0.58125275,0.47003502,2
0.34805766,0.14605014,0.18319839,0.13425638,0.38159412,0.46982324,0,0,0.34851477,0.4641461,0,0,0.38961926,0.4486558,0,0,0.43765217,0.46403483,0,0,0,0,0,0.98266697,0,0.43570697,0,0.4486267,0,0,2.08E-17,0,0.58125275,0.47003502,5
0.23056425,0.17570904,7.77E-05,4.10E-06,0.38159412,0.46982324,0,0,0.34851477,0.4641461,0,0,0.38961926,0.4486558,0,0,0.43765217,0.46403483,0,0,0,0,0,0.98266286,0,0.43570697,0,0.4486267,0,0,2.08E-17,0,0.58125275,0.47003502,2
0.41331568,0.16904274,0.21490723,0.13120696,0.38159412,0.46982324,0,0,0.34851477,0.4641461,0,0,0.38961926,0.4486558,0,0,0.43765217,0.46403483,0,0,0,0,0,0.98266476,0,0.43570697,0,0.4486267,0,0,2.08E-17,0,0.58125275,0.47003502,4
0.2620992,0.3134919,1.50E-05,1.45E-06,0.38159412,0.46982324,0,0,0.34851477,0.4641461,0,0,0.38961926,0.4486558,0,0,0.43765217,0.46403483,0,0,0,0,0,0.982663,0,0.43570697,0,0.4486267,0,0,2.08E-17,0,0.58125275,0.47003502,2
0.3762467,0.38465026,0.2118688,0.13924332,0.38159412,0.46982324,0.022310885,0.00037084258,0.34851477,0.4641461,0.033154804,0.0009351387,0.38961926,0.4486558,0.028462961,0.0007785155,0.43765217,0.46403483,1.03E-21,1.58E-21,0.25334647,8.34E-09,0.2897532,2.11E-05,8.31E-05,0.43570697,0,0.4486267,0,0,0.35886526,0,0.58125275,0.47003502,1
0.00041465604,0.00045735546,0.013476679,0.00046428244,0.38159412,0.46982324,0,0,0.34851477,0.4641461,9.84E-07,8.28E-13,0.38961926,0.4486558,0.0082547,6.55E-05,0.43765172,0.45073283,0,0,6.94E-06,1.16E-23,6.79E-05,2.59E-08,2.14E-16,0.43570697,8.93E-13,0.4486267,0.000206843,0.007932305,0.033604015,6.09E-05,0.5812522,0.45108047,0
0.7559725,0.92753416,0.24467386,0.121317975,0.38159412,0.46982324,1.94E-06,2.79E-12,0.34851477,0.4641461,0.0041956226,1.50E-05,0.38961926,0.4486558,0.006422717,3.96E-05,0.43765217,0.46403483,6.32E-22,2.65E-22,0.6227657,8.24E-14,0.82548684,2.56E-06,1.01E-05,0.43570697,0,0.4486267,0,0,0.3503546,0,0.58125275,0.47003502,4
0.0010476661,0.0015784135,0.008191177,0.0008125085,0.38159412,0.46982324,0.0026093314,5.61E-06,0.34851474,0.4638382,0.031858277,0.001006208,0.38958707,0.4318646,0.031142816,0.0011664074,0.43769634,0.47206122,3.46E-17,3.46E-17,0.0011355584,2.46E-17,0.0017067791,7.79E-10,1.76E-17,0.43570697,0.00045678756,0.44809482,0.001529664,0.00372457,0.038886953,0.0005428258,0.58126247,0.49031544,0
0.38589108,0.45320114,0.2043195,0.14023104,0.38159412,0.46982324,7.00E-05,3.66E-09,0.34851477,0.4641461,0.01824529,0.0002831943,0.38961926,0.4486558,0.026745291,0.0006873877,0.43765217,0.46403483,1.47E-21,3.03E-21,0.25431687,2.21E-11,0.32916787,1.03E-05,4.05E-05,0.43570697,0,0.4486267,0,0,0.35886526,0,0.58125275,0.47003502,1
0.35344404,0.3710989,0.18461004,0.13427229,0.38159412,0.46982324,0.011147451,9.26E-05,0.34851477,0.4641461,0.02004228,0.00034172542,0.38961926,0.4486558,0.017918048,0.00030852368,0.43765217,0.46403483,9.47E-22,1.28E-21,0.22285232,6.65E-09,0.24926107,2.37E-05,9.33E-05,0.43570697,2.09E-15,0.4486267,0.86366403,1.25E-07,0.3503546,1.51E-14,0.58125275,0.47003502,5
0.22122061,0.16823834,7.87E-05,4.16E-06,0.38159412,0.46982324,0,0,0.34851477,0.4641461,0,0,0.38961926,0.4486558,0,0,0.43765217,0.46403483,0,0,0,0,0,0.98266286,0,0.43570697,0,0.4486267,0,0,2.08E-17,0,0.58125275,0.47003502,2
0.38131765,0.23963712,0.18473603,0.13427758,0.38159412,0.46982324,0,0,0.34851477,0.4641461,0,0,0.38961926,0.4486558,0,0,0.43765217,0.46403483,0,0,0,0,0,0.982667,0,0.43570697,0,0.4486267,0,0,2.08E-17,0,0.58125275,0.47003502,5
0.2273612,0.16822122,7.59E-05,3.97E-06,0.38159412,0.46982324,0,0,0.34851477,0.4641461,0,0,0.38961926,0.4486558,0,0,0.43765217,0.46403483,0,0,0,0,0,0.98266286,0,0.43570697,0,0.4486267,0,0,2.08E-17,0,0.58125275,0.47003502,2
0.43504903,0.51173735,0.21272582,0.13166192,0.38159412,0.46982324,0,0,0.34851477,0.4641461,0,0,0.38961926,0.4486558,0,0,0.43765217,0.46403483,0,0,0,0,0,0.9826649,0,0.43570697,0,0.4486267,0,0,2.08E-17,0,0.58125275,0.47003502,4
0.71286386,0.9652146,0.24474163,0.12128748,0.38159412,0.46982324,0,0,0.34851477,0.4641461,0,0,0.38961926,0.4486558,0,0,0.43765217,0.46403483,0,0,0,0,0,0.982665,0,0.43570697,0,0.4486267,0,0,2.08E-17,0,0.58125275,0.47003502,4
0.46903816,0.34587917,0.21441627,0.13131028,0.38159412,0.46982324,0,0,0.34851477,0.4641461,0,0,0.38961926,0.4486558,0,0,0.43765217,0.46403483,0,0,0,0,0,0.9826648,0,0.43570697,0,0.4486267,0,0,2.08E-17,0,0.58125275,0.47003502,4
0.709939,0.719753,0.2503277,0.1274156,0.38159412,0.46982324,8.00E-07,4.77E-13,0.34851477,0.4641461,0.004034073,1.38E-05,0.38961926,0.4486558,0.0062581426,3.76E-05,0.43765217,0.46403483,1.49E-22,1.70E-22,0.5802981,3.55E-09,0.6398178,9.55E-06,3.76E-05,0.43570697,0,0.4486267,0,0,0.35886526,0,0.58125275,0.47003502,1
0.0022554018,0.003392801,0.046256498,0.06471785,0.38159412,0.46982324,0.009614441,6.89E-05,0.34851477,0.46412247,0.30618557,0.26115605,0.3954421,0.46305823,0.34024733,0.27627963,0.43328163,0.4602054,1.09E-16,2.52E-16,0.00080514513,1.48E-16,0.0023656336,4.88E-10,4.89E-17,0.43570697,0,0.4486267,0,0,0.009929078,0,0.58125275,0.47003502,0
0.4605109,0.6068447,0.21334566,0.13153523,0.38159412,0.46982324,0,0,0.34851477,0.4641461,0,0,0.38961926,0.4486558,0,0,0.43765217,0.46403483,0,0,0,0,0,0.98266506,0,0.43570697,0,0.4486267,0,0,2.08E-17,0,0.58125275,0.47003502,4
0.34634218,0.29766923,0.1837154,0.13425758,0.38159412,0.46982324,0,0,0.34851477,0.4641461,0,0,0.38961926,0.4486558,0,0,0.43765217,0.46403483,0,0,0,0,0,0.982667,0,0.43570697,0,0.4486267,0,0,2.08E-17,0,0.58125275,0.47003502,5
0.3795346,0.40432128,0.18413718,0.13426721,0.38159412,0.46982324,0,0,0.34851477,0.4641461,0,0,0.38961926,0.4486558,0,0,0.43765217,0.46403483,0,0,0,0,0,0.9826671,0,0.43570697,0,0.4486267,0,0,2.08E-17,0,0.58125275,0.47003502,5
0.7241747,0.5956258,0.008079996,7.93E-05,0.38159412,0.46982324,1.60E-06,1.91E-12,0.34851477,0.4641461,0.00020812219,3.68E-08,0.38961926,0.4486558,0.00027957128,7.51E-08,0.43765217,0.46403483,2.26E-22,1.30E-22,0.6857704,1.78E-07,0.61305296,1.50E-05,5.90E-05,0.43570697,0,0.4486267,0,0,0.009929078,0,0.58125275,0.47003502,3
0.43687823,0.30513093,0.00571701,0.00010758443,0.38159412,0.46982324,0,0,0.34851477,0.4641461,0,0,0.38961926,0.4486558,0,0,0.43765217,0.46403483,0,0,0,0,0,0.98266554,0,0.43570697,0,0.4486267,0,0,2.08E-17,0,0.58125275,0.47003502,3
0.003067775,0.00186834,0.05461331,0.17187841,0.06079614,0.32375732,0.9511036,0.95343274,0.0905897,0.34047955,0.8250917,0.8394506,0.3111403,0.40257484,0.460728,0.27196795,0.46996826,0.48882836,1.15E-18,2.22E-18,0.0031848724,7.94E-18,0.0019928797,6.05E-10,1.47E-17,0.18730052,0.932693,0.17049342,0.0019456557,0.79062456,0.1995028,0.60511994,0.5577094,0.29926607,0
0.7240259,0.6518247,0.008074549,7.91E-05,0.38159412,0.46982324,0.00017508339,2.28E-08,0.34851477,0.4641461,0.00027086184,6.24E-08,0.38961926,0.4486558,0.0002751459,7.28E-08,0.43765217,0.46403483,1.49E-22,1.55E-22,0.6818895,4.70E-08,0.6713629,1.20E-05,4.71E-05,0.43570697,0,0.4486267,0,0,0.009929078,0,0.58125275,0.47003502,3
0.4437177,0.54608566,0.21359475,0.13148521,0.38159412,0.46982324,0.0003950014,1.16E-07,0.34851477,0.4641461,0.010566976,9.50E-05,0.38961926,0.4486558,0.013441319,0.00017361644,0.43765217,0.46403483,6.71E-22,1.05E-21,0.3232168,3.81E-12,0.42431775,6.85E-06,2.70E-05,0.43570697,0,0.4486267,0,0,0.3503546,0,0.58125275,0.47003502,4
0.3635355,0.20863363,0.18462072,0.13427657,0.38159412,0.46982324,0.000121816556,1.11E-08,0.34851477,0.4641461,0.013379102,0.00015227793,0.38961926,0.4486558,0.018920703,0.00034401836,0.43765217,0.46403483,1.42E-21,1.89E-21,0.2295273,1.47E-05,0.14015111,9.13E-05,0.00035922453,0.43570697,5.80E-16,0.4486267,0.48557535,8.61E-08,0.3503546,7.17E-15,0.58125275,0.47003502,5
0.0010991831,0.0015494569,0.008118243,0.00084776146,0.38158876,0.45346826,0.06489277,0.0031378954,0.3484617,0.42580715,0.045944232,0.0018862712,0.38999745,0.57803816,0.03283475,0.0012376397,0.4379474,0.515838,1.66E-18,3.73E-18,0.0009497858,6.22E-18,0.0015469497,8.85E-10,6.33E-18,0.42950916,0.004003928,0.45551485,0.001275479,0.05825312,0.045130517,0.0035511178,0.58165485,0.50392777,0
0.22497706,0.31190985,7.12E-05,3.49E-06,0.38159412,0.46982324,0,0,0.34851477,0.4641461,0,0,0.38961926,0.4486558,0,0,0.43765217,0.46403483,0,0,0,0,0,0.98266315,0,0.43570697,0,0.4486267,0,0,2.08E-17,0,0.58125275,0.47003502,2
0.0011589061,0.0015768477,0.007983385,0.0008060252,0.38159412,0.46982265,0.0055855485,6.97E-05,0.34851435,0.4606834,0.033899922,0.0011298521,0.38969508,0.48414132,0.031405974,0.0011816261,0.4379569,0.51879627,9.73E-18,9.63E-18,0.0011104302,6.84E-18,0.0016527284,8.02E-10,6.33E-18,0.43570697,0.00016132962,0.44835523,0.0014790251,0.0019955153,0.039277088,0.0005043924,0.58125216,0.46782872,0
0.45455095,0.5854689,0.21501134,0.13118123,0.38159412,0.46982324,0,0,0.34851477,0.4641461,0,0,0.38961926,0.4486558,0,0,0.43765217,0.46403483,0,0,0,0,0,0.982665,0,0.43570697,0,0.4486267,0,0,2.08E-17,0,0.58125275,0.47003502,4
0.22140309,0.215851,7.85E-05,3.93E-06,0.38159412,0.46982324,0,0,0.34851477,0.4641461,0,0,0.38961926,0.4486558,0,0,0.43765217,0.46403483,0,0,0,0,0,0.9826629,0,0.43570697,0,0.4486267,0,0,2.08E-17,0,0.58125275,0.47003502,2
0.71576905,0.6242848,0.24338177,0.12189097,0.38159412,0.46982324,2.95E-08,6.48E-16,0.34851477,0.4641461,0.0029196774,7.25E-06,0.38961926,0.4486558,0.0059593106,3.41E-05,0.43765217,0.46403483,1.23E-22,1.46E-22,0.5838814,6.94E-08,0.55265844,1.49E-05,5.86E-05,0.43570697,0,0.4486267,0,0,0.3503546,0,0.58125275,0.47003502,4
0.7338773,0.6238224,0.008081682,7.91E-05,0.38159412,0.46982324,7.64E-08,4.35E-15,0.34851477,0.4641461,0.00015225277,1.97E-08,0.38961926,0.4486558,0.00026481738,6.74E-08,0.43765217,0.46403483,1.37E-22,1.06E-22,0.6946243,9.53E-08,0.6426927,1.34E-05,5.29E-05,0.43570697,0,0.4486267,0,0,0.009929078,0,0.58125275,0.47003502,3
0.35360137,0.08898678,0.21837373,0.13040468,0.38159412,0.46982324,0,0,0.34851477,0.4641461,0,0,0.38961926,0.4486558,0,0,0.43765217,0.46403483,0,0,0,0,0,0.98266476,0,0.43570697,0,0.4486267,0,0,2.08E-17,0,0.58125275,0.47003502,4
0.2275905,0.31415346,7.36E-05,3.69E-06,0.38159412,0.46982324,0,0,0.34851477,0.4641461,0,0,0.38961926,0.4486558,0,0,0.43765217,0.46403483,0,0,0,0,0,0.9826632,0,0.43570697,0,0.4486267,0,0,2.08E-17,0,0.58125275,0.47003502,2
0.25821656,0.35699305,1.60E-05,1.61E-06,0.38159412,0.46982324,0,0,0.34851477,0.4641461,0,0,0.38961926,0.4486558,0,0,0.43765217,0.46403483,0,0,0,0,0,0.98266315,0,0.43570697,0,0.4486267,0,0,2.08E-17,0,0.58125275,0.47003502,2
0.0012986368,0.0016513104,0.008453931,0.00089388905,0.38159412,0.46982315,0.00082345813,0.00029128583,0.3485147,0.46306622,0.028606495,0.00090661686,0.3896909,0.48790222,0.03327276,0.0012730986,0.43797046,0.5182663,9.76E-19,2.22E-18,0.0012165077,5.37E-18,0.0016961466,7.71E-10,5.90E-18,0.43570697,8.37E-05,0.4486267,0.0013753357,1.44E-06,0.040156357,0.00043122817,0.58125275,0.4700274,0
0.42652717,0.5237357,0.213167,0.13157168,0.38159412,0.46982324,0,0,0.34851477,0.4641461,0,0,0.38961926,0.4486558,0,0,0.43765217,0.46403483,0,0,0,0,0,0.9826649,0,0.43570697,0,0.4486267,0,0,2.08E-17,0,0.58125275,0.47003502,4
0.22122522,0.31479087,7.27E-05,3.69E-06,0.38159412,0.46982324,0,0,0.34851477,0.4641461,0,0,0.38961926,0.4486558,0,0,0.43765217,0.46403483,0,0,0,0,0,0.9826632,0,0.43570697,0,0.4486267,0,0,2.08E-17,0,0.58125275,0.47003502,2
0.33905008,0.12626845,0.18411079,0.13427572,0.38159412,0.46982324,0.0016328009,1.99E-06,0.34851477,0.4641461,0.018588524,0.0002939496,0.38961926,0.4486558,0.021349626,0.00043801364,0.43765217,0.46403483,1.62E-21,3.39E-14,0.21218655,0.00016945532,0.08460129,0.00019171508,0.00075404154,0.43570697,2.32E-15,0.4486267,0.2930601,4.88E-08,0.3503546,2.31E-15,0.58125275,0.47003502,5
0.005575507,0.0012045533,0.05218842,0.06730447,0.36027005,0.40906522,0.3265283,0.19285707,0.32003742,0.38623497,0.32381177,0.22638768,0.35786322,0.3674604,0.30760896,0.23291454,0.41219243,0.43723893,1.06E-18,1.47E-18,0.006138829,5.90E-17,0.0010863831,1.67E-09,2.48E-16,0.49946883,0.18305084,0.5108003,0.0003753228,0.3570489,0.19558986,0.19159602,0.6265471,0.5297835,0
0.5646425,0.14094244,0.0070052505,9.69E-05,0.38159412,0.46982324,1.86E-06,2.59E-12,0.34851477,0.4641461,0.00019121714,3.11E-08,0.38961926,0.4486558,0.0002534484,6.17E-08,0.43765217,0.46403483,6.59E-21,5.58E-09,0.46647495,0.00027864246,0.12660676,0.00014568279,0.00057301664,0.43570697,0,0.4486267,0,0,0.009929078,0,0.58125275,0.47003502,3
0.7349641,0.40634808,0.008065496,7.92E-05,0.38159412,0.46982324,0.00051496935,1.98E-07,0.34851477,0.4641461,0.0003117943,8.27E-08,0.38961926,0.4486558,0.00029228872,8.21E-08,0.43765217,0.46403483,1.40E-22,1.29E-22,0.7013982,5.65E-06,0.41890812,3.11E-05,0.00012217686,0.43570697,0,0.4486267,0,0,0.009929078,0,0.58125275,0.47003502,3
0.3769093,0.2686035,0.18475498,0.1342793,0.38159412,0.46982324,0.0020533607,3.14E-06,0.34851477,0.4641461,0.01645127,0.00023024058,0.38961926,0.4486558,0.018537031,0.00033020793,0.43765217,0.46403483,3.36E-21,1.89E-21,0.23533076,2.02E-06,0.18056637,5.83E-05,0.00022930496,0.43570697,1.74E-15,0.4486267,0.6256173,1.21E-07,0.3503546,1.41E-14,0.58125275,0.47003502,5
0.0006132161,0.00084922876,0.03064965,0.036740102,0.38159412,0.46982324,1.39E-09,0.0074217,0.34851477,0.4641461,1.78E-05,0.008666827,0.38961926,0.4486565,0.0304104,0.009673779,0.43845797,0.5045084,6.64E-19,2.85E-17,0.00035085884,2.32E-16,0.00027227835,9.47E-09,2.83E-15,0.43570697,3.63E-18,0.4486267,0.00014756863,0,0.009929078,0,0.58125275,0.47003502,0
0.42048496,0.60375977,0.21342605,0.13151874,0.38159412,0.46982324,0.0041436306,1.28E-05,0.34851477,0.4641461,0.016164653,0.00022228787,0.38961926,0.4486558,0.0135613,0.0001767298,0.43765217,0.46403483,5.14E-22,6.76E-22,0.29667452,1.13E-18,0.46876234,1.37E-06,5.38E-06,0.43570697,0,0.4486267,0,0,0.3503546,0,0.58125275,0.47003502,4
0.7127485,0.99100614,0.24414127,0.12155546,0.38159412,0.46982324,3.43E-05,8.78E-10,0.34851477,0.4641461,0.0059746993,3.04E-05,0.38961926,0.4486558,0.007022589,4.74E-05,0.43765217,0.46403483,1.50E-22,1.87E-22,0.58436185,5.59E-19,0.8800689,7.26E-07,2.86E-06,0.43570697,0,0.4486267,0,0,0.3503546,0,0.58125275,0.47003502,4
0.23079044,0.2301143,7.58E-05,3.79E-06,0.38159412,0.46982324,0,0,0.34851477,0.4641461,0,0,0.38961926,0.4486558,0,0,0.43765217,0.46403483,0,0,0,0,0,0.9826629,0,0.43570697,0,0.4486267,0,0,2.08E-17,0,0.58125275,0.47003502,2
0.41802606,0.51162165,0.2123739,0.13173276,0.38159412,0.46982324,0,0,0.34851477,0.4641461,0,0,0.38961926,0.4486558,0,0,0.43765217,0.46403483,0,0,0,0,0,0.9826649,0,0.43570697,0,0.4486267,0,0,2.08E-17,0,0.58125275,0.47003502,4
0.26173466,0.35871083,1.58E-05,1.60E-06,0.38159412,0.46982324,0,0,0.34851477,0.4641461,0,0,0.38961926,0.4486558,0,0,0.43765217,0.46403483,0,0,0,0,0,0.9826632,0,0.43570697,0,0.4486267,0,0,2.08E-17,0,0.58125275,0.47003502,2
0.35423946,0.43106773,0.0060293954,0.00010615161,0.38159412,0.46982324,1.11E-07,9.25E-15,0.34851477,0.4641461,0.00049504335,2.08E-07,0.38961926,0.4486558,0.00071355543,4.89E-07,0.43765217,0.46403483,3.34E-21,4.63E-21,0.28082815,5.27E-10,0.3319489,1.41E-05,5.56E-05,0.43570697,0,0.4486267,0,0,0.009929078,0,0.58125275,0.47003502,3
0.7347305,0.8865304,0.0073379306,9.20E-05,0.38159412,0.46982324,3.97E-07,1.17E-13,0.34851477,0.4641461,0.0001437289,1.76E-08,0.38961926,0.4486558,0.00023930543,5.50E-08,0.43765217,0.46403483,2.29E-23,1.96E-23,0.7536274,5.13E-12,0.8344557,3.91E-06,1.54E-05,0.43570697,0,0.4486267,0,0,0.009929078,0,0.58125275,0.47003502,3
0.012543589,0.0034264035,0.07334838,0.10364501,0.38159412,0.46982324,1.39E-09,1.62E-18,0.34851477,0.4641461,1.41E-05,1.70E-10,0.38961926,0.4486558,0.009898367,9.42E-05,0.4376516,0.4520311,0,0,5.78E-06,2.84E-21,6.89E-05,2.57E-08,3.37E-16,0.43570697,1.83E-10,0.44862667,0.00023904545,0.0098610865,0.033282,9.41E-05,0.5812523,0.45816585,0
0.40531528,0.3969816,0.005851858,0.00010709499,0.38159412,0.46982324,0,0,0.34851477,0.4641461,0,0,0.38961926,0.4486558,0,0,0.43765217,0.46403483,0,0,0,0,0,0.9826656,0,0.43570697,0,0.4486267,0,0,2.08E-17,0,0.58125275,0.47003502,3
0.35212067,0.29559702,0.21185125,0.13924864,0.38159412,0.46982324,0,0,0.34851477,0.4641461,0,0,0.38961926,0.4486558,0,0,0.43765217,0.46403483,0,0,0,0,0,0.98266613,0,0.43570697,0,0.4486267,0,0,2.08E-17,0,0.58125275,0.47003502,1
0.61109453,0.17831475,0.2476828,0.12859909,0.38159412,0.46982324,0,0,0.34851477,0.4641461,0,0,0.38961926,0.4486558,0,0,0.43765217,0.46403483,0,0,0,0,0,0.9826661,0,0.43570697,0,0.4486267,0,0,2.08E-17,0,0.58125275,0.47003502,1
0.40174058,0.38305926,0.00582105,0.0001072393,0.38159412,0.46982324,0,0,0.34851477,0.4641461,0,0,0.38961926,0.4486558,0,0,0.43765217,0.46403483,0,0,0,0,0,0.9826656,0,0.43570697,0,0.4486267,0,0,2.08E-17,0,0.58125275,0.47003502,3
0.7051439,0.738268,0.25058517,0.12729806,0.38159412,0.46982324,4.02E-08,1.20E-15,0.34851477,0.4641461,0.0028721802,7.02E-06,0.38961926,0.4486558,0.0059697805,3.42E-05,0.43765217,0.46403483,5.60E-23,1.02E-22,0.5803597,1.80E-09,0.65694827,8.69E-06,3.42E-05,0.43570697,0,0.4486267,0,0,0.35886526,0,0.58125275,0.47003502,1
0.7202624,0.6066245,0.24308501,0.12202063,0.38159412,0.46982324,3.71E-07,1.02E-13,0.34851477,0.4641461,0.003661458,1.14E-05,0.38961926,0.4486558,0.0061875437,3.68E-05,0.43765217,0.46403483,1.25E-22,1.57E-22,0.58377767,1.09E-07,0.5363719,1.61E-05,6.31E-05,0.43570697,0,0.4486267,0,0,0.3503546,0,0.58125275,0.47003502,4
0.4408292,0.44897395,0.0061074374,0.00010566021,0.38159412,0.46982324,0.0007124826,3.78E-07,0.34851477,0.4641461,0.00072981545,4.53E-07,0.38961926,0.4486558,0.00073362055,5.17E-07,0.43765217,0.46403483,5.68E-22,9.58E-22,0.35569033,2.64E-10,0.35030895,1.28E-05,5.04E-05,0.43570697,0,0.4486267,0,0,0.009929078,0,0.58125275,0.47003502,3
0.2549601,0.35727337,1.49E-05,1.47E-06,0.38159412,0.46982324,0,0,0.34851477,0.4641461,0,0,0.38961926,0.4486558,0,0,0.43765217,0.46403483,0,0,0,0,0,0.9826632,0,0.43570697,0,0.4486267,0,0,2.08E-17,0,0.58125275,0.47003502,2
0.24953541,0.3590098,1.52E-05,1.54E-06,0.38159412,0.46982324,0,0,0.34851477,0.4641461,0,0,0.38961926,0.4486558,0,0,0.43765217,0.46403483,0,0,0,0,0,0.9826632,0,0.43570697,0,0.4486267,0,0,2.08E-17,0,0.58125275,0.47003502,2
0.70693743,0.61056256,0.24981168,0.12765059,0.38159412,0.46982324,2.52E-07,4.74E-14,0.34851477,0.4641461,0.0036170052,1.11E-05,0.38961926,0.4486558,0.0062355096,3.74E-05,0.43765217,0.46403483,1.79E-22,1.66E-22,0.5721453,8.57E-08,0.54163384,1.55E-05,6.09E-05,0.43570697,0,0.4486267,0,0,0.35886526,0,0.58125275,0.47003502,1
0.001131229,0.0016379006,0.008482494,0.00091100036,0.38159412,0.46994543,0.0076973964,0.0006304936,0.3485264,0.48673272,0.033647634,0.0012263119,0.3899989,0.60331804,0.033385012,0.0013080263,0.43799594,0.5203706,4.88E-21,3.70E-18,0.0011864327,6.05E-18,0.0017118712,5.64E-08,2.19E-07,0.43570697,0.0005120072,0.4486267,0.0014175206,0,0.038499154,0.0005527829,0.58125275,0.47003502,0
0.4266481,0.60264266,0.2115132,0.1318943,0.38159412,0.46982324,0.00022411552,3.74E-08,0.34851477,0.4641461,0.012442879,0.00013171183,0.38961926,0.4486558,0.013622602,0.00017833117,0.43765217,0.46403483,9.94E-22,7.47E-22,0.2983733,5.86E-21,0.46368948,8.02E-07,3.16E-06,0.43570697,0,0.4486267,0,0,0.3503546,0,0.58125275,0.47003502,4
0.24711633,0.33535254,1.49E-05,1.51E-06,0.38159412,0.46982324,0,0,0.34851477,0.4641461,0,0,0.38961926,0.4486558,0,0,0.43765217,0.46403483,0,0,0,0,0,0.98266304,0,0.43570697,0,0.4486267,0,0,2.08E-17,0,0.58125275,0.47003502,2
0.28019476,0.06329543,0.18221049,0.13423836,0.38159412,0.46982324,0,0,0.34851477,0.4641461,0,0,0.38961926,0.4486558,0,0,0.43765217,0.46403483,0,0,0,0,0,0.98266697,0,0.43570697,0,0.4486267,0,0,2.08E-17,0,0.58125275,0.47003502,5
0.4211868,0.5689677,0.21383396,0.13143347,0.38159412,0.46982324,0.00032695447,7.96E-08,0.34851477,0.4641461,0.011558587,0.000113656046,0.38961926,0.4486558,0.013135629,0.00016580928,0.43765217,0.46403483,8.61E-22,2.08E-21,0.3041875,1.90E-13,0.44258386,4.84E-06,1.90E-05,0.43570697,0,0.4486267,0,0,0.3503546,0,0.58125275,0.47003502,4
0.38639373,0.44852597,0.0059934924,0.00010633803,0.38159412,0.46982324,0,0,0.34851477,0.4641461,0,0,0.38961926,0.4486558,0,0,0.43765217,0.46403483,0,0,0,0,0,0.98266566,0,0.43570697,0,0.4486267,0,0,2.08E-17,0,0.58125275,0.47003502,3
0.7066446,0.6960618,0.24386697,0.1216773,0.38159412,0.46982324,6.84E-06,3.49E-11,0.34851477,0.4641461,0.0049223653,2.06E-05,0.38961926,0.4486558,0.0064443485,3.99E-05,0.43765217,0.46403483,6.24E-23,1.08E-22,0.5823502,8.82E-09,0.61743647,1.08E-05,4.26E-05,0.43570697,0,0.4486267,0,0,0.3503546,0,0.58125275,0.47003502,4
0.4825029,0.35651475,0.21302876,0.13160041,0.38159412,0.46982324,0,0,0.34851477,0.4641461,0,0,0.38961926,0.4486558,0,0,0.43765217,0.46403483,0,0,0,0,0,0.9826648,0,0.43570697,0,0.4486267,0,0,2.08E-17,0,0.58125275,0.47003502,4
0.39965993,0.4734693,0.0058946637,0.000106875275,0.38159412,0.46982324,0,0,0.34851477,0.4641461,0,0,0.38961926,0.4486558,0,0,0.43765217,0.46403483,0,0,0,0,0,0.98266566,0,0.43570697,0,0.4486267,0,0,2.08E-17,0,0.58125275,0.47003502,3
0.0012793294,0.0015219352,0.008501042,0.00092717435,0.38179418,0.67632437,0.049980678,0.0018634829,0.3487304,0.629908,0.041205376,0.001485902,0.3895579,0.41852713,0.03379882,0.0011685964,0.43774894,0.48547477,4.26E-18,5.33E-18,0.00131423,1.05E-17,0.0015838048,0.00017043608,0.00068218197,0.43570697,3.63E-18,0.4486267,0.0012861114,2.42E-09,0.04420675,1.62E-17,0.58125275,0.47003502,0
0.7136063,0.97321147,0.24449594,0.12139751,0.38159412,0.46982324,0.001115359,9.27E-07,0.34851477,0.4641461,0.008249591,5.79E-05,0.38961926,0.4486558,0.006978917,4.68E-05,0.43765217,0.46403483,7.49E-23,1.11E-22,0.5864916,8.72E-17,0.865521,1.22E-06,4.82E-06,0.43570697,0,0.4486267,0,0,0.3503546,0,0.58125275,0.47003502,4
0.24802604,0.32313728,1.55E-05,1.56E-06,0.38159412,0.46982324,0,0,0.34851477,0.4641461,0,0,0.38961926,0.4486558,0,0,0.43765217,0.46403483,0,0,0,0,0,0.98266304,0,0.43570697,0,0.4486267,0,0,2.08E-17,0,0.58125275,0.47003502,2
0.35125938,0.37312672,0.18410523,0.13426463,0.38159412,0.46982324,0.004294855,1.37E-05,0.34851477,0.4641461,0.018469414,0.00029019456,0.38961926,0.4486558,0.01772306,0.0003018453,0.43765217,0.46403483,2.40E-21,2.55E-21,0.21661098,5.65E-09,0.24993534,2.32E-05,9.13E-05,0.43570697,8.13E-16,0.4486267,0.86601174,1.23E-07,0.3503546,1.46E-14,0.58125275,0.47003502,5
0.7465987,0.7533443,0.0070903418,9.57E-05,0.38159412,0.46982324,0,0,0.34851477,0.4641461,0,0,0.38961926,0.4486558,0,0,0.43765217,0.46403483,0,0,0,0,0,0.9826656,0,0.43570697,0,0.4486267,0,0,2.08E-17,0,0.58125275,0.47003502,3
0.44375664,0.6013854,0.21364628,0.13147219,0.38159412,0.46982324,0,0,0.34851477,0.4641461,0,0,0.38961926,0.4486558,0,0,0.43765217,0.46403483,0,0,0,0,0,0.982665,0,0.43570697,0,0.4486267,0,0,2.08E-17,0,0.58125275,0.47003502,4
0.747522,0.7619365,0.007101479,9.56E-05,0.38159412,0.46982324,0.00014093002,1.48E-08,0.34851477,0.4641461,0.00032756946,9.13E-08,0.38961926,0.4486558,0.00026982994,7.00E-08,0.43765217,0.46403483,5.68E-23,8.77E-23,0.6326485,2.82E-09,0.6940122,8.67E-06,3.41E-05,0.43570697,0,0.4486267,0,0,0.009929078,0,0.58125275,0.47003502,3
0.0009319424,0.0017429837,0.032011095,0.073634766,0.38159412,0.46982327,0.005367273,2.15E-05,0.34851477,0.46481055,0.020613642,0.00040618575,0.38965592,0.498005,0.086480506,0.10273096,0.4424209,0.48985875,5.26E-20,3.16E-18,0.0009952553,5.59E-10,0.0015175834,0.0017927799,0.0071641156,0.43570697,0.001869564,0.47373557,0.0012309442,0.15080559,0.08062534,0.13171826,0.5863309,0.48688325,0
0.71312195,0.566208,0.25042778,0.12736976,0.38159412,0.46982324,5.55E-05,2.29E-09,0.34851477,0.4641461,0.006154195,3.22E-05,0.38961926,0.4486558,0.006827325,4.48E-05,0.43765217,0.46403483,2.69E-22,2.40E-22,0.58438784,2.48E-07,0.5035317,1.86E-05,7.30E-05,0.43570697,0,0.4486267,0,0,0.35886526,0,0.58125275,0.47003502,1
0.22134477,0.31255475,7.46E-05,3.71E-06,0.38159412,0.46982324,0,0,0.34851477,0.4641461,0,0,0.38961926,0.4486558,0,0,0.43765217,0.46403483,0,0,0,0,0,0.9826632,0,0.43570697,0,0.4486267,0,0,2.08E-17,0,0.58125275,0.47003502,2
0.72240585,0.6963593,0.008076525,7.88E-05,0.38159412,0.46982324,2.28E-06,3.89E-12,0.34851477,0.4641461,0.00021563226,3.96E-08,0.38961926,0.4486558,0.00027147372,7.08E-08,0.43765217,0.46403483,1.41E-22,1.38E-22,0.6875058,1.31E-08,0.7182028,9.85E-06,3.88E-05,0.43570697,0,0.4486267,0,0,0.009929078,0,0.58125275,0.47003502,3
0.001175198,0.0016364908,0.010969074,0.0014640752,0.38159406,0.41473135,0.027964517,0.00059461803,0.34847918,0.42045414,0.05467622,0.002623539,0.3895472,0.42904505,0.04234944,0.0018773162,0.43749696,0.4438918,4.59E-21,2.90E-18,0.001087784,5.92E-18,0.0017136899,7.60E-10,6.81E-18,0.43576723,0.00019246303,0.45421073,0.0014534018,0.0032948332,0.03936738,0.0005061842,0.58127165,0.5160895,0
0.71346825,0.9866467,0.24412863,0.12156108,0.38159412,0.46982324,1.81E-06,2.44E-12,0.34851477,0.4641461,0.0044832835,1.71E-05,0.38961926,0.4486558,0.0067137736,4.33E-05,0.43765217,0.46403483,2.52E-22,3.11E-22,0.58122295,3.00E-18,0.8761451,8.63E-07,3.40E-06,0.43570697,0,0.4486267,0,0,0.3503546,0,0.58125275,0.47003502,4
0.7134898,0.7256556,0.2501417,0.1275007,0.38159412,0.46982324,0,0,0.34851477,0.4641461,0,0,0.38961926,0.4486558,0,0,0.43765217,0.46403483,0,0,0,0,0,0.98266613,0,0.43570697,0,0.4486267,0,0,2.08E-17,0,0.58125275,0.47003502,1
0.37388954,0.37886572,0.18480608,0.1342758,0.38159412,0.46982324,0,0,0.34851477,0.4641461,0,0,0.38961926,0.4486558,0,0,0.43765217,0.46403483,0,0,0,0,0,0.9826671,0,0.43570697,0,0.4486267,0,0,2.08E-17,0,0.58125275,0.47003502,5
0.0008148244,0.0015087,0.008713111,0.0014512591,0.38159412,0.46982324,0.00034815125,1.24E-05,0.34851477,0.46473575,0.02906683,0.00082837214,0.38972196,0.5144112,0.041631646,0.016561339,0.43805838,0.47543025,1.51E-17,1.50E-17,0.0008584476,1.40E-17,0.0015892058,8.64E-10,1.66E-17,0.43570697,0.00019373078,0.4486267,0.001357744,0.015916605,0.043219052,0.015381051,0.58137214,0.48094296,0
0.007889803,0.0015647525,0.0560835,0.0767544,0.36710685,0.42752331,0.33481926,0.17687832,0.32716423,0.4036672,0.33538595,0.20890367,0.36288527,0.37879702,0.31994176,0.21688016,0.435749,0.46200636,5.04E-18,6.19E-18,0.008532815,1.43E-17,0.0014997589,1.07E-09,1.23E-16,0.5006457,0.17632025,0.5124627,0.0003753055,0.35704693,0.19242862,0.1845612,0.6262905,0.5314303,0
0.4730815,0.24307977,0.005790714,0.000107295375,0.38159412,0.46982324,0,0,0.34851477,0.4641461,0,0,0.38961926,0.4486558,0,0,0.43765217,0.46403483,0,0,0,0,0,0.98266554,0,0.43570697,0,0.4486267,0,0,2.08E-17,0,0.58125275,0.47003502,3
0.23657495,0.04001251,0.2217762,0.12951161,0.38159412,0.46982324,0.021378592,0.00034049767,0.34851477,0.4641461,0.026577372,0.0006009068,0.38961926,0.4486558,0.026384423,0.00066896324,0.43765217,0.46403483,2.32E-08,9.29E-05,0.17401195,0.0019344782,0.032303937,0.00062771275,0.0024677748,0.43570697,0,0.4486267,0,0,0.3503546,0,0.58125275,0.47003502,4
0.48317596,0.35661045,0.21297158,0.13161209,0.38159412,0.46982324,0,0,0.34851477,0.4641461,0,0,0.38961926,0.4486558,0,0,0.43765217,0.46403483,0,0,0,0,0,0.9826648,0,0.43570697,0,0.4486267,0,0,2.08E-17,0,0.58125275,0.47003502,4
0.7176672,0.89108336,0.007506902,8.92E-05,0.38159412,0.46982324,3.38E-08,8.50E-16,0.34851477,0.4641461,0.00010949741,1.02E-08,0.38961926,0.4486558,0.00023026693,5.10E-08,0.43765217,0.46403483,1.67E-23,2.07E-23,0.79483473,2.98E-12,0.8580895,3.62E-06,1.42E-05,0.43570697,0,0.4486267,0,0,0.009929078,0,0.58125275,0.47003502,3
0.2281764,0.29966348,7.41E-05,3.73E-06,0.38159412,0.46982324,0,0,0.34851477,0.4641461,0,0,0.38961926,0.4486558,0,0,0.43765217,0.46403483,0,0,0,0,0,0.9826631,0,0.43570697,0,0.4486267,0,0,2.08E-17,0,0.58125275,0.47003502,2
0.262403,0.34249413,1.49E-05,1.48E-06,0.38159412,0.46982324,0,0,0.34851477,0.4641461,0,0,0.38961926,0.4486558,0,0,0.43765217,0.46403483,0,0,0,0,0,0.9826631,0,0.43570697,0,0.4486267,0,0,2.08E-17,0,0.58125275,0.47003502,2
0.7148486,0.8790935,0.24398428,0.12162546,0.38159412,0.46982324,0,0,0.34851477,0.4641461,0,0,0.38961926,0.4486558,0,0,0.43765217,0.46403483,0,0,0,0,0,0.98266494,0,0.43570697,0,0.4486267,0,0,2.08E-17,0,0.58125275,0.47003502,4
0.4265712,0.39903784,0.2125145,0.13913858,0.38159412,0.46982324,0,0,0.34851477,0.4641461,0,0,0.38961926,0.4486558,0,0,0.43765217,0.46403483,0,0,0,0,0,0.98266613,0,0.43570697,0,0.4486267,0,0,2.08E-17,0,0.58125275,0.47003502,1
0.4155267,0.60135055,0.2124029,0.13172412,0.38159412,0.46982324,0.024728099,0.0004555515,0.34851477,0.4641461,0.019957509,0.00033884082,0.38961926,0.4486558,0.014090026,0.00019077903,0.43765217,0.46403483,5.55E-22,6.55E-22,0.29048252,1.46E-19,0.46466175,1.12E-06,4.41E-06,0.43570697,0,0.4486267,0,0,0.3503546,0,0.58125275,0.47003502,4
0.0009517559,0.001489716,0.00797737,0.0007810423,0.38159412,0.46982324,0.000489115,9.09E-05,0.34851477,0.4641325,0.009472013,0.00013361599,0.38960886,0.40899777,0.010183421,0.00015096947,0.43765476,0.46762303,1.29E-25,1.51E-19,0.00022543152,3.69E-17,0.0003861364,4.77E-09,4.97E-17,0.43569264,0.00014418205,0.40897122,0.0013387343,0.010145067,0.028086308,0.00015094013,0.58125484,0.473583,0
0.7153704,0.4997195,0.25029668,0.12742862,0.38159412,0.46982324,3.34E-08,8.33E-16,0.34851477,0.4641461,0.0022656303,4.37E-06,0.38961926,0.4486558,0.005778719,3.21E-05,0.43765217,0.46403483,2.58E-22,1.77E-22,0.584108,1.01E-06,0.44415748,2.42E-05,9.53E-05,0.43570697,0,0.4486267,0,0,0.35886526,0,0.58125275,0.47003502,1
0.6984896,0.82484734,0.2501112,0.12751496,0.38159412,0.46982324,3.52E-08,9.25E-16,0.34851477,0.4641461,0.0022066166,4.14E-06,0.38961926,0.4486558,0.005767233,3.20E-05,0.43765217,0.46403483,1.29E-22,1.88E-22,0.5704251,3.51E-11,0.73260075,5.25E-06,2.06E-05,0.43570697,0,0.4486267,0,0,0.35886526,0,0.58125275,0.47003502,1
0.441702,0.59495693,0.21450643,0.13129278,0.38159412,0.46982324,0,0,0.34851477,0.4641461,0,0,0.38961926,0.4486558,0,0,0.43765217,0.46403483,0,0,0,0,0,0.982665,0,0.43570697,0,0.4486267,0,0,2.08E-17,0,0.58125275,0.47003502,4
0.25662994,0.2563828,1.54E-05,1.52E-06,0.38159412,0.46982324,0,0,0.34851477,0.4641461,0,0,0.38961926,0.4486558,0,0,0.43765217,0.46403483,0,0,0,0,0,0.9826629,0,0.43570697,0,0.4486267,0,0,2.08E-17,0,0.58125275,0.47003502,2
0.43857372,0.38818714,0.21329385,0.13154453,0.38159412,0.46982324,0.00014146641,1.49E-08,0.34851477,0.4641461,0.010464451,9.32E-05,0.38961926,0.4486558,0.013779187,0.00018245436,0.43765217,0.46403483,7.02E-21,3.01E-21,0.31202322,2.01E-07,0.30120236,2.85E-05,0.00011227366,0.43570697,0,0.4486267,0,0,0.3503546,0,0.58125275,0.47003502,4
0.22504841,0.2769246,7.32E-05,3.79E-06,0.38159412,0.46982324,0,0,0.34851477,0.4641461,0,0,0.38961926,0.4486558,0,0,0.43765217,0.46403483,0,0,0,0,0,0.982663,0,0.43570697,0,0.4486267,0,0,2.08E-17,0,0.58125275,0.47003502,2
0.6914374,0.8475566,0.0070672473,9.60E-05,0.38159412,0.46982324,1.02E-07,7.73E-15,0.34851477,0.4641461,0.00017572718,2.63E-08,0.38961926,0.4486558,0.00025035723,6.02E-08,0.43765217,0.46403483,1.10E-21,7.07E-22,0.56294984,4.53E-11,0.76829296,5.12E-06,2.02E-05,0.43570697,0,0.4486267,0,0,0.009929078,0,0.58125275,0.47003502,3
0.7099493,0.35736445,0.24351288,0.121833816,0.38159412,0.46982324,0.0011926221,1.06E-06,0.34851477,0.4641461,0.008213822,5.74E-05,0.38961926,0.4486558,0.007618021,5.58E-05,0.43765217,0.46403483,3.14E-22,2.52E-21,0.57879275,1.29E-05,0.31654385,4.38E-05,0.00017226265,0.43570697,0,0.4486267,0,0,0.3503546,0,0.58125275,0.47003502,4
0.3321106,0.4333843,0.2014435,0.14049123,0.38159412,0.46982324,0.024542185,0.00044872722,0.34851477,0.4641461,0.03371108,0.0009667816,0.38961926,0.4486558,0.02801093,0.0007539841,0.43765217,0.46403483,2.88E-19,5.41E-19,0.13851385,2.38E-10,0.31037983,1.30E-05,5.12E-05,0.43570697,0,0.4486267,0,0,0.35886526,0,0.58125275,0.47003502,1
0.44792867,0.6055983,0.21419117,0.13135797,0.38159412,0.46982324,1.82E-05,2.47E-10,0.34851477,0.4641461,0.008635478,6.34E-05,0.38961926,0.4486558,0.012628416,0.00015325153,0.43765217,0.46403483,8.96E-22,7.19E-22,0.32955977,4.43E-18,0.47185406,1.57E-06,6.19E-06,0.43570697,0,0.4486267,0,0,0.3503546,0,0.58125275,0.47003502,4
0.71980214,0.32718095,0.008069228,7.93E-05,0.38159412,0.46982324,1.55E-05,1.78E-10,0.34851477,0.4641461,0.00026487315,5.97E-08,0.38961926,0.4486558,0.00029793128,8.53E-08,0.43765217,0.46403483,4.36E-23,3.47E-19,0.6872482,1.84E-05,0.33752087,4.33E-05,0.00017029275,0.43570697,0,0.4486267,0,0,0.009929078,0,0.58125275,0.47003502,3
0.40856442,0.2284542,0.0057142363,0.00010757848,0.38159412,0.46982324,0,0,0.34851477,0.4641461,0,0,0.38961926,0.4486558,0,0,0.43765217,0.46403483,0,0,0,0,0,0.98266554,0,0.43570697,0,0.4486267,0,0,2.08E-17,0,0.58125275,0.47003502,3
0.3770807,0.1572476,0.20728104,0.13989519,0.38159412,0.46982324,0,0,0.34851477,0.4641461,0,0,0.38961926,0.4486558,0,0,0.43765217,0.46403483,0,0,0,0,0,0.9826661,0,0.43570697,0,0.4486267,0,0,2.08E-17,0,0.58125275,0.47003502,1
0.7131771,0.9751615,0.24447446,0.12140718,0.38159412,0.46982324,0,0,0.34851477,0.4641461,0,0,0.38961926,0.4486558,0,0,0.43765217,0.46403483,0,0,0,0,0,0.982665,0,0.43570697,0,0.4486267,0,0,2.08E-17,0,0.58125275,0.47003502,4
0.7428586,0.8184559,0.007098292,9.56E-05,0.38159412,0.46982324,0.00086947915,5.63E-07,0.34851477,0.4641461,0.0003260152,9.04E-08,0.38961926,0.4486558,0.000259249,6.46E-08,0.43765217,0.46403483,7.63E-23,1.22E-22,0.62681276,3.41E-10,0.7451578,6.54E-06,2.57E-05,0.43570697,0,0.4486267,0,0,0.009929078,0,0.58125275,0.47003502,3
0.3579847,0.348414,0.18338381,0.13425016,0.38159412,0.46982324,5.01E-05,1.87E-09,0.34851477,0.4641461,0.012421108,0.00013125133,0.38961926,0.4486558,0.01714311,0.00028241405,0.43765217,0.46403483,3.77E-21,2.55E-21,0.21587747,3.25E-08,0.23245847,2.97E-05,0.00011683562,0.43570697,1.16E-16,0.4486267,0.80548614,1.38E-07,0.3503546,1.83E-14,0.58125275,0.47003502,5
0.25825852,0.1561993,1.61E-05,1.47E-06,0.38159412,0.46982324,0,0,0.34851477,0.4641461,0,0,0.38961926,0.4486558,0,0,0.43765217,0.46403483,0,0,0,0,0,0.98266286,0,0.43570697,0,0.4486267,0,0,2.08E-17,0,0.58125275,0.47003502,2
0.43503597,0.22565353,0.20972344,0.13956998,0.38159412,0.46982324,0,0,0.34851477,0.4641461,0,0,0.38961926,0.4486558,0,0,0.43765217,0.46403483,0,0,0,0,0,0.9826661,0,0.43570697,0,0.4486267,0,0,2.08E-17,0,0.58125275,0.47003502,1
4.65E-05,0.0003677521,0.013339778,0.004674486,0.38159412,0.46982324,1.19E-07,6.71E-11,0.34851477,0.4641461,0.005827609,0.0006480784,0.38961756,0.4443384,0.11017517,0.025459282,0.4385213,0.4718965,0,1.17E-26,1.85E-05,5.29E-17,0.00016305638,1.18E-08,3.70E-16,0.43570697,0,0.4486267,0,0,0.009219858,0,0.58125275,0.47003502,0
0.0010128889,0.0014904378,0.008211743,0.00083994097,0.38159412,0.46982393,0.0010245106,0.00018330954,0.3485148,0.46487135,0.029433282,0.0009351139,0.38976923,0.52886134,0.031845808,0.0011873379,0.43795115,0.51807886,3.17E-18,3.35E-18,0.0010787114,5.79E-18,0.001593646,8.47E-10,6.13E-18,0.43570697,0.00016106051,0.4486267,0.001301948,0.00021879403,0.0401465,0.0004348728,0.58125305,0.48216715,0
0.35205665,0.18008997,0.18246692,0.13422579,0.38159412,0.46982324,0,0,0.34851477,0.4641461,0,0,0.38961926,0.4486558,0,0,0.43765217,0.46403483,0,0,0,0,0,0.98266697,0,0.43570697,0,0.4486267,0,0,2.08E-17,0,0.58125275,0.47003502,5
0.0010178754,0.0015227881,0.00818329,0.00082861504,0.38159412,0.46982402,0.0013466198,0.00017695842,0.3485148,0.46515432,0.030828701,0.0010131355,0.389792,0.53429586,0.03166959,0.0011949805,0.4379459,0.51634777,1.81E-21,5.48E-19,0.0009956039,4.95E-18,0.001623929,8.23E-10,6.04E-18,0.43570697,0.00033334756,0.4486267,0.0013880162,0.00033077516,0.03912119,0.00051111286,0.58125204,0.45385984,0
0.61307764,0.18018417,0.007983107,8.02E-05,0.38159412,0.46982324,4.97E-06,1.84E-11,0.34851477,0.4641461,0.00023256885,4.60E-08,0.38961926,0.4486558,0.00029507975,8.37E-08,0.43765217,0.46403483,1.86E-22,4.12E-11,0.572554,0.00013808013,0.18404272,9.54E-05,0.0003751061,0.43570697,0,0.4486267,0,0,0.009929078,0,0.58125275,0.47003502,3
0.0062329317,0.0023234861,0.05548669,0.07902658,0.38159412,0.46982324,9.84E-10,7.23E-19,0.34851477,0.4641461,1.99E-09,3.36E-18,0.38961926,0.4486558,1.99E-09,3.80E-18,0.43765217,0.46403483,2.31E-25,5.80E-20,0.0015844943,7.68E-14,0.0004942344,4.19E-08,1.91E-13,0.43570697,3.63E-18,0.4486267,0.0017135098,0,2.08E-17,0,0.58125275,0.47003502,0
0.71831423,0.94840306,0.2445943,0.12135367,0.38159412,0.46982324,0,0,0.34851477,0.4641461,0,0,0.38961926,0.4486558,0,0,0.43765217,0.46403483,0,0,0,0,0,0.982665,0,0.43570697,0,0.4486267,0,0,2.08E-17,0,0.58125275,0.47003502,4
0.0011193603,0.0016598742,0.01082192,0.0014347094,0.38159412,0.46982342,0.0003973608,0.00012063913,0.34851477,0.46522132,0.03721285,0.0013507536,0.38957122,0.42968413,0.041926313,0.0018550028,0.43762094,0.46000028,1.15E-18,3.25E-18,0.0009198736,6.87E-18,0.0017404911,7.41E-10,5.99E-18,0.43570697,0.00010567743,0.4486267,0.0014039704,0.00028545028,0.03866086,0.0005424495,0.5812527,0.46852356,0
0.22824302,0.3062279,7.58E-05,3.89E-06,0.38159412,0.46982324,0,0,0.34851477,0.4641461,0,0,0.38961926,0.4486558,0,0,0.43765217,0.46403483,0,0,0,0,0,0.9826631,0,0.43570697,0,0.4486267,0,0,2.08E-17,0,0.58125275,0.47003502,2
0.33222818,0.11823542,0.18377854,0.13427655,0.38159412,0.46982324,0.0041019334,1.25E-05,0.34851477,0.4641461,0.020768214,0.00036692843,0.38961926,0.4486558,0.02229936,0.00047785032,0.43765217,0.46403483,5.36E-22,2.14E-13,0.20696804,0.00021155798,0.079083905,0.00020916772,0.00082267035,0.43570697,1.74E-15,0.4486267,0.2739263,5.60E-08,0.3503546,3.04E-15,0.58125275,0.47003502,5
0.47132754,0.5882652,0.21527855,0.13112187,0.38159412,0.46982324,0,0,0.34851477,0.4641461,0,0,0.38961926,0.4486558,0,0,0.43765217,0.46403483,0,0,0,0,0,0.982665,0,0.43570697,0,0.4486267,0,0,2.08E-17,0,0.58125275,0.47003502,4
0.7945047,0.8201264,0.008108861,7.77E-05,0.38159412,0.46982324,0.00058255065,2.53E-07,0.34851477,0.4641461,0.00029846802,7.58E-08,0.38961926,0.4486558,0.00026670436,6.84E-08,0.43765217,0.46403483,4.90E-23,6.48E-23,0.77438295,3.03E-10,0.8507522,5.78E-06,2.27E-05,0.43570697,0,0.4486267,0,0,0.009929078,0,0.58125275,0.47003502,3
0.4270336,0.6018096,0.21247968,0.13170871,0.38159412,0.46982324,0.001738771,2.25E-06,0.34851477,0.4641461,0.015274469,0.00019847933,0.38961926,0.4486558,0.013736849,0.00018133488,0.43765217,0.46403483,6.77E-22,1.02E-21,0.30183706,8.63E-20,0.4651759,1.07E-06,4.20E-06,0.43570697,0,0.4486267,0,0,0.3503546,0,0.58125275,0.47003502,4
0.3625431,0.28474033,0.18393461,0.13426337,0.38159412,0.46982324,0.045843147,0.0015656867,0.34851477,0.4641461,0.02135876,0.00038809242,0.38961926,0.4486558,0.0190269,0.00034789098,0.43765217,0.46403483,5.12E-22,5.38E-22,0.2226949,1.01E-06,0.19056994,5.12E-05,0.00020157198,0.43570697,2.44E-15,0.4486267,0.6602542,1.34E-07,0.3503546,1.74E-14,0.58125275,0.47003502,5
0.3888937,0.44911554,0.20386781,0.14027499,0.38159412,0.46982324,0.003178643,7.53E-06,0.34851477,0.4641461,0.026989684,0.00061969593,0.38961926,0.4486558,0.027914021,0.000748776,0.43765217,0.46403483,6.22E-22,9.57E-22,0.24462657,4.85E-11,0.32551503,1.12E-05,4.41E-05,0.43570697,0,0.4486267,0,0,0.35886526,0,0.58125275,0.47003502,1
0.2172971,0.29753968,7.43E-05,3.73E-06,0.38159412,0.46982324,0,0,0.34851477,0.4641461,0,0,0.38961926,0.4486558,0,0,0.43765217,0.46403483,0,0,0,0,0,0.9826631,0,0.43570697,0,0.4486267,0,0,2.08E-17,0,0.58125275,0.47003502,2
0.25966716,0.1366582,1.67E-05,1.70E-06,0.38159412,0.46982324,0,0,0.34851477,0.4641461,0,0,0.38961926,0.4486558,0,0,0.43765217,0.46403483,0,0,0,0,0,0.98266286,0,0.43570697,0,0.4486267,0,0,2.08E-17,0,0.58125275,0.47003502,2
0.7178477,0.67717725,0.25047752,0.12734742,0.38159412,0.46982324,0.0008619044,5.53E-07,0.34851477,0.4641461,0.008046196,5.51E-05,0.38961926,0.4486558,0.0069161006,4.60E-05,0.43765217,0.46403483,1.03E-22,1.23E-22,0.5890766,1.41E-08,0.60234034,1.17E-05,4.59E-05,0.43570697,0,0.4486267,0,0,0.35886526,0,0.58125275,0.47003502,1
0.40438953,0.35067543,0.0055937846,0.00010798984,0.38159412,0.46982324,0.00034485263,8.86E-08,0.34851477,0.4641461,0.0008172308,5.68E-07,0.38961926,0.4486558,0.0007520782,5.44E-07,0.43765217,0.46403483,5.24E-21,7.43E-21,0.28219786,1.20E-07,0.25020742,3.23E-05,0.00012710493,0.43570697,0,0.4486267,0,0,0.009929078,0,0.58125275,0.47003502,3
0.00029282933,0.00044016744,0.012112778,0.0005689655,0.38159412,0.46982324,9.84E-10,6.42E-07,0.34851477,0.4641461,0.0024980211,0.0009892004,0.38963196,0.5096456,0.022282952,0.002369262,0.43837434,0.5648931,0,1.02E-28,1.41E-05,1.73E-16,0.00014236663,1.35E-08,5.39E-11,0.43570697,2.03E-18,0.4486267,0.0003413564,1.40E-09,0.017626109,1.90E-18,0.58125275,0.47003502,0
0.0009785619,0.0015525598,0.007995797,0.00081588957,0.38159412,0.47215414,0.008160164,6.13E-05,0.34851748,0.48503378,0.037998352,0.0013045188,0.38978398,0.5267672,0.032065764,0.001190688,0.43784758,0.49947828,1.64E-21,1.64E-18,0.0008478405,6.79E-18,0.0015626532,8.72E-10,6.32E-18,0.43570697,5.42E-05,0.4486267,0.0013254586,0.00012495679,0.039848913,0.00045625953,0.58125263,0.4647086,0
0.25879872,0.3241174,1.54E-05,1.57E-06,0.38159412,0.46982324,0,0,0.34851477,0.4641461,0,0,0.38961926,0.4486558,0,0,0.43765217,0.46403483,0,0,0,0,0,0.98266304,0,0.43570697,0,0.4486267,0,0,2.08E-17,0,0.58125275,0.47003502,2
0.44568565,0.31292462,0.2138286,0.13143496,0.38159412,0.46982324,0.033916112,0.00085697486,0.34851477,0.4641461,0.021132413,0.00037991046,0.38961926,0.4486558,0.015744735,0.00023821976,0.43765217,0.46403483,3.71E-21,1.81E-21,0.31734714,2.41E-06,0.24343984,4.53E-05,0.00017837057,0.43570697,0,0.4486267,0,0,0.3503546,0,0.58125275,0.47003502,4
0.7229034,0.82336223,0.24399169,0.121622324,0.38159412,0.46982324,0.0005076431,1.92E-07,0.34851477,0.4641461,0.0075813676,4.89E-05,0.38961926,0.4486558,0.006860716,4.52E-05,0.43765217,0.46403483,1.17E-22,1.33E-22,0.59002,7.13E-11,0.7307405,5.66E-06,2.23E-05,0.43570697,0,0.4486267,0,0,0.3503546,0,0.58125275,0.47003502,4
0.0012883891,0.0015107814,0.0087195225,0.0010323152,0.38159412,0.46982324,0.04640549,0.0016043984,0.34851503,0.46472773,0.04241123,0.0015482118,0.38966408,0.4746536,0.03296887,0.0011619112,0.43779802,0.49343377,8.15E-21,4.82E-18,0.0011302017,1.11E-17,0.0015663919,8.84E-10,7.21E-17,0.43570694,0.004030137,0.43675253,0.0012188297,0.059516132,0.04454201,0.0037256596,0.58146495,0.48687825,0
0.21071126,0.04816796,0.22021893,0.13761134,0.38159412,0.46982324,0.00937546,6.55E-05,0.34851477,0.4641461,0.02516073,0.0005385544,0.38961926,0.4486558,0.02466471,0.0005846004,0.43765217,0.46403483,1.11E-16,3.87E-07,0.15269037,0.0011401544,0.03769007,0.0005037216,0.001980572,0.43570697,0,0.4486267,0,0,0.35886526,0,0.58125275,0.47003502,1
0.38176662,0.38058156,0.1840558,0.13426387,0.38159412,0.46982324,0.0014592105,1.59E-06,0.34851477,0.4641461,0.016040532,0.00021888733,0.38961926,0.4486558,0.017373417,0.0002900531,0.43765217,0.46403483,6.89E-22,9.09E-22,0.23426926,4.26E-09,0.25485492,2.23E-05,8.77E-05,0.43570697,1.16E-15,0.4486267,0.8830783,1.24E-07,0.3503546,1.48E-14,0.58125275,0.47003502,5
0.22246017,0.30179292,7.58E-05,3.81E-06,0.38159412,0.46982324,0,0,0.34851477,0.4641461,0,0,0.38961926,0.4486558,0,0,0.43765217,0.46403483,0,0,0,0,0,0.9826631,0,0.43570697,0,0.4486267,0,0,2.08E-17,0,0.58125275,0.47003502,2
0.24789804,0.21309906,1.51E-05,1.49E-06,0.38159412,0.46982324,0,0,0.34851477,0.4641461,0,0,0.38961926,0.4486558,0,0,0.43765217,0.46403483,0,0,0,0,0,0.9826629,0,0.43570697,0,0.4486267,0,0,2.08E-17,0,0.58125275,0.47003502,2
0.39040142,0.596984,0.21282184,0.1316394,0.38159412,0.46982324,0.0055528427,2.30E-05,0.34851477,0.4641461,0.017510377,0.0002608399,0.38961926,0.4486558,0.013918117,0.00018615213,0.43765217,0.46403483,1.52E-21,2.49E-21,0.2799019,1.13E-19,0.46219268,1.09E-06,4.31E-06,0.43570697,0,0.4486267,0,0,0.3503546,0,0.58125275,0.47003502,4
0.0055200513,0.004222256,0.04900717,0.07723077,0.34621271,0.39627057,0.36190885,0.27322945,0.3090436,0.38329485,0.36327872,0.32033792,0.3598097,0.39207792,0.35353923,0.30424482,0.42302215,0.45230073,3.66E-17,4.13E-17,0.004474934,3.91E-17,0.003213836,2.51E-10,4.00E-17,0.59155065,0.21162234,0.5985211,0.00037532786,0.38988042,0.16807127,0.22149965,0.7078159,0.613887,0
0.45034623,0.6044932,0.21384947,0.1314302,0.38159412,0.46982324,0.0010885799,8.83E-07,0.34851477,0.4641461,0.011521556,0.00011292896,0.38961926,0.4486558,0.01265029,0.0001537829,0.43765217,0.46403483,1.50E-21,1.63E-21,0.32566327,7.90E-17,0.4702418,2.10E-06,8.28E-06,0.43570697,0,0.4486267,0,0,0.3503546,0,0.58125275,0.47003502,4
0.39398262,0.10155996,0.22060685,0.12983514,0.38159412,0.46982324,0.00011192145,9.33E-09,0.34851477,0.4641461,0.012100247,0.00012455796,0.38961926,0.4486558,0.015760072,0.00023868411,0.43765217,0.46403483,6.68E-22,2.54E-09,0.290323,0.00040071987,0.08150876,0.00022377621,0.0008801113,0.43570697,0,0.4486267,0,0,0.3503546,0,0.58125275,0.47003502,4
0.35155946,0.15327962,0.18314059,0.13424903,0.38159412,0.46982324,0,0,0.34851477,0.4641461,0,0,0.38961926,0.4486558,0,0,0.43765217,0.46403483,0,0,0,0,0,0.98266697,0,0.43570697,0,0.4486267,0,0,2.08E-17,0,0.58125275,0.47003502,5
0.25304452,0.35939795,1.56E-05,1.58E-06,0.38159412,0.46982324,0,0,0.34851477,0.4641461,0,0,0.38961926,0.4486558,0,0,0.43765217,0.46403483,0,0,0,0,0,0.9826632,0,0.43570697,0,0.4486267,0,0,2.08E-17,0,0.58125275,0.47003502,2
0.34870982,0.17603645,0.18303831,0.13424063,0.38159412,0.46982324,0.014966679,0.000166881,0.34851477,0.4641461,0.022285251,0.00042249166,0.38961926,0.4486558,0.02169313,0.0004522218,0.43765217,0.46403483,1.38E-21,2.98E-20,0.21465111,4.07E-05,0.117261924,0.000120072735,0.00047229748,0.43570697,2.67E-15,0.4486267,0.4061857,9.77E-08,0.3503546,9.23E-15,0.58125275,0.47003502,5
0.41736472,0.1908692,0.21499056,0.13118427,0.38159412,0.46982324,0.00835235,5.20E-05,0.34851477,0.4641461,0.013823001,0.00016255028,0.38961926,0.4486558,0.013623315,0.00017834983,0.43765217,0.46403483,1.33E-20,1.83E-17,0.29531577,5.62E-05,0.14927223,0.00010057853,0.00039562566,0.43570697,0,0.4486267,0,0,0.3503546,0,0.58125275,0.47003502,4
0.3642568,0.2805411,0.18331784,0.13425057,0.38159412,0.46982324,0,0,0.34851477,0.4641461,0,0,0.38961926,0.4486558,0,0,0.43765217,0.46403483,0,0,0,0,0,0.982667,0,0.43570697,0,0.4486267,0,0,2.08E-17,0,0.58125275,0.47003502,5
0.32868984,0.40987366,0.2138549,0.13891123,0.38159412,0.46982324,0,0,0.34851477,0.4641461,0,0,0.38961926,0.4486558,0,0,0.43765217,0.46403483,0,0,0,0,0,0.9826662,0,0.43570697,0,0.4486267,0,0,2.08E-17,0,0.58125275,0.47003502,1
0.4433828,0.6059138,0.2135767,0.13148727,0.38159412,0.46982324,0,0,0.34851477,0.4641461,0,0,0.38961926,0.4486558,0,0,0.43765217,0.46403483,0,0,0,0,0,0.98266506,0,0.43570697,0,0.4486267,0,0,2.08E-17,0,0.58125275,0.47003502,4
0.0051116347,0.001115048,0.05588877,0.071619,0.3562134,0.40024027,0.32840806,0.19710417,0.3171307,0.37978646,0.3286963,0.23062815,0.35312986,0.35749665,0.30821657,0.23288348,0.42701295,0.45285445,1.36E-17,1.53E-17,0.0059182597,2.36E-17,0.001080854,1.64E-09,1.69E-16,0.5467817,0.19497,0.5564636,0.00030025668,0.38299155,0.20416935,0.20406331,0.6654853,0.573621,0
0.49871984,0.11202376,0.006971927,9.75E-05,0.38159412,0.46982324,0,0,0.34851477,0.4641461,0,0,0.38961926,0.4486558,0,0,0.43765217,0.46403483,0,0,0,0,0,0.9826655,0,0.43570697,0,0.4486267,0,0,2.08E-17,0,0.58125275,0.47003502,3
0.3675413,0.44258872,0.20313929,0.14034487,0.38159412,0.46982324,0.024820006,0.00045894404,0.34851477,0.4641461,0.035065103,0.001046004,0.38961926,0.4486558,0.028717926,0.0007925254,0.43765217,0.46403483,3.92E-22,1.01E-21,0.21326703,8.19E-11,0.3196642,1.19E-05,4.67E-05,0.43570697,0,0.4486267,0,0,0.35886526,0,0.58125275,0.47003502,1
0.8797135,0.91062784,0.00815859,7.67E-05,0.38159412,0.46982324,0.00033155107,8.19E-08,0.34851477,0.4641461,0.00027993013,6.67E-08,0.38961926,0.4486558,0.00025875776,6.43E-08,0.43765217,0.46403483,1.16E-22,5.75E-22,0.86159587,2.04E-11,0.95008373,3.99E-06,1.57E-05,0.43570697,0,0.4486267,0,0,0.009929078,0,0.58125275,0.47003502,3
0.71264255,0.9878794,0.24412772,0.12156157,0.38159412,0.46982324,0,0,0.34851477,0.4641461,0,0,0.38961926,0.4486558,0,0,0.43765217,0.46403483,0,0,0,0,0,0.98266506,0,0.43570697,0,0.4486267,0,0,2.08E-17,0,0.58125275,0.47003502,4
0.0012706916,0.0016738357,0.014662035,0.012375207,0.38159412,0.46982193,0.011787319,0.00010651377,0.348514,0.459336,0.043161016,0.0016811215,0.3894158,0.37348202,0.12354649,0.015538415,0.43715104,0.4555426,1.14E-17,1.13E-17,0.0013178856,6.61E-18,0.0017993962,7.15E-10,4.57E-11,0.435353,0.0003711118,0.40347415,0.0014750274,0.017972128,0.04624744,0.016982427,0.58121085,0.46681166,0
0.42724696,0.60475063,0.2135462,0.13149336,0.38159412,0.46982324,0.024024023,0.00042997923,0.34851477,0.4641461,0.01782298,0.0002702363,0.38961926,0.4486558,0.013559177,0.00017667444,0.43765217,0.46403483,7.71E-22,5.85E-22,0.307067,1.89E-17,0.46979532,1.81E-06,7.14E-06,0.43570697,0,0.4486267,0,0,0.3503546,0,0.58125275,0.47003502,4
0.00022605954,0.000404154,0.009547628,0.0004447346,0.38159412,0.46983835,0.002326472,8.37E-05,0.3485156,0.4787929,0.008357188,0.0012256552,0.3897437,0.6093612,0.010793302,0.0015738308,0.43801904,0.5926461,1.07E-17,3.41E-17,0.00025354544,3.08E-16,0.00018741681,1.04E-08,3.93E-16,0.43570697,1.28E-18,0.4486267,0.00043505608,9.90E-10,0.017626109,2.13E-18,0.58125275,0.47003502,0
0.7185494,0.8130805,0.24434596,0.121464424,0.38159412,0.46982324,0,0,0.34851477,0.4641461,0,0,0.38961926,0.4486558,0,0,0.43765217,0.46403483,0,0,0,0,0,0.9826649,0,0.43570697,0,0.4486267,0,0,2.08E-17,0,0.58125275,0.47003502,4
0.44917035,0.6064801,0.21332029,0.13154048,0.38159412,0.46982324,0,0,0.34851477,0.4641461,0,0,0.38961926,0.4486558,0,0,0.43765217,0.46403483,0,0,0,0,0,0.98266506,0,0.43570697,0,0.4486267,0,0,2.08E-17,0,0.58125275,0.47003502,4
0.46905026,0.09929148,0.0069397283,9.74E-05,0.38159412,0.46982324,1.88E-05,2.63E-10,0.34851477,0.4641461,0.00026518325,5.98E-08,0.38961926,0.4486558,0.00031027183,9.25E-08,0.43765217,0.46403483,6.48E-15,5.66E-07,0.3824371,0.0005359093,0.08840359,0.00021834683,0.000858763,0.43570697,0,0.4486267,0,0,0.009929078,0,0.58125275,0.47003502,3
0.72255135,0.8159846,0.24405357,0.12159457,0.38159412,0.46982324,0.0029977013,6.69E-06,0.34851477,0.4641461,0.009044208,6.96E-05,0.38961926,0.4486558,0.007014296,4.73E-05,0.43765217,0.46403483,1.19E-22,1.01E-22,0.5914762,1.01E-10,0.7243786,5.92E-06,2.33E-05,0.43570697,0,0.4486267,0,0,0.3503546,0,0.58125275,0.47003502,4
0.71681505,0.9934071,0.24400575,0.12161582,0.38159412,0.46982324,1.50E-06,1.67E-12,0.34851477,0.4641461,0.004349286,1.61E-05,0.38961926,0.4486558,0.0067967656,4.44E-05,0.43765217,0.46403483,2.47E-22,2.04E-22,0.5843087,2.97E-19,0.88170683,6.80E-07,2.68E-06,0.43570697,0,0.4486267,0,0,0.3503546,0,0.58125275,0.47003502,4
0.7532842,0.92819834,0.24468589,0.12131264,0.38159412,0.46982324,1.32E-06,1.30E-12,0.34851477,0.4641461,0.0040500336,1.40E-05,0.38961926,0.4486558,0.0063962652,3.93E-05,0.43765217,0.46403483,2.38E-22,1.88E-22,0.62011427,7.68E-14,0.8261182,2.54E-06,1.00E-05,0.43570697,0,0.4486267,0,0,0.3503546,0,0.58125275,0.47003502,4
0.7154738,0.95512617,0.24473253,0.12129174,0.38159412,0.46982324,0.014528056,0.00015724287,0.34851477,0.4641461,0.010688096,9.72E-05,0.38961926,0.4486558,0.0071547115,4.92E-05,0.43765217,0.46403483,1.11E-22,1.54E-22,0.5850747,2.26E-15,0.85026336,1.73E-06,6.79E-06,0.43570697,0,0.4486267,0,0,0.3503546,0,0.58125275,0.47003502,4
0.44587508,0.22723357,0.0057126014,0.00010759249,0.38159412,0.46982324,7.95E-08,4.70E-15,0.34851477,0.4641461,0.00043099478,1.58E-07,0.38961926,0.4486558,0.000743675,5.31E-07,0.43765217,0.46403483,6.65E-21,5.36E-21,0.32740575,8.15E-06,0.16568771,7.55E-05,0.00029689513,0.43570697,0,0.4486267,0,0,0.009929078,0,0.58125275,0.47003502,3
0.81915647,0.86029124,0.008123354,7.73E-05,0.38159412,0.46982324,0.00016015784,1.91E-08,0.34851477,0.4641461,0.00028055144,6.70E-08,0.38961926,0.4486558,0.000263677,6.68E-08,0.43765217,0.46403483,2.67E-23,4.58E-23,0.79991674,8.16E-11,0.89450467,4.83E-06,1.90E-05,0.43570697,0,0.4486267,0,0,0.009929078,0,0.58125275,0.47003502,3
0.4402182,0.29825735,0.005643512,0.00010783156,0.38159412,0.46982324,1.18E-05,1.04E-10,0.34851477,0.4641461,0.000578508,2.85E-07,0.38961926,0.4486558,0.00075583893,5.49E-07,0.43765217,0.46403483,1.13E-21,9.64E-22,0.3169961,1.03E-06,0.21481688,4.72E-05,0.00018567409,0.43570697,0,0.4486267,0,0,0.009929078,0,0.58125275,0.47003502,3
0.7281729,0.98186135,0.24399358,0.12162095,0.38159412,0.46982324,0.026587632,0.0005266417,0.34851477,0.4641461,0.011608909,0.000114647846,0.38961926,0.4486558,0.0074088373,5.27E-05,0.43765217,0.46403483,1.68E-22,1.59E-22,0.5890726,2.01E-17,0.8714293,1.05E-06,4.14E-06,0.43570697,0,0.4486267,0,0,0.3503546,0,0.58125275,0.47003502,4
0.45191607,0.457083,0.21391365,0.13141835,0.38159412,0.46982324,0,0,0.34851477,0.4641461,0,0,0.38961926,0.4486558,0,0,0.43765217,0.46403483,0,0,0,0,0,0.9826649,0,0.43570697,0,0.4486267,0,0,2.08E-17,0,0.58125275,0.47003502,4
0.255863,0.20887643,1.51E-05,1.53E-06,0.38159412,0.46982324,0,0,0.34851477,0.4641461,0,0,0.38961926,0.4486558,0,0,0.43765217,0.46403483,0,0,0,0,0,0.9826629,0,0.43570697,0,0.4486267,0,0,2.08E-17,0,0.58125275,0.47003502,2
0.45505902,0.5726945,0.21332793,0.13153864,0.38159412,0.46982324,0.0016115812,1.93E-06,0.34851477,0.4641461,0.013108085,0.0001461711,0.38961926,0.4486558,0.0133120045,0.0001702919,0.43765217,0.46403483,2.29E-21,1.97E-21,0.32198653,2.44E-13,0.44443193,4.97E-06,1.96E-05,0.43570697,0,0.4486267,0,0,0.3503546,0,0.58125275,0.47003502,4
0.74099964,0.5312552,0.0070590503,9.61E-05,0.38159412,0.46982324,5.73E-07,2.44E-13,0.34851477,0.4641461,0.00020274207,3.50E-08,0.38961926,0.4486558,0.00023399654,5.26E-08,0.43765217,0.46403483,2.67E-22,1.87E-22,0.61043656,8.44E-07,0.48100168,2.21E-05,8.68E-05,0.43570697,0,0.4486267,0,0,0.009929078,0,0.58125275,0.47003502,3
0.0011663177,0.0015938823,0.008114973,0.0008565283,0.38159412,0.46982324,0.025556525,0.00048688333,0.34851447,0.46315765,0.04215203,0.0015950369,0.38971692,0.48742405,0.03282572,0.0012527456,0.43785018,0.49808866,4.91E-18,6.18E-18,0.0009191402,1.37E-17,0.0016105234,1.23E-09,1.51E-09,0.43570697,0.00016136763,0.4486267,0.0013621593,0.00072670943,0.039442465,0.00048823928,0.5812516,0.45741263,0
0.6759067,0.84335905,0.0070797624,9.58E-05,0.38159412,0.46982324,0,0,0.34851477,0.4641461,0,0,0.38961926,0.4486558,0,0,0.43765217,0.46403483,0,0,0,0,0,0.98266566,0,0.43570697,0,0.4486267,0,0,2.08E-17,0,0.58125275,0.47003502,3
0.7080911,0.43044817,0.24340232,0.121881925,0.38159412,0.46982324,0,0,0.34851477,0.4641461,0,0,0.38961926,0.4486558,0,0,0.43765217,0.46403483,0,0,0,0,0,0.9826648,0,0.43570697,0,0.4486267,0,0,2.08E-17,0,0.58125275,0.47003502,4
0.443053,0.6052236,0.21353684,0.13149542,0.38159412,0.46982324,0.026752459,0.0005331917,0.34851477,0.4641461,0.017130202,0.00024963645,0.38961926,0.4486558,0.013300911,0.00017000818,0.43765217,0.46403483,6.88E-22,9.76E-22,0.31664407,5.11E-17,0.4701362,2.01E-06,7.91E-06,0.43570697,0,0.4486267,0,0,0.3503546,0,0.58125275,0.47003502,4
0.72589,0.96871173,0.24398193,0.12162654,0.38159412,0.46982324,0,0,0.34851477,0.4641461,0,0,0.38961926,0.4486558,0,0,0.43765217,0.46403483,0,0,0,0,0,0.982665,0,0.43570697,0,0.4486267,0,0,2.08E-17,0,0.58125275,0.47003502,4
0.74451035,0.72429687,0.0071045035,9.55E-05,0.38159412,0.46982324,4.27E-07,1.36E-13,0.34851477,0.4641461,0.000158794,2.15E-08,0.38961926,0.4486558,0.00023798713,5.44E-08,0.43765217,0.46403483,1.98E-22,2.10E-22,0.63243616,8.92E-09,0.6599667,1.02E-05,4.03E-05,0.43570697,0,0.4486267,0,0,0.009929078,0,0.58125275,0.47003502,3
0.36146307,0.35137272,0.18374057,0.13425757,0.38159412,0.46982324,0,0,0.34851477,0.4641461,0,0,0.38961926,0.4486558,0,0,0.43765217,0.46403483,0,0,0,0,0,0.982667,0,0.43570697,0,0.4486267,0,0,2.08E-17,0,0.58125275,0.47003502,5
0.42063513,0.15816306,0.21743186,0.13063103,0.38159412,0.46982324,3.81E-07,1.08E-13,0.34851477,0.4641461,0.0065839346,3.69E-05,0.38961926,0.4486558,0.012000546,0.0001383914,0.43765217,0.46403483,5.73E-22,2.95E-14,0.30434296,0.00011862349,0.12508968,0.00012972191,0.0005102455,0.43570697,0,0.4486267,0,0,0.3503546,0,0.58125275,0.47003502,4
0.0056445953,0.001437382,0.043132875,0.048695803,0.35608354,0.39703825,0.31322277,0.19853804,0.31840155,0.38034496,0.31403124,0.23361774,0.3549952,0.35947967,0.28817675,0.22540027,0.43935916,0.46596897,2.98E-17,3.32E-17,0.0054818657,3.63E-17,0.0010523197,1.64E-09,1.24E-16,0.43570697,3.19E-05,0.4486267,7.51E-05,0.005873705,0.029689766,3.34E-05,0.58125275,0.47003502,0
0.21876186,0.31695887,7.40E-05,3.70E-06,0.38159412,0.46982324,0,0,0.34851477,0.4641461,0,0,0.38961926,0.4486558,0,0,0.43765217,0.46403483,0,0,0,0,0,0.9826633,0,0.43570697,0,0.4486267,0,0,2.08E-17,0,0.58125275,0.47003502,2
0.70561546,0.3831762,0.25031424,0.12742135,0.38159412,0.46982324,7.48E-05,4.17E-09,0.34851477,0.4641461,0.0063539143,3.43E-05,0.38961926,0.4486558,0.0073108375,5.14E-05,0.43765217,0.46403483,2.10E-22,2.42E-22,0.5765845,7.96E-06,0.34060746,3.88E-05,0.00015248772,0.43570697,0,0.4486267,0,0,0.35886526,0,0.58125275,0.47003502,1
0.44338846,0.605898,0.21367945,0.13146578,0.38159412,0.46982324,0,0,0.34851477,0.4641461,0,0,0.38961926,0.4486558,0,0,0.43765217,0.46403483,0,0,0,0,0,0.98266506,0,0.43570697,0,0.4486267,0,0,2.08E-17,0,0.58125275,0.47003502,4
0.25593773,0.35945767,1.52E-05,1.48E-06,0.38159412,0.46982324,0,0,0.34851477,0.4641461,0,0,0.38961926,0.4486558,0,0,0.43765217,0.46403483,0,0,0,0,0,0.9826632,0,0.43570697,0,0.4486267,0,0,2.08E-17,0,0.58125275,0.47003502,2
0.47077852,0.34532827,0.21408083,0.1313823,0.38159412,0.46982324,0.00040481627,1.22E-07,0.34851477,0.4641461,0.013345138,0.00015150577,0.38961926,0.4486558,0.014352382,0.0001979498,0.43765217,0.46403483,5.21E-22,1.64E-21,0.33817258,9.62E-07,0.26894554,3.77E-05,0.00014820727,0.43570697,0,0.4486267,0,0,0.3503546,0,0.58125275,0.47003502,4
0.7152081,0.41911307,0.24280529,0.12214206,0.38159412,0.46982324,0,0,0.34851477,0.4641461,0,0,0.38961926,0.4486558,0,0,0.43765217,0.46403483,0,0,0,0,0,0.9826648,0,0.43570697,0,0.4486267,0,0,2.08E-17,0,0.58125275,0.47003502,4
0.7500368,0.47491357,0.007083964,9.57E-05,0.38159412,0.46982324,0,0,0.34851477,0.4641461,0,0,0.38961926,0.4486558,0,0,0.43765217,0.46403483,0,0,0,0,0,0.98266554,0,0.43570697,0,0.4486267,0,0,2.08E-17,0,0.58125275,0.47003502,3
0.0006404289,0.0015157853,0.010113282,0.0012903166,0.38159412,0.46982324,1.30E-05,2.71E-05,0.34851477,0.46414608,0.024033105,0.00070057,0.3896011,0.43588036,0.039510194,0.0016749686,0.4374328,0.4335376,3.52E-25,3.74E-19,0.00060710247,2.75E-17,0.0016189376,8.41E-10,1.63E-17,0.43570697,0.0002982988,0.4486267,0.0013769491,0.00016534104,0.038958617,0.00052239094,0.58125263,0.46413323,0
0.7156056,0.975755,0.24436745,0.121455,0.38159412,0.46982324,9.28E-05,6.42E-09,0.34851477,0.4641461,0.0064412327,3.53E-05,0.38961926,0.4486558,0.0068013337,4.45E-05,0.43765217,0.46403483,1.78E-22,1.74E-22,0.58660513,5.32E-17,0.86732334,1.16E-06,4.58E-06,0.43570697,0,0.4486267,0,0,0.3503546,0,0.58125275,0.47003502,4
0.84211916,0.8795812,0.008131395,7.71E-05,0.38159412,0.46982324,1.58E-05,1.85E-10,0.34851477,0.4641461,0.00021648398,3.99E-08,0.38961926,0.4486558,0.00025427956,6.21E-08,0.43765217,0.46403483,1.20E-22,9.53E-23,0.8211123,4.86E-11,0.91563916,4.50E-06,1.77E-05,0.43570697,0,0.4486267,0,0,0.009929078,0,0.58125275,0.47003502,3
0.36021155,0.37633425,0.21297911,0.13905944,0.38159412,0.46982324,0.054379907,0.0022030934,0.34851477,0.4641461,0.03660091,0.0011396378,0.38961926,0.4486558,0.028608764,0.0007865118,0.43765217,0.46403483,2.34E-21,2.53E-21,0.249625,1.33E-08,0.28497776,2.25E-05,8.85E-05,0.43570697,0,0.4486267,0,0,0.35886526,0,0.58125275,0.47003502,1
0.99515975,0.9496938,0.008194213,7.59E-05,0.38159412,0.46982324,1.71E-05,2.18E-10,0.34851477,0.4641461,0.00019577183,3.26E-08,0.38961926,0.4486558,0.00024562434,5.80E-08,0.43765217,0.46403483,7.87E-23,5.80E-23,0.9915955,9.98E-12,0.995523,3.60E-06,1.42E-05,0.43570697,0,0.4486267,0,0,0.009929078,0,0.58125275,0.47003502,3
0.71647143,0.72344637,0.24368845,0.1217558,0.38159412,0.46982324,1.02E-07,7.68E-15,0.34851477,0.4641461,0.0032167179,8.80E-06,0.38961926,0.4486558,0.0060622054,3.53E-05,0.43765217,0.46403483,1.19E-22,1.53E-22,0.5862319,3.77E-09,0.64125186,9.59E-06,3.77E-05,0.43570697,0,0.4486267,0,0,0.3503546,0,0.58125275,0.47003502,4
0.2630229,0.36202794,1.52E-05,1.54E-06,0.38159412,0.46982324,0,0,0.34851477,0.4641461,0,0,0.38961926,0.4486558,0,0,0.43765217,0.46403483,0,0,0,0,0,0.9826633,0,0.43570697,0,0.4486267,0,0,2.08E-17,0,0.58125275,0.47003502,2
0.48510435,0.5846595,0.21469715,0.13124985,0.38159412,0.46982324,0.01294308,0.00012480479,0.34851477,0.4641461,0.013931247,0.00016510607,0.38961926,0.4486558,0.013087829,0.00016460473,0.43765217,0.46403483,1.84E-21,2.09E-21,0.3537227,4.44E-14,0.45662683,4.12E-06,1.62E-05,0.43570697,0,0.4486267,0,0,0.3503546,0,0.58125275,0.47003502,4
0.3072974,0.06794198,0.2198546,0.13002948,0.38159412,0.46982324,0.002032338,3.08E-06,0.34851477,0.4641461,0.01802555,0.000276414,0.38961926,0.4486558,0.019822862,0.0003776068,0.43765217,0.46403483,4.88E-15,8.39E-07,0.2242148,0.0008894488,0.05435377,0.00035411897,0.0013925632,0.43570697,0,0.4486267,0,0,0.3503546,0,0.58125275,0.47003502,4
0.001069302,0.0015196459,0.008470512,0.00089049526,0.38159412,0.46982327,0.0046903733,1.64E-05,0.34851477,0.46530855,0.03514807,0.0011084517,0.38966948,0.47740373,0.033062335,0.001241733,0.4379167,0.51064676,9.02E-18,9.09E-18,0.0010652192,6.34E-18,0.0015916209,8.49E-10,6.17E-18,0.43570697,4.70E-05,0.44862318,0.0013852821,0.0010697043,0.040132303,0.0004347024,0.5812521,0.46468917,0
0.71541846,0.8216434,0.24444684,0.12141979,0.38159412,0.46982324,0,0,0.34851477,0.4641461,0,0,0.38961926,0.4486558,0,0,0.43765217,0.46403483,0,0,0,0,0,0.9826649,0,0.43570697,0,0.4486267,0,0,2.08E-17,0,0.58125275,0.47003502,4
0.22337951,0.2564669,7.64E-05,3.88E-06,0.38159412,0.46982324,0,0,0.34851477,0.4641461,0,0,0.38961926,0.4486558,0,0,0.43765217,0.46403483,0,0,0,0,0,0.982663,0,0.43570697,0,0.4486267,0,0,2.08E-17,0,0.58125275,0.47003502,2
0.7130305,0.9862022,0.24431098,0.12147986,0.38159412,0.46982324,0,0,0.34851477,0.4641461,0,0,0.38961926,0.4486558,0,0,0.43765217,0.46403483,0,0,0,0,0,0.98266506,0,0.43570697,0,0.4486267,0,0,2.08E-17,0,0.58125275,0.47003502,4
0.00027478565,0.00050841103,0.01742717,0.008391918,0.38159412,0.46982324,2.12E-08,0.00016119597,0.34851477,0.4641461,0.004410019,0.0015279761,0.38962334,0.45757326,0.15385939,0.06807762,0.44049433,0.4749677,0,6.16E-26,2.91E-05,1.75E-16,0.00021468951,9.13E-09,4.10E-16,0.43570697,1.28E-18,0.4486267,0.00034473126,9.90E-10,0.017626109,1.34E-18,0.58125275,0.47003502,0
0.41853777,0.6031059,0.21373157,0.13145448,0.38159412,0.46982324,0.0006829003,3.47E-07,0.34851477,0.4641461,0.01361204,0.00015762661,0.38961926,0.4486558,0.01333711,0.00017093481,0.43765217,0.46403483,5.10E-22,9.12E-22,0.3007736,7.99E-19,0.46891883,1.32E-06,5.20E-06,0.43570697,0,0.4486267,0,0,0.3503546,0,0.58125275,0.47003502,4
0.21943954,0.2985793,7.43E-05,3.73E-06,0.38159412,0.46982324,0,0,0.34851477,0.4641461,0,0,0.38961926,0.4486558,0,0,0.43765217,0.46403483,0,0,0,0,0,0.9826631,0,0.43570697,0,0.4486267,0,0,2.08E-17,0,0.58125275,0.47003502,2
0.72044504,0.35425827,0.008028383,8.01E-05,0.38159412,0.46982324,0,0,0.34851477,0.4641461,0,0,0.38961926,0.4486558,0,0,0.43765217,0.46403483,0,0,0,0,0,0.98266554,0,0.43570697,0,0.4486267,0,0,2.08E-17,0,0.58125275,0.47003502,3
0.0011098621,0.0016374101,0.030151276,0.07531695,0.38159412,0.46982318,0.0006828937,1.32E-05,0.34851474,0.46271917,0.009628493,0.00014207662,0.38961506,0.43352142,0.010220289,0.00015388634,0.43765482,0.46761045,1.61E-25,1.96E-19,0.0002320881,4.09E-17,0.0003841283,4.79E-09,4.91E-17,0.43420613,0.00015331173,0.4334933,0.0013317722,0.010181797,0.028302092,0.00015385644,0.5812549,0.4735706,0
0.45837536,0.31124005,0.21437904,0.13131845,0.38159412,0.46982324,0.044482533,0.0014741274,0.34851477,0.4641461,0.02182703,0.00040529604,0.38961926,0.4486558,0.0158489,0.00024138225,0.43765217,0.46403483,2.04E-22,5.33E-22,0.3299805,2.57E-06,0.24275461,4.59E-05,0.00018073955,0.43570697,0,0.4486267,0,0,0.3503546,0,0.58125275,0.47003502,4
0.72656244,0.82802635,0.24394096,0.12164456,0.38159412,0.46982324,0.00017619462,2.31E-08,0.34851477,0.4641461,0.0068197455,3.96E-05,0.38961926,0.4486558,0.0067709778,4.41E-05,0.43765217,0.46403483,1.72E-22,2.35E-22,0.5916703,5.77E-11,0.73472494,5.52E-06,2.17E-05,0.43570697,0,0.4486267,0,0,0.3503546,0,0.58125275,0.47003502,4
0.001006475,0.0015852607,0.007945054,0.00080935576,0.38159412,0.46982324,4.79E-05,8.10E-06,0.34851477,0.46414486,0.023815112,0.0007338702,0.38960728,0.44056895,0.031815406,0.0012017356,0.43782017,0.49383068,1.68E-21,1.22E-18,0.0008199604,7.54E-18,0.0016137856,8.32E-10,6.31E-18,0.43570697,8.25E-05,0.44862545,0.0012931539,0.0014560884,0.040224116,0.00042834514,0.5812516,0.46324906,0
0.23208115,0.27963117,7.41E-05,3.85E-06,0.38159412,0.46982324,0,0,0.34851477,0.4641461,0,0,0.38961926,0.4486558,0,0,0.43765217,0.46403483,0,0,0,0,0,0.98266304,0,0.43570697,0,0.4486267,0,0,2.08E-17,0,0.58125275,0.47003502,2
0.7060459,0.45063147,0.24384561,0.1216873,0.38159412,0.46982324,0,0,0.34851477,0.4641461,0,0,0.38961926,0.4486558,0,0,0.43765217,0.46403483,0,0,0,0,0,0.9826648,0,0.43570697,0,0.4486267,0,0,2.08E-17,0,0.58125275,0.47003502,4
0.7186601,0.2883721,0.0070439903,9.64E-05,0.38159412,0.46982324,4.75E-05,1.68E-09,0.34851477,0.4641461,0.00024421897,5.07E-08,0.38961926,0.4486558,0.00024402497,5.72E-08,0.43765217,0.46403483,1.96E-22,1.60E-16,0.59635526,3.83E-05,0.26051405,5.95E-05,0.00023410021,0.43570697,0,0.4486267,0,0,0.009929078,0,0.58125275,0.47003502,3
0.45711565,0.28017837,0.21434359,0.13132587,0.38159412,0.46982324,1.04E-05,7.98E-11,0.34851477,0.4641461,0.0101207765,8.71E-05,0.38961926,0.4486558,0.013848135,0.00018428487,0.43765217,0.46403483,1.46E-21,2.18E-21,0.32466373,6.77E-06,0.21846604,5.61E-05,0.00022085359,0.43570697,0,0.4486267,0,0,0.3503546,0,0.58125275,0.47003502,4
0.0011441435,0.0016143364,0.021037383,0.03029568,0.38159412,0.46982276,0.0077599366,0.00013659384,0.34851384,0.460316,0.051710587,0.0023732702,0.38953713,0.42558834,0.19437939,0.041133456,0.43867767,0.46972355,4.20E-21,3.35E-18,0.001144368,6.27E-18,0.0017149085,7.58E-10,6.55E-18,0.43570697,0.00027099228,0.4486257,0.0011291587,0.041740656,0.06534531,0.088735946,0.5821967,0.48372516,0
0.4109664,0.31748635,0.20993853,0.1395388,0.38159412,0.46982324,0,0,0.34851477,0.4641461,0,0,0.38961926,0.4486558,0,0,0.43765217,0.46403483,0,0,0,0,0,0.98266613,0,0.43570697,0,0.4486267,0,0,2.08E-17,0,0.58125275,0.47003502,1
0.00044209787,0.00050291076,0.015593178,0.0060719294,0.38159412,0.46982324,0,0.0074296645,0.34851477,0.4641461,0.0001885856,0.008667697,0.3896193,0.44899333,0.043515526,0.009955829,0.44050905,0.5635189,2.72E-20,3.88E-16,0.00028479207,8.94E-15,0.00017557052,1.69E-08,6.55E-15,0.43570697,0,0.4486267,0.00021653173,0,0.009929078,0,0.58125275,0.47003502,0
0.00038967154,0.0006307662,0.01463523,0.0025277464,0.38159412,0.46982324,0.008736685,5.69E-05,0.34851477,0.4641461,0.009581816,0.00012273913,0.3896141,0.4278019,0.07114133,0.014561696,0.43794417,0.46928722,2.32E-16,6.90E-16,0.00014461922,7.90E-16,0.00023869061,8.14E-09,3.16E-16,0.43570697,0,0.4486267,0,0,0.009219858,0,0.58125275,0.47003502,0
3.84E-05,0.00050426007,0.015320981,0.00735397,0.38159412,0.46982324,9.42E-08,1.25E-10,0.34851477,0.4641461,0.0057562497,0.0006717471,0.38961762,0.44449773,0.13819402,0.052251965,0.4394812,0.4730056,0,9.22E-27,1.80E-05,5.94E-17,0.00023933851,8.06E-09,2.71E-16,0.43570697,0,0.4486267,0,0,0.009219858,0,0.58125275,0.47003502,0
0.32437885,0.104514204,0.1821795,0.13423252,0.38159412,0.46982324,0,0,0.34851477,0.4641461,0,0,0.38961926,0.4486558,0,0,0.43765217,0.46403483,0,0,0,0,0,0.98266697,0,0.43570697,0,0.4486267,0,0,2.08E-17,0,0.58125275,0.47003502,5
0.39485425,0.30611798,0.20979941,0.1395586,0.38159412,0.46982324,0.05769964,0.0024802885,0.34851477,0.4641461,0.037874516,0.0012203298,0.38961926,0.4486558,0.030047832,0.0008676276,0.43765217,0.46403483,4.72E-21,2.96E-21,0.25638986,4.77E-07,0.2283793,4.02E-05,0.00015825828,0.43570697,0,0.4486267,0,0,0.35886526,0,0.58125275,0.47003502,1
0.44376063,0.33881956,0.21371506,0.1314599,0.38159412,0.46982324,0,0,0.34851477,0.4641461,0,0,0.38961926,0.4486558,0,0,0.43765217,0.46403483,0,0,0,0,0,0.9826648,0,0.43570697,0,0.4486267,0,0,2.08E-17,0,0.58125275,0.47003502,4
0.44045514,0.5358781,0.21330781,0.13154325,0.38159412,0.46982324,0,0,0.34851477,0.4641461,0,0,0.38961926,0.4486558,0,0,0.43765217,0.46403483,0,0,0,0,0,0.98266494,0,0.43570697,0,0.4486267,0,0,2.08E-17,0,0.58125275,0.47003502,4
0.41452524,0.3697557,0.0056551094,0.00010783902,0.38159412,0.46982324,8.52E-06,5.41E-11,0.34851477,0.4641461,0.00054346764,2.51E-07,0.38961926,0.4486558,0.0007007449,4.72E-07,0.43765217,0.46403483,9.41E-21,5.39E-21,0.2943082,5.32E-08,0.2667698,2.80E-05,0.000110327004,0.43570697,0,0.4486267,0,0,0.009929078,0,0.58125275,0.47003502,3
0.22373974,0.17022781,7.69E-05,4.06E-06,0.38159412,0.46982324,0,0,0.34851477,0.4641461,0,0,0.38961926,0.4486558,0,0,0.43765217,0.46403483,0,0,0,0,0,0.98266286,0,0.43570697,0,0.4486267,0,0,2.08E-17,0,0.58125275,0.47003502,2
0.001063399,0.0015936134,0.008065585,0.0007917378,0.38159412,0.46982324,0.0004900148,0.0001016113,0.34851477,0.46413767,0.009494353,0.00013060812,0.38961044,0.41452146,0.010185962,0.00014911554,0.43764782,0.45792007,3.03E-26,1.36E-19,0.00022146622,4.54E-17,0.00037309807,4.94E-09,5.05E-17,0.4356981,0.00014093635,0.41449454,0.0012935305,0.010147598,0.028000386,0.00014908657,0.5812492,0.46398878,0
0.4352549,0.60580623,0.21317922,0.13156913,0.38159412,0.46982324,0,0,0.34851477,0.4641461,0,0,0.38961926,0.4486558,0,0,0.43765217,0.46403483,0,0,0,0,0,0.98266506,0,0.43570697,0,0.4486267,0,0,2.08E-17,0,0.58125275,0.47003502,4
0.7467208,0.40237242,0.008068582,7.91E-05,0.38159412,0.46982324,0,0,0.34851477,0.4641461,0,0,0.38961926,0.4486558,0,0,0.43765217,0.46403483,0,0,0,0,0,0.98266554,0,0.43570697,0,0.4486267,0,0,2.08E-17,0,0.58125275,0.47003502,3
0.44516432,0.49343666,0.21313262,0.13158011,0.38159412,0.46982324,2.59E-05,5.01E-10,0.34851477,0.4641461,0.008619613,6.32E-05,0.38961926,0.4486558,0.013912293,0.0001859964,0.43765217,0.46403483,2.25E-21,3.21E-21,0.31832272,8.88E-10,0.3825865,1.31E-05,5.15E-05,0.43570697,0,0.4486267,0,0,0.3503546,0,0.58125275,0.47003502,4
0.22618496,0.31581017,7.22E-05,3.66E-06,0.38159412,0.46982324,0,0,0.34851477,0.4641461,0,0,0.38961926,0.4486558,0,0,0.43765217,0.46403483,0,0,0,0,0,0.9826632,0,0.43570697,0,0.4486267,0,0,2.08E-17,0,0.58125275,0.47003502,2
1.93E-08,1.13E-05,0.022661425,0,0.38159412,0.46982324,0,0,0.34851477,0.4641461,2.43E-09,5.05E-18,0.38961926,0.4486558,0,0,0.43765217,0.46403483,0,0,2.41E-08,3.42E-25,1.54E-05,8.29E-08,5.71E-16,0.43570697,5.44E-18,0.4486267,5.33E-05,0,0.021276595,0,0.58125275,0.47003502,0
0.7676671,0.4892783,0.008065533,7.91E-05,0.38159412,0.46982324,0.0006074083,2.75E-07,0.34851477,0.4641461,0.00040591852,1.40E-07,0.38961926,0.4486558,0.0003136571,9.45E-08,0.43765217,0.46403483,1.67E-22,1.25E-22,0.7297161,1.53E-06,0.5047444,2.27E-05,8.93E-05,0.43570697,0,0.4486267,0,0,0.009929078,0,0.58125275,0.47003502,3
0.7119937,0.8894671,0.24393825,0.1216451,0.38159412,0.46982324,2.28E-07,3.88E-14,0.34851477,0.4641461,0.003544282,1.07E-05,0.38961926,0.4486558,0.006327401,3.85E-05,0.43765217,0.46403483,1.79E-22,1.81E-22,0.5785734,1.07E-12,0.78922415,3.44E-06,1.35E-05,0.43570697,0,0.4486267,0,0,0.3503546,0,0.58125275,0.47003502,4
0.73188543,0.38870853,0.007073351,9.60E-05,0.38159412,0.46982324,3.68E-08,1.01E-15,0.34851477,0.4641461,0.00011815317,1.19E-08,0.38961926,0.4486558,0.00019534647,3.67E-08,0.43765217,0.46403483,9.36E-23,2.53E-22,0.6134487,8.98E-06,0.35259438,3.81E-05,0.0001500141,0.43570697,0,0.4486267,0,0,0.009929078,0,0.58125275,0.47003502,3
0.3546094,0.41845936,0.0057740198,0.00010738588,0.38159412,0.46982324,0,0,0.34851477,0.4641461,0,0,0.38961926,0.4486558,0,0,0.43765217,0.46403483,0,0,0,0,0,0.9826656,0,0.43570697,0,0.4486267,0,0,2.08E-17,0,0.58125275,0.47003502,3
0.45144176,0.28220814,0.21373731,0.13145511,0.38159412,0.46982324,7.79E-06,4.52E-11,0.34851477,0.4641461,0.009852961,8.26E-05,0.38961926,0.4486558,0.013764826,0.00018207423,0.43765217,0.46403483,1.16E-21,1.75E-21,0.3171999,6.41E-06,0.21942581,5.55E-05,0.00021820348,0.43570697,0,0.4486267,0,0,0.3503546,0,0.58125275,0.47003502,4
0.46434352,0.5730712,0.21356834,0.1314897,0.38159412,0.46982324,0,0,0.34851477,0.4641461,0,0,0.38961926,0.4486558,0,0,0.43765217,0.46403483,0,0,0,0,0,0.98266494,0,0.43570697,0,0.4486267,0,0,2.08E-17,0,0.58125275,0.47003502,4
0.3540573,0.116268285,0.19450569,0.14084864,0.38159412,0.46982324,0.06228449,0.0028901196,0.34851477,0.4641461,0.040474355,0.0013936155,0.38961926,0.4486558,0.031308793,0.00094197574,0.43765217,0.46403483,3.27E-21,9.54E-14,0.21366021,0.000183416,0.0804178,0.00020342943,0.0008001053,0.43570697,0,0.4486267,0,0,0.35886526,0,0.58125275,0.47003502,1
0.40231726,0.5664867,0.2138951,0.1314199,0.38159412,0.46982324,6.43E-05,3.08E-09,0.34851477,0.4641461,0.01005613,8.60E-05,0.38961926,0.4486558,0.012952217,0.00016121122,0.43765217,0.46403483,1.94E-21,4.12E-21,0.29116976,1.44E-13,0.44077498,4.70E-06,1.85E-05,0.43570697,0,0.4486267,0,0,0.3503546,0,0.58125275,0.47003502,4
0.63252413,0.2057766,0.25093588,0.12713759,0.38159412,0.46982324,6.55E-07,3.20E-13,0.34851477,0.4641461,0.004095625,1.43E-05,0.38961926,0.4486558,0.0072655017,5.07E-05,0.43765217,0.46403483,6.67E-23,8.65E-13,0.523094,0.00010285382,0.1833676,9.21E-05,0.00036227447,0.43570697,0,0.4486267,0,0,0.35886526,0,0.58125275,0.47003502,1
0.004626371,0.0030422634,0.051912054,0.0786132,0.3276198,0.37041852,0.36809584,0.32575947,0.29544783,0.367133,0.3656947,0.35631567,0.35631338,0.38946345,0.34529236,0.2724884,0.42380202,0.45194072,5.20E-17,5.75E-17,0.00353303,4.92E-17,0.0024882765,4.66E-10,9.47E-13,0.43570697,0.35267597,0.4486267,0.00015013595,0.61748433,0.22320458,0.36910686,0.58125275,0.47003502,0
0.33195785,0.36809948,0.213145,0.13903114,0.38159412,0.46982324,0.00905034,6.10E-05,0.34851477,0.4641461,0.034160145,0.0009927102,0.38961926,0.4486558,0.027886527,0.0007473016,0.43765217,0.46403483,1.63E-21,3.77E-21,0.23097892,2.05E-08,0.27893826,2.38E-05,9.36E-05,0.43570697,0,0.4486267,0,0,0.35886526,0,0.58125275,0.47003502,1
0.7197633,0.8985751,0.24394639,0.12164194,0.38159412,0.46982324,0.019378267,0.0002797602,0.34851477,0.4641461,0.010913644,0.00010132639,0.38961926,0.4486558,0.0071682325,4.94E-05,0.43765217,0.46403483,1.73E-22,1.70E-22,0.58510345,5.58E-13,0.7973505,3.19E-06,1.26E-05,0.43570697,0,0.4486267,0,0,0.3503546,0,0.58125275,0.47003502,4
0.24984987,0.16631164,1.76E-05,1.78E-06,0.38159412,0.46982324,0,0,0.34851477,0.4641461,0,0,0.38961926,0.4486558,0,0,0.43765217,0.46403483,0,0,0,0,0,0.98266286,0,0.43570697,0,0.4486267,0,0,2.08E-17,0,0.58125275,0.47003502,2
0.0010571991,0.0016027548,0.007835627,0.0007712039,0.38159412,0.46982324,1.03E-05,3.67E-05,0.34851477,0.46425286,0.019596523,0.00065646385,0.3896131,0.44365686,0.031030873,0.0011574263,0.43760037,0.45454282,1.07E-17,1.07E-17,0.0010250047,9.34E-18,0.001634263,8.19E-10,8.46E-18,0.43570697,0.0004437257,0.44862655,0.0013436724,0.001593067,0.039841227,0.00046001739,0.58125156,0.4637355,0
0.72170734,0.31631884,0.007057227,9.61E-05,0.38159412,0.46982324,7.03E-06,3.68E-11,0.34851477,0.4641461,0.00020079935,3.43E-08,0.38961926,0.4486558,0.00022835445,5.01E-08,0.43765217,0.46403483,9.13E-23,3.50E-18,0.60146695,2.59E-05,0.28632334,5.21E-05,0.00020499721,0.43570697,0,0.4486267,0,0,0.009929078,0,0.58125275,0.47003502,3
0.42386562,0.19402824,0.2155173,0.13106878,0.38159412,0.46982324,0,0,0.34851477,0.4641461,0,0,0.38961926,0.4486558,0,0,0.43765217,0.46403483,0,0,0,0,0,0.98266476,0,0.43570697,0,0.4486267,0,0,2.08E-17,0,0.58125275,0.47003502,4
0.43857825,0.41395915,0.21213187,0.13178004,0.38159412,0.46982324,0.0069859335,3.64E-05,0.34851477,0.4641461,0.018430576,0.00028897537,0.38961926,0.4486558,0.015100644,0.00021912807,0.43765217,0.46403483,1.48E-21,1.11E-21,0.3061096,6.46E-08,0.31947398,2.40E-05,9.43E-05,0.43570697,0,0.4486267,0,0,0.3503546,0,0.58125275,0.47003502,4
0.7210348,0.30514398,0.0070497617,9.62E-05,0.38159412,0.46982324,1.53E-05,1.75E-10,0.34851477,0.4641461,0.00021742878,4.02E-08,0.38961926,0.4486558,0.00023443895,5.28E-08,0.43765217,0.46403483,1.21E-22,1.66E-17,0.5992333,3.04E-05,0.27590665,5.49E-05,0.00021606784,0.43570697,0,0.4486267,0,0,0.009929078,0,0.58125275,0.47003502,3
0.70821583,0.50742435,0.24337327,0.12189417,0.38159412,0.46982324,0.016850682,0.00021153927,0.34851477,0.4641461,0.010758928,9.85E-05,0.38961926,0.4486558,0.00752668,5.44E-05,0.43765217,0.46403483,1.34E-22,1.88E-22,0.5775825,9.43E-07,0.44920585,2.38E-05,9.34E-05,0.43570697,0,0.4486267,0,0,0.3503546,0,0.58125275,0.47003502,4
0.34833178,0.43643948,0.20193142,0.1404509,0.38159412,0.46982324,0.0057463646,2.46E-05,0.34851477,0.4641461,0.028582431,0.0006949945,0.38961926,0.4486558,0.027663702,0.0007354069,0.43765217,0.46403483,2.14E-21,3.08E-20,0.16501439,1.71E-10,0.31331372,1.27E-05,4.99E-05,0.43570697,0,0.4486267,0,0,0.35886526,0,0.58125275,0.47003502,1
0.0010300137,0.0015494187,0.007978327,0.0008024769,0.38159412,0.46982324,1.74E-05,3.69E-05,0.34851477,0.46414196,0.02097625,0.00063454063,0.38960117,0.43427318,0.031290736,0.001174099,0.43784517,0.49892506,1.88E-19,3.07E-18,0.0009393343,6.51E-18,0.0016289625,8.20E-10,1.37E-13,0.43566698,0.0018460514,0.48324353,0.0013070477,0.056648683,0.043819364,0.0033604628,0.5816521,0.5055429,0
0.396486,0.43909687,0.21005246,0.13951895,0.38159412,0.46982324,0,0,0.34851477,0.4641461,0,0,0.38961926,0.4486558,0,0,0.43765217,0.46403483,0,0,0,0,0,0.9826662,0,0.43570697,0,0.4486267,0,0,2.08E-17,0,0.58125275,0.47003502,1
0.00029722656,0.0007791411,0.042555925,0.054438256,0.38159412,0.46982324,1.05E-08,4.99E-07,0.34851477,0.4641461,0.0087408405,6.50E-05,0.38961905,0.4410362,0.015507022,0.00023108393,0.43765253,0.46696445,0,1.52E-27,2.28E-05,2.24E-16,0.00010008477,1.88E-08,6.28E-16,0.43570697,7.02E-05,0.44100755,0.00034699374,0.015448617,0.031780187,0.00023103904,0.581253,0.4729318,0
0.22066182,0.27900523,7.45E-05,3.85E-06,0.38159412,0.46982324,0,0,0.34851477,0.4641461,0,0,0.38961926,0.4486558,0,0,0.43765217,0.46403483,0,0,0,0,0,0.98266304,0,0.43570697,0,0.4486267,0,0,2.08E-17,0,0.58125275,0.47003502,2
0.2586822,0.047502697,0.22749777,0.12784062,0.38159412,0.46982324,0.01258392,0.000117974436,0.34851477,0.4641461,0.023340601,0.00046345452,0.38961926,0.4486558,0.023750046,0.0005420458,0.43765217,0.46403483,5.66E-10,3.22E-05,0.19653769,0.0014916977,0.03933432,0.00050849427,0.0019993251,0.43570697,0,0.4486267,0,0,0.3503546,0,0.58125275,0.47003502,4
0.4207669,0.15894184,0.21771365,0.13056391,0.38159412,0.46982324,0,0,0.34851477,0.4641461,0,0,0.38961926,0.4486558,0,0,0.43765217,0.46403483,0,0,0,0,0,0.98266476,0,0.43570697,0,0.4486267,0,0,2.08E-17,0,0.58125275,0.47003502,4
0.70626104,0.8148946,0.24974431,0.12768126,0.38159412,0.46982324,1.93E-08,2.78E-16,0.34851477,0.4641461,0.0030290976,7.81E-06,0.38961926,0.4486558,0.005991369,3.45E-05,0.43765217,0.46403483,3.16E-22,1.97E-22,0.566415,6.62E-11,0.7227021,5.66E-06,2.23E-05,0.43570697,0,0.4486267,0,0,0.35886526,0,0.58125275,0.47003502,1
0.000869741,0.0015062246,0.008377679,0.000863507,0.38159412,0.4698212,0.05286907,0.0020823912,0.34851173,0.45642477,0.044539418,0.0018292593,0.38993624,0.5498216,0.03237942,0.0012349065,0.43793076,0.5123054,3.61E-18,1.59E-17,0.0009307686,1.88E-17,0.0015995405,8.55E-10,1.58E-17,0.43570697,0.0005048816,0.44862622,0.0013989429,0.0011076644,0.03882226,0.00053296145,0.5812488,0.44255447,0
0.2224214,0.22803797,7.60E-05,3.78E-06,0.38159412,0.46982324,0,0,0.34851477,0.4641461,0,0,0.38961926,0.4486558,0,0,0.43765217,0.46403483,0,0,0,0,0,0.9826629,0,0.43570697,0,0.4486267,0,0,2.08E-17,0,0.58125275,0.47003502,2
0.35555577,0.41595262,0.21297087,0.13906161,0.38159412,0.46982324,0,0,0.34851477,0.4641461,0,0,0.38961926,0.4486558,0,0,0.43765217,0.46403483,0,0,0,0,0,0.9826662,0,0.43570697,0,0.4486267,0,0,2.08E-17,0,0.58125275,0.47003502,1
0.7291507,0.96604025,0.24425593,0.121504724,0.38159412,0.46982324,0,0,0.34851477,0.4641461,0,0,0.38961926,0.4486558,0,0,0.43765217,0.46403483,0,0,0,0,0,0.982665,0,0.43570697,0,0.4486267,0,0,2.08E-17,0,0.58125275,0.47003502,4
0.2533054,0.19389978,1.78E-05,1.81E-06,0.38159412,0.46982324,0,0,0.34851477,0.4641461,0,0,0.38961926,0.4486558,0,0,0.43765217,0.46403483,0,0,0,0,0,0.98266286,0,0.43570697,0,0.4486267,0,0,2.08E-17,0,0.58125275,0.47003502,2
0.0010159996,0.0016431997,0.025627796,0.062328804,0.38159412,0.46982324,1.58E-05,4.12E-05,0.34851477,0.46410492,0.02231104,0.0006126403,0.3896054,0.43749484,0.27978554,0.081779525,0.43948975,0.4695321,3.72E-17,3.75E-17,0.0008663561,2.36E-17,0.0017348924,7.55E-10,1.43E-17,0.43570697,8.24E-05,0.4486266,0.001294554,0.0011092324,0.040114354,0.0004364366,0.581252,0.46417627,0
0.7088176,0.58771175,0.25023288,0.12745827,0.38159412,0.46982324,4.39E-06,1.44E-11,0.34851477,0.4641461,0.0047894167,1.95E-05,0.38961926,0.4486558,0.006534711,4.10E-05,0.43765217,0.46403483,7.09E-23,1.45E-22,0.5786744,1.50E-07,0.5222439,1.70E-05,6.69E-05,0.43570697,0,0.4486267,0,0,0.35886526,0,0.58125275,0.47003502,1
0.3653682,0.35227662,0.18320522,0.13424502,0.38159412,0.46982324,0,0,0.34851477,0.4641461,0,0,0.38961926,0.4486558,0,0,0.43765217,0.46403483,0,0,0,0,0,0.982667,0,0.43570697,0,0.4486267,0,0,2.08E-17,0,0.58125275,0.47003502,5
0.24866305,0.22617307,1.65E-05,1.66E-06,0.38159412,0.46982324,0,0,0.34851477,0.4641461,0,0,0.38961926,0.4486558,0,0,0.43765217,0.46403483,0,0,0,0,0,0.9826629,0,0.43570697,0,0.4486267,0,0,2.08E-17,0,0.58125275,0.47003502,2
0.22331107,0.31644446,7.54E-05,3.86E-06,0.38159412,0.46982324,0,0,0.34851477,0.4641461,0,0,0.38961926,0.4486558,0,0,0.43765217,0.46403483,0,0,0,0,0,0.9826633,0,0.43570697,0,0.4486267,0,0,2.08E-17,0,0.58125275,0.47003502,2
0.42283303,0.60236824,0.21165174,0.13187292,0.38159412,0.46982324,0,0,0.34851477,0.4641461,0,0,0.38961926,0.4486558,0,0,0.43765217,0.46403483,0,0,0,0,0,0.9826651,0,0.43570697,0,0.4486267,0,0,2.08E-17,0,0.58125275,0.47003502,4
0.72862864,0.57559687,0.008064175,7.97E-05,0.38159412,0.46982324,1.56E-05,1.80E-10,0.34851477,0.4641461,0.00026283797,5.88E-08,0.38961926,0.4486558,0.00029133444,8.16E-08,0.43765217,0.46403483,1.79E-22,1.21E-22,0.6801142,2.84E-07,0.5910293,1.63E-05,6.40E-05,0.43570697,0,0.4486267,0,0,0.009929078,0,0.58125275,0.47003502,3
0.0010320512,0.0017433739,0.012408711,0.0051839384,0.38159412,0.4698246,0.00026795123,1.31E-05,0.34851477,0.46658003,0.025552737,0.00078797544,0.3896858,0.4902621,0.0778285,0.108918004,0.4432572,0.49677315,1.42E-17,1.41E-17,0.0011484709,1.28E-17,0.0018432288,6.88E-10,1.50E-17,0.43570697,0.00045780782,0.44926342,0.0013690802,0.044266094,0.06849562,0.11671789,0.59445643,0.62746835,0
0.36712876,0.43331066,0.0060323863,0.000106130705,0.38159412,0.46982324,7.94E-08,4.69E-15,0.34851477,0.4641461,0.00047536485,1.92E-07,0.38961926,0.4486558,0.0007097408,4.84E-07,0.43765217,0.46403483,1.46E-21,2.75E-21,0.28973448,4.85E-10,0.33385888,1.40E-05,5.50E-05,0.43570697,0,0.4486267,0,0,0.009929078,0,0.58125275,0.47003502,3
0.7143116,0.53514487,0.2428157,0.12213818,0.38159412,0.46982324,0.0010822051,8.73E-07,0.34851477,0.4641461,0.008181004,5.69E-05,0.38961926,0.4486558,0.0071383063,4.90E-05,0.43765217,0.46403483,3.71E-22,2.07E-22,0.5759205,5.45E-07,0.4726569,2.14E-05,8.40E-05,0.43570697,0,0.4486267,0,0,0.3503546,0,0.58125275,0.47003502,4
0.21192956,0.09341218,8.42E-05,4.51E-06,0.38159412,0.46982324,0,0,0.34851477,0.4641461,0,0,0.38961926,0.4486558,0,0,0.43765217,0.46403483,0,0,0,0,0,0.98266286,0,0.43570697,0,0.4486267,0,0,2.08E-17,0,0.58125275,0.47003502,2
0.7300295,0.7686488,0.24420922,0.12152509,0.38159412,0.46982324,8.11E-05,4.90E-09,0.34851477,0.4641461,0.0062406003,3.31E-05,0.38961926,0.4486558,0.006668387,4.27E-05,0.43765217,0.46403483,4.75E-23,8.79E-23,0.6028368,7.80E-10,0.6827849,7.72E-06,3.04E-05,0.43570697,0,0.4486267,0,0,0.3503546,0,0.58125275,0.47003502,4
0.48836973,0.5887386,0.21511275,0.13115932,0.38159412,0.46982324,0.0018478592,2.54E-06,0.34851477,0.4641461,0.011486904,0.00011225068,0.38961926,0.4486558,0.01279052,0.00015721121,0.43765217,0.46403483,8.51E-22,9.19E-22,0.35906652,3.02E-14,0.4606968,3.93E-06,1.55E-05,0.43570697,0,0.4486267,0,0,0.3503546,0,0.58125275,0.47003502,4
0.25985867,0.3485395,1.51E-05,1.50E-06,0.38159412,0.46982324,0,0,0.34851477,0.4641461,0,0,0.38961926,0.4486558,0,0,0.43765217,0.46403483,0,0,0,0,0,0.9826631,0,0.43570697,0,0.4486267,0,0,2.08E-17,0,0.58125275,0.47003502,2
0.41592932,0.60291564,0.2130592,0.13159253,0.38159412,0.46982324,0,0,0.34851477,0.4641461,0,0,0.38961926,0.4486558,0,0,0.43765217,0.46403483,0,0,0,0,0,0.98266506,0,0.43570697,0,0.4486267,0,0,2.08E-17,0,0.58125275,0.47003502,4
0.42098072,0.5269329,0.212547,0.1316975,0.38159412,0.46982324,0.0010713658,8.55E-07,0.34851477,0.4641461,0.012744104,0.00013816614,0.38961926,0.4486558,0.0140450625,0.00018956336,0.43765217,0.46403483,1.50E-21,2.39E-21,0.29465976,2.91E-11,0.4074367,8.66E-06,3.41E-05,0.43570697,0,0.4486267,0,0,0.3503546,0,0.58125275,0.47003502,4
0.752817,0.7114159,0.007089806,9.57E-05,0.38159412,0.46982324,3.22E-06,7.71E-12,0.34851477,0.4641461,0.00019415897,3.21E-08,0.38961926,0.4486558,0.0002452395,5.78E-08,0.43765217,0.46403483,1.88E-22,1.78E-22,0.6319747,1.33E-08,0.64696157,1.09E-05,4.28E-05,0.43570697,0,0.4486267,0,0,0.009929078,0,0.58125275,0.47003502,3
0.4593848,0.27301964,0.21402855,0.13139407,0.38159412,0.46982324,3.04E-05,6.87E-10,0.34851477,0.4641461,0.011229718,0.000107280495,0.38961926,0.4486558,0.014182821,0.0001933002,0.43765217,0.46403483,1.32E-21,2.35E-21,0.32352683,8.33E-06,0.21257544,5.89E-05,0.00023166135,0.43570697,0,0.4486267,0,0,0.3503546,0,0.58125275,0.47003502,4
0.0009290253,0.0015419372,0.007940654,0.0007289309,0.38159412,0.46982324,5.86E-06,0.00016454779,0.34851477,0.4641723,0.018739108,0.0006325625,0.3896792,0.49981287,0.029655665,0.0010949981,0.43789652,0.51084906,6.96E-21,1.34E-18,0.00090096344,7.02E-18,0.0016428367,8.10E-10,6.59E-18,0.43570697,0.00028460307,0.44862643,0.00137504,0.0011765246,0.03936897,0.00049466325,0.5812517,0.46285596,0
0.7919219,0.8217977,0.008097397,7.80E-05,0.38159412,0.46982324,0.0004594776,1.57E-07,0.34851477,0.4641461,0.0002906762,7.19E-08,0.38961926,0.4486558,0.00026572534,6.79E-08,0.43765217,0.46403483,8.61E-23,8.13E-23,0.7634633,2.87E-10,0.8513009,5.73E-06,2.26E-05,0.43570697,0,0.4486267,0,0,0.009929078,0,0.58125275,0.47003502,3
0.74463487,0.78622174,0.0070874696,9.57E-05,0.38159412,0.46982324,2.17E-06,3.51E-12,0.34851477,0.4641461,0.00021667412,3.99E-08,0.38961926,0.4486558,0.00025486137,6.24E-08,0.43765217,0.46403483,1.66E-22,1.50E-22,0.6196055,1.23E-09,0.7147231,7.74E-06,3.04E-05,0.43570697,0,0.4486267,0,0,0.009929078,0,0.58125275,0.47003502,3
0.71904844,0.6212991,0.24316762,0.121984996,0.38159412,0.46982324,5.68E-08,2.41E-15,0.34851477,0.4641461,0.0030507199,7.92E-06,0.38961926,0.4486558,0.006002306,3.46E-05,0.43765217,0.46403483,3.11E-22,1.91E-22,0.5834456,7.58E-08,0.5495323,1.51E-05,5.94E-05,0.43570697,0,0.4486267,0,0,0.3503546,0,0.58125275,0.47003502,4
0.35435563,0.25187275,0.21012008,0.13951342,0.38159412,0.46982324,0.0017909713,2.39E-06,0.34851477,0.4641461,0.03441781,0.0010077425,0.38961926,0.4486558,0.031130932,0.00093130366,0.43765217,0.46403483,6.31E-22,1.82E-21,0.25151646,4.21E-06,0.18821865,6.06E-05,0.00023828677,0.43570697,0,0.4486267,0,0,0.35886526,0,0.58125275,0.47003502,1
0.22431263,0.31014788,7.19E-05,3.59E-06,0.38159412,0.46982324,0,0,0.34851477,0.4641461,0,0,0.38961926,0.4486558,0,0,0.43765217,0.46403483,0,0,0,0,0,0.98266315,0,0.43570697,0,0.4486267,0,0,2.08E-17,0,0.58125275,0.47003502,2
0.3753364,0.41292962,0.21534269,0.13864085,0.38159412,0.46982324,0.051554754,0.0019801287,0.34851477,0.4641461,0.026981357,0.0006193136,0.38961926,0.4486558,0.026788613,0.00068961637,0.43765217,0.46403483,2.49E-21,4.06E-21,0.2826849,1.75E-09,0.3161058,1.68E-05,6.59E-05,0.43570697,0,0.4486267,0,0,0.35886526,0,0.58125275,0.47003502,1
0.70064324,0.31554225,0.25047708,0.12734827,0.38159412,0.46982324,0.011828269,0.00010423135,0.34851477,0.4641461,0.010596395,9.55E-05,0.38961926,0.4486558,0.008475762,6.90E-05,0.43765217,0.46403483,1.55E-22,4.62E-19,0.57618827,2.21E-05,0.28067887,5.21E-05,0.00020495881,0.43570697,0,0.4486267,0,0,0.35886526,0,0.58125275,0.47003502,1
0.7081534,0.36193025,0.24347584,0.12185023,0.38159412,0.46982324,0.00083380885,5.18E-07,0.34851477,0.4641461,0.007925848,5.34E-05,0.38961926,0.4486558,0.007542281,5.47E-05,0.43765217,0.46403483,1.32E-22,1.29E-21,0.57702035,1.20E-05,0.32053888,4.29E-05,0.0001688541,0.43570697,0,0.4486267,0,0,0.3503546,0,0.58125275,0.47003502,4
0.35381687,0.14746983,0.20780088,0.13982596,0.38159412,0.46982324,0,0,0.34851477,0.4641461,0,0,0.38961926,0.4486558,0,0,0.43765217,0.46403483,0,0,0,0,0,0.9826661,0,0.43570697,0,0.4486267,0,0,2.08E-17,0,0.58125275,0.47003502,1
0.7144881,0.899985,0.24435335,0.12146124,0.38159412,0.46982324,0.007650707,4.36E-05,0.34851477,0.4641461,0.009938374,8.40E-05,0.38961926,0.4486558,0.0070925406,4.83E-05,0.43765217,0.46403483,1.43E-22,1.85E-22,0.5893677,4.63E-13,0.7999327,3.13E-06,1.23E-05,0.43570697,0,0.4486267,0,0,0.3503546,0,0.58125275,0.47003502,4
0.75441915,0.7033896,0.0070855794,9.57E-05,0.38159412,0.46982324,9.87E-06,7.25E-11,0.34851477,0.4641461,0.00021760965,4.03E-08,0.38961926,0.4486558,0.00024952728,5.98E-08,0.43765217,0.46403483,1.20E-22,1.41E-22,0.6313506,1.67E-08,0.6392683,1.13E-05,4.43E-05,0.43570697,0,0.4486267,0,0,0.009929078,0,0.58125275,0.47003502,3
0.7109195,0.5306174,0.24301966,0.12204937,0.38159412,0.46982324,0,0,0.34851477,0.4641461,0,0,0.38961926,0.4486558,0,0,0.43765217,0.46403483,0,0,0,0,0,0.9826648,0,0.43570697,0,0.4486267,0,0,2.08E-17,0,0.58125275,0.47003502,4
0.27046686,0.05571289,0.1794512,0.1341136,0.38159412,0.46982324,0.0007138711,3.80E-07,0.34851477,0.4641461,0.019011104,0.00030746646,0.38961926,0.4486558,0.023955626,0.0005514703,0.43765217,0.46403483,3.15E-14,1.47E-06,0.16158366,0.0012854971,0.03638649,0.0005310526,0.002087978,0.43570697,8.13E-16,0.4486267,0.12601513,1.94E-08,0.3503546,3.65E-16,0.58125275,0.47003502,5
0.2180731,0.19701351,7.96E-05,4.03E-06,0.38159412,0.46982324,0,0,0.34851477,0.4641461,0,0,0.38961926,0.4486558,0,0,0.43765217,0.46403483,0,0,0,0,0,0.9826629,0,0.43570697,0,0.4486267,0,0,2.08E-17,0,0.58125275,0.47003502,2
0.0012031365,0.0027334983,0.17600495,0.5070435,0.38159412,0.4698308,0.020509072,0.00034380337,0.34850797,0.45370883,0.11130686,0.012136539,0.38955057,0.4456514,0.7523265,0.58502185,0.43712527,0.4638086,6.79E-18,6.77E-18,0.0012063509,7.70E-18,0.0031509919,7.86E-05,0.00030880782,0.43570697,0.0015094045,0.44858623,0.0012191278,0.07778028,0.15253581,0.37557104,0.5916255,0.5092741,0
0.36372894,0.46519974,0.0058723097,0.000106968946,0.38159412,0.46982324,0.0004303832,1.38E-07,0.34851477,0.4641461,0.0011391427,1.10E-06,0.38961926,0.4486558,0.0008377224,6.74E-07,0.43765217,0.46403483,5.98E-20,9.30E-20,0.21551178,5.72E-11,0.3488613,1.05E-05,4.13E-05,0.43570697,0,0.4486267,0,0,0.009929078,0,0.58125275,0.47003502,3
0.34987688,0.33479854,0.18399453,0.13426489,0.38159412,0.46982324,0,0,0.34851477,0.4641461,0,0,0.38961926,0.4486558,0,0,0.43765217,0.46403483,0,0,0,0,0,0.982667,0,0.43570697,0,0.4486267,0,0,2.08E-17,0,0.58125275,0.47003502,5
0.7135372,0.7464008,0.25019005,0.12747878,0.38159412,0.46982324,3.86E-08,1.11E-15,0.34851477,0.4641461,0.0025208564,5.41E-06,0.38961926,0.4486558,0.0058650444,3.31E-05,0.43765217,0.46403483,1.69E-22,1.42E-22,0.580751,1.39E-09,0.66313636,8.39E-06,3.30E-05,0.43570697,0,0.4486267,0,0,0.35886526,0,0.58125275,0.47003502,1
0.44357136,0.5991006,0.21361442,0.13148025,0.38159412,0.46982324,0,0,0.34851477,0.4641461,0,0,0.38961926,0.4486558,0,0,0.43765217,0.46403483,0,0,0,0,0,0.982665,0,0.43570697,0,0.4486267,0,0,2.08E-17,0,0.58125275,0.47003502,4
0.42524186,0.52419,0.21342106,0.13151969,0.38159412,0.46982324,0.011110181,9.20E-05,0.34851477,0.4641461,0.015708964,0.0002099318,0.38961926,0.4486558,0.014381856,0.00019876365,0.43765217,0.46403483,3.99E-22,4.54E-22,0.3081289,4.42E-11,0.40699077,9.09E-06,3.57E-05,0.43570697,0,0.4486267,0,0,0.3503546,0,0.58125275,0.47003502,4
0.71190107,0.7001903,0.2503512,0.1274052,0.38159412,0.46982324,2.19E-05,3.56E-10,0.34851477,0.4641461,0.0056089927,2.68E-05,0.38961926,0.4486558,0.006558258,4.13E-05,0.43765217,0.46403483,2.26E-22,2.14E-22,0.58212835,6.87E-09,0.62249076,1.05E-05,4.12E-05,0.43570697,0,0.4486267,0,0,0.35886526,0,0.58125275,0.47003502,1
0.0009016436,0.001553474,0.008031979,0.00076275284,0.38159412,0.46982324,0.0001445804,3.45E-06,0.34851477,0.46413717,0.025584131,0.00079598953,0.38961267,0.44456884,0.030229226,0.0011287819,0.4377835,0.4884917,1.15E-24,9.61E-19,0.0008811203,2.93E-17,0.0016684217,8.06E-10,1.78E-17,0.43570697,0.0005126819,0.4486267,0.0014928615,0.00033058212,0.03802365,0.0005816855,0.5812527,0.4690041,0
0.45679897,0.495349,0.2136561,0.13147204,0.38159412,0.46982324,0,0,0.34851477,0.4641461,0,0,0.38961926,0.4486558,0,0,0.43765217,0.46403483,0,0,0,0,0,0.9826649,0,0.43570697,0,0.4486267,0,0,2.08E-17,0,0.58125275,0.47003502,4
0.4541665,0.42659256,0.2117857,0.13184746,0.38159412,0.46982324,0.000414191,1.28E-07,0.34851477,0.4641461,0.013925522,0.00016497039,0.38961926,0.4486558,0.014498015,0.00020198734,0.43765217,0.46403483,1.16E-21,1.61E-21,0.31541234,3.69E-08,0.3286752,2.21E-05,8.69E-05,0.43570697,0,0.4486267,0,0,0.3503546,0,0.58125275,0.47003502,4
0.23002999,0.31878424,7.20E-05,3.59E-06,0.38159412,0.46982324,0,0,0.34851477,0.4641461,0,0,0.38961926,0.4486558,0,0,0.43765217,0.46403483,0,0,0,0,0,0.9826633,0,0.43570697,0,0.4486267,0,0,2.08E-17,0,0.58125275,0.47003502,2
0.000837079,0.00152774,0.007899519,0.0007580087,0.38159412,0.46982324,1.96E-05,5.02E-07,0.34851477,0.4648877,0.022153035,0.00062550517,0.38968045,0.4969782,0.030490194,0.0011188601,0.43786874,0.5050651,7.08E-20,1.54E-18,0.000796005,6.42E-18,0.0015923444,8.48E-10,6.13E-18,0.43570697,0.0018718194,0.47392485,0.0012596089,0.055984605,0.043027684,0.003299942,0.58161104,0.5020711,0
0.41458163,0.44271582,0.0060994453,0.00010570506,0.38159412,0.46982324,0,0,0.34851477,0.4641461,0,0,0.38961926,0.4486558,0,0,0.43765217,0.46403483,0,0,0,0,0,0.98266566,0,0.43570697,0,0.4486267,0,0,2.08E-17,0,0.58125275,0.47003502,3
0.71167856,0.5596006,0.24337323,0.12189517,0.38159412,0.46982324,7.43E-05,4.11E-09,0.34851477,0.4641461,0.0062364796,3.31E-05,0.38961926,0.4486558,0.006788939,4.43E-05,0.43765217,0.46403483,1.09E-22,1.32E-22,0.5810329,3.17E-07,0.49538803,1.93E-05,7.60E-05,0.43570697,0,0.4486267,0,0,0.3503546,0,0.58125275,0.47003502,4
0.7177098,0.6886686,0.24299832,0.122058585,0.38159412,0.46982324,2.94E-05,6.45E-10,0.34851477,0.4641461,0.0056866836,2.75E-05,0.38961926,0.4486558,0.0065817623,4.16E-05,0.43765217,0.46403483,3.14E-22,2.80E-22,0.5770707,1.18E-08,0.6087045,1.13E-05,4.45E-05,0.43570697,0,0.4486267,0,0,0.3503546,0,0.58125275,0.47003502,4
0.4067241,0.12894572,0.21910585,0.13022648,0.38159412,0.46982324,6.68E-06,3.32E-11,0.34851477,0.4641461,0.008968354,6.84E-05,0.38961926,0.4486558,0.013638457,0.00017874652,0.43765217,0.46403483,5.09E-22,9.05E-12,0.2974051,0.00022011224,0.10277553,0.00016756241,0.00065906066,0.43570697,0,0.4486267,0,0,0.3503546,0,0.58125275,0.47003502,4
0.72893083,0.8878505,0.007387289,9.12E-05,0.38159412,0.46982324,1.96E-07,2.88E-14,0.34851477,0.4641461,0.00013279586,1.50E-08,0.38961926,0.4486558,0.00023666445,5.38E-08,0.43765217,0.46403483,1.55E-23,1.66E-23,0.7675468,4.38E-12,0.84132963,3.82E-06,1.50E-05,0.43570697,0,0.4486267,0,0,0.009929078,0,0.58125275,0.47003502,3
0.25076458,0.35544986,1.52E-05,1.49E-06,0.38159412,0.46982324,0,0,0.34851477,0.4641461,0,0,0.38961926,0.4486558,0,0,0.43765217,0.46403483,0,0,0,0,0,0.98266315,0,0.43570697,0,0.4486267,0,0,2.08E-17,0,0.58125275,0.47003502,2
0.34625483,0.46565908,0.005902308,0.00010684721,0.38159412,0.46982324,3.30E-06,8.12E-12,0.34851477,0.4641461,0.0007103566,4.29E-07,0.38961926,0.4486558,0.0007995273,6.14E-07,0.43765217,0.46403483,8.85E-21,1.18E-20,0.23151635,2.22E-11,0.3509604,9.56E-06,3.76E-05,0.43570697,0,0.4486267,0,0,0.009929078,0,0.58125275,0.47003502,3
0.0003738021,0.00040737426,0.0122936275,0.0016681589,0.38159412,0.46982324,1.39E-09,1.44E-18,0.34851477,0.4641461,1.41E-09,1.68E-18,0.38961926,0.4486558,1.72E-09,2.84E-18,0.43765217,0.46403483,5.68E-15,1.24E-14,0.00013098113,1.38E-14,7.13E-05,3.77E-08,1.20E-14,0.43570697,1.81E-18,0.4486267,0.00024709868,1.72E-09,2.08E-17,2.84E-18,0.58125275,0.47003502,0
0.35398975,0.15068957,0.18200126,0.13421732,0.38159412,0.46982324,0,0,0.34851477,0.4641461,0,0,0.38961926,0.4486558,0,0,0.43765217,0.46403483,0,0,0,0,0,0.98266697,0,0.43570697,0,0.4486267,0,0,2.08E-17,0,0.58125275,0.47003502,5
0.71411693,0.5757229,0.00807695,7.94E-05,0.38159412,0.46982324,1.25E-05,1.17E-10,0.34851477,0.4641461,0.0002578636,5.66E-08,0.38961926,0.4486558,0.000290355,8.10E-08,0.43765217,0.46403483,1.33E-22,1.27E-22,0.672944,2.73E-07,0.59212655,1.62E-05,6.36E-05,0.43570697,0,0.4486267,0,0,0.009929078,0,0.58125275,0.47003502,3
0.0008638293,0.0014878119,0.0077670948,0.0007345371,0.38159412,0.46982324,1.07E-06,0.00028994508,0.34851477,0.46414575,0.016751578,0.0006163467,0.38965344,0.48096952,0.02984454,0.0010975791,0.4379208,0.51551723,1.08E-17,1.06E-17,0.00087208924,7.26E-18,0.0015738857,8.63E-10,6.34E-18,0.43570697,0.00050376804,0.4486267,0.0014038633,0.0006200654,0.03868853,0.0005409509,0.5812525,0.46741912,0
0.7148582,0.7238968,0.24996553,0.12758078,0.38159412,0.46982324,4.48E-07,1.49E-13,0.34851477,0.4641461,0.003805676,1.23E-05,0.38961926,0.4486558,0.0062073297,3.70E-05,0.43765217,0.46403483,3.96E-22,2.13E-22,0.5782265,3.16E-09,0.64256984,9.39E-06,3.70E-05,0.43570697,0,0.4486267,0,0,0.35886526,0,0.58125275,0.47003502,1
0.46842352,0.36326346,0.21341468,0.13152018,0.38159412,0.46982324,0,0,0.34851477,0.4641461,0,0,0.38961926,0.4486558,0,0,0.43765217,0.46403483,0,0,0,0,0,0.9826648,0,0.43570697,0,0.4486267,0,0,2.08E-17,0,0.58125275,0.47003502,4
0.36538476,0.18548103,0.18251476,0.13422847,0.38159412,0.46982324,0.004680051,1.63E-05,0.34851477,0.4641461,0.019623516,0.0003275946,0.38961926,0.4486558,0.02093528,0.00042117696,0.43765217,0.46403483,1.06E-21,4.17E-21,0.22257558,3.15E-05,0.12319425,0.000111822934,0.00043985125,0.43570697,1.63E-15,0.4486267,0.42676085,9.44E-08,0.3503546,8.63E-15,0.58125275,0.47003502,5
0.4526272,0.2193712,0.005681717,0.00010772402,0.38159412,0.46982324,1.60E-07,1.92E-14,0.34851477,0.4641461,0.00047401158,1.91E-07,0.38961926,0.4486558,0.000766882,5.65E-07,0.43765217,0.46403483,7.00E-22,8.36E-22,0.3331307,9.85E-06,0.15906739,8.03E-05,0.00031573852,0.43570697,0,0.4486267,0,0,0.009929078,0,0.58125275,0.47003502,3
0.32965592,0.33636117,0.18394628,0.13426235,0.38159412,0.46982324,0.00072426663,3.91E-07,0.34851477,0.4641461,0.016467646,0.00023069922,0.38961926,0.4486558,0.017864823,0.0003066935,0.43765217,0.46403483,5.60E-21,5.09E-21,0.2033076,5.71E-08,0.22511543,3.23E-05,0.00012688583,0.43570697,5.80E-16,0.4486267,0.78000474,1.42E-07,0.3503546,1.94E-14,0.58125275,0.47003502,5
0.45036757,0.28755423,0.2138453,0.13143204,0.38159412,0.46982324,0,0,0.34851477,0.4641461,0,0,0.38961926,0.4486558,0,0,0.43765217,0.46403483,0,0,0,0,0,0.9826648,0,0.43570697,0,0.4486267,0,0,2.08E-17,0,0.58125275,0.47003502,4
0.35583425,0.39010513,0.18403153,0.13426302,0.38159412,0.46982324,0,0,0.34851477,0.4641461,0,0,0.38961926,0.4486558,0,0,0.43765217,0.46403483,0,0,0,0,0,0.9826671,0,0.43570697,0,0.4486267,0,0,2.08E-17,0,0.58125275,0.47003502,5
0.25883487,0.13175964,1.77E-05,1.80E-06,0.38159412,0.46982324,0,0,0.34851477,0.4641461,0,0,0.38961926,0.4486558,0,0,0.43765217,0.46403483,0,0,0,0,0,0.98266286,0,0.43570697,0,0.4486267,0,0,2.08E-17,0,0.58125275,0.47003502,2
0.7149918,0.99561745,0.24416827,0.12154339,0.38159412,0.46982324,0.00040551156,1.23E-07,0.34851477,0.4641461,0.0076935776,5.04E-05,0.38961926,0.4486558,0.0073302607,5.16E-05,0.43765217,0.46403483,9.88E-23,1.77E-22,0.58602464,1.14E-19,0.884269,6.17E-07,2.43E-06,0.43570697,0,0.4486267,0,0,0.3503546,0,0.58125275,0.47003502,4
0.71797603,0.96805656,0.24415213,0.121550806,0.38159412,0.46982324,0,0,0.34851477,0.4641461,0,0,0.38961926,0.4486558,0,0,0.43765217,0.46403483,0,0,0,0,0,0.982665,0,0.43570697,0,0.4486267,0,0,2.08E-17,0,0.58125275,0.47003502,4
0.00093322346,0.0015941405,0.009554125,0.0011865319,0.38159412,0.46982324,8.50E-07,4.35E-05,0.34851477,0.46414676,0.01660028,0.00056372344,0.38959298,0.4222496,0.038112294,0.0015867497,0.43748477,0.44006282,1.94E-21,1.56E-18,0.00079979,6.88E-18,0.0016809559,8.02E-10,7.77E-11,0.43570697,0.00016148639,0.4486267,0.0013638164,4.76E-06,0.03939091,0.0004914329,0.58125275,0.470012,0
0.40845197,0.41558513,0.21403015,0.13887928,0.38159412,0.46982324,0.04802816,0.0017184935,0.34851477,0.4641461,0.022730293,0.0004395346,0.38961926,0.4486558,0.026258767,0.00066260656,0.43765217,0.46403483,3.88E-21,6.91E-21,0.29532942,1.93E-09,0.3161827,1.70E-05,6.68E-05,0.43570697,0,0.4486267,0,0,0.35886526,0,0.58125275,0.47003502,1
0.36429667,0.4183425,0.21350543,0.1389698,0.38159412,0.46982324,0.0056895204,2.41E-05,0.34851477,0.4641461,0.03343226,0.0009508555,0.38961926,0.4486558,0.028743915,0.0007939606,0.43765217,0.46403483,1.37E-21,2.22E-21,0.25310048,7.49E-10,0.31757718,1.52E-05,5.96E-05,0.43570697,0,0.4486267,0,0,0.35886526,0,0.58125275,0.47003502,1
5.82E-05,0.0010779141,0.05907559,0.08265021,0.38159412,0.46982324,2.41E-09,4.40E-18,0.34851477,0.4641461,2.09E-05,3.72E-10,0.38961926,0.44865578,0.010083318,9.77E-05,0.43765143,0.44970927,0,0,6.93E-06,1.78E-21,7.32E-05,2.44E-08,3.14E-16,0.43570697,4.01E-10,0.44862664,0.00025392065,0.010044954,0.033250935,9.77E-05,0.5812521,0.4558719,0
0.4574141,0.5710634,0.2133713,0.13152963,0.38159412,0.46982324,0.006579905,3.23E-05,0.34851477,0.4641461,0.015053913,0.00019278884,0.38961926,0.4486558,0.013520752,0.00017567453,0.43765217,0.46403483,1.24E-21,1.22E-21,0.32457095,3.23E-13,0.44326085,5.13E-06,2.02E-05,0.43570697,0,0.4486267,0,0,0.3503546,0,0.58125275,0.47003502,4
0.7468755,0.9310847,0.24496141,0.12118872,0.38159412,0.46982324,0,0,0.34851477,0.4641461,0,0,0.38961926,0.4486558,0,0,0.43765217,0.46403483,0,0,0,0,0,0.98266494,0,0.43570697,0,0.4486267,0,0,2.08E-17,0,0.58125275,0.47003502,4
0.41507888,0.3346891,0.005505759,0.000108156964,0.38159412,0.46982324,0,0,0.34851477,0.4641461,0,0,0.38961926,0.4486558,0,0,0.43765217,0.46403483,0,0,0,0,0,0.9826656,0,0.43570697,0,0.4486267,0,0,2.08E-17,0,0.58125275,0.47003502,3
0.22120143,0.28104326,7.35E-05,3.79E-06,0.38159412,0.46982324,0,0,0.34851477,0.4641461,0,0,0.38961926,0.4486558,0,0,0.43765217,0.46403483,0,0,0,0,0,0.98266304,0,0.43570697,0,0.4486267,0,0,2.08E-17,0,0.58125275,0.47003502,2
0.22509994,0.31364983,7.35E-05,3.67E-06,0.38159412,0.46982324,0,0,0.34851477,0.4641461,0,0,0.38961926,0.4486558,0,0,0.43765217,0.46403483,0,0,0,0,0,0.9826632,0,0.43570697,0,0.4486267,0,0,2.08E-17,0,0.58125275,0.47003502,2
0.744073,0.6349213,0.0070821294,9.58E-05,0.38159412,0.46982324,0,0,0.34851477,0.4641461,0,0,0.38961926,0.4486558,0,0,0.43765217,0.46403483,0,0,0,0,0,0.9826656,0,0.43570697,0,0.4486267,0,0,2.08E-17,0,0.58125275,0.47003502,3
0.0010231913,0.0016128784,0.008666804,0.00087323383,0.38159412,0.46982145,0.0175551,0.00022969452,0.34851447,0.46178117,0.039645888,0.0014198082,0.3896413,0.45826182,0.032405067,0.0012158751,0.43766123,0.46563998,8.89E-18,8.91E-18,0.0010239497,1.45E-17,0.0017261063,7.62E-10,1.52E-17,0.43570697,0.0002886225,0.44584167,0.0014958021,0.0043383976,0.03969265,0.00049285486,0.58125484,0.47396603,0
0.48195338,0.5942951,0.21473716,0.13124183,0.38159412,0.46982324,0.007191423,3.85E-05,0.34851477,0.4641461,0.014663679,0.00018292325,0.38961926,0.4486558,0.01323247,0.0001682631,0.43765217,0.46403483,5.45E-22,1.02E-21,0.34655598,1.54E-14,0.46424338,3.64E-06,1.43E-05,0.43570697,0,0.4486267,0,0,0.3503546,0,0.58125275,0.47003502,4
0.0012258054,0.0017339981,0.024594696,0.05108113,0.38159245,0.4631549,0.045930468,0.0015956155,0.3484413,0.42806867,0.050149318,0.002231137,0.38988745,0.5289351,0.25078812,0.06463556,0.4413348,0.47857955,1.32E-18,1.76E-18,0.0012621696,5.86E-18,0.0018675475,1.55E-08,5.82E-08,0.43570697,0.00033423086,0.4486267,0.0014100557,0.00013520857,0.038927082,0.0005256093,0.58125275,0.47003698,0
0.35273966,0.293084,0.21210791,0.139207,0.38159412,0.46982324,1.77E-07,2.34E-14,0.34851477,0.4641461,0.014063695,0.00016826042,0.38961926,0.4486558,0.02621326,0.00066031195,0.43765217,0.46403483,2.79E-21,3.20E-21,0.23978847,7.01E-07,0.22097678,4.29E-05,0.00016886684,0.43570697,0,0.4486267,0,0,0.35886526,0,0.58125275,0.47003502,1
0.00022373989,0.00037813833,0.013253197,0.00043709218,0.38159412,0.46982324,0,7.23E-19,0.34851477,0.4641461,0.00044479533,1.69E-07,0.38961926,0.44863203,0.01272911,0.00015570753,0.43765098,0.44871145,0,0,7.00E-06,7.92E-19,8.40E-05,2.19E-08,6.64E-10,0.43570697,1.82E-07,0.4486029,0.0002909984,0.01268167,0.03264636,0.00015568957,0.58125174,0.4548704,0
0.73277754,0.5937739,0.008095912,7.89E-05,0.38159412,0.46982324,2.03E-06,3.06E-12,0.34851477,0.4641461,0.00021298398,3.86E-08,0.38961926,0.4486558,0.0002807044,7.57E-08,0.43765217,0.46403483,6.03E-23,5.93E-23,0.70148814,1.87E-07,0.61231345,1.51E-05,5.94E-05,0.43570697,0,0.4486267,0,0,0.009929078,0,0.58125275,0.47003502,3
0.00026168308,0.00062163005,0.035710234,0.04340429,0.38159412,0.46982324,1.97E-09,3.23E-18,0.34851477,0.4641461,0.00044474637,1.69E-07,0.38961926,0.44863185,0.0127290245,0.00015570543,0.43765202,0.46199107,0,7.74E-31,7.00E-06,7.91E-19,8.39E-05,2.18E-08,4.52E-16,0.43570697,1.82E-07,0.4486027,0.00029102096,0.012681083,0.03264653,0.00015567517,0.5812526,0.46801415,0
0.22994836,0.30796352,7.51E-05,3.86E-06,0.38159412,0.46982324,0,0,0.34851477,0.4641461,0,0,0.38961926,0.4486558,0,0,0.43765217,0.46403483,0,0,0,0,0,0.98266315,0,0.43570697,0,0.4486267,0,0,2.08E-17,0,0.58125275,0.47003502,2
0.00109163,0.0016823576,0.00857125,0.00082466955,0.38159412,0.46982324,0.004524407,1.53E-05,0.34851477,0.46435755,0.03347211,0.0010260129,0.3896629,0.47390956,0.03123504,0.002920799,0.437764,0.47423762,9.47E-25,6.71E-19,0.000991009,2.57E-17,0.0018104791,7.32E-10,9.56E-17,0.4892721,0.00027669824,0.48994243,0.0016096352,0.008002584,0.040428694,0.0023994735,0.58152014,0.5930391,0
0.4294307,0.53232706,0.21321122,0.13156322,0.38159412,0.46982324,8.80E-05,5.77E-09,0.34851477,0.4641461,0.009685393,7.98E-05,0.38961926,0.4486558,0.013605725,0.00017788955,0.43765217,0.46403483,9.41E-22,9.15E-22,0.30854833,1.68E-11,0.41288552,8.13E-06,3.20E-05,0.43570697,0,0.4486267,0,0,0.3503546,0,0.58125275,0.47003502,4
0.22854222,0.2161367,7.90E-05,3.95E-06,0.38159412,0.46982324,0,0,0.34851477,0.4641461,0,0,0.38961926,0.4486558,0,0,0.43765217,0.46403483,0,0,0,0,0,0.9826629,0,0.43570697,0,0.4486267,0,0,2.08E-17,0,0.58125275,0.47003502,2
0.38233685,0.25220668,0.1836281,0.1342587,0.38159412,0.46982324,0,0,0.34851477,0.4641461,0,0,0.38961926,0.4486558,0,0,0.43765217,0.46403483,0,0,0,0,0,0.982667,0,0.43570697,0,0.4486267,0,0,2.08E-17,0,0.58125275,0.47003502,5
0.7193359,0.901693,0.244255,0.121505134,0.38159412,0.46982324,0,0,0.34851477,0.4641461,0,0,0.38961926,0.4486558,0,0,0.43765217,0.46403483,0,0,0,0,0,0.98266494,0,0.43570697,0,0.4486267,0,0,2.08E-17,0,0.58125275,0.47003502,4
0.42203486,0.37096247,0.0056409594,0.000107876614,0.38159412,0.46982324,0,0,0.34851477,0.4641461,0,0,0.38961926,0.4486558,0,0,0.43765217,0.46403483,0,0,0,0,0,0.9826656,0,0.43570697,0,0.4486267,0,0,2.08E-17,0,0.58125275,0.47003502,3
0.21855263,0.31262943,7.46E-05,3.73E-06,0.38159412,0.46982324,0,0,0.34851477,0.4641461,0,0,0.38961926,0.4486558,0,0,0.43765217,0.46403483,0,0,0,0,0,0.9826632,0,0.43570697,0,0.4486267,0,0,2.08E-17,0,0.58125275,0.47003502,2
0.6849766,0.9580309,0.24516128,0.12109825,0.38159412,0.46982324,0,0,0.34851477,0.4641461,0,0,0.38961926,0.4486558,0,0,0.43765217,0.46403483,0,0,0,0,0,0.982665,0,0.43570697,0,0.4486267,0,0,2.08E-17,0,0.58125275,0.47003502,4
0.41932723,0.6017838,0.21167718,0.13186797,0.38159412,0.46982324,0.043078296,0.0013825251,0.34851477,0.4641461,0.017482335,0.00026000512,0.38961926,0.4486558,0.0137417065,0.00018146314,0.43765217,0.46403483,6.78E-22,7.58E-22,0.29106873,2.18E-20,0.4634009,9.27E-07,3.65E-06,0.43570697,0,0.4486267,0,0,0.3503546,0,0.58125275,0.47003502,4
0.41469708,0.60269064,0.21309255,0.1315858,0.38159412,0.46982324,2.90E-05,6.28E-10,0.34851477,0.4641461,0.009908253,8.35E-05,0.38961926,0.4486558,0.01292661,0.00016057442,0.43765217,0.46403483,3.83E-22,3.96E-22,0.29270262,4.23E-19,0.4671835,1.24E-06,4.89E-06,0.43570697,0,0.4486267,0,0,0.3503546,0,0.58125275,0.47003502,4
0.36481437,0.19784422,0.18298116,0.1342419,0.38159412,0.46982324,0,0,0.34851477,0.4641461,0,0,0.38961926,0.4486558,0,0,0.43765217,0.46403483,0,0,0,0,0,0.98266697,0,0.43570697,0,0.4486267,0,0,2.08E-17,0,0.58125275,0.47003502,5
0.0046829404,0.0023339738,0.05315823,0.07585866,0.38159412,0.46982324,9.84E-10,7.23E-19,0.34851477,0.4641461,1.72E-09,2.51E-18,0.38961926,0.4486558,1.41E-09,1.90E-18,0.43765217,0.46403483,1.05E-24,8.75E-22,0.0017076756,4.73E-14,0.00060076296,3.34E-08,1.53E-13,0.43570697,2.71E-18,0.4486267,0.0020828443,1.40E-09,2.08E-17,1.90E-18,0.58125275,0.47003502,0
0.3710824,0.46678022,0.0058834567,0.000106913125,0.38159412,0.46982324,0,0,0.34851477,0.4641461,0,0,0.38961926,0.4486558,0,0,0.43765217,0.46403483,0,0,0,0,0,0.98266566,0,0.43570697,0,0.4486267,0,0,2.08E-17,0,0.58125275,0.47003502,3
0.42860767,0.14764315,0.21608038,0.13094896,0.38159412,0.46982324,0,0,0.34851477,0.4641461,0,0,0.38961926,0.4486558,0,0,0.43765217,0.46403483,0,0,0,0,0,0.98266476,0,0.43570697,0,0.4486267,0,0,2.08E-17,0,0.58125275,0.47003502,4
0.4659969,0.5692607,0.21377842,0.13144499,0.38159412,0.46982324,0.03429072,0.0008760102,0.34851477,0.4641461,0.017732253,0.00026749205,0.38961926,0.4486558,0.013777877,0.0001824197,0.43765217,0.46403483,8.72E-22,1.49E-21,0.3367532,4.48E-13,0.442711,5.32E-06,2.09E-05,0.43570697,0,0.4486267,0,0,0.3503546,0,0.58125275,0.47003502,4
0.43788487,0.5606433,0.21386172,0.1314271,0.38159412,0.46982324,0,0,0.34851477,0.4641461,0,0,0.38961926,0.4486558,0,0,0.43765217,0.46403483,0,0,0,0,0,0.98266494,0,0.43570697,0,0.4486267,0,0,2.08E-17,0,0.58125275,0.47003502,4
0.00024312965,0.00035614776,0.011515431,0.00044049168,0.38159412,0.46982324,1.39E-09,1.44E-18,0.34851477,0.4641461,9.32E-07,1.77E-12,0.38961926,0.4486558,0.00742078,5.29E-05,0.43765172,0.45266122,0,7.74E-31,6.82E-06,3.05E-18,6.54E-05,0.0037966892,0.014858963,0.43570697,1.91E-12,0.4486267,0.00022678444,0.0073928307,0.033721123,5.29E-05,0.58125234,0.45878887,0
0.40268996,0.4095735,0.21307811,0.13904515,0.38159412,0.46982324,0.0002161432,3.48E-08,0.34851477,0.4641461,0.018744802,0.000298913,0.38961926,0.4486558,0.026122598,0.0006557523,0.43765217,0.46403483,3.20E-19,2.65E-20,0.28168726,2.66E-09,0.31021944,1.78E-05,7.00E-05,0.43570697,0,0.4486267,0,0,0.35886526,0,0.58125275,0.47003502,1
0.22248083,0.3164298,7.44E-05,3.79E-06,0.38159412,0.46982324,0,0,0.34851477,0.4641461,0,0,0.38961926,0.4486558,0,0,0.43765217,0.46403483,0,0,0,0,0,0.9826633,0,0.43570697,0,0.4486267,0,0,2.08E-17,0,0.58125275,0.47003502,2
0.009649221,0.0017341191,0.06929775,0.09669146,0.36978325,0.43467575,0.344401,0.16577052,0.33008394,0.41063082,0.3437131,0.19401962,0.36956862,0.3945759,0.3327834,0.20707697,0.4362593,0.462546,3.02E-19,4.17E-19,0.011712708,7.99E-18,0.0019826759,6.98E-10,8.75E-17,0.6103408,0.20477821,0.6168595,0.00022519467,0.41417688,0.21484166,0.21432655,0.7177882,0.6315115,0
0.0008557502,0.0015751425,0.008125846,0.0007743241,0.38159412,0.46982324,1.81E-05,6.49E-07,0.34851477,0.46271333,0.022317346,0.0006371835,0.38965568,0.47689483,0.03122978,0.0011661078,0.4377319,0.4785605,5.27E-21,1.47E-18,0.00079789164,8.02E-18,0.001594349,8.48E-10,7.38E-18,0.43570697,0.0018234896,0.47134885,0.0013334895,0.055969305,0.042975668,0.0032971054,0.5816085,0.5018923,0
0.36666387,0.27371132,0.18313718,0.13424529,0.38159412,0.46982324,0,0,0.34851477,0.4641461,0,0,0.38961926,0.4486558,0,0,0.43765217,0.46403483,0,0,0,0,0,0.982667,0,0.43570697,0,0.4486267,0,0,2.08E-17,0,0.58125275,0.47003502,5
0.66418505,0.23715486,0.24832657,0.12831624,0.38159412,0.46982324,1.02E-07,7.77E-15,0.34851477,0.4641461,0.00334598,9.52E-06,0.38961926,0.4486558,0.0066747144,4.28E-05,0.43765217,0.46403483,3.06E-22,2.11E-14,0.5349501,6.86E-05,0.20912911,7.77E-05,0.00030575375,0.43570697,0,0.4486267,0,0,0.35886526,0,0.58125275,0.47003502,1
0.2495247,0.16207163,1.85E-05,1.86E-06,0.38159412,0.46982324,0,0,0.34851477,0.4641461,0,0,0.38961926,0.4486558,0,0,0.43765217,0.46403483,0,0,0,0,0,0.98266286,0,0.43570697,0,0.4486267,0,0,2.08E-17,0,0.58125275,0.47003502,2
0.43335596,0.18142956,0.2153207,0.13111521,0.38159412,0.46982324,0,0,0.34851477,0.4641461,0,0,0.38961926,0.4486558,0,0,0.43765217,0.46403483,0,0,0,0,0,0.98266476,0,0.43570697,0,0.4486267,0,0,2.08E-17,0,0.58125275,0.47003502,4
0.4411085,0.5630415,0.21355452,0.13149145,0.38159412,0.46982324,0,0,0.34851477,0.4641461,0,0,0.38961926,0.4486558,0,0,0.43765217,0.46403483,0,0,0,0,0,0.98266494,0,0.43570697,0,0.4486267,0,0,2.08E-17,0,0.58125275,0.47003502,4
0.70646757,0.68135273,0.008080667,7.88E-05,0.38159412,0.46982324,1.52E-05,1.73E-10,0.34851477,0.4641461,0.0002632523,5.90E-08,0.38961926,0.4486558,0.00027965818,7.52E-08,0.43765217,0.46403483,5.07E-23,7.88E-23,0.67337906,1.95E-08,0.70287055,1.05E-05,4.11E-05,0.43570697,0,0.4486267,0,0,0.009929078,0,0.58125275,0.47003502,3
0.35502663,0.3287863,0.18368557,0.13425905,0.38159412,0.46982324,0.019089501,0.00027148455,0.34851477,0.4641461,0.022476131,0.00042976017,0.38961926,0.4486558,0.018723806,0.0003368956,0.43765217,0.46403483,1.96E-21,2.19E-21,0.21937536,1.06E-07,0.21974859,3.54E-05,0.00013938894,0.43570697,2.32E-16,0.4486267,0.76136386,1.40E-07,0.3503546,1.90E-14,0.58125275,0.47003502,5
0.2971827,0.082251675,0.18110216,0.1341901,0.38159412,0.46982324,3.00E-05,6.69E-10,0.34851477,0.4641461,0.012924544,0.00014210635,0.38961926,0.4486558,0.018988498,0.00034648806,0.43765217,0.46403483,6.47E-21,2.60E-09,0.17911747,0.00059402554,0.054196358,0.00033352492,0.0013116084,0.43570697,2.32E-16,0.4486267,0.18777077,4.62E-08,0.3503546,2.07E-15,0.58125275,0.47003502,5
0.22794259,0.31238648,7.47E-05,3.65E-06,0.38159412,0.46982324,0,0,0.34851477,0.4641461,0,0,0.38961926,0.4486558,0,0,0.43765217,0.46403483,0,0,0,0,0,0.98266315,0,0.43570697,0,0.4486267,0,0,2.08E-17,0,0.58125275,0.47003502,2
0.44997522,0.20678124,0.21062739,0.1394355,0.38159412,0.46982324,0,0,0.34851477,0.4641461,0,0,0.38961926,0.4486558,0,0,0.43765217,0.46403483,0,0,0,0,0,0.9826661,0,0.43570697,0,0.4486267,0,0,2.08E-17,0,0.58125275,0.47003502,1
0.25915074,0.35918596,1.62E-05,1.65E-06,0.38159412,0.46982324,0,0,0.34851477,0.4641461,0,0,0.38961926,0.4486558,0,0,0.43765217,0.46403483,0,0,0,0,0,0.9826632,0,0.43570697,0,0.4486267,0,0,2.08E-17,0,0.58125275,0.47003502,2
0.007630655,0.0025181333,0.023220204,0.019244293,0.3949046,0.50522465,0.22539632,0.6617655,0.33800304,0.4426586,0.24317335,0.7661616,0.34044445,0.36131003,0.24385935,0.86441123,0.2973554,0.37116367,0.0012393214,0.025680272,0.0051779463,0.08367347,0.00083978224,0.024246126,0.092857145,0.31261835,0.6862404,0.24392016,0.001112743,0.34282446,0.35693976,0.73400325,0.24964146,0.2652203,0
0.72288245,0.94536847,0.24482365,0.12125067,0.38159412,0.46982324,4.86E-05,1.76E-09,0.34851477,0.4641461,0.0059779407,3.04E-05,0.38961926,0.4486558,0.0066818725,4.29E-05,0.43765217,0.46403483,1.43E-22,1.99E-22,0.5911255,1.04E-14,0.84187955,2.03E-06,7.99E-06,0.43570697,0,0.4486267,0,0,0.3503546,0,0.58125275,0.47003502,4
0.22433423,0.26102474,7.49E-05,3.79E-06,0.38159412,0.46982324,0,0,0.34851477,0.4641461,0,0,0.38961926,0.4486558,0,0,0.43765217,0.46403483,0,0,0,0,0,0.982663,0,0.43570697,0,0.4486267,0,0,2.08E-17,0,0.58125275,0.47003502,2
0.34503463,0.138069,0.18400066,0.13427621,0.38159412,0.46982324,0,0,0.34851477,0.4641461,0,0,0.38961926,0.4486558,0,0,0.43765217,0.46403483,0,0,0,0,0,0.98266697,0,0.43570697,0,0.4486267,0,0,2.08E-17,0,0.58125275,0.47003502,5
0.3876443,0.2182855,0.1841571,0.13426816,0.38159412,0.46982324,0,0,0.34851477,0.4641461,0,0,0.38961926,0.4486558,0,0,0.43765217,0.46403483,0,0,0,0,0,0.982667,0,0.43570697,0,0.4486267,0,0,2.08E-17,0,0.58125275,0.47003502,5
0.43294445,0.1976186,0.21056062,0.13944614,0.38159412,0.46982324,0.039115436,0.0011398622,0.34851477,0.4641461,0.020862706,0.00037027497,0.38961926,0.4486558,0.022946553,0.00050599006,0.43765217,0.46403483,5.77E-22,1.58E-21,0.30853486,2.08E-05,0.14786427,9.23E-05,0.0003631966,0.43570697,0,0.4486267,0,0,0.35886526,0,0.58125275,0.47003502,1
0.0010932913,0.0015697824,0.007963172,0.00078006694,0.38159412,0.46982324,1.02E-05,0.0005428969,0.34851477,0.46412152,0.019005824,0.0007147351,0.3896286,0.45595732,0.031174477,0.0011684872,0.43776953,0.48533264,7.66E-18,8.33E-18,0.0010905106,8.77E-18,0.0016103232,8.36E-10,7.82E-18,0.43570697,0.0005013611,0.4486267,0.0014121748,0.0008697317,0.038907837,0.00052666425,0.5812524,0.46690115,0
0.71024173,0.6796796,0.2508108,0.1271944,0.38159412,0.46982324,0,0,0.34851477,0.4641461,0,0,0.38961926,0.4486558,0,0,0.43765217,0.46403483,0,0,0,0,0,0.98266613,0,0.43570697,0,0.4486267,0,0,2.08E-17,0,0.58125275,0.47003502,1
0.0013793956,0.0015962521,0.008309345,0.00086758274,0.38159412,0.46855262,0.011672203,0.000102405,0.34851113,0.43259633,0.011172709,0.00015885978,0.3896277,0.47489187,0.010384204,0.00016024252,0.43768308,0.5043687,9.53E-18,1.39E-17,0.0003255936,5.67E-17,0.00038171912,4.83E-09,5.30E-17,0.40252262,0.00017142207,0.47486106,0.0013234196,0.010345094,0.028601678,0.00016021139,0.581278,0.50991696,0
0.4446029,0.31255782,0.21353577,0.13149613,0.38159412,0.46982324,0.03658937,0.0009973919,0.34851477,0.4641461,0.021301497,0.00038601423,0.38961926,0.4486558,0.015769979,0.00023898424,0.43765217,0.46403483,6.48E-21,2.09E-21,0.3144022,2.45E-06,0.2428217,4.55E-05,0.00017894323,0.43570697,0,0.4486267,0,0,0.3503546,0,0.58125275,0.47003502,4
0.71386945,0.41582105,0.24311246,0.12200829,0.38159412,0.46982324,1.16E-05,1.01E-10,0.34851477,0.4641461,0.0051644784,2.27E-05,0.38961926,0.4486558,0.0067475634,4.38E-05,0.43765217,0.46403483,3.47E-22,2.21E-22,0.5784286,5.10E-06,0.36770898,3.44E-05,0.00013514335,0.43570697,0,0.4486267,0,0,0.3503546,0,0.58125275,0.47003502,4
0.0009257535,0.0015782407,0.0083580995,0.00084616826,0.38159412,0.46982324,0.004643004,1.61E-05,0.34851477,0.46428448,0.0368871,0.0012323437,0.3896772,0.47749323,0.032115538,0.001216942,0.43798703,0.52286047,1.21E-24,7.78E-19,0.00082949916,2.43E-17,0.0016655166,8.08E-10,1.81E-17,0.43570697,0.0003007268,0.4486267,0.0014362576,0.00018683528,0.038590353,0.0005469819,0.5812527,0.46946132,0
0.3634986,0.3846925,0.1847653,0.13427596,0.38159412,0.46982324,0.00014998639,1.68E-08,0.34851477,0.4641461,0.012883024,0.00014119479,0.38961926,0.4486558,0.016853267,0.00027294512,0.43765217,0.46403483,4.08E-22,5.26E-22,0.2286894,2.75E-09,0.25859275,2.10E-05,8.25E-05,0.43570697,2.55E-15,0.4486267,0.8960601,1.05E-07,0.3503546,1.07E-14,0.58125275,0.47003502,5
0.46871972,0.31794617,0.21415728,0.13136587,0.38159412,0.46982324,0.021707235,0.00035104682,0.34851477,0.4641461,0.019996231,0.00034015693,0.38961926,0.4486558,0.015567376,0.00023288309,0.43765217,0.46403483,4.75E-22,8.47E-22,0.3364419,2.16E-06,0.24772461,4.43E-05,0.000174373,0.43570697,0,0.4486267,0,0,0.3503546,0,0.58125275,0.47003502,4
0.57401586,0.8264662,0.007084783,9.58E-05,0.38159412,0.46982324,2.15E-06,3.46E-12,0.34851477,0.4641461,0.00024514695,5.11E-08,0.38961926,0.4486558,0.0002595701,6.47E-08,0.43765217,0.46403483,1.02E-19,1.35E-19,0.47473952,8.83E-11,0.751024,5.51E-06,2.17E-05,0.43570697,0,0.4486267,0,0,0.009929078,0,0.58125275,0.47003502,3
0.70774865,0.4509952,0.2435955,0.121797614,0.38159412,0.46982324,0,0,0.34851477,0.4641461,0,0,0.38961926,0.4486558,0,0,0.43765217,0.46403483,0,0,0,0,0,0.9826648,0,0.43570697,0,0.4486267,0,0,2.08E-17,0,0.58125275,0.47003502,4
0.7156202,0.64493245,0.24328546,0.12193336,0.38159412,0.46982324,0,0,0.34851477,0.4641461,0,0,0.38961926,0.4486558,0,0,0.43765217,0.46403483,0,0,0,0,0,0.9826648,0,0.43570697,0,0.4486267,0,0,2.08E-17,0,0.58125275,0.47003502,4
0.22247514,0.31454346,7.21E-05,3.66E-06,0.38159412,0.46982324,0,0,0.34851477,0.4641461,0,0,0.38961926,0.4486558,0,0,0.43765217,0.46403483,0,0,0,0,0,0.9826632,0,0.43570697,0,0.4486267,0,0,2.08E-17,0,0.58125275,0.47003502,2
0.0010098908,0.0015210484,0.0084993895,0.0008643136,0.381568,0.37509507,0.011543387,0.0001416607,0.34847882,0.3481652,0.011154738,0.00015190519,0.3896246,0.4659362,0.010373457,0.0001540002,0.4376637,0.4796272,6.99E-18,1.21E-17,0.0003181206,5.49E-17,0.0003855202,4.78E-09,9.27E-12,0.31371734,0.00016391752,0.46590596,0.001336598,0.010334387,0.028230041,0.00015397026,0.5812622,0.48545265,0
0.00045627446,0.0006047526,0.03318232,0.040820885,0.38159412,0.46982324,1.97E-09,2.97E-18,0.34851477,0.4641461,9.88E-07,8.35E-13,0.38961926,0.4486558,0.00776169,5.79E-05,0.43765184,0.4524167,0,0,6.93E-06,3.21E-22,6.75E-05,2.60E-08,1.96E-16,0.43570697,9.01E-13,0.4486267,0.00023401102,0.0077324566,0.033631574,5.79E-05,0.58125246,0.4585471,0
0.001115797,0.0015472138,0.008023594,0.00079910393,0.38159412,0.4698248,0.0009658798,0.00016219643,0.34851488,0.46791586,0.028042166,0.0009170898,0.3898023,0.5470729,0.031120464,0.0011579107,0.43797562,0.523398,3.61E-18,3.61E-18,0.0011950568,5.35E-18,0.0016399928,8.11E-10,6.08E-18,0.43570697,0.00047009767,0.44862574,0.001379861,0.0017129941,0.039432667,0.0004917849,0.5812522,0.46771663,0
0.21908888,0.31416327,7.20E-05,3.66E-06,0.38159412,0.46982324,0,0,0.34851477,0.4641461,0,0,0.38961926,0.4486558,0,0,0.43765217,0.46403483,0,0,0,0,0,0.9826632,0,0.43570697,0,0.4486267,0,0,2.08E-17,0,0.58125275,0.47003502,2
0.35830572,0.38117042,0.21179788,0.13925387,0.38159412,0.46982324,0.037349083,0.00103924,0.34851477,0.4641461,0.035196427,0.0010538535,0.38961926,0.4486558,0.028690884,0.0007910337,0.43765217,0.46403483,3.41E-21,3.30E-21,0.24001426,9.40E-09,0.28704166,2.15E-05,8.45E-05,0.43570697,0,0.4486267,0,0,0.35886526,0,0.58125275,0.47003502,1
0.24794646,0.3553207,1.65E-05,1.67E-06,0.38159412,0.46982324,0,0,0.34851477,0.4641461,0,0,0.38961926,0.4486558,0,0,0.43765217,0.46403483,0,0,0,0,0,0.98266315,0,0.43570697,0,0.4486267,0,0,2.08E-17,0,0.58125275,0.47003502,2
0.71943676,0.8907793,0.007492692,8.94E-05,0.38159412,0.46982324,4.19E-08,1.31E-15,0.34851477,0.4641461,0.00011202232,1.07E-08,0.38961926,0.4486558,0.00023101851,5.13E-08,0.43765217,0.46403483,1.77E-23,2.24E-23,0.7926069,3.12E-12,0.8561702,3.64E-06,1.43E-05,0.43570697,0,0.4486267,0,0,0.009929078,0,0.58125275,0.47003502,3
0.38413325,0.13000242,0.19760929,0.14073613,0.38159412,0.46982324,0.0137107745,0.00014004899,0.34851477,0.4641461,0.033585176,0.0009595737,0.38961926,0.4486558,0.029025763,0.0008096072,0.43765217,0.46403483,1.52E-21,4.59E-15,0.24328087,0.00012617627,0.09133304,0.00017479953,0.00068752165,0.43570697,0,0.4486267,0,0,0.35886526,0,0.58125275,0.47003502,1
0.3595361,0.34498644,0.18367761,0.13425702,0.38159412,0.46982324,0,0,0.34851477,0.4641461,0,0,0.38961926,0.4486558,0,0,0.43765217,0.46403483,0,0,0,0,0,0.982667,0,0.43570697,0,0.4486267,0,0,2.08E-17,0,0.58125275,0.47003502,5
0.458591,0.5778208,0.21465796,0.13125736,0.38159412,0.46982324,2.06E-06,3.16E-12,0.34851477,0.4641461,0.0066018915,3.71E-05,0.38961926,0.4486558,0.01236347,0.00014688852,0.43765217,0.46403483,4.46E-21,2.49E-21,0.33645847,6.20E-14,0.45118594,4.29E-06,1.69E-05,0.43570697,0,0.4486267,0,0,0.3503546,0,0.58125275,0.47003502,4
0.3582398,0.4356874,0.20698671,0.1399303,0.38159412,0.46982324,0,0,0.34851477,0.4641461,0,0,0.38961926,0.4486558,0,0,0.43765217,0.46403483,0,0,0,0,0,0.9826662,0,0.43570697,0,0.4486267,0,0,2.08E-17,0,0.58125275,0.47003502,1
0.001116134,0.0015724177,0.00838302,0.0013412469,0.3816035,0.49424207,0.05569306,0.002311384,0.34862518,0.56620574,0.042472057,0.0016542282,0.38971066,0.4813601,0.04072274,0.0018497858,0.43780658,0.48258272,7.94E-18,2.00E-17,0.0010883759,1.91E-17,0.0016586686,8.12E-10,1.68E-17,0.43570697,0.0005134957,0.4486267,0.0014616717,0.00043894156,0.038339082,0.0005629724,0.58125263,0.46830556,0
0.75123954,0.7151033,0.007092855,9.56E-05,0.38159412,0.46982324,0,0,0.34851477,0.4641461,0,0,0.38961926,0.4486558,0,0,0.43765217,0.46403483,0,0,0,0,0,0.9826656,0,0.43570697,0,0.4486267,0,0,2.08E-17,0,0.58125275,0.47003502,3
0.3000468,0.09409842,0.005505064,0.00010788078,0.38159412,0.46982324,0,0,0.34851477,0.4641461,0,0,0.38961926,0.4486558,0,0,0.43765217,0.46403483,0,0,0,0,0,0.9826655,0,0.43570697,0,0.4486267,0,0,2.08E-17,0,0.58125275,0.47003502,3
0.7449154,0.7897187,0.0070797442,9.59E-05,0.38159412,0.46982324,1.16E-06,9.95E-13,0.34851477,0.4641461,0.00020396612,3.54E-08,0.38961926,0.4486558,0.00025280903,6.14E-08,0.43765217,0.46403483,6.36E-22,2.77E-22,0.61448646,1.09E-09,0.7170529,7.61E-06,3.00E-05,0.43570697,0,0.4486267,0,0,0.009929078,0,0.58125275,0.47003502,3
0.22986944,0.2937469,7.54E-05,3.70E-06,0.38159412,0.46982324,0,0,0.34851477,0.4641461,0,0,0.38961926,0.4486558,0,0,0.43765217,0.46403483,0,0,0,0,0,0.98266304,0,0.43570697,0,0.4486267,0,0,2.08E-17,0,0.58125275,0.47003502,2
0.7002416,0.5674451,0.24293087,0.12208813,0.38159412,0.46982324,0,0,0.34851477,0.4641461,0,0,0.38961926,0.4486558,0,0,0.43765217,0.46403483,0,0,0,0,0,0.9826648,0,0.43570697,0,0.4486267,0,0,2.08E-17,0,0.58125275,0.47003502,4
0.71527016,0.8679006,0.24368802,0.12175572,0.38159412,0.46982324,0.0007882506,4.63E-07,0.34851477,0.4641461,0.008001156,5.45E-05,0.38961926,0.4486558,0.0069504553,4.64E-05,0.43765217,0.46403483,4.65E-22,3.03E-22,0.5753167,5.47E-12,0.7693102,4.15E-06,1.63E-05,0.43570697,0,0.4486267,0,0,0.3503546,0,0.58125275,0.47003502,4
0.22522655,0.28067183,7.49E-05,3.87E-06,0.38159412,0.46982324,0,0,0.34851477,0.4641461,0,0,0.38961926,0.4486558,0,0,0.43765217,0.46403483,0,0,0,0,0,0.98266304,0,0.43570697,0,0.4486267,0,0,2.08E-17,0,0.58125275,0.47003502,2
0.3911679,0.4471652,0.006113967,0.000105603714,0.38159412,0.46982324,0,0,0.34851477,0.4641461,0,0,0.38961926,0.4486558,0,0,0.43765217,0.46403483,0,0,0,0,0,0.98266566,0,0.43570697,0,0.4486267,0,0,2.08E-17,0,0.58125275,0.47003502,3
0.472384,0.4976779,0.21302703,0.13160224,0.38159412,0.46982324,1.90E-05,2.68E-10,0.34851477,0.4641461,0.008284013,5.84E-05,0.38961926,0.4486558,0.013839599,0.00018405775,0.43765217,0.46403483,7.52E-22,1.77E-21,0.33640507,8.20E-10,0.38568303,1.30E-05,5.10E-05,0.43570697,0,0.4486267,0,0,0.3503546,0,0.58125275,0.47003502,4
0.69758034,0.6024947,0.25061786,0.12728257,0.38159412,0.46982324,5.88E-07,2.58E-13,0.34851477,0.4641461,0.0039291536,1.31E-05,0.38961926,0.4486558,0.0063208956,3.84E-05,0.43765217,0.46403483,8.39E-23,1.27E-22,0.5754103,1.01E-07,0.53620225,1.59E-05,6.26E-05,0.43570697,0,0.4486267,0,0,0.35886526,0,0.58125275,0.47003502,1
0.0014288957,0.0015446999,0.008152112,0.0008167308,0.38159412,0.46982363,0.0008010539,0.00014896566,0.34851477,0.46435425,0.02824991,0.0008932706,0.3896137,0.4455674,0.031640396,0.0011807164,0.43782166,0.49472925,2.48E-18,2.86E-18,0.0012187078,5.20E-18,0.0016182151,8.28E-10,3.33E-15,0.43570697,0.00047006115,0.4486267,0.0013616814,0.0007374592,0.039454885,0.00048730336,0.5812515,0.45617118,0
0.67779815,0.2669499,0.24995176,0.12758645,0.38159412,0.46982324,3.34E-08,8.33E-16,0.34851477,0.4641461,0.0026926454,6.17E-06,0.38961926,0.4486558,0.006147274,3.63E-05,0.43765217,0.46403483,7.76E-23,3.52E-16,0.55481917,4.45E-05,0.23694064,6.59E-05,0.00025934118,0.43570697,0,0.4486267,0,0,0.35886526,0,0.58125275,0.47003502,1
0.0011109068,0.0016303239,0.008676887,0.00089404173,0.38159412,0.46982324,1.61E-06,0.00053677644,0.34851477,0.46415094,0.021640886,0.00075085333,0.38975722,0.5440765,0.033114858,0.0012656954,0.4379378,0.5128701,1.03E-17,1.01E-17,0.0010121978,7.17E-18,0.0017015443,7.67E-10,6.02E-18,0.43570697,0.00045479758,0.4479464,0.001353435,0.0028582304,0.03999529,0.00045507815,0.5812614,0.49558,0
0.18125688,0.03528465,0.18825425,0.13429624,0.38159412,0.46982324,0,0,0.34851477,0.4641461,0,0,0.38961926,0.4486558,0,0,0.43765217,0.46403483,0,0,0,0,0,0.98266697,0,0.43570697,0,0.4486267,0,0,2.08E-17,0,0.58125275,0.47003502,5
0.41546753,0.2853956,0.0054639573,0.00010818644,0.38159412,0.46982324,5.18E-05,2.00E-09,0.34851477,0.4641461,0.00073329365,4.57E-07,0.38961926,0.4486558,0.00079650065,6.10E-07,0.43765217,0.46403483,8.49E-22,2.00E-21,0.26273373,1.66E-06,0.19904496,5.24E-05,0.00020621838,0.43570697,0,0.4486267,0,0,0.009929078,0,0.58125275,0.47003502,3
0.001164018,0.0015772298,0.00831194,0.00085030217,0.38159412,0.47183105,0.0072525307,0.00012188049,0.34851682,0.47409087,0.034778375,0.0012173179,0.389582,0.43279278,0.03232802,0.0012310953,0.4377632,0.48333192,3.25E-21,3.44E-18,0.0010827947,6.52E-18,0.0016487967,8.51E-10,1.80E-10,0.43570697,0.00045870306,0.44861913,0.0014631997,0.0022655483,0.03873322,0.0005430548,0.5812503,0.4617723,0
0.0011820145,0.0016371895,0.008199822,0.0008305287,0.38159412,0.46982324,0.0100260265,7.49E-05,0.34851477,0.46414253,0.011670921,0.00012259718,0.38961223,0.41263777,0.0106346505,0.00015958482,0.4376669,0.4832138,9.50E-18,5.62E-17,0.00023349172,7.34E-17,0.0004258843,4.33E-09,7.17E-17,0.4357032,0.00013229191,0.41261098,0.0014765402,0.010594597,0.028730314,0.0001595538,0.5812648,0.48899907,0
0.7059565,0.4695777,0.24347141,0.12185211,0.38159412,0.46982324,1.01E-07,7.59E-15,0.34851477,0.4641461,0.0031884727,8.65E-06,0.38961926,0.4486558,0.006045258,3.51E-05,0.43765217,0.46403483,1.94E-22,1.76E-22,0.5764643,1.94E-06,0.4158541,2.76E-05,0.0001084741,0.43570697,0,0.4486267,0,0,0.3503546,0,0.58125275,0.47003502,4
0.3466892,0.44723713,0.20419219,0.14024341,0.38159412,0.46982324,0.0001273963,1.21E-08,0.34851477,0.4641461,0.019890793,0.00033657916,0.38961926,0.4486558,0.027009262,0.0007010234,0.43765217,0.46403483,1.55E-20,9.62E-21,0.22676642,2.63E-11,0.32464117,1.05E-05,4.13E-05,0.43570697,0,0.4486267,0,0,0.35886526,0,0.58125275,0.47003502,1
0.23339078,0.3176539,7.39E-05,3.75E-06,0.38159412,0.46982324,0,0,0.34851477,0.4641461,0,0,0.38961926,0.4486558,0,0,0.43765217,0.46403483,0,0,0,0,0,0.9826633,0,0.43570697,0,0.4486267,0,0,2.08E-17,0,0.58125275,0.47003502,2
0.22721168,0.16670619,7.57E-05,3.99E-06,0.38159412,0.46982324,0,0,0.34851477,0.4641461,0,0,0.38961926,0.4486558,0,0,0.43765217,0.46403483,0,0,0,0,0,0.98266286,0,0.43570697,0,0.4486267,0,0,2.08E-17,0,0.58125275,0.47003502,2
0.3937442,0.4759628,0.006022782,0.00010621028,0.38159412,0.46982324,0,0,0.34851477,0.4641461,0,0,0.38961926,0.4486558,0,0,0.43765217,0.46403483,0,0,0,0,0,0.98266566,0,0.43570697,0,0.4486267,0,0,2.08E-17,0,0.58125275,0.47003502,3
0.49247316,0.24210364,0.2152869,0.13112071,0.38159412,0.46982324,0.002142835,3.42E-06,0.34851477,0.4641461,0.016558496,0.00023325169,0.38961926,0.4486558,0.015679957,0.00023626359,0.43765217,0.46403483,5.55E-21,2.57E-21,0.35354042,1.81E-05,0.18962711,7.20E-05,0.0002831711,0.43570697,0,0.4486267,0,0,0.3503546,0,0.58125275,0.47003502,4
0.0011596214,0.0015455617,0.008173195,0.0008446756,0.38159412,0.46982375,0.0010439083,0.0002157783,0.34851477,0.4641402,0.029995957,0.0009594871,0.3897641,0.5244644,0.032220334,0.0012127857,0.43782747,0.4950922,2.27E-18,2.64E-18,0.0010824837,4.92E-18,0.0016129398,8.31E-10,5.72E-18,0.43570697,0.00016135398,0.44862628,0.0013293541,0.0012592457,0.039939594,0.00045097698,0.5812519,0.46468717,0
0.4812623,0.5941252,0.21456695,0.13127865,0.38159412,0.46982324,0.007840763,4.58E-05,0.34851477,0.4641461,0.014783123,0.00018591543,0.38961926,0.4486558,0.01324482,0.00016857735,0.43765217,0.46403483,7.92E-22,1.19E-21,0.34367242,1.57E-14,0.46374294,3.64E-06,1.43E-05,0.43570697,0,0.4486267,0,0,0.3503546,0,0.58125275,0.47003502,4
0.41946447,0.51249045,0.21267472,0.1316718,0.38159412,0.46982324,0,0,0.34851477,0.4641461,0,0,0.38961926,0.4486558,0,0,0.43765217,0.46403483,0,0,0,0,0,0.9826649,0,0.43570697,0,0.4486267,0,0,2.08E-17,0,0.58125275,0.47003502,4
0.422125,0.52459145,0.21334893,0.13153407,0.38159412,0.46982324,0.0067007034,3.35E-05,0.34851477,0.4641461,0.014995736,0.0001913016,0.38961926,0.4486558,0.0143047795,0.00019663888,0.43765217,0.46403483,1.14E-21,9.20E-22,0.3049607,4.03E-11,0.40716228,8.99E-06,3.54E-05,0.43570697,0,0.4486267,0,0,0.3503546,0,0.58125275,0.47003502,4
0.34510127,0.17835866,0.18306991,0.1342428,0.38159412,0.46982324,0.010452305,8.14E-05,0.34851477,0.4641461,0.021435112,0.000390872,0.38961926,0.4486558,0.021456182,0.00044239682,0.43765217,0.46403483,7.54E-21,1.65E-20,0.21264984,3.76E-05,0.11882779,0.00011746175,0.00046202863,0.43570697,3.48E-15,0.4486267,0.41161767,9.96E-08,0.3503546,9.60E-15,0.58125275,0.47003502,5
0.3283062,0.119144,0.18276422,0.13425118,0.38159412,0.46982324,0,0,0.34851477,0.4641461,0,0,0.38961926,0.4486558,0,0,0.43765217,0.46403483,0,0,0,0,0,0.98266697,0,0.43570697,0,0.4486267,0,0,2.08E-17,0,0.58125275,0.47003502,5
0.37627,0.44567788,0.20351271,0.14030944,0.38159412,0.46982324,0.008449485,5.32E-05,0.34851477,0.4641461,0.03047922,0.0007902978,0.38961926,0.4486558,0.028294425,0.00076932326,0.43765217,0.46403483,6.49E-22,8.59E-22,0.22891821,6.19E-11,0.32247302,1.15E-05,4.53E-05,0.43570697,0,0.4486267,0,0,0.35886526,0,0.58125275,0.47003502,1
0.7409323,0.53196293,0.0070685316,9.60E-05,0.38159412,0.46982324,5.14E-07,1.97E-13,0.34851477,0.4641461,0.00020067049,3.43E-08,0.38961926,0.4486558,0.00023352382,5.24E-08,0.43765217,0.46403483,1.66E-22,1.61E-22,0.6146357,8.26E-07,0.48229063,2.20E-05,8.64E-05,0.43570697,0,0.4486267,0,0,0.009929078,0,0.58125275,0.47003502,3
0.0010253852,0.0015812041,0.0096922405,0.0025698312,0.38159412,0.46982324,6.88E-06,0.00024642903,0.34851477,0.46413082,0.019348362,0.0006686049,0.38961065,0.44172716,0.056166027,0.04849978,0.43889627,0.47912848,2.34E-18,1.04E-17,0.00096814206,8.20E-14,0.0015745361,0.0007029201,0.002759983,0.43570697,0.00047252694,0.44862974,0.0013812003,0.027213972,0.0495941,0.043641876,0.5855917,0.60765445,0
0.7122379,0.6890236,0.24351266,0.1218336,0.38159412,0.46982324,2.38E-05,4.22E-10,0.34851477,0.4641461,0.0055704433,2.64E-05,0.38961926,0.4486558,0.006561807,4.14E-05,0.43765217,0.46403483,9.60E-23,1.89E-22,0.5810475,1.13E-08,0.6103072,1.12E-05,4.42E-05,0.43570697,0,0.4486267,0,0,0.3503546,0,0.58125275,0.47003502,4
0.46505556,0.3836639,0.21375762,0.13144831,0.38159412,0.46982324,0,0,0.34851477,0.4641461,0,0,0.38961926,0.4486558,0,0,0.43765217,0.46403483,0,0,0,0,0,0.9826648,0,0.43570697,0,0.4486267,0,0,2.08E-17,0,0.58125275,0.47003502,4
0.8323219,0.86320126,0.008114829,7.75E-05,0.38159412,0.46982324,0,0,0.34851477,0.4641461,0,0,0.38961926,0.4486558,0,0,0.43765217,0.46403483,0,0,0,0,0,0.98266566,0,0.43570697,0,0.4486267,0,0,2.08E-17,0,0.58125275,0.47003502,3
0.48454702,0.58631736,0.21467301,0.13125503,0.38159412,0.46982324,0,0,0.34851477,0.4641461,0,0,0.38961926,0.4486558,0,0,0.43765217,0.46403483,0,0,0,0,0,0.982665,0,0.43570697,0,0.4486267,0,0,2.08E-17,0,0.58125275,0.47003502,4
0.23050098,0.31797346,7.38E-05,3.74E-06,0.38159412,0.46982324,0,0,0.34851477,0.4641461,0,0,0.38961926,0.4486558,0,0,0.43765217,0.46403483,0,0,0,0,0,0.9826633,0,0.43570697,0,0.4486267,0,0,2.08E-17,0,0.58125275,0.47003502,2
0.43728638,0.5089824,0.21240467,0.13172707,0.38159412,0.46982324,0,0,0.34851477,0.4641461,0,0,0.38961926,0.4486558,0,0,0.43765217,0.46403483,0,0,0,0,0,0.9826649,0,0.43570697,0,0.4486267,0,0,2.08E-17,0,0.58125275,0.47003502,4
0.42168307,0.6023328,0.21186875,0.13183032,0.38159412,0.46982324,0,0,0.34851477,0.4641461,0,0,0.38961926,0.4486558,0,0,0.43765217,0.46403483,0,0,0,0,0,0.9826651,0,0.43570697,0,0.4486267,0,0,2.08E-17,0,0.58125275,0.47003502,4
0.48566028,0.37746465,0.21394902,0.13140802,0.38159412,0.46982324,0.0018994111,2.69E-06,0.34851477,0.4641461,0.013465095,0.00015424173,0.38961926,0.4486558,0.01438883,0.00019895649,0.43765217,0.46403483,2.07E-22,5.76E-22,0.34927347,3.33E-07,0.29379198,3.11E-05,0.00012243191,0.43570697,0,0.4486267,0,0,0.3503546,0,0.58125275,0.47003502,4
0.0070007453,0.0014960382,0.053512655,0.07180905,0.37950388,0.46269616,0.33758014,0.16032644,0.33237332,0.41558948,0.33450627,0.21055318,0.361109,0.37438002,0.3179962,0.22047974,0.42865103,0.4544959,6.55E-18,2.37E-17,0.0076124347,4.22E-17,0.0013467361,1.21E-09,1.11E-16,0.54928255,0.1886577,0.55814683,0.00030026073,0.38298938,0.20111763,0.19747235,0.663978,0.5751671,0
0.7209432,0.94408715,0.24515285,0.121102154,0.38159412,0.46982324,8.40E-05,5.25E-09,0.34851477,0.4641461,0.006310491,3.39E-05,0.38961926,0.4486558,0.006721426,4.34E-05,0.43765217,0.46403483,1.77E-22,2.11E-22,0.59685934,1.15E-14,0.8418696,2.06E-06,8.09E-06,0.43570697,0,0.4486267,0,0,0.3503546,0,0.58125275,0.47003502,4
0.7455023,0.6366463,0.007081512,9.58E-05,0.38159412,0.46982324,1.60E-06,1.91E-12,0.34851477,0.4641461,0.00022562496,4.33E-08,0.38961926,0.4486558,0.00025326092,6.16E-08,0.43765217,0.46403483,6.73E-23,1.07E-22,0.62295735,9.01E-08,0.5782879,1.47E-05,5.78E-05,0.43570697,0,0.4486267,0,0,0.009929078,0,0.58125275,0.47003502,3
0.5854859,0.8280888,0.0071011013,9.56E-05,0.38159412,0.46982324,1.22E-06,1.11E-12,0.34851477,0.4641461,0.00023669437,4.77E-08,0.38961926,0.4486558,0.00025866454,6.43E-08,0.43765217,0.46403483,1.82E-20,4.34E-20,0.49557492,8.23E-11,0.75423497,5.47E-06,2.15E-05,0.43570697,0,0.4486267,0,0,0.009929078,0,0.58125275,0.47003502,3
0.0010254211,0.0015107958,0.007934602,0.0007346606,0.38159412,0.46982324,7.99E-06,0.00042125938,0.34851477,0.46415105,0.020048551,0.0006554769,0.38963073,0.4577882,0.02997786,0.0010952892,0.43778744,0.49009806,9.09E-22,6.12E-19,0.0008305475,5.79E-18,0.0015831738,8.56E-10,9.89E-18,0.43570697,0.00016108328,0.4486267,0.0013326522,0.0005320301,0.039538566,0.00048084816,0.5812519,0.45787582,0
0.71213514,0.40977666,0.24316876,0.12198353,0.38159412,0.46982324,0,0,0.34851477,0.4641461,0,0,0.38961926,0.4486558,0,0,0.43765217,0.46403483,0,0,0,0,0,0.98266476,0,0.43570697,0,0.4486267,0,0,2.08E-17,0,0.58125275,0.47003502,4
0.80995244,0.8841232,0.008124371,7.73E-05,0.38159412,0.46982324,0,0,0.34851477,0.4641461,0,0,0.38961926,0.4486558,0,0,0.43765217,0.46403483,0,0,0,0,0,0.98266566,0,0.43570697,0,0.4486267,0,0,2.08E-17,0,0.58125275,0.47003502,3
0.36677605,0.27372727,0.18312651,0.13424502,0.38159412,0.46982324,0,0,0.34851477,0.4641461,0,0,0.38961926,0.4486558,0,0,0.43765217,0.46403483,0,0,0,0,0,0.982667,0,0.43570697,0,0.4486267,0,0,2.08E-17,0,0.58125275,0.47003502,5
0.2246627,0.3109216,7.12E-05,3.52E-06,0.38159412,0.46982324,0,0,0.34851477,0.4641461,0,0,0.38961926,0.4486558,0,0,0.43765217,0.46403483,0,0,0,0,0,0.98266315,0,0.43570697,0,0.4486267,0,0,2.08E-17,0,0.58125275,0.47003502,2
0.36245802,0.3743205,0.21234034,0.13916561,0.38159412,0.46982324,0.0026961186,5.42E-06,0.34851477,0.4641461,0.030103115,0.000770914,0.38961926,0.4486558,0.027438093,0.0007234607,0.43765217,0.46403483,1.89E-21,3.48E-21,0.24477296,1.59E-08,0.28256896,2.30E-05,9.06E-05,0.43570697,0,0.4486267,0,0,0.35886526,0,0.58125275,0.47003502,1
0.588182,0.15359691,0.006994191,9.70E-05,0.38159412,0.46982324,9.40E-07,6.58E-13,0.34851477,0.4641461,0.00017505618,2.61E-08,0.38961926,0.4486558,0.00024129312,5.59E-08,0.43765217,0.46403483,1.81E-22,1.42E-09,0.48464113,0.00023353263,0.13776743,0.00013204219,0.0005193712,0.43570697,0,0.4486267,0,0,0.009929078,0,0.58125275,0.47003502,3
0.41215104,0.17288817,0.21470264,0.131253,0.38159412,0.46982324,0,0,0.34851477,0.4641461,0,0,0.38961926,0.4486558,0,0,0.43765217,0.46403483,0,0,0,0,0,0.98266476,0,0.43570697,0,0.4486267,0,0,2.08E-17,0,0.58125275,0.47003502,4
0.45583114,0.5613463,0.21403371,0.13139153,0.38159412,0.46982324,0,0,0.34851477,0.4641461,0,0,0.38961926,0.4486558,0,0,0.43765217,0.46403483,0,0,0,0,0,0.98266494,0,0.43570697,0,0.4486267,0,0,2.08E-17,0,0.58125275,0.47003502,4
0.39864013,0.43204662,0.21618943,0.13847917,0.38159412,0.46982324,0.00023473013,4.10E-08,0.34851477,0.4641461,0.022180518,0.00041852987,0.38961926,0.4486558,0.027198207,0.00071086583,0.43765217,0.46403483,5.35E-21,3.56E-21,0.29716662,3.29E-10,0.33205417,1.36E-05,5.34E-05,0.43570697,0,0.4486267,0,0,0.35886526,0,0.58125275,0.47003502,1
0.42533153,0.4384205,0.21179615,0.13184623,0.38159412,0.46982324,0,0,0.34851477,0.4641461,0,0,0.38961926,0.4486558,0,0,0.43765217,0.46403483,0,0,0,0,0,0.9826649,0,0.43570697,0,0.4486267,0,0,2.08E-17,0,0.58125275,0.47003502,4
0.7543258,0.7751243,0.0070924424,9.57E-05,0.38159412,0.46982324,1.88E-05,2.63E-10,0.34851477,0.4641461,0.0002673656,6.08E-08,0.38961926,0.4486558,0.00026228864,6.61E-08,0.43765217,0.46403483,2.63E-22,2.25E-22,0.63145417,1.88E-09,0.7051272,8.20E-06,3.22E-05,0.43570697,0,0.4486267,0,0,0.009929078,0,0.58125275,0.47003502,3
0.444243,0.40694666,0.21241337,0.13172427,0.38159412,0.46982324,0.036333166,0.0009834731,0.34851477,0.4641461,0.021859843,0.00040651555,0.38961926,0.4486558,0.015495218,0.00023072916,0.43765217,0.46403483,1.46E-21,2.30E-21,0.31142777,9.09E-08,0.314486,2.52E-05,9.93E-05,0.43570697,0,0.4486267,0,0,0.3503546,0,0.58125275,0.47003502,4
0.6610593,0.21218838,0.008084256,7.89E-05,0.38159412,0.46982324,7.26E-07,3.93E-13,0.34851477,0.4641461,0.00018538172,2.92E-08,0.38961926,0.4486558,0.00026569716,6.78E-08,0.43765217,0.46403483,4.34E-23,8.80E-13,0.63212246,8.77E-05,0.21910241,7.73E-05,0.00030411672,0.43570697,0,0.4486267,0,0,0.009929078,0,0.58125275,0.47003502,3
0.23232757,0.30414477,7.45E-05,3.77E-06,0.38159412,0.46982324,0,0,0.34851477,0.4641461,0,0,0.38961926,0.4486558,0,0,0.43765217,0.46403483,0,0,0,0,0,0.9826631,0,0.43570697,0,0.4486267,0,0,2.08E-17,0,0.58125275,0.47003502,2
0.00077996636,0.0020979363,0.018724278,0.011361129,0.38159412,0.46982336,0.00015942601,1.35E-06,0.34851477,0.46620718,0.030857585,0.0021012598,0.38972747,0.47873026,0.14098945,0.39042112,0.45906088,0.5004896,9.20E-25,5.04E-19,0.00066422985,0.00012927433,0.0014093115,0.0063122157,0.024659865,0.43570697,0.0016783859,0.5404835,0.0012265703,0.07792685,0.15205054,0.3746344,0.6082237,0.5719985,0
0.72827786,0.9686145,0.24400252,0.121617354,0.38159412,0.46982324,0,0,0.34851477,0.4641461,0,0,0.38961926,0.4486558,0,0,0.43765217,0.46403483,0,0,0,0,0,0.982665,0,0.43570697,0,0.4486267,0,0,2.08E-17,0,0.58125275,0.47003502,4
0.23268433,0.31086364,7.32E-05,3.68E-06,0.38159412,0.46982324,0,0,0.34851477,0.4641461,0,0,0.38961926,0.4486558,0,0,0.43765217,0.46403483,0,0,0,0,0,0.98266315,0,0.43570697,0,0.4486267,0,0,2.08E-17,0,0.58125275,0.47003502,2
0.7150345,0.6712173,0.008082467,7.88E-05,0.38159412,0.46982324,8.40E-05,5.26E-09,0.34851477,0.4641461,0.00030990603,8.17E-08,0.38961926,0.4486558,0.00028654447,7.89E-08,0.43765217,0.46403483,7.22E-23,8.21E-23,0.68010885,2.70E-08,0.6923859,1.10E-05,4.32E-05,0.43570697,0,0.4486267,0,0,0.009929078,0,0.58125275,0.47003502,3
0.4213792,0.59641284,0.21365827,0.13147174,0.38159412,0.46982324,0,0,0.34851477,0.4641461,0,0,0.38961926,0.4486558,0,0,0.43765217,0.46403483,0,0,0,0,0,0.982665,0,0.43570697,0,0.4486267,0,0,2.08E-17,0,0.58125275,0.47003502,4
0.8469893,0.8727477,0.00813011,7.72E-05,0.38159412,0.46982324,4.45E-05,1.47E-09,0.34851477,0.4641461,0.00024149912,4.96E-08,0.38961926,0.4486558,0.00025822115,6.41E-08,0.43765217,0.46403483,4.95E-23,5.68E-23,0.82821536,6.05E-11,0.9083111,4.64E-06,1.82E-05,0.43570697,0,0.4486267,0,0,0.009929078,0,0.58125275,0.47003502,3
0.36795306,0.19898173,0.18366762,0.1342596,0.38159412,0.46982324,0.0005938377,2.63E-07,0.34851477,0.4641461,0.015779305,0.00021181602,0.38961926,0.4486558,0.019741962,0.00037453097,0.43765217,0.46403483,2.38E-21,2.32E-21,0.22849345,2.04E-05,0.13298503,9.94E-05,0.0003911061,0.43570697,2.32E-15,0.4486267,0.46071965,9.17E-08,0.3503546,8.14E-15,0.58125275,0.47003502,5
0.45131004,0.54742396,0.21350569,0.13150361,0.38159412,0.46982324,0,0,0.34851477,0.4641461,0,0,0.38961926,0.4486558,0,0,0.43765217,0.46403483,0,0,0,0,0,0.98266494,0,0.43570697,0,0.4486267,0,0,2.08E-17,0,0.58125275,0.47003502,4
0.001401328,0.0015826357,0.008413039,0.0008578386,0.38159412,0.46977004,0.0067794076,0.00011498718,0.34851176,0.44826877,0.031643875,0.0010089074,0.38969842,0.4892877,0.032379664,0.0012129291,0.43790266,0.5086605,7.16E-18,6.95E-18,0.0013860936,4.94E-18,0.0016596257,7.96E-10,5.71E-18,0.43570697,0.00016091955,0.4486267,0.0014099358,6.20E-05,0.0397164,0.00046668175,0.58125275,0.46973044,0
0.7460516,0.6381928,0.00808503,7.89E-05,0.38159412,0.46982324,1.49E-08,1.66E-16,0.34851477,0.4641461,0.00012964834,1.43E-08,0.38961926,0.4486558,0.0002578002,6.39E-08,0.43765217,0.46403483,8.54E-23,8.95E-23,0.7072662,6.91E-08,0.6578953,1.27E-05,5.01E-05,0.43570697,0,0.4486267,0,0,0.009929078,0,0.58125275,0.47003502,3
0.43800908,0.6057261,0.21378173,0.13144417,0.38159412,0.46982324,0,0,0.34851477,0.4641461,0,0,0.38961926,0.4486558,0,0,0.43765217,0.46403483,0,0,0,0,0,0.98266506,0,0.43570697,0,0.4486267,0,0,2.08E-17,0,0.58125275,0.47003502,4
0.70363826,0.47369868,0.25059006,0.12729661,0.38159412,0.46982324,0,0,0.34851477,0.4641461,0,0,0.38961926,0.4486558,0,0,0.43765217,0.46403483,0,0,0,0,0,0.9826661,0,0.43570697,0,0.4486267,0,0,2.08E-17,0,0.58125275,0.47003502,1
0.0011566583,0.0015431965,0.008044189,0.00079271296,0.38159412,0.46975997,0.011670739,0.000101492966,0.3485142,0.45142704,0.011273624,0.0001600476,0.38962522,0.467035,0.0103763025,0.00015417284,0.43767196,0.4907764,2.39E-17,2.47E-17,0.00029217245,5.60E-17,0.00037755328,4.88E-09,5.27E-17,0.42232895,0.00017270382,0.4670047,0.0013089767,0.010337221,0.028237537,0.0001541429,0.58126897,0.49647692,0
0.2510311,0.34420162,1.51E-05,1.50E-06,0.38159412,0.46982324,0,0,0.34851477,0.4641461,0,0,0.38961926,0.4486558,0,0,0.43765217,0.46403483,0,0,0,0,0,0.9826631,0,0.43570697,0,0.4486267,0,0,2.08E-17,0,0.58125275,0.47003502,2
0.7117091,0.5545862,0.24992356,0.12759973,0.38159412,0.46982324,0,0,0.34851477,0.4641461,0,0,0.38961926,0.4486558,0,0,0.43765217,0.46403483,0,0,0,0,0,0.98266613,0,0.43570697,0,0.4486267,0,0,2.08E-17,0,0.58125275,0.47003502,1
0.37655473,0.3845475,0.21168838,0.13927205,0.38159412,0.46982324,0,0,0.34851477,0.4641461,0,0,0.38961926,0.4486558,0,0,0.43765217,0.46403483,0,0,0,0,0,0.98266613,0,0.43570697,0,0.4486267,0,0,2.08E-17,0,0.58125275,0.47003502,1
0.27464062,0.05162706,0.2214937,0.12960188,0.38159412,0.46982324,0.009947446,7.37E-05,0.34851477,0.4641461,0.022407653,0.00042714545,0.38961926,0.4486558,0.023025367,0.00050947187,0.43765217,0.46403483,1.04E-10,2.01E-05,0.20163292,0.0013747623,0.04161909,0.00047790588,0.0018791147,0.43570697,0,0.4486267,0,0,0.3503546,0,0.58125275,0.47003502,4
0.006713986,0.0027118681,0.058567252,0.08585816,0.34637257,0.39753574,0.361546,0.27557486,0.3097896,0.3851422,0.3561745,0.2708093,0.37708497,0.42198795,0.34487587,0.24689025,0.42291933,0.45034435,2.93E-17,3.16E-17,0.006369841,2.50E-17,0.0024643636,4.72E-10,6.41E-17,0.59157723,0.21161367,0.59852374,0.00037532984,0.3898801,0.16807039,0.22149874,0.7078156,0.61388725,0
0.41610178,0.43141952,0.21257122,0.13169207,0.38159412,0.46982324,0.045670193,0.0015538951,0.34851477,0.4641461,0.02401354,0.00049056375,0.38961926,0.4486558,0.016265849,0.00025424972,0.43765217,0.46403483,2.14E-21,3.09E-21,0.2983979,2.30E-08,0.33366156,2.06E-05,8.12E-05,0.43570697,0,0.4486267,0,0,0.3503546,0,0.58125275,0.47003502,4
0.4234258,0.21071021,0.005653758,0.00010776375,0.38159412,0.46982324,0,0,0.34851477,0.4641461,0,0,0.38961926,0.4486558,0,0,0.43765217,0.46403483,0,0,0,0,0,0.98266554,0,0.43570697,0,0.4486267,0,0,2.08E-17,0,0.58125275,0.47003502,3
0.43114105,0.13460895,0.21741353,0.13063812,0.38159412,0.46982324,0,0,0.34851477,0.4641461,0,0,0.38961926,0.4486558,0,0,0.43765217,0.46403483,0,0,0,0,0,0.98266476,0,0.43570697,0,0.4486267,0,0,2.08E-17,0,0.58125275,0.47003502,4
0.7377271,0.64180845,0.00808567,7.89E-05,0.38159412,0.46982324,0.0007660672,4.37E-07,0.34851477,0.4641461,0.00031126483,8.24E-08,0.38961926,0.4486558,0.00028137665,7.61E-08,0.43765217,0.46403483,8.91E-23,8.16E-23,0.6998005,6.21E-08,0.6617716,1.25E-05,4.93E-05,0.43570697,0,0.4486267,0,0,0.009929078,0,0.58125275,0.47003502,3
0.44632247,0.3704352,0.21469924,0.13124713,0.38159412,0.46982324,0,0,0.34851477,0.4641461,0,0,0.38961926,0.4486558,0,0,0.43765217,0.46403483,0,0,0,0,0,0.9826648,0,0.43570697,0,0.4486267,0,0,2.08E-17,0,0.58125275,0.47003502,4
0.6948508,0.24609672,0.007067332,9.59E-05,0.38159412,0.46982324,0,0,0.34851477,0.4641461,0,0,0.38961926,0.4486558,0,0,0.43765217,0.46403483,0,0,0,0,0,0.98266554,0,0.43570697,0,0.4486267,0,0,2.08E-17,0,0.58125275,0.47003502,3
0.44250754,0.6051625,0.21362516,0.13147704,0.38159412,0.46982324,0.025521932,0.0004852696,0.34851477,0.4641461,0.017051086,0.00024733588,0.38961926,0.4486558,0.013294484,0.00016984394,0.43765217,0.46403483,6.02E-22,9.16E-22,0.31750682,5.06E-17,0.47028312,2.01E-06,7.90E-06,0.43570697,0,0.4486267,0,0,0.3503546,0,0.58125275,0.47003502,4
0.22793593,0.3036965,7.39E-05,3.73E-06,0.38159412,0.46982324,0,0,0.34851477,0.4641461,0,0,0.38961926,0.4486558,0,0,0.43765217,0.46403483,0,0,0,0,0,0.9826631,0,0.43570697,0,0.4486267,0,0,2.08E-17,0,0.58125275,0.47003502,2
0.0014594926,0.0015927198,0.008507341,0.00089044,0.38159412,0.46982324,8.06E-06,4.85E-11,0.34851477,0.4641461,0.0090340935,6.94E-05,0.38961926,0.4486558,0.009445628,8.57E-05,0.43765217,0.46402654,0,5.61E-23,3.05E-05,6.63E-17,8.62E-05,2.07E-08,8.32E-17,0.43570697,0,0.4486267,0,0,0.011347517,0,0.58125275,0.47003502,0
0.69979733,0.7786526,0.25013852,0.12750234,0.38159412,0.46982324,0,0,0.34851477,0.4641461,0,0,0.38961926,0.4486558,0,0,0.43765217,0.46403483,0,0,0,0,0,0.9826662,0,0.43570697,0,0.4486267,0,0,2.08E-17,0,0.58125275,0.47003502,1
0.42617676,0.1458662,0.21792229,0.13051696,0.38159412,0.46982324,0,0,0.34851477,0.4641461,0,0,0.38961926,0.4486558,0,0,0.43765217,0.46403483,0,0,0,0,0,0.98266476,0,0.43570697,0,0.4486267,0,0,2.08E-17,0,0.58125275,0.47003502,4
0.00045797043,0.00043547334,0.010003922,0.0006224686,0.38159412,0.46982324,1.39E-09,4.12E-07,0.34851477,0.4641461,0.0016837778,2.85E-06,0.38961926,0.44855815,0.014081455,0.00019055058,0.43765178,0.4601179,0,7.74E-31,6.13E-06,1.31E-17,8.66E-05,2.13E-08,5.80E-16,0.43570697,3.08E-06,0.44852903,0.00030036052,0.01402842,0.032281067,0.00019051356,0.5812524,0.466162,0
0.399604,0.3917559,0.005848468,0.00010711042,0.38159412,0.46982324,2.01E-08,3.02E-16,0.34851477,0.4641461,0.00029363888,7.34E-08,0.38961926,0.4486558,0.0006304165,3.82E-07,0.43765217,0.46403483,1.11E-20,9.19E-21,0.30300677,1.55E-08,0.2923286,2.27E-05,8.93E-05,0.43570697,0,0.4486267,0,0,0.009929078,0,0.58125275,0.47003502,3
0.010002218,0.0019637512,0.057697207,0.08136249,0.38623074,0.4865281,0.34431154,0.13933176,0.34477192,0.4517448,0.33914828,0.19138381,0.37030137,0.3956135,0.32496792,0.20570494,0.44126585,0.46797594,1.03E-19,3.93E-18,0.011132394,2.08E-17,0.0019357688,7.10E-10,7.56E-17,0.49931124,0.18305443,0.5107851,0.00037533054,0.35704955,0.19559033,0.19159639,0.6265461,0.529782,0
0.22071704,0.31751695,7.23E-05,3.61E-06,0.38159412,0.46982324,0,0,0.34851477,0.4641461,0,0,0.38961926,0.4486558,0,0,0.43765217,0.46403483,0,0,0,0,0,0.9826633,0,0.43570697,0,0.4486267,0,0,2.08E-17,0,0.58125275,0.47003502,2
0.41426614,0.51278853,0.21245496,0.13171652,0.38159412,0.46982324,0.007473816,4.16E-05,0.34851477,0.4641461,0.014978141,0.00019085295,0.38961926,0.4486558,0.014370572,0.00019845187,0.43765217,0.46403483,1.97E-21,1.65E-21,0.29073822,1.46E-10,0.39633572,1.05E-05,4.11E-05,0.43570697,0,0.4486267,0,0,0.3503546,0,0.58125275,0.47003502,4
0.71837586,0.9909255,0.2437489,0.12172889,0.38159412,0.46982324,0.00026974833,5.42E-08,0.34851477,0.4641461,0.0073359655,4.58E-05,0.38961926,0.4486558,0.007171148,4.94E-05,0.43765217,0.46403483,4.97E-22,2.49E-22,0.57930076,8.43E-19,0.87858564,7.58E-07,2.98E-06,0.43570697,0,0.4486267,0,0,0.3503546,0,0.58125275,0.47003502,4
0.7337987,0.5369833,0.008076622,7.96E-05,0.38159412,0.46982324,0.00087595184,5.72E-07,0.34851477,0.4641461,0.00039173293,1.31E-07,0.38961926,0.4486558,0.0003138267,9.46E-08,0.43765217,0.46403483,1.18E-22,1.55E-22,0.684556,6.31E-07,0.55201334,1.89E-05,7.43E-05,0.43570697,0,0.4486267,0,0,0.009929078,0,0.58125275,0.47003502,3
0.25370944,0.19497761,1.76E-05,1.79E-06,0.38159412,0.46982324,0,0,0.34851477,0.4641461,0,0,0.38961926,0.4486558,0,0,0.43765217,0.46403483,0,0,0,0,0,0.98266286,0,0.43570697,0,0.4486267,0,0,2.08E-17,0,0.58125275,0.47003502,2
0.7190892,0.97422355,0.24425538,0.121504866,0.38159412,0.46982324,0.0008847816,5.83E-07,0.34851477,0.4641461,0.008064339,5.53E-05,0.38961926,0.4486558,0.0069624307,4.66E-05,0.43765217,0.46403483,2.31E-22,2.10E-22,0.58571213,8.33E-17,0.86556834,1.22E-06,4.80E-06,0.43570697,0,0.4486267,0,0,0.3503546,0,0.58125275,0.47003502,4
0.70698607,0.4929367,0.24359907,0.12179608,0.38159412,0.46982324,1.11E-08,9.25E-17,0.34851477,0.4641461,0.0025531792,5.55E-06,0.38961926,0.4486558,0.0057703448,3.20E-05,0.43765217,0.46403483,3.85E-22,3.64E-22,0.5788568,1.25E-06,0.43676737,2.51E-05,9.88E-05,0.43570697,0,0.4486267,0,0,0.3503546,0,0.58125275,0.47003502,4
0.44426683,0.38916865,0.21290919,0.13162345,0.38159412,0.46982324,0,0,0.34851477,0.4641461,0,0,0.38961926,0.4486558,0,0,0.43765217,0.46403483,0,0,0,0,0,0.9826648,0,0.43570697,0,0.4486267,0,0,2.08E-17,0,0.58125275,0.47003502,4
0.0008953568,0.0015086229,0.008028747,0.00072985096,0.38159412,0.46982324,5.80E-07,1.22E-06,0.34851477,0.46416447,0.01625426,0.00048311704,0.3896222,0.45196486,0.029903369,0.0010680065,0.43769705,0.47296476,3.68E-17,3.68E-17,0.00081087236,2.70E-17,0.0015764913,3.83E-09,1.16E-08,0.43570697,0.00027811463,0.4477516,0.0013577202,0.003256136,0.04039626,0.00042557158,0.58125156,0.4669013,0
0.22704005,0.30548888,7.60E-05,3.89E-06,0.38159412,0.46982324,0,0,0.34851477,0.4641461,0,0,0.38961926,0.4486558,0,0,0.43765217,0.46403483,0,0,0,0,0,0.9826631,0,0.43570697,0,0.4486267,0,0,2.08E-17,0,0.58125275,0.47003502,2
0.0011646067,0.0015889446,0.008507844,0.00089055643,0.38159674,0.4848389,0.039515164,0.0011655957,0.348525,0.47544765,0.040031012,0.0014664315,0.38980994,0.5260404,0.032842588,0.0012524005,0.4379299,0.51184857,8.10E-19,2.15E-18,0.00129301,5.93E-18,0.0016936538,7.74E-10,7.51E-18,0.43570697,0.00028672445,0.4486267,0.0014527977,1.22E-05,0.03921691,0.0005041489,0.58125275,0.46997416,0
0.0011199695,0.0015659833,0.007914566,0.0007188359,0.38159412,0.46982324,5.47E-06,0.00023630544,0.34851477,0.46415862,0.018248973,0.0006109097,0.38968164,0.50414944,0.029407673,0.0010787732,0.4378657,0.5055404,3.11E-18,3.29E-18,0.00101763,6.25E-18,0.0016694835,7.90E-10,6.21E-18,0.43570697,4.69E-05,0.4691287,0.0015065346,0.0035535956,0.03978831,0.00047722502,0.5812701,0.51037174,0
0.75318414,0.72118896,0.0080646295,7.90E-05,0.38159412,0.46982324,9.38E-08,6.55E-15,0.34851477,0.4641461,0.00015514235,2.05E-08,0.38961926,0.4486558,0.00025872962,6.43E-08,0.43765217,0.46403483,6.42E-23,9.14E-23,0.71132547,6.77E-09,0.74284416,8.95E-06,3.52E-05,0.43570697,0,0.4486267,0,0,0.009929078,0,0.58125275,0.47003502,3
0.40826297,0.41340056,0.005877298,0.00010696112,0.38159412,0.46982324,0.0015305091,1.75E-06,0.34851477,0.4641461,0.0008396371,6.00E-07,0.38961926,0.4486558,0.000691627,4.60E-07,0.43765217,0.46403483,1.42E-20,8.14E-21,0.29656103,5.36E-09,0.31011903,1.92E-05,7.55E-05,0.43570697,0,0.4486267,0,0,0.009929078,0,0.58125275,0.47003502,3
0.41599533,0.6013337,0.21205509,0.131793,0.38159412,0.46982324,0.018134078,0.00024498918,0.34851477,0.4641461,0.019336248,0.0003180735,0.38961926,0.4486558,0.014047091,0.00018961812,0.43765217,0.46403483,5.65E-22,5.86E-22,0.2863104,1.37E-19,0.46388665,1.11E-06,4.39E-06,0.43570697,0,0.4486267,0,0,0.3503546,0,0.58125275,0.47003502,4
0.24976054,0.3373632,1.51E-05,1.46E-06,0.38159412,0.46982324,0,0,0.34851477,0.4641461,0,0,0.38961926,0.4486558,0,0,0.43765217,0.46403483,0,0,0,0,0,0.98266304,0,0.43570697,0,0.4486267,0,0,2.08E-17,0,0.58125275,0.47003502,2
0.00047623483,0.00043752088,0.0103578,0.0005533999,0.38159412,0.46982324,0.007529008,4.22E-05,0.34851477,0.46414608,0.009536274,0.00043986872,0.3896037,0.41906163,0.021678299,0.0025281631,0.43825418,0.54750663,3.78E-17,4.26E-16,0.0001332439,6.53E-16,0.00016060502,1.20E-08,3.90E-16,0.43570697,1.28E-18,0.4486267,0.00033317512,1.40E-09,0.017626109,5.11E-18,0.58125275,0.47003502,0
0.58535,0.1572781,0.00804674,7.89E-05,0.38159412,0.46982324,1.76E-05,2.31E-10,0.34851477,0.4641461,0.0002708347,6.24E-08,0.38961926,0.4486558,0.00031899725,9.78E-08,0.43765217,0.46403483,6.47E-23,5.17E-10,0.5558888,0.00018726244,0.16186446,0.00011145065,0.00043838643,0.43570697,0,0.4486267,0,0,0.009929078,0,0.58125275,0.47003502,3
0.0009931875,0.0015469436,0.009161725,0.0045008534,0.38159412,0.46982324,0.0004708699,0.00036530834,0.34851477,0.46403554,0.028329877,0.0009163513,0.38958824,0.43192405,0.07610824,0.0083517125,0.43773937,0.46621117,2.14E-21,1.93E-18,0.00090877665,7.97E-18,0.0015904369,8.52E-10,7.57E-18,0.43570697,0.00047198535,0.4486267,0.0013569993,0.00066783914,0.03924713,0.0005024736,0.5812521,0.46213448,0
0.9931728,0.95160973,0.00820534,7.56E-05,0.38159412,0.46982324,0,0,0.34851477,0.4641461,0,0,0.38961926,0.4486558,0,0,0.43765217,0.46403483,0,0,0,0,0,0.98266566,0,0.43570697,0,0.4486267,0,0,2.08E-17,0,0.58125275,0.47003502,3
0.74128556,0.55443007,0.008088374,7.92E-05,0.38159412,0.46982324,0.0001622364,1.96E-08,0.34851477,0.4641461,0.00032962658,9.24E-08,0.38961926,0.4486558,0.00030365167,8.86E-08,0.43765217,0.46403483,9.92E-23,8.21E-23,0.69990367,4.47E-07,0.57088614,1.77E-05,6.96E-05,0.43570697,0,0.4486267,0,0,0.009929078,0,0.58125275,0.47003502,3
0.00080528867,0.0015158058,0.008332563,0.00078955997,0.38159412,0.46982324,0.000880498,5.78E-07,0.34851477,0.46414614,0.011429264,0.00013664996,0.38962242,0.46029302,0.010882939,0.00016242405,0.43768236,0.5026682,1.53E-25,7.53E-20,0.0001612187,3.33E-17,0.0003815237,4.83E-09,5.27E-17,0.43570694,0.00014745595,0.4197548,0.0013227421,0.010841951,0.029076103,0.00016239249,0.5812702,0.49706957,0
0.734491,0.8868217,0.007345668,9.19E-05,0.38159412,0.46982324,3.56E-07,9.45E-14,0.34851477,0.4641461,0.00014196581,1.71E-08,0.38961926,0.4486558,0.00023889319,5.48E-08,0.43765217,0.46403483,1.61E-23,1.75E-23,0.7566801,5.01E-12,0.8356117,3.89E-06,1.53E-05,0.43570697,0,0.4486267,0,0,0.009929078,0,0.58125275,0.47003502,3
0.2286613,0.13725986,8.00E-05,4.12E-06,0.38159412,0.46982324,0,0,0.34851477,0.4641461,0,0,0.38961926,0.4486558,0,0,0.43765217,0.46403483,0,0,0,0,0,0.98266286,0,0.43570697,0,0.4486267,0,0,2.08E-17,0,0.58125275,0.47003502,2
0.35488266,0.25422305,0.21173953,0.13926658,0.38159412,0.46982324,0,0,0.34851477,0.4641461,0,0,0.38961926,0.4486558,0,0,0.43765217,0.46403483,0,0,0,0,0,0.9826661,0,0.43570697,0,0.4486267,0,0,2.08E-17,0,0.58125275,0.47003502,1
0.49592116,0.5573909,0.21349798,0.13150507,0.38159412,0.46982324,6.77E-05,3.41E-09,0.34851477,0.4641461,0.008487888,6.13E-05,0.38961926,0.4486558,0.013085534,0.000164547,0.43765217,0.46403483,4.45E-22,5.71E-22,0.35784936,2.46E-12,0.43289798,6.50E-06,2.56E-05,0.43570697,0,0.4486267,0,0,0.3503546,0,0.58125275,0.47003502,4
0.0008249949,0.00076333806,0.03873412,0.04574047,0.38159412,0.46982324,0,0,0.34851477,0.4641461,0.00044715608,1.71E-07,0.38961926,0.4486558,0.07022831,0.009050056,0.43782696,0.46828434,1.93E-20,2.64E-16,0.00028483302,6.07E-15,0.0001787506,1.47E-08,4.21E-15,0.43570697,3.63E-18,0.4486267,0.00021653523,1.40E-09,0.009929078,1.90E-18,0.58125275,0.47003502,0
0.45009908,0.6068918,0.21324253,0.13155659,0.38159412,0.46982324,0,0,0.34851477,0.4641461,0,0,0.38961926,0.4486558,0,0,0.43765217,0.46403483,0,0,0,0,0,0.98266506,0,0.43570697,0,0.4486267,0,0,2.08E-17,0,0.58125275,0.47003502,4
0.7515822,0.9273032,0.24497668,0.12118185,0.38159412,0.46982324,1.63E-06,1.97E-12,0.34851477,0.4641461,0.0041298075,1.45E-05,0.38961926,0.4486558,0.006410859,3.95E-05,0.43765217,0.46403483,2.36E-22,1.97E-22,0.62559855,7.99E-14,0.8263025,2.55E-06,1.00E-05,0.43570697,0,0.4486267,0,0,0.3503546,0,0.58125275,0.47003502,4
0.74723434,0.695192,0.0070925625,9.56E-05,0.38159412,0.46982324,2.61E-05,5.07E-10,0.34851477,0.4641461,0.0002402357,4.91E-08,0.38961926,0.4486558,0.0002533329,6.17E-08,0.43765217,0.46403483,1.04E-22,1.41E-22,0.6299145,2.04E-08,0.63245255,1.16E-05,4.56E-05,0.43570697,0,0.4486267,0,0,0.009929078,0,0.58125275,0.47003502,3
0.2557955,0.2955682,1.58E-05,1.61E-06,0.38159412,0.46982324,0,0,0.34851477,0.4641461,0,0,0.38961926,0.4486558,0,0,0.43765217,0.46403483,0,0,0,0,0,0.982663,0,0.43570697,0,0.4486267,0,0,2.08E-17,0,0.58125275,0.47003502,2
0.3436147,0.44532323,0.20395623,0.14026655,0.38159412,0.46982324,0,0,0.34851477,0.4641461,0,0,0.38961926,0.4486558,0,0,0.43765217,0.46403483,0,0,0,0,0,0.9826662,0,0.43570697,0,0.4486267,0,0,2.08E-17,0,0.58125275,0.47003502,1
0.0057391846,0.0013654472,0.048755202,0.06049615,0.35856164,0.4074834,0.33162674,0.19835466,0.3206628,0.39014268,0.3320653,0.2328419,0.3575863,0.36973745,0.30589807,0.22736599,0.44922793,0.47644946,1.17E-17,1.31E-17,0.005764668,2.08E-17,0.001102433,1.51E-09,8.53E-17,0.60872465,0.21161038,0.61515135,0.00022519898,0.41417578,0.21826982,0.22148369,0.72179645,0.6298575,0
0.35818994,0.2837929,0.18439421,0.13427165,0.38159412,0.46982324,0,0,0.34851477,0.4641461,0,0,0.38961926,0.4486558,0,0,0.43765217,0.46403483,0,0,0,0,0,0.982667,0,0.43570697,0,0.4486267,0,0,2.08E-17,0,0.58125275,0.47003502,5
0.00021387338,0.00035201476,0.010923942,0.00046707186,0.38159412,0.46982324,7.00E-06,3.66E-11,0.34851477,0.4641461,0.015979769,0.0002172321,0.38961926,0.4486558,0.019122235,0.00035138597,0.43765238,0.47078422,0,1.54E-23,2.56E-05,7.86E-17,7.49E-05,2.38E-08,2.22E-16,0.43570697,0.00023441034,0.4486267,0.00025958294,0.019050214,0.029816879,0.0003513177,0.5812529,0.47594848,0
0.7149478,0.8886042,0.24391961,0.121654116,0.38159412,0.46982324,0,0,0.34851477,0.4641461,0,0,0.38961926,0.4486558,0,0,0.43765217,0.46403483,0,0,0,0,0,0.98266494,0,0.43570697,0,0.4486267,0,0,2.08E-17,0,0.58125275,0.47003502,4
0.5009326,0.4691875,0.21421662,0.13135384,0.38159412,0.46982324,2.59E-05,4.99E-10,0.34851477,0.4641461,0.010483411,9.35E-05,0.38961926,0.4486558,0.014459937,0.00020092772,0.43765217,0.46403483,5.04E-22,9.39E-22,0.37152696,4.38E-09,0.3656463,1.63E-05,6.42E-05,0.43570697,0,0.4486267,0,0,0.3503546,0,0.58125275,0.47003502,4
0.0009078879,0.0015895144,0.008389234,0.0008594003,0.38159412,0.46982324,0.008478109,6.08E-05,0.34851485,0.4649265,0.037226416,0.0012962545,0.38974607,0.5040675,0.032411538,0.001220251,0.43786347,0.50136095,1.84E-21,1.65E-18,0.00090270524,6.63E-18,0.0016635264,7.94E-10,6.11E-18,0.43570697,0.00016997913,0.4486267,0.0013042969,0.0002170375,0.039885286,0.00045339778,0.5812527,0.46902525,0
0.7116579,0.7040298,0.24993171,0.12759645,0.38159412,0.46982324,1.24E-05,1.14E-10,0.34851477,0.4641461,0.0052997298,2.39E-05,0.38961926,0.4486558,0.006504891,4.07E-05,0.43765217,0.46403483,5.72E-22,2.68E-22,0.57513416,6.13E-09,0.6248549,1.03E-05,4.06E-05,0.43570697,0,0.4486267,0,0,0.35886526,0,0.58125275,0.47003502,1
0.2185329,0.26976898,7.35E-05,3.76E-06,0.38159412,0.46982324,0,0,0.34851477,0.4641461,0,0,0.38961926,0.4486558,0,0,0.43765217,0.46403483,0,0,0,0,0,0.982663,0,0.43570697,0,0.4486267,0,0,2.08E-17,0,0.58125275,0.47003502,2
0.0012930394,0.0016354163,0.0145675065,0.01759432,0.38159412,0.4699201,0.018059822,0.00024874863,0.3485129,0.45885548,0.035832927,0.00120641,0.3895305,0.4073253,0.14644188,0.027452804,0.4433748,0.5075359,3.34E-18,3.60E-18,0.001364043,6.09E-18,0.0017665358,9.43E-05,0.0003704983,0.43570697,0.00017336431,0.44781226,0.001503026,0.023799919,0.0479489,0.03445123,0.5837119,0.5704175,0
0.2223537,0.3153166,7.27E-05,3.70E-06,0.38159412,0.46982324,0,0,0.34851477,0.4641461,0,0,0.38961926,0.4486558,0,0,0.43765217,0.46403483,0,0,0,0,0,0.9826632,0,0.43570697,0,0.4486267,0,0,2.08E-17,0,0.58125275,0.47003502,2
0.25856912,0.04560552,0.22107458,0.1297078,0.38159412,0.46982324,0.01589354,0.0001881903,0.34851477,0.4641461,0.024481626,0.0005098748,0.38961926,0.4486558,0.024658374,0.00058430014,0.43765217,0.46403483,3.38E-09,5.13E-05,0.18935345,0.0016412142,0.036698848,0.00054817874,0.0021552714,0.43570697,0,0.4486267,0,0,0.3503546,0,0.58125275,0.47003502,4
0.71700346,0.9776063,0.24436842,0.1214546,0.38159412,0.46982324,0,0,0.34851477,0.4641461,0,0,0.38961926,0.4486558,0,0,0.43765217,0.46403483,0,0,0,0,0,0.98266506,0,0.43570697,0,0.4486267,0,0,2.08E-17,0,0.58125275,0.47003502,4
0.42278698,0.39931935,0.21248083,0.13171016,0.38159412,0.46982324,8.04E-06,4.81E-11,0.34851477,0.4641461,0.008067274,5.54E-05,0.38961926,0.4486558,0.013227609,0.00016813951,0.43765217,0.46403483,2.78E-21,2.50E-21,0.29601178,1.20E-07,0.30865085,2.63E-05,0.00010346231,0.43570697,0,0.4486267,0,0,0.3503546,0,0.58125275,0.47003502,4
0.2326671,0.25536948,7.54E-05,3.84E-06,0.38159412,0.46982324,0,0,0.34851477,0.4641461,0,0,0.38961926,0.4486558,0,0,0.43765217,0.46403483,0,0,0,0,0,0.982663,0,0.43570697,0,0.4486267,0,0,2.08E-17,0,0.58125275,0.47003502,2
0.0013201943,0.0016621923,0.008347922,0.00081106194,0.38159412,0.4698227,0.0010244498,0.00033110523,0.34851468,0.46282026,0.027873982,0.00082491897,0.38968378,0.48799902,0.031140491,0.0011502843,0.4376353,0.46090674,7.75E-18,1.53E-17,0.0014166329,1.72E-17,0.0017864195,7.25E-10,1.70E-17,0.43575564,0.00016532619,0.43236327,0.0015443903,0.0043752934,0.04004468,0.00046646924,0.5812743,0.5111532,0
0.33942136,0.12621158,0.18396743,0.13427287,0.38159412,0.46982324,0.001658654,2.05E-06,0.34851477,0.4641461,0.018625347,0.00029511534,0.38961926,0.4486558,0.021366017,0.00043868643,0.43765217,0.46403483,1.72E-21,3.50E-14,0.2119991,0.00017012775,0.0844974,0.00019200981,0.00075520045,0.43570697,2.55E-15,0.4486267,0.29269984,4.88E-08,0.3503546,2.31E-15,0.58125275,0.47003502,5
0.73680896,0.5250313,0.0070822774,9.58E-05,0.38159412,0.46982324,9.34E-07,6.50E-13,0.34851477,0.4641461,0.00021280645,3.85E-08,0.38961926,0.4486558,0.00023626421,5.36E-08,0.43765217,0.46403483,1.15E-22,1.29E-22,0.6171249,9.29E-07,0.476925,2.25E-05,8.85E-05,0.43570697,0,0.4486267,0,0,0.009929078,0,0.58125275,0.47003502,3
0.25488704,0.13119002,1.78E-05,1.81E-06,0.38159412,0.46982324,0,0,0.34851477,0.4641461,0,0,0.38961926,0.4486558,0,0,0.43765217,0.46403483,0,0,0,0,0,0.98266286,0,0.43570697,0,0.4486267,0,0,2.08E-17,0,0.58125275,0.47003502,2
0.22126748,0.31555778,7.37E-05,3.74E-06,0.38159412,0.46982324,0,0,0.34851477,0.4641461,0,0,0.38961926,0.4486558,0,0,0.43765217,0.46403483,0,0,0,0,0,0.9826632,0,0.43570697,0,0.4486267,0,0,2.08E-17,0,0.58125275,0.47003502,2
0.3372245,0.10671158,0.20099811,0.14051875,0.38159412,0.46982324,0,0,0.34851477,0.4641461,0,0,0.38961926,0.4486558,0,0,0.43765217,0.46403483,0,0,0,0,0,0.9826661,0,0.43570697,0,0.4486267,0,0,2.08E-17,0,0.58125275,0.47003502,1
0.22114702,0.29333872,7.65E-05,3.76E-06,0.38159412,0.46982324,0,0,0.34851477,0.4641461,0,0,0.38961926,0.4486558,0,0,0.43765217,0.46403483,0,0,0,0,0,0.98266304,0,0.43570697,0,0.4486267,0,0,2.08E-17,0,0.58125275,0.47003502,2
0.41135558,0.44924375,0.0061255204,0.00010553015,0.38159412,0.46982324,0,0,0.34851477,0.4641461,0,0,0.38961926,0.4486558,0,0,0.43765217,0.46403483,0,0,0,0,0,0.98266566,0,0.43570697,0,0.4486267,0,0,2.08E-17,0,0.58125275,0.47003502,3
0.7119622,0.5729297,0.24356465,0.12181085,0.38159412,0.46982324,1.60E-05,1.90E-10,0.34851477,0.4641461,0.005356861,2.44E-05,0.38961926,0.4486558,0.006607242,4.20E-05,0.43765217,0.46403483,3.37E-22,4.20E-22,0.58376026,2.34E-07,0.5075841,1.83E-05,7.20E-05,0.43570697,0,0.4486267,0,0,0.3503546,0,0.58125275,0.47003502,4
0.3696982,0.2624517,0.21411005,0.13886814,0.38159412,0.46982324,0.00033419524,8.32E-08,0.34851477,0.4641461,0.027785812,0.00065679406,0.38961926,0.4486558,0.029738523,0.00084985705,0.43765217,0.46403483,1.02E-21,1.09E-21,0.28083622,2.74E-06,0.19982013,5.53E-05,0.0002174154,0.43570697,0,0.4486267,0,0,0.35886526,0,0.58125275,0.47003502,1
0.0009415099,0.0015358824,0.008171566,0.00080908375,0.38159412,0.4698174,0.0116632,0.000101343365,0.34851465,0.45833206,0.011386906,0.00015897893,0.3896217,0.4562079,0.010426407,0.00015887359,0.4376709,0.48862144,3.86E-17,3.98E-17,0.00027035072,5.63E-17,0.00038085232,4.84E-09,5.31E-17,0.42959172,0.00017155065,0.45617828,0.0013204144,0.0103871375,0.02858103,0.00015884271,0.5812681,0.4943461,0
0.0054810033,0.003272035,0.052305084,0.075555466,0.32863232,0.37285182,0.37137604,0.32084975,0.2945552,0.36544827,0.35842985,0.33731368,0.35666016,0.38718027,0.3402108,0.26459825,0.4188602,0.44713438,7.99E-19,4.23E-18,0.0038888508,2.29E-17,0.0026589567,3.87E-10,4.40E-17,0.43570697,0.35273007,0.4486267,0.00015012921,0.61748904,0.22321068,0.36911252,0.58125275,0.47003502,0
0.811696,0.8844399,0.0081218695,7.73E-05,0.38159412,0.46982324,0,0,0.34851477,0.4641461,0,0,0.38961926,0.4486558,0,0,0.43765217,0.46403483,0,0,0,0,0,0.98266566,0,0.43570697,0,0.4486267,0,0,2.08E-17,0,0.58125275,0.47003502,3
0.2343056,0.31117782,7.26E-05,3.65E-06,0.38159412,0.46982324,0,0,0.34851477,0.4641461,0,0,0.38961926,0.4486558,0,0,0.43765217,0.46403483,0,0,0,0,0,0.98266315,0,0.43570697,0,0.4486267,0,0,2.08E-17,0,0.58125275,0.47003502,2
0.7095687,0.6894379,0.24376443,0.121722735,0.38159412,0.46982324,0,0,0.34851477,0.4641461,0,0,0.38961926,0.4486558,0,0,0.43765217,0.46403483,0,0,0,0,0,0.9826648,0,0.43570697,0,0.4486267,0,0,2.08E-17,0,0.58125275,0.47003502,4
0.7107429,0.8927067,0.0075759077,8.80E-05,0.38159412,0.46982324,1.27E-08,1.20E-16,0.34851477,0.4641461,9.78E-05,8.14E-09,0.38961926,0.4486558,0.0002265871,4.93E-08,0.43765217,0.46403483,4.28E-23,3.25E-23,0.80497646,2.38E-12,0.86756873,3.50E-06,1.38E-05,0.43570697,0,0.4486267,0,0,0.009929078,0,0.58125275,0.47003502,3
0.6020117,0.16340373,0.0070481123,9.63E-05,0.38159412,0.46982324,0,0,0.34851477,0.4641461,0,0,0.38961926,0.4486558,0,0,0.43765217,0.46403483,0,0,0,0,0,0.9826655,0,0.43570697,0,0.4486267,0,0,2.08E-17,0,0.58125275,0.47003502,3
0.0032829437,0.0010533055,0.04304112,0.043352727,0.34001184,0.36408612,0.30550832,0.24720901,0.30489597,0.35436612,0.30415696,0.2817008,0.34504843,0.3422443,0.2702752,0.26023185,0.43846542,0.46493593,1.17E-17,1.23E-17,0.0037303772,2.36E-17,0.0007743623,2.36E-09,1.53E-16,0.55823433,0.15366893,0.5672327,0.0003002613,0.36419815,0.18383287,0.16083793,0.65285176,0.5839324,0
0.0009681367,0.0014140438,0.00864208,0.0009080299,0.38159412,0.46982324,0.0037757494,1.15E-05,0.34851477,0.46438694,0.036734775,0.0012019771,0.38967502,0.47902593,0.033740316,0.0012324664,0.43786988,0.50463223,2.23E-21,3.56E-19,0.0007711793,6.72E-18,0.0014454287,2.44E-08,9.22E-08,0.43570608,0.003089445,0.4148879,0.0012764696,0.05730863,0.044473324,0.0034522593,0.58152354,0.49326354,0
0.00134006,0.0017295317,0.008308172,0.00081301294,0.38159412,0.46984684,0.014815666,0.00016367857,0.3485158,0.47412142,0.035407472,0.0011586511,0.38959315,0.4355615,0.031307504,0.0011685244,0.4376997,0.47268796,7.59E-18,7.70E-18,0.0013432328,1.13E-17,0.0018326655,6.94E-10,1.49E-17,0.48270994,0.00028696732,0.49172574,0.0016794876,0.0058196657,0.039668623,0.0005166439,0.58129156,0.5229745,0
0.25974634,0.3361987,1.53E-05,1.56E-06,0.38159412,0.46982324,0,0,0.34851477,0.4641461,0,0,0.38961926,0.4486558,0,0,0.43765217,0.46403483,0,0,0,0,0,0.98266304,0,0.43570697,0,0.4486267,0,0,2.08E-17,0,0.58125275,0.47003502,2
0.7030483,0.6004617,0.25018457,0.12748078,0.38159412,0.46982324,0,0,0.34851477,0.4641461,0,0,0.38961926,0.4486558,0,0,0.43765217,0.46403483,0,0,0,0,0,0.98266613,0,0.43570697,0,0.4486267,0,0,2.08E-17,0,0.58125275,0.47003502,1
0.19486059,0.037546195,0.18031117,0.13415812,0.38159412,0.46982324,0,0,0.34851477,0.4641461,0,0,0.38961926,0.4486558,0,0,0.43765217,0.46403483,0,0,0,0,0,0.98266697,0,0.43570697,0,0.4486267,0,0,2.08E-17,0,0.58125275,0.47003502,5
0.74190664,0.5817318,0.007094934,9.56E-05,0.38159412,0.46982324,0.0006968761,3.62E-07,0.34851477,0.4641461,0.00041305795,1.45E-07,0.38961926,0.4486558,0.00028127068,7.60E-08,0.43765217,0.46403483,4.65E-23,7.50E-23,0.6267489,3.02E-07,0.5294381,1.81E-05,7.13E-05,0.43570697,0,0.4486267,0,0,0.009929078,0,0.58125275,0.47003502,3
0.0010278558,0.0017312358,0.03951553,0.1050833,0.38159412,0.46982324,0.0007755799,4.48E-07,0.34851477,0.4641461,0.01169581,0.00012584713,0.38961652,0.43580607,0.010571031,0.00015300406,0.43766358,0.4795375,6.22E-26,5.10E-20,0.00013266128,1.95E-17,0.00035208627,5.25E-09,3.01E-15,0.43570697,0.00013579885,0.43577775,0.0012206825,0.010531218,0.028169034,0.00015297433,0.58126205,0.48536396,0
0.40676,0.36196977,0.005657912,0.00010782136,0.38159412,0.46982324,2.54E-05,4.80E-10,0.34851477,0.4641461,0.0006234366,3.31E-07,0.38961926,0.4486558,0.00071795075,4.95E-07,0.43765217,0.46403483,1.64E-21,3.46E-21,0.2952405,7.00E-08,0.26128355,2.94E-05,0.00011581787,0.43570697,0,0.4486267,0,0,0.009929078,0,0.58125275,0.47003502,3
0.2193409,0.29781765,7.43E-05,3.73E-06,0.38159412,0.46982324,0,0,0.34851477,0.4641461,0,0,0.38961926,0.4486558,0,0,0.43765217,0.46403483,0,0,0,0,0,0.9826631,0,0.43570697,0,0.4486267,0,0,2.08E-17,0,0.58125275,0.47003502,2
0.7189232,0.6565408,0.24300905,0.12205326,0.38159412,0.46982324,0,0,0.34851477,0.4641461,0,0,0.38961926,0.4486558,0,0,0.43765217,0.46403483,0,0,0,0,0,0.9826648,0,0.43570697,0,0.4486267,0,0,2.08E-17,0,0.58125275,0.47003502,4
0.42571363,0.5248796,0.21298912,0.1316078,0.38159412,0.46982324,0.007984503,4.75E-05,0.34851477,0.4641461,0.015252563,0.00019791044,0.38961926,0.4486558,0.014332947,0.00019741408,0.43765217,0.46403483,2.44E-21,1.19E-21,0.3031361,4.17E-11,0.40669915,9.02E-06,3.55E-05,0.43570697,0,0.4486267,0,0,0.3503546,0,0.58125275,0.47003502,4
0.41592163,0.37577865,0.005760724,0.00010748446,0.38159412,0.46982324,2.02E-06,3.05E-12,0.34851477,0.4641461,0.00045791318,1.78E-07,0.38961926,0.4486558,0.00067989295,4.44E-07,0.43765217,0.46403483,1.19E-21,2.48E-21,0.32107982,3.78E-08,0.27624765,2.64E-05,0.00010385187,0.43570697,0,0.4486267,0,0,0.009929078,0,0.58125275,0.47003502,3
0.0011389016,0.00160956,0.012385686,0.0017261447,0.38159412,0.46982324,0.0047396207,2.47E-05,0.34851474,0.4636499,0.051342435,0.0023347922,0.38937148,0.37716419,0.04609846,0.0021658498,0.43719658,0.40887567,2.60E-19,2.71E-18,0.0010155847,6.09E-18,0.0016704097,7.89E-10,6.07E-18,0.42362452,0.0041021197,0.30241096,0.0016986543,0.0659281,0.052096657,0.0043281307,0.58128166,0.47251785,0
0.19413622,0.05663683,8.87E-05,4.75E-06,0.38159412,0.46982324,0,0,0.34851477,0.4641461,0,0,0.38961926,0.4486558,0,0,0.43765217,0.46403483,0,0,0,0,0,0.98266286,0,0.43570697,0,0.4486267,0,0,2.08E-17,0,0.58125275,0.47003502,2
0.00094565575,0.0015311517,0.012275432,0.0048987255,0.38159412,0.46982324,3.90E-06,3.65E-07,0.34851477,0.4641471,0.007164501,0.000105559775,0.3896251,0.47996598,0.010023868,0.00015121941,0.43767312,0.49307978,1.16E-30,1.31E-21,0.00012236461,3.63E-17,0.0003567073,5.18E-09,5.13E-17,0.435708,0.00011390722,0.4799348,0.0012367037,0.009986115,0.028159609,0.00015119003,0.5812699,0.49875447,0
0.7165788,0.29266304,0.0070468513,9.63E-05,0.38159412,0.46982324,0,0,0.34851477,0.4641461,0,0,0.38961926,0.4486558,0,0,0.43765217,0.46403483,0,0,0,0,0,0.98266554,0,0.43570697,0,0.4486267,0,0,2.08E-17,0,0.58125275,0.47003502,3
0.17836945,0.034718975,0.18905431,0.1342827,0.38159412,0.46982324,0.0029984887,6.70E-06,0.34851477,0.4641461,0.02583663,0.0005678776,0.38961926,0.4486558,0.029953184,0.0008621703,0.43765217,0.46403483,9.24E-11,2.60E-05,0.11503011,0.002374964,0.023899889,0.000830758,0.0032653536,0.43570697,3.48E-16,0.4486267,0.082720295,4.75E-08,0.3503546,2.19E-15,0.58125275,0.47003502,5
0.41831598,0.53237957,0.2134115,0.13152225,0.38159412,0.46982324,0,0,0.34851477,0.4641461,0,0,0.38961926,0.4486558,0,0,0.43765217,0.46403483,0,0,0,0,0,0.98266494,0,0.43570697,0,0.4486267,0,0,2.08E-17,0,0.58125275,0.47003502,4
0.22225821,0.19489802,7.87E-05,4.00E-06,0.38159412,0.46982324,0,0,0.34851477,0.4641461,0,0,0.38961926,0.4486558,0,0,0.43765217,0.46403483,0,0,0,0,0,0.9826629,0,0.43570697,0,0.4486267,0,0,2.08E-17,0,0.58125275,0.47003502,2
0.4317306,0.41240406,0.2130388,0.1390518,0.38159412,0.46982324,0.00022133216,3.65E-08,0.34851477,0.4641461,0.018771205,0.00029975563,0.38961926,0.4486558,0.026128031,0.0006560251,0.43765217,0.46403483,1.17E-20,3.43E-21,0.30163166,2.67E-09,0.31230596,1.78E-05,7.00E-05,0.43570697,0,0.4486267,0,0,0.35886526,0,0.58125275,0.47003502,1
0.3863736,0.4501261,0.0059288414,0.00010667752,0.38159412,0.46982324,0.0012267939,1.12E-06,0.34851477,0.4641461,0.0010234403,8.91E-07,0.38961926,0.4486558,0.00078702846,5.95E-07,0.43765217,0.46403483,3.69E-20,1.38E-19,0.24040782,1.95E-10,0.34085423,1.23E-05,4.83E-05,0.43570697,0,0.4486267,0,0,0.009929078,0,0.58125275,0.47003502,3
0.22486074,0.23822209,7.54E-05,3.80E-06,0.38159412,0.46982324,0,0,0.34851477,0.4641461,0,0,0.38961926,0.4486558,0,0,0.43765217,0.46403483,0,0,0,0,0,0.9826629,0,0.43570697,0,0.4486267,0,0,2.08E-17,0,0.58125275,0.47003502,2
0.41816837,0.6028991,0.21235743,0.13173386,0.38159412,0.46982324,8.62E-06,5.54E-11,0.34851477,0.4641461,0.008847947,6.66E-05,0.38961926,0.4486558,0.012787279,0.00015713154,0.43765217,0.46403483,4.03E-22,4.23E-22,0.28644764,3.38E-19,0.46572888,1.22E-06,4.78E-06,0.43570697,0,0.4486267,0,0,0.3503546,0,0.58125275,0.47003502,4
0.5823975,0.15062937,0.00700293,9.69E-05,0.38159412,0.46982324,0,0,0.34851477,0.4641461,0,0,0.38961926,0.4486558,0,0,0.43765217,0.46403483,0,0,0,0,0,0.9826655,0,0.43570697,0,0.4486267,0,0,2.08E-17,0,0.58125275,0.47003502,3
0.23225935,0.2941087,7.53E-05,3.69E-06,0.38159412,0.46982324,0,0,0.34851477,0.4641461,0,0,0.38961926,0.4486558,0,0,0.43765217,0.46403483,0,0,0,0,0,0.98266304,0,0.43570697,0,0.4486267,0,0,2.08E-17,0,0.58125275,0.47003502,2
0.22062232,0.31365964,7.39E-05,3.73E-06,0.38159412,0.46982324,0,0,0.34851477,0.4641461,0,0,0.38961926,0.4486558,0,0,0.43765217,0.46403483,0,0,0,0,0,0.9826632,0,0.43570697,0,0.4486267,0,0,2.08E-17,0,0.58125275,0.47003502,2
0.0011476735,0.001621738,0.011018985,0.010498589,0.38159412,0.46982327,0.012926443,0.0005918137,0.34851748,0.46742532,0.036966786,0.0013501486,0.38981885,0.5264741,0.11591029,0.0145313665,0.43812785,0.47156867,3.64E-21,3.16E-18,0.0010617344,7.32E-18,0.0016814411,7.83E-10,7.19E-18,0.43570697,0.00045643788,0.4486267,0.0013505397,0.019674258,0.04493441,0.024315204,0.58129895,0.47275153,0
0.71307915,0.95804936,0.24497694,0.121181674,0.38159412,0.46982324,0,0,0.34851477,0.4641461,0,0,0.38961926,0.4486558,0,0,0.43765217,0.46403483,0,0,0,0,0,0.982665,0,0.43570697,0,0.4486267,0,0,2.08E-17,0,0.58125275,0.47003502,4
0.34448698,0.42021123,0.0058463067,0.00010708887,0.38159412,0.46982324,1.84E-05,2.51E-10,0.34851477,0.4641461,0.0008613507,6.31E-07,0.38961926,0.4486558,0.00077076326,5.71E-07,0.43765217,0.46403483,6.72E-20,1.82E-20,0.246151,1.60E-09,0.31364143,1.65E-05,6.49E-05,0.43570697,0,0.4486267,0,0,0.009929078,0,0.58125275,0.47003502,3
0.43417516,0.35535932,0.20966727,0.1395779,0.38159412,0.46982324,9.90E-06,7.30E-11,0.34851477,0.4641461,0.014685442,0.00018346662,0.38961926,0.4486558,0.025556756,0.00062765146,0.43765217,0.46403483,2.62E-21,1.42E-21,0.29360777,7.15E-08,0.26483113,2.91E-05,0.000114435505,0.43570697,0,0.4486267,0,0,0.35886526,0,0.58125275,0.47003502,1
0.757834,0.7217157,0.007083576,9.57E-05,0.38159412,0.46982324,8.24E-07,5.06E-13,0.34851477,0.4641461,0.00016953812,2.45E-08,0.38961926,0.4486558,0.00024030905,5.55E-08,0.43765217,0.46403483,1.08E-22,1.62E-22,0.63184917,1.02E-08,0.6557438,1.04E-05,4.11E-05,0.43570697,0,0.4486267,0,0,0.009929078,0,0.58125275,0.47003502,3
0.67475617,0.843194,0.0070806355,9.58E-05,0.38159412,0.46982324,0,0,0.34851477,0.4641461,0,0,0.38961926,0.4486558,0,0,0.43765217,0.46403483,0,0,0,0,0,0.98266566,0,0.43570697,0,0.4486267,0,0,2.08E-17,0,0.58125275,0.47003502,3
0.6572899,0.23063695,0.2497232,0.12769169,0.38159412,0.46982324,0,0,0.34851477,0.4641461,0,0,0.38961926,0.4486558,0,0,0.43765217,0.46403483,0,0,0,0,0,0.9826661,0,0.43570697,0,0.4486267,0,0,2.08E-17,0,0.58125275,0.47003502,1
0.31729364,0.10303988,0.18364038,0.13427551,0.38159412,0.46982324,0,0,0.34851477,0.4641461,0,0,0.38961926,0.4486558,0,0,0.43765217,0.46403483,0,0,0,0,0,0.98266697,0,0.43570697,0,0.4486267,0,0,2.08E-17,0,0.58125275,0.47003502,5
0.85527486,0.90287,0.008137107,7.72E-05,0.38159412,0.46982324,0.0006803951,3.45E-07,0.34851477,0.4641461,0.00030514348,7.92E-08,0.38961926,0.4486558,0.00026187213,6.59E-08,0.43765217,0.46403483,4.32E-22,2.03E-21,0.82294077,2.43E-11,0.93943685,4.09E-06,1.61E-05,0.43570697,0,0.4486267,0,0,0.009929078,0,0.58125275,0.47003502,3
0.3826322,0.2476138,0.18430266,0.13427258,0.38159412,0.46982324,0.0038905132,1.13E-05,0.34851477,0.4641461,0.015441219,0.00020283656,0.38961926,0.4486558,0.018289106,0.0003214342,0.43765217,0.46403483,8.51E-22,1.27E-21,0.23753478,4.42E-06,0.16604511,6.86E-05,0.00026987074,0.43570697,1.16E-16,0.4486267,0.5753147,1.12E-07,0.3503546,1.22E-14,0.58125275,0.47003502,5
0.49415538,0.4760022,0.21352638,0.13149892,0.38159412,0.46982324,0.032238755,0.0007743058,0.34851477,0.4641461,0.01661023,0.0002347115,0.38961926,0.4486558,0.015198261,0.00022197029,0.43765217,0.46403483,4.63E-22,6.11E-22,0.35748982,3.30E-09,0.36977658,1.56E-05,6.15E-05,0.43570697,0,0.4486267,0,0,0.3503546,0,0.58125275,0.47003502,4
0.22707038,0.31024477,7.27E-05,3.65E-06,0.38159412,0.46982324,0,0,0.34851477,0.4641461,0,0,0.38961926,0.4486558,0,0,0.43765217,0.46403483,0,0,0,0,0,0.98266315,0,0.43570697,0,0.4486267,0,0,2.08E-17,0,0.58125275,0.47003502,2
0.22369581,0.3093071,7.24E-05,3.65E-06,0.38159412,0.46982324,0,0,0.34851477,0.4641461,0,0,0.38961926,0.4486558,0,0,0.43765217,0.46403483,0,0,0,0,0,0.98266315,0,0.43570697,0,0.4486267,0,0,2.08E-17,0,0.58125275,0.47003502,2
0.7080445,0.6913998,0.24377473,0.12171826,0.38159412,0.46982324,1.48E-05,1.64E-10,0.34851477,0.4641461,0.0053156163,2.40E-05,0.38961926,0.4486558,0.006516897,4.08E-05,0.43765217,0.46403483,4.80E-23,1.13E-22,0.58190054,1.03E-08,0.61307055,1.11E-05,4.36E-05,0.43570697,0,0.4486267,0,0,0.3503546,0,0.58125275,0.47003502,4
0.26370913,0.25887197,1.50E-05,1.48E-06,0.38159412,0.46982324,0,0,0.34851477,0.4641461,0,0,0.38961926,0.4486558,0,0,0.43765217,0.46403483,0,0,0,0,0,0.9826629,0,0.43570697,0,0.4486267,0,0,2.08E-17,0,0.58125275,0.47003502,2
0.21628512,0.29389828,7.50E-05,3.74E-06,0.38159412,0.46982324,0,0,0.34851477,0.4641461,0,0,0.38961926,0.4486558,0,0,0.43765217,0.46403483,0,0,0,0,0,0.9826631,0,0.43570697,0,0.4486267,0,0,2.08E-17,0,0.58125275,0.47003502,2
0.23428969,0.3173674,7.38E-05,3.74E-06,0.38159412,0.46982324,0,0,0.34851477,0.4641461,0,0,0.38961926,0.4486558,0,0,0.43765217,0.46403483,0,0,0,0,0,0.9826632,0,0.43570697,0,0.4486267,0,0,2.08E-17,0,0.58125275,0.47003502,2
0.00047059156,0.00068024074,0.021568898,0.015270701,0.38159412,0.46982324,0.00030204927,4.19E-05,0.34851477,0.46414572,0.008742428,0.00046629107,0.38961196,0.43395138,0.20274025,0.11289167,0.444683,0.4800219,1.33E-27,2.34E-20,0.00012280412,8.46E-17,0.0002973905,6.59E-09,3.26E-16,0.43570697,0,0.4486267,0,0,0.009219858,0,0.58125275,0.47003502,0
0.3898173,0.36853424,0.21652213,0.13841411,0.38159412,0.46982324,0.061560303,0.0028233028,0.34851477,0.4641461,0.02780799,0.00065784296,0.38961926,0.4486558,0.026161598,0.0006577118,0.43765217,0.46403483,5.71E-22,8.33E-22,0.30605334,2.85E-08,0.2836471,2.49E-05,9.79E-05,0.43570697,0,0.4486267,0,0,0.35886526,0,0.58125275,0.47003502,1
0.00025210343,0.0003629602,0.011054973,0.0006342612,0.38159412,0.46982324,9.84E-10,7.23E-19,0.34851477,0.4641461,0,0,0.38961926,0.4486558,1.99E-09,3.80E-18,0.43765217,0.46403483,5.47E-15,1.23E-14,0.00013077594,1.38E-14,7.13E-05,3.77E-08,1.20E-14,0.43570697,0,0.4486267,0.00024708564,1.98E-09,2.08E-17,3.80E-18,0.58125275,0.47003502,0
0.7086458,0.34684592,0.24301714,0.12205116,0.38159412,0.46982324,0.002723005,5.52E-06,0.34851477,0.4641461,0.008926044,6.78E-05,0.38961926,0.4486558,0.0078017125,5.85E-05,0.43765217,0.46403483,3.87E-22,1.20E-20,0.57371897,1.52E-05,0.3066031,4.59E-05,0.00018067082,0.43570697,0,0.4486267,0,0,0.3503546,0,0.58125275,0.47003502,4
0.42517498,0.47788686,0.0059552416,0.00010657124,0.38159412,0.46982324,0.0012743666,1.21E-06,0.34851477,0.4641461,0.00094903994,7.66E-07,0.38961926,0.4486558,0.00082868256,6.60E-07,0.43765217,0.46403483,7.06E-22,2.40E-21,0.30802143,1.52E-11,0.3635518,9.14E-06,3.59E-05,0.43570697,0,0.4486267,0,0,0.009929078,0,0.58125275,0.47003502,3
0.6924665,0.28922772,0.008037976,8.01E-05,0.38159412,0.46982324,0.00019000669,2.69E-08,0.34851477,0.4641461,0.00034706367,1.02E-07,0.38961926,0.4486558,0.00032544704,1.02E-07,0.43765217,0.46403483,5.05E-23,5.23E-17,0.65264463,3.16E-05,0.29702097,5.17E-05,0.00020320684,0.43570697,0,0.4486267,0,0,0.009929078,0,0.58125275,0.47003502,3
0.35701036,0.41615954,0.21286474,0.13907951,0.38159412,0.46982324,0,0,0.34851477,0.4641461,0,0,0.38961926,0.4486558,0,0,0.43765217,0.46403483,0,0,0,0,0,0.9826662,0,0.43570697,0,0.4486267,0,0,2.08E-17,0,0.58125275,0.47003502,1
0.7066276,0.5530124,0.2507322,0.12723008,0.38159412,0.46982324,0.00021516441,3.45E-08,0.34851477,0.4641461,0.0070592533,4.24E-05,0.38961926,0.4486558,0.006998543,4.71E-05,0.43765217,0.46403483,5.85E-23,8.42E-23,0.5828579,3.27E-07,0.4923966,1.95E-05,7.67E-05,0.43570697,0,0.4486267,0,0,0.35886526,0,0.58125275,0.47003502,1
0.4340996,0.6057476,0.21353741,0.13149576,0.38159412,0.46982324,0,0,0.34851477,0.4641461,0,0,0.38961926,0.4486558,0,0,0.43765217,0.46403483,0,0,0,0,0,0.98266506,0,0.43570697,0,0.4486267,0,0,2.08E-17,0,0.58125275,0.47003502,4
0.38185325,0.4471539,0.20341198,0.14031914,0.38159412,0.46982324,0.0058481824,2.55E-05,0.34851477,0.4641461,0.02911528,0.00072114903,0.38961926,0.4486558,0.02815258,0.000761629,0.43765217,0.46403483,7.62E-22,9.32E-22,0.23331645,5.64E-11,0.3233763,1.14E-05,4.48E-05,0.43570697,0,0.4486267,0,0,0.35886526,0,0.58125275,0.47003502,1
0.4331205,0.1878464,0.21558462,0.13105333,0.38159412,0.46982324,0.012505332,0.0001165055,0.34851477,0.4641461,0.014388843,0.00017613059,0.38961926,0.4486558,0.013799092,0.00018298188,0.43765217,0.46403483,1.78E-21,4.10E-17,0.30870292,6.09E-05,0.14731582,0.000103191676,0.00040590335,0.43570697,0,0.4486267,0,0,0.3503546,0,0.58125275,0.47003502,4
0.4022919,0.3310432,0.0055000302,0.00010817881,0.38159412,0.46982324,0,0,0.34851477,0.4641461,0,0,0.38961926,0.4486558,0,0,0.43765217,0.46403483,0,0,0,0,0,0.98266554,0,0.43570697,0,0.4486267,0,0,2.08E-17,0,0.58125275,0.47003502,3
0.00076907495,0.0015310217,0.008186083,0.00078625977,0.38159412,0.46982324,0.00079050823,4.66E-07,0.34851477,0.4641461,0.011700302,0.00012594089,0.38961652,0.43582097,0.010597932,0.00015925895,0.43766522,0.4810763,7.09E-26,5.38E-20,0.00013351058,1.98E-17,0.00036128776,5.11E-09,5.00E-17,0.43570697,0.00013590003,0.43579268,0.001252584,0.010558017,0.028587596,0.000159228,0.5812634,0.48688552,0
0.42245674,0.6038331,0.21267982,0.13166969,0.38159412,0.46982324,0,0,0.34851477,0.4641461,0,0,0.38961926,0.4486558,0,0,0.43765217,0.46403483,0,0,0,0,0,0.98266506,0,0.43570697,0,0.4486267,0,0,2.08E-17,0,0.58125275,0.47003502,4
0.0031686956,0.00095724803,0.025253505,0.02417619,0.3567931,0.40149164,0.2615957,0.30560076,0.31491643,0.37652072,0.26020062,0.36015475,0.35165575,0.3562429,0.22271295,0.31042007,0.44794208,0.47654137,2.47E-17,3.01E-17,0.0025388976,4.62E-17,0.0005788219,3.26E-09,1.89E-16,0.43570697,3.19E-05,0.4486267,7.50E-05,0.005873704,0.029688992,3.34E-05,0.58125275,0.47003502,0
0.0005934533,0.0005555289,0.012410487,0.0005262286,0.38159412,0.46982324,0,0.0072746333,0.34851477,0.4641461,5.21E-05,0.008650523,0.38961926,0.4486638,0.028383285,0.009817106,0.4386839,0.5191206,6.75E-19,2.87E-17,0.0003389112,1.51E-15,0.00020950708,1.32E-08,4.52E-15,0.43570697,3.63E-18,0.4486267,0.00014756565,1.40E-09,0.009929078,1.90E-18,0.58125275,0.47003502,0
0.25901908,0.21692531,1.54E-05,1.47E-06,0.38159412,0.46982324,0,0,0.34851477,0.4641461,0,0,0.38961926,0.4486558,0,0,0.43765217,0.46403483,0,0,0,0,0,0.9826629,0,0.43570697,0,0.4486267,0,0,2.08E-17,0,0.58125275,0.47003502,2
0.4225009,0.4694406,0.005969662,0.00010647331,0.38159412,0.46982324,0,0,0.34851477,0.4641461,0,0,0.38961926,0.4486558,0,0,0.43765217,0.46403483,0,0,0,0,0,0.98266566,0,0.43570697,0,0.4486267,0,0,2.08E-17,0,0.58125275,0.47003502,3
0.27191716,0.05053685,0.22155276,0.12958492,0.38159412,0.46982324,0,0,0.34851477,0.4641461,0,0,0.38961926,0.4486558,0,0,0.43765217,0.46403483,0,0,0,0,0,0.98266476,0,0.43570697,0,0.4486267,0,0,2.08E-17,0,0.58125275,0.47003502,4
0.70156044,0.44948298,0.25077894,0.12720965,0.38159412,0.46982324,0,0,0.34851477,0.4641461,0,0,0.38961926,0.4486558,0,0,0.43765217,0.46403483,0,0,0,0,0,0.9826661,0,0.43570697,0,0.4486267,0,0,2.08E-17,0,0.58125275,0.47003502,1
0.0011808195,0.0015680467,0.007883776,0.00076310703,0.38159412,0.46982324,4.56E-05,4.73E-07,0.34851477,0.4641416,0.022242488,0.00061909173,0.3895878,0.42357177,0.030453244,0.0011379011,0.43766874,0.4671014,3.06E-17,3.14E-17,0.001145183,2.40E-17,0.0016510221,2.66E-07,1.04E-06,0.43570697,0.00032149017,0.4486261,0.0014699725,0.0012315301,0.039139498,0.00052827754,0.58125323,0.47302243,0
0.41644442,0.6029041,0.21286596,0.13163215,0.38159412,0.46982324,0,0,0.34851477,0.4641461,0,0,0.38961926,0.4486558,0,0,0.43765217,0.46403483,0,0,0,0,0,0.98266506,0,0.43570697,0,0.4486267,0,0,2.08E-17,0,0.58125275,0.47003502,4
0.7308802,0.38408774,0.0070773745,9.59E-05,0.38159412,0.46982324,5.22E-08,2.03E-15,0.34851477,0.4641461,0.00012221516,1.27E-08,0.38961926,0.4486558,0.00019713452,3.73E-08,0.43765217,0.46403483,1.22E-22,3.74E-22,0.6138197,9.60E-06,0.34859604,3.88E-05,0.00015277302,0.43570697,0,0.4486267,0,0,0.009929078,0,0.58125275,0.47003502,3
0.22061482,0.28692076,7.51E-05,3.75E-06,0.38159412,0.46982324,0,0,0.34851477,0.4641461,0,0,0.38961926,0.4486558,0,0,0.43765217,0.46403483,0,0,0,0,0,0.98266304,0,0.43570697,0,0.4486267,0,0,2.08E-17,0,0.58125275,0.47003502,2
0.70706034,0.40408233,0.24404727,0.12159664,0.38159412,0.46982324,2.81E-05,5.86E-10,0.34851477,0.4641461,0.005632208,2.70E-05,0.38961926,0.4486558,0.006893138,4.57E-05,0.43765217,0.46403483,6.88E-23,1.29E-22,0.58166885,6.06E-06,0.35870332,3.59E-05,0.00014103783,0.43570697,0,0.4486267,0,0,0.3503546,0,0.58125275,0.47003502,4
0.0016225666,0.0016499045,0.008155484,0.00076081086,0.38161942,0.52458394,0.008730855,0.00048768264,0.34856078,0.5538473,0.02176188,0.0007027175,0.38970432,0.51017535,0.0302849,0.0011203121,0.437848,0.50089675,1.38E-18,3.68E-18,0.0017139151,9.03E-18,0.0017493658,7.46E-10,1.46E-17,0.50729346,0.0005364566,0.52009535,0.0015181652,0.0038945568,0.039002836,0.0005367486,0.5812665,0.497618,0
0.7785581,0.82957447,0.008107586,7.77E-05,0.38159412,0.46982324,7.86E-05,4.60E-09,0.34851477,0.4641461,0.00024606285,5.15E-08,0.38961926,0.4486558,0.00025979403,6.49E-08,0.43765217,0.46403483,5.84E-23,1.06E-22,0.75580686,2.06E-10,0.86056006,5.48E-06,2.16E-05,0.43570697,0,0.4486267,0,0,0.009929078,0,0.58125275,0.47003502,3
0.38856426,0.45047092,0.0059339413,0.00010665179,0.38159412,0.46982324,0.001093253,8.90E-07,0.34851477,0.4641461,0.001014326,8.75E-07,0.38961926,0.4486558,0.00078625564,5.94E-07,0.43765217,0.46403483,2.70E-20,1.10E-19,0.24394783,1.91E-10,0.34141204,1.23E-05,4.82E-05,0.43570697,0,0.4486267,0,0,0.009929078,0,0.58125275,0.47003502,3
0.00039887294,0.00042302956,0.010189464,0.00044724502,0.38159412,0.46982324,0,0,0.34851477,0.4641461,0,0,0.38961926,0.4486558,9.93E-10,9.50E-19,0.43765217,0.46403483,7.46E-16,6.77E-15,0.00025273298,1.18E-14,9.23E-05,3.06E-08,1.06E-14,0.43570697,0,0.4486267,0.00031998655,9.90E-10,2.08E-17,9.50E-19,0.58125275,0.47003502,0
0.21940497,0.2950156,7.47E-05,3.74E-06,0.38159412,0.46982324,0,0,0.34851477,0.4641461,0,0,0.38961926,0.4486558,0,0,0.43765217,0.46403483,0,0,0,0,0,0.9826631,0,0.43570697,0,0.4486267,0,0,2.08E-17,0,0.58125275,0.47003502,2
0.74889994,0.4627252,0.008054819,7.93E-05,0.38159412,0.46982324,5.99E-06,2.67E-11,0.34851477,0.4641461,0.00019961214,3.39E-08,0.38961926,0.4486558,0.00026224973,6.61E-08,0.43765217,0.46403483,1.44E-22,1.29E-22,0.71061426,2.31E-06,0.47660345,2.50E-05,9.84E-05,0.43570697,0,0.4486267,0,0,0.009929078,0,0.58125275,0.47003502,3
0.0011307183,0.0015728193,0.008116023,0.0007412826,0.38159412,0.46982324,2.53E-06,3.54E-05,0.34851477,0.46415877,0.017415954,0.0005432826,0.38964078,0.46998408,0.029821265,0.0010803337,0.43778148,0.4893189,7.56E-18,7.87E-18,0.0010252396,1.77E-17,0.0016837036,7.94E-10,1.72E-17,0.43570697,0.00028433054,0.4384129,0.0014871284,0.004508141,0.039921325,0.0004777358,0.5812596,0.48261967,0
0.21036185,0.20378594,8.02E-05,4.03E-06,0.38159412,0.46982324,0,0,0.34851477,0.4641461,0,0,0.38961926,0.4486558,0,0,0.43765217,0.46403483,0,0,0,0,0,0.9826629,0,0.43570697,0,0.4486267,0,0,2.08E-17,0,0.58125275,0.47003502,2
0.42991826,0.6031156,0.21177371,0.1318499,0.38159412,0.46982324,0,0,0.34851477,0.4641461,0,0,0.38961926,0.4486558,0,0,0.43765217,0.46403483,0,0,0,0,0,0.9826651,0,0.43570697,0,0.4486267,0,0,2.08E-17,0,0.58125275,0.47003502,4
0.456121,0.53899723,0.21264012,0.13167962,0.38159412,0.46982324,0,0,0.34851477,0.4641461,0,0,0.38961926,0.4486558,0,0,0.43765217,0.46403483,0,0,0,0,0,0.98266494,0,0.43570697,0,0.4486267,0,0,2.08E-17,0,0.58125275,0.47003502,4
0.0005711172,0.0004560573,0.013763447,0.003919335,0.38159412,0.46982324,0,0,0.34851477,0.4641461,0,8.41E-19,0.38961926,0.4486558,0.12911293,0.031319257,0.43905395,0.4739565,3.22E-21,3.45E-17,9.07E-05,8.61E-16,0.00011510018,1.66E-08,6.14E-16,0.43570697,9.07E-19,0.4486267,0.00034379005,1.98E-09,0.017626109,4.24E-18,0.58125275,0.47003502,0
0.74440664,0.78964037,0.0070793205,9.59E-05,0.38159412,0.46982324,1.16E-06,1.01E-12,0.34851477,0.4641461,0.00020410576,3.54E-08,0.38961926,0.4486558,0.00025283193,6.14E-08,0.43765217,0.46403483,6.69E-22,2.81E-22,0.6137813,1.09E-09,0.7169388,7.62E-06,3.00E-05,0.43570697,0,0.4486267,0,0,0.009929078,0,0.58125275,0.47003502,3
0.00018661373,0.00044774075,0.021517446,0.0034679286,0.38159412,0.46982324,6.69E-06,3.34E-11,0.34851477,0.4641461,0.015923485,0.00021570455,0.38961926,0.4486558,0.019147245,0.00035230568,0.43765217,0.46403483,0,1.43E-23,2.53E-05,7.96E-17,7.43E-05,2.39E-08,2.24E-16,0.43570697,0.000232762,0.4486267,0.00025775452,0.01907513,0.015957685,0.00035223723,0.58125275,0.47003502,0
0.72285527,0.84118956,0.24384479,0.121686526,0.38159412,0.46982324,0,0,0.34851477,0.4641461,0,0,0.38961926,0.4486558,0,0,0.43765217,0.46403483,0,0,0,0,0,0.9826649,0,0.43570697,0,0.4486267,0,0,2.08E-17,0,0.58125275,0.47003502,4
0.35006148,0.33383414,0.1844996,0.13427486,0.38159412,0.46982324,0.0031663792,7.47E-06,0.34851477,0.4641461,0.018825341,0.00030148713,0.38961926,0.4486558,0.018223029,0.0003191157,0.43765217,0.46403483,2.24E-21,5.75E-21,0.22124542,7.46E-08,0.22410399,3.36E-05,0.00013202822,0.43570697,8.13E-16,0.4486267,0.7764812,1.42E-07,0.3503546,1.94E-14,0.58125275,0.47003502,5
0.84028435,0.8901036,0.008139863,7.69E-05,0.38159412,0.46982324,2.13E-06,3.39E-12,0.34851477,0.4641461,0.0001799606,2.76E-08,0.38961926,0.4486558,0.0002480215,5.91E-08,0.43765217,0.46403483,3.14E-23,6.70E-23,0.82249314,3.36E-11,0.9276705,4.28E-06,1.68E-05,0.43570697,0,0.4486267,0,0,0.009929078,0,0.58125275,0.47003502,3
0.7060173,0.27325904,0.0070792977,9.59E-05,0.38159412,0.46982324,0.000116339186,1.01E-08,0.34851477,0.4641461,0.00026795708,6.11E-08,0.38961926,0.4486558,0.00025234997,6.12E-08,0.43765217,0.46403483,8.43E-23,9.58E-16,0.59439534,4.62E-05,0.2480862,6.36E-05,0.0002503469,0.43570697,0,0.4486267,0,0,0.009929078,0,0.58125275,0.47003502,3
0.7104192,0.3760508,0.008042728,7.98E-05,0.38159412,0.46982324,3.98E-07,1.18E-13,0.34851477,0.4641461,0.00018454235,2.90E-08,0.38961926,0.4486558,0.00026818577,6.91E-08,0.43765217,0.46403483,1.34E-22,3.77E-22,0.66970986,8.93E-06,0.3865161,3.51E-05,0.00013798181,0.43570697,0,0.4486267,0,0,0.009929078,0,0.58125275,0.47003502,3
0.50173587,0.46948165,0.21406505,0.13138616,0.38159412,0.46982324,0,0,0.34851477,0.4641461,0,0,0.38961926,0.4486558,0,0,0.43765217,0.46403483,0,0,0,0,0,0.9826649,0,0.43570697,0,0.4486267,0,0,2.08E-17,0,0.58125275,0.47003502,4
0.22604044,0.31505316,7.15E-05,3.63E-06,0.38159412,0.46982324,0,0,0.34851477,0.4641461,0,0,0.38961926,0.4486558,0,0,0.43765217,0.46403483,0,0,0,0,0,0.9826632,0,0.43570697,0,0.4486267,0,0,2.08E-17,0,0.58125275,0.47003502,2
0.0003849054,0.0010085949,0.03255955,0.035394903,0.38159412,0.46982324,1.11E-07,0.00026908825,0.34851477,0.4641461,0.0053554196,0.00040220257,0.38961834,0.44538552,0.3106984,0.25141424,0.45083678,0.4771955,0,6.89E-26,3.05E-05,2.26E-16,0.00043406693,4.60E-09,3.62E-16,0.43570697,9.07E-19,0.4486267,0.00033858718,9.90E-10,0.017626109,3.01E-18,0.58125275,0.47003502,0
0.7181491,0.8634455,0.007073523,9.60E-05,0.38159412,0.46982324,0,0,0.34851477,0.4641461,0,0,0.38961926,0.4486558,0,0,0.43765217,0.46403483,0,0,0,0,0,0.98266566,0,0.43570697,0,0.4486267,0,0,2.08E-17,0,0.58125275,0.47003502,3
0.001183216,0.002677084,0.09049898,0.24498457,0.38159412,0.46982402,0.00059272844,9.65E-06,0.34851477,0.46457788,0.123832375,0.020954447,0.38921678,0.4390703,0.17463695,0.44582245,0.4398009,0.46680042,1.72E-17,1.71E-17,0.0010941436,7.70E-15,0.0013503304,2.12E-08,2.01E-13,0.43570697,0.018117188,0.45104465,0.0010736759,0.092706665,0.1996686,0.47199425,0.60458595,0.5360954,0
0.0011368619,0.0016215489,0.008410238,0.000898419,0.38159066,0.46199644,0.064912036,0.0031609833,0.3484058,0.43152416,0.044073753,0.0018020892,0.3897076,0.47688887,0.033434972,0.00129564,0.43765655,0.46476054,3.84E-18,4.46E-18,0.0011166563,7.84E-18,0.0016678629,7.94E-10,8.20E-18,0.39029476,0.0037994357,0.4836678,0.0014649207,0.057919327,0.044688992,0.0035109157,0.58165526,0.50434023,0
0.0009944519,0.001549843,0.008164621,0.00078548497,0.38159412,0.46982324,0.00018287337,9.78E-06,0.34851477,0.46409473,0.026203087,0.00073589105,0.38960767,0.44075274,0.030830992,0.0011387636,0.43790683,0.51152265,1.02E-17,1.01E-17,0.0009529153,6.71E-18,0.0016431804,8.09E-10,6.14E-18,0.43572977,2.76E-05,0.47460565,0.0015307836,0.0048606694,0.04065393,0.0004237787,0.5812833,0.52510124,0
0.0005856078,0.0005539469,0.019538796,0.0058964067,0.38159412,0.46982324,0.02190849,0.0003575863,0.34851477,0.4641461,0.022037368,0.00041314497,0.38961926,0.4486558,0.01788366,0.0003073406,0.43765217,0.46403483,2.83E-16,2.83E-16,0.00016465847,3.90E-16,9.38E-05,1.99E-08,5.68E-16,0.43570697,0.0004458156,0.4486267,0.0003250437,0.017816305,0.016893605,0.0003072809,0.58125275,0.47003502,0
0.42929065,0.51685137,0.21331781,0.13154103,0.38159412,0.46982324,0,0,0.34851477,0.4641461,0,0,0.38961926,0.4486558,0,0,0.43765217,0.46403483,0,0,0,0,0,0.9826649,0,0.43570697,0,0.4486267,0,0,2.08E-17,0,0.58125275,0.47003502,4
0.72200286,0.94157964,0.24499287,0.12117453,0.38159412,0.46982324,0.00038221708,1.09E-07,0.34851477,0.4641461,0.0073530967,4.60E-05,0.38961926,0.4486558,0.006834915,4.49E-05,0.43765217,0.46403483,2.44E-22,2.06E-22,0.59445775,1.57E-14,0.8390883,2.13E-06,8.37E-06,0.43570697,0,0.4486267,0,0,0.3503546,0,0.58125275,0.47003502,4
0.70452106,0.45427826,0.25031078,0.12742454,0.38159412,0.46982324,0,0,0.34851477,0.4641461,0,0,0.38961926,0.4486558,0,0,0.43765217,0.46403483,0,0,0,0,0,0.9826661,0,0.43570697,0,0.4486267,0,0,2.08E-17,0,0.58125275,0.47003502,1
0.42311502,0.3360841,0.0055121714,0.00010814378,0.38159412,0.46982324,4.62E-09,1.59E-17,0.34851477,0.4641461,0.00028166364,6.75E-08,0.38961926,0.4486558,0.0006663373,4.27E-07,0.43765217,0.46403483,5.68E-22,9.91E-22,0.27757403,2.45E-07,0.23624702,3.67E-05,0.00014426315,0.43570697,0,0.4486267,0,0,0.009929078,0,0.58125275,0.47003502,3
0.71057504,0.6337321,0.25003988,0.12754694,0.38159412,0.46982324,0,0,0.34851477,0.4641461,0.002669316,6.06E-06,0.38961926,0.4486558,0.005938153,3.39E-05,0.43765217,0.46403483,9.98E-23,1.03E-22,0.578973,4.67E-08,0.5626978,1.40E-05,5.52E-05,0.43570697,0,0.4486267,0,0,0.35886526,0,0.58125275,0.47003502,1
0.66502416,0.2104336,0.008055505,7.95E-05,0.38159412,0.46982324,8.31E-07,5.14E-13,0.34851477,0.4641461,0.00018853656,3.02E-08,0.38961926,0.4486558,0.00026771188,6.89E-08,0.43765217,0.46403483,4.71E-23,1.15E-12,0.63083774,9.07E-05,0.21650185,7.85E-05,0.00030874668,0.43570697,0,0.4486267,0,0,0.009929078,0,0.58125275,0.47003502,3
0.7201609,0.70990604,0.24328847,0.12193115,0.38159412,0.46982324,0,0,0.34851477,0.4641461,0,0,0.38961926,0.4486558,0,0,0.43765217,0.46403483,0,0,0,0,0,0.9826649,0,0.43570697,0,0.4486267,0,0,2.08E-17,0,0.58125275,0.47003502,4
0.7870702,0.8319305,0.0080923615,7.81E-05,0.38159412,0.46982324,6.67E-05,3.31E-09,0.34851477,0.4641461,0.00024145027,4.96E-08,0.38961926,0.4486558,0.00025912866,6.45E-08,0.43765217,0.46403483,7.92E-23,9.97E-23,0.7529973,1.98E-10,0.8613971,5.45E-06,2.15E-05,0.43570697,0,0.4486267,0,0,0.009929078,0,0.58125275,0.47003502,3
0.7140819,0.70245683,0.25021717,0.12746647,0.38159412,0.46982324,1.60E-05,1.91E-10,0.34851477,0.4641461,0.0054367296,2.51E-05,0.38961926,0.4486558,0.006528824,4.10E-05,0.43765217,0.46403483,1.28E-22,1.65E-22,0.5817661,6.45E-09,0.6241712,1.04E-05,4.09E-05,0.43570697,0,0.4486267,0,0,0.35886526,0,0.58125275,0.47003502,1
0.38127023,0.4120929,0.005876382,0.00010697439,0.38159412,0.46982324,0.0014425552,1.55E-06,0.34851477,0.4641461,0.0009144687,7.11E-07,0.38961926,0.4486558,0.00070842344,4.82E-07,0.43765217,0.46403483,1.09E-19,2.10E-20,0.27534574,4.94E-09,0.3090816,1.90E-05,7.46E-05,0.43570697,0,0.4486267,0,0,0.009929078,0,0.58125275,0.47003502,3
0.71465266,0.954745,0.24468905,0.12131121,0.38159412,0.46982324,0,0,0.34851477,0.4641461,0,0,0.38961926,0.4486558,0,0,0.43765217,0.46403483,0,0,0,0,0,0.982665,0,0.43570697,0,0.4486267,0,0,2.08E-17,0,0.58125275,0.47003502,4
0.42525047,0.59540236,0.21378884,0.131445,0.38159412,0.46982324,0.050884467,0.0019289743,0.34851477,0.4641461,0.019514281,0.0003239576,0.38961926,0.4486558,0.013496286,0.00017503933,0.43765217,0.46403483,1.90E-21,1.98E-21,0.29811522,1.24E-15,0.463061,2.79E-06,1.10E-05,0.43570697,0,0.4486267,0,0,0.3503546,0,0.58125275,0.47003502,4
0.4434355,0.60450643,0.21214862,0.1317745,0.38159412,0.46982324,0.0010044394,7.52E-07,0.34851477,0.4641461,0.014126082,0.00016975653,0.38961926,0.4486558,0.013626747,0.00017843969,0.43765217,0.46403483,1.30E-21,7.99E-22,0.30930728,7.39E-20,0.46652967,1.05E-06,4.13E-06,0.43570697,0,0.4486267,0,0,0.3503546,0,0.58125275,0.47003502,4
0.00072529184,0.0006533201,0.013310613,0.0008360133,0.38159412,0.46982324,0,0.0074826577,0.34851477,0.4641461,1.51E-05,0.008671903,0.38961926,0.44865626,0.027748441,0.010266723,0.43827897,0.49750036,1.82E-21,2.36E-18,0.00037183578,1.71E-16,0.0002819677,9.22E-09,2.85E-15,0.43570697,0,0.4486267,0.00021653254,0,0.009929078,0,0.58125275,0.47003502,0
0.24843188,0.34954876,1.50E-05,1.49E-06,0.38159412,0.46982324,0,0,0.34851477,0.4641461,0,0,0.38961926,0.4486558,0,0,0.43765217,0.46403483,0,0,0,0,0,0.9826631,0,0.43570697,0,0.4486267,0,0,2.08E-17,0,0.58125275,0.47003502,2
0.72044283,0.9924566,0.24405459,0.12159404,0.38159412,0.46982324,1.80E-05,2.43E-10,0.34851477,0.4641461,0.005584185,2.65E-05,0.38961926,0.4486558,0.006973972,4.67E-05,0.43765217,0.46403483,1.09E-22,1.35E-22,0.5886507,4.89E-19,0.88104326,7.16E-07,2.82E-06,0.43570697,0,0.4486267,0,0,0.3503546,0,0.58125275,0.47003502,4
0.0010462572,0.0015414469,0.008178162,0.00085342285,0.38159412,0.4698216,0.0013306242,0.0002828865,0.34851438,0.45791313,0.03154403,0.00095890043,0.38959464,0.43475997,0.03223896,0.0012133179,0.43760967,0.4565058,5.11E-18,1.57E-17,0.0010640424,1.86E-17,0.001626249,8.36E-10,1.72E-17,0.43570697,4.82E-05,0.4486267,0.0013414528,0.00039852367,0.039666716,0.00047072885,0.58125234,0.4613715,0
0.41545433,0.369898,0.0056531266,0.00010784443,0.38159412,0.46982324,0,0,0.34851477,0.4641461,0,0,0.38961926,0.4486558,0,0,0.43765217,0.46403483,0,0,0,0,0,0.9826656,0,0.43570697,0,0.4486267,0,0,2.08E-17,0,0.58125275,0.47003502,3
0.74365336,0.64864594,0.00708227,9.58E-05,0.38159412,0.46982324,3.60E-07,9.66E-14,0.34851477,0.4641461,0.0001947323,3.23E-08,0.38961926,0.4486558,0.00024720488,5.87E-08,0.43765217,0.46403483,2.52E-22,2.23E-22,0.6217575,6.71E-08,0.58924365,1.40E-05,5.51E-05,0.43570697,0,0.4486267,0,0,0.009929078,0,0.58125275,0.47003502,3
0.22967139,0.3134796,7.36E-05,3.65E-06,0.38159412,0.46982324,0,0,0.34851477,0.4641461,0,0,0.38961926,0.4486558,0,0,0.43765217,0.46403483,0,0,0,0,0,0.9826632,0,0.43570697,0,0.4486267,0,0,2.08E-17,0,0.58125275,0.47003502,2
0.7154184,0.9874567,0.24408072,0.121582486,0.38159412,0.46982324,0,0,0.34851477,0.4641461,0,0,0.38961926,0.4486558,0,0,0.43765217,0.46403483,0,0,0,0,0,0.98266506,0,0.43570697,0,0.4486267,0,0,2.08E-17,0,0.58125275,0.47003502,4
0.21661927,0.29545742,7.52E-05,3.75E-06,0.38159412,0.46982324,0,0,0.34851477,0.4641461,0,0,0.38961926,0.4486558,0,0,0.43765217,0.46403483,0,0,0,0,0,0.9826631,0,0.43570697,0,0.4486267,0,0,2.08E-17,0,0.58125275,0.47003502,2
0.21825407,0.17023095,7.65E-05,4.04E-06,0.38159412,0.46982324,0,0,0.34851477,0.4641461,0,0,0.38961926,0.4486558,0,0,0.43765217,0.46403483,0,0,0,0,0,0.98266286,0,0.43570697,0,0.4486267,0,0,2.08E-17,0,0.58125275,0.47003502,2
0.2626261,0.2873834,1.50E-05,1.52E-06,0.38159412,0.46982324,0,0,0.34851477,0.4641461,0,0,0.38961926,0.4486558,0,0,0.43765217,0.46403483,0,0,0,0,0,0.982663,0,0.43570697,0,0.4486267,0,0,2.08E-17,0,0.58125275,0.47003502,2
0.4135898,0.41579676,0.2136197,0.13895111,0.38159412,0.46982324,3.82E-05,1.09E-09,0.34851477,0.4641461,0.016233651,0.00022418959,0.38961926,0.4486558,0.025584172,0.0006289988,0.43765217,0.46403483,9.63E-21,9.26E-21,0.29507977,2.00E-09,0.3157169,1.71E-05,6.72E-05,0.43570697,0,0.4486267,0,0,0.35886526,0,0.58125275,0.47003502,1
0.21993124,0.21872438,7.83E-05,3.92E-06,0.38159412,0.46982324,0,0,0.34851477,0.4641461,0,0,0.38961926,0.4486558,0,0,0.43765217,0.46403483,0,0,0,0,0,0.9826629,0,0.43570697,0,0.4486267,0,0,2.08E-17,0,0.58125275,0.47003502,2
0.7436824,0.7571305,0.0071021984,9.56E-05,0.38159412,0.46982324,0.0002841062,6.01E-08,0.34851477,0.4641461,0.00035181176,1.05E-07,0.38961926,0.4486558,0.00027255836,7.14E-08,0.43765217,0.46403483,9.24E-23,1.48E-22,0.6301434,3.25E-09,0.68969584,8.85E-06,3.48E-05,0.43570697,0,0.4486267,0,0,0.009929078,0,0.58125275,0.47003502,3
0.7134159,0.5611795,0.25018838,0.12747945,0.38159412,0.46982324,0,0,0.34851477,0.4641461,0,0,0.38961926,0.4486558,0,0,0.43765217,0.46403483,0,0,0,0,0,0.98266613,0,0.43570697,0,0.4486267,0,0,2.08E-17,0,0.58125275,0.47003502,1
0.39890572,0.4398821,0.006071896,0.000105884385,0.38159412,0.46982324,0.00075310195,4.23E-07,0.34851477,0.4641461,0.0005838086,2.90E-07,0.38961926,0.4486558,0.0007145274,4.91E-07,0.43765217,0.46403483,4.17E-22,9.92E-22,0.32087675,3.64E-10,0.34118727,1.34E-05,5.29E-05,0.43570697,0,0.4486267,0,0,0.009929078,0,0.58125275,0.47003502,3
0.0004120028,0.0004477673,0.013632868,0.0035950942,0.38159412,0.46982324,1.39E-09,0.0073753134,0.34851477,0.4641461,0,0.008661138,0.38961926,0.4486558,0.005617853,0.009787656,0.43765485,0.46475875,1.25E-16,5.41E-15,0.00023582211,1.39E-14,0.00011543749,2.52E-08,9.53E-15,0.43570697,3.63E-18,0.4486267,0.00014756035,1.98E-09,0.009929078,3.80E-18,0.58125275,0.47003502,0
0.71533257,0.9566346,0.24475034,0.121283665,0.38159412,0.46982324,0,0,0.34851477,0.4641461,0,0,0.38961926,0.4486558,0,0,0.43765217,0.46403483,0,0,0,0,0,0.982665,0,0.43570697,0,0.4486267,0,0,2.08E-17,0,0.58125275,0.47003502,4
0.43108046,0.51107126,0.21294272,0.13161786,0.38159412,0.46982324,0,0,0.34851477,0.4641461,0,0,0.38961926,0.4486558,0,0,0.43765217,0.46403483,0,0,0,0,0,0.9826649,0,0.43570697,0,0.4486267,0,0,2.08E-17,0,0.58125275,0.47003502,4
0.4297666,0.29206493,0.21474421,0.13123962,0.38159412,0.46982324,0,0,0.34851477,0.4641461,0,0,0.38961926,0.4486558,0,0,0.43765217,0.46403483,0,0,0,0,0,0.9826648,0,0.43570697,0,0.4486267,0,0,2.08E-17,0,0.58125275,0.47003502,4
0.0048927953,0.0030909246,0.0483256,0.06982908,0.34483808,0.3744468,0.25995666,0.31755358,0.31044286,0.36619377,0.28830102,0.3413053,0.36614135,0.39543137,0.32861146,0.26747614,0.4313471,0.45824143,1.45E-17,1.50E-17,0.0034455934,2.44E-17,0.0024827488,4.62E-10,6.14E-17,0.43570697,3.19E-05,0.4486267,7.51E-05,0.005873705,0.029689794,3.34E-05,0.58125275,0.47003502,0
0.4278609,0.21728753,0.21561587,0.13104498,0.38159412,0.46982324,0,0,0.34851477,0.4641461,0,0,0.38961926,0.4486558,0,0,0.43765217,0.46403483,0,0,0,0,0,0.98266476,0,0.43570697,0,0.4486267,0,0,2.08E-17,0,0.58125275,0.47003502,4
0.26433107,0.36151513,1.60E-05,1.63E-06,0.38159412,0.46982324,0,0,0.34851477,0.4641461,0,0,0.38961926,0.4486558,0,0,0.43765217,0.46403483,0,0,0,0,0,0.9826633,0,0.43570697,0,0.4486267,0,0,2.08E-17,0,0.58125275,0.47003502,2
0.74485207,0.6159291,0.008092391,7.89E-05,0.38159412,0.46982324,2.12E-07,3.36E-14,0.34851477,0.4641461,0.00016793415,2.40E-08,0.38961926,0.4486558,0.000269301,6.97E-08,0.43765217,0.46403483,2.44E-22,1.41E-22,0.7111668,1.16E-07,0.6352651,1.39E-05,5.47E-05,0.43570697,0,0.4486267,0,0,0.009929078,0,0.58125275,0.47003502,3
0.0010669965,0.0007081016,0.01832186,0.0032350204,0.38159412,0.46982324,0,0,0.34851477,0.4641461,9.93E-10,8.41E-19,0.38961926,0.4486558,9.93E-10,9.50E-19,0.43765217,0.46403483,0,0,4.64E-08,1.39E-19,1.57E-05,8.25E-08,1.28E-15,0.43570697,9.07E-19,0.4486267,5.44E-05,9.90E-10,2.08E-17,9.50E-19,0.58125275,0.47003502,0
0.38225356,0.26100293,0.18465437,0.13427813,0.38159412,0.46982324,0.006759883,3.40E-05,0.34851477,0.4641461,0.018923001,0.00030462325,0.38961926,0.4486558,0.019088222,0.00035013704,0.43765217,0.46403483,7.81E-22,2.72E-21,0.23870334,2.68E-06,0.17536813,6.18E-05,0.00024315291,0.43570697,3.37E-15,0.4486267,0.60758287,1.10E-07,0.3503546,1.17E-14,0.58125275,0.47003502,5
0.22624242,0.31400353,7.40E-05,3.73E-06,0.38159412,0.46982324,0,0,0.34851477,0.4641461,0,0,0.38961926,0.4486558,0,0,0.43765217,0.46403483,0,0,0,0,0,0.9826632,0,0.43570697,0,0.4486267,0,0,2.08E-17,0,0.58125275,0.47003502,2
0.4117756,0.44387043,0.006094219,0.000105749416,0.38159412,0.46982324,0,0,0.34851477,0.4641461,0,0,0.38961926,0.4486558,0,0,0.43765217,0.46403483,0,0,0,0,0,0.98266566,0,0.43570697,0,0.4486267,0,0,2.08E-17,0,0.58125275,0.47003502,3
0.76119196,0.5086703,0.008086399,7.86E-05,0.38159412,0.46982324,0.000104480925,8.13E-09,0.34851477,0.4641461,0.00034143013,9.92E-08,0.38961926,0.4486558,0.0003019467,8.76E-08,0.43765217,0.46403483,5.83E-23,6.71E-23,0.73053217,1.08E-06,0.5261935,2.10E-05,8.28E-05,0.43570697,0,0.4486267,0,0,0.009929078,0,0.58125275,0.47003502,3
0.007923282,0.002006724,0.06597206,0.09369084,0.38159412,0.46982324,9.84E-10,7.23E-19,0.34851477,0.4641461,0,0,0.38961926,0.4486558,1.41E-09,1.90E-18,0.43765217,0.46403483,5.44E-15,1.23E-14,0.00013073464,1.38E-14,7.12E-05,3.78E-08,1.21E-14,0.43570697,1.81E-18,0.4486267,0.00066858815,9.90E-10,2.08E-17,9.50E-19,0.58125275,0.47003502,0
0.42183188,0.438544,0.21601647,0.13851133,0.38159412,0.46982324,0,0,0.34851477,0.4641461,0,0,0.38961926,0.4486558,0,0,0.43765217,0.46403483,0,0,0,0,0,0.9826662,0,0.43570697,0,0.4486267,0,0,2.08E-17,0,0.58125275,0.47003502,1
0.7192962,0.8594826,0.24383147,0.12169307,0.38159412,0.46982324,0,0,0.34851477,0.4641461,0,0,0.38961926,0.4486558,0,0,0.43765217,0.46403483,0,0,0,0,0,0.98266494,0,0.43570697,0,0.4486267,0,0,2.08E-17,0,0.58125275,0.47003502,4
0.4432951,0.5946541,0.2142461,0.13134907,0.38159412,0.46982324,0,0,0.34851477,0.4641461,0,0,0.38961926,0.4486558,0,0,0.43765217,0.46403483,0,0,0,0,0,0.982665,0,0.43570697,0,0.4486267,0,0,2.08E-17,0,0.58125275,0.47003502,4
0.39882627,0.41491938,0.21450774,0.13879406,0.38159412,0.46982324,0.040026363,0.001193571,0.34851477,0.4641461,0.022332327,0.00042427852,0.38961926,0.4486558,0.026192404,0.00065926166,0.43765217,0.46403483,3.15E-21,5.62E-21,0.29265025,1.87E-09,0.31637892,1.69E-05,6.65E-05,0.43570697,0,0.4486267,0,0,0.35886526,0,0.58125275,0.47003502,1
0.26139793,0.35244972,1.57E-05,1.60E-06,0.38159412,0.46982324,0,0,0.34851477,0.4641461,0,0,0.38961926,0.4486558,0,0,0.43765217,0.46403483,0,0,0,0,0,0.98266315,0,0.43570697,0,0.4486267,0,0,2.08E-17,0,0.58125275,0.47003502,2
0.0013682207,0.0016319259,0.008243912,0.0008431169,0.38159412,0.46981826,0.010334422,0.00014599977,0.34851226,0.45601454,0.03504988,0.001227804,0.38969633,0.48136932,0.032330107,0.0012715708,0.43780524,0.48945248,1.03E-17,1.01E-17,0.0012287436,7.15E-18,0.0016882791,7.78E-10,7.38E-18,0.43570697,0.00032642306,0.4486267,0.0014994117,6.47E-05,0.03870007,0.0005397963,0.5812527,0.46689278,0
0.2296481,0.31627145,7.26E-05,3.68E-06,0.38159412,0.46982324,0,0,0.34851477,0.4641461,0,0,0.38961926,0.4486558,0,0,0.43765217,0.46403483,0,0,0,0,0,0.9826632,0,0.43570697,0,0.4486267,0,0,2.08E-17,0,0.58125275,0.47003502,2
0.22584198,0.1839945,7.96E-05,4.13E-06,0.38159412,0.46982324,0,0,0.34851477,0.4641461,0,0,0.38961926,0.4486558,0,0,0.43765217,0.46403483,0,0,0,0,0,0.9826629,0,0.43570697,0,0.4486267,0,0,2.08E-17,0,0.58125275,0.47003502,2
0.71914655,0.9785483,0.24423532,0.12151323,0.38159412,0.46982324,0,0,0.34851477,0.4641461,0,0,0.38961926,0.4486558,0,0,0.43765217,0.46403483,0,0,0,0,0,0.98266506,0,0.43570697,0,0.4486267,0,0,2.08E-17,0,0.58125275,0.47003502,4
0.70558214,0.8149335,0.24984542,0.12763546,0.38159412,0.46982324,2.49E-08,4.63E-16,0.34851477,0.4641461,0.0030145454,7.73E-06,0.38961926,0.4486558,0.005987871,3.45E-05,0.43765217,0.46403483,2.30E-22,1.79E-22,0.5678185,6.56E-11,0.72302914,5.66E-06,2.22E-05,0.43570697,0,0.4486267,0,0,0.35886526,0,0.58125275,0.47003502,1
0.734808,0.533386,0.0070934445,9.56E-05,0.38159412,0.46982324,3.91E-07,1.14E-13,0.34851477,0.4641461,0.00019531242,3.25E-08,0.38961926,0.4486558,0.00023228327,5.18E-08,0.43765217,0.46403483,1.38E-22,1.62E-22,0.6205365,7.83E-07,0.48528847,2.17E-05,8.55E-05,0.43570697,0,0.4486267,0,0,0.009929078,0,0.58125275,0.47003502,3
0.7183911,0.9767314,0.24424931,0.121507734,0.38159412,0.46982324,4.84E-05,1.74E-09,0.34851477,0.4641461,0.0060303686,3.09E-05,0.38961926,0.4486558,0.0067548016,4.38E-05,0.43765217,0.46403483,1.83E-22,1.75E-22,0.58641565,4.66E-17,0.86777085,1.15E-06,4.51E-06,0.43570697,0,0.4486267,0,0,0.3503546,0,0.58125275,0.47003502,4
0.43923467,0.52021736,0.21284783,0.13163637,0.38159412,0.46982324,0.0005725828,2.44E-07,0.34851477,0.4641461,0.011323676,0.00010908322,0.38961926,0.4486558,0.013910367,0.00018594491,0.43765217,0.46403483,6.28E-22,1.01E-21,0.31195027,8.35E-11,0.4028099,9.80E-06,3.85E-05,0.43570697,0,0.4486267,0,0,0.3503546,0,0.58125275,0.47003502,4
0.00021026828,0.0004085863,0.010241445,0.0005896887,0.38159412,0.46983168,0.0032244585,0.00016147805,0.34851566,0.47250226,0.009140114,0.0014660279,0.38968354,0.51807314,0.023631435,0.0024637587,0.43835798,0.55534744,2.16E-21,2.19E-18,0.0001466317,3.14E-16,0.00016556738,1.17E-08,4.34E-16,0.43570697,9.07E-19,0.4486267,0.00035441917,1.40E-09,0.017626109,6.01E-18,0.58125275,0.47003502,0
0.7405815,0.840344,0.007103222,9.55E-05,0.38159412,0.46982324,3.19E-05,7.60E-10,0.34851477,0.4641461,0.00029758646,7.53E-08,0.38961926,0.4486558,0.0002658052,6.79E-08,0.43765217,0.46403483,4.44E-23,8.85E-23,0.62772864,1.30E-10,0.7655999,5.78E-06,2.27E-05,0.43570697,0,0.4486267,0,0,0.009929078,0,0.58125275,0.47003502,3
0.0021268567,0.003230118,0.04974156,0.070288636,0.38159412,0.46982324,0,0,0.34851477,0.4641461,1.41E-09,1.68E-18,0.38961926,0.4486558,0,0,0.43765217,0.46403483,3.34E-19,8.46E-19,0.0018476256,8.96E-17,0.0014749583,7.76E-09,3.50E-14,0.43570697,1.81E-18,0.4486267,7.45E-05,1.98E-09,0.009929078,3.80E-18,0.58125275,0.47003502,0
0.8556944,0.87537485,0.008133585,7.71E-05,0.38159412,0.46982324,0,0,0.34851477,0.4641461,0,0,0.38961926,0.4486558,0,0,0.43765217,0.46403483,0,0,0,0,0,0.98266566,0,0.43570697,0,0.4486267,0,0,2.08E-17,0,0.58125275,0.47003502,3
0.32133904,0.27666706,0.21139364,0.13932134,0.38159412,0.46982324,0,0,0.34851477,0.4641461,0,0,0.38961926,0.4486558,0,0,0.43765217,0.46403483,0,0,0,0,0,0.98266613,0,0.43570697,0,0.4486267,0,0,2.08E-17,0,0.58125275,0.47003502,1
0.7153644,0.98409665,0.24437805,0.12145023,0.38159412,0.46982324,0,0,0.34851477,0.4641461,0,0,0.38961926,0.4486558,0,0,0.43765217,0.46403483,0,0,0,0,0,0.98266506,0,0.43570697,0,0.4486267,0,0,2.08E-17,0,0.58125275,0.47003502,4
0.37762392,0.26023945,0.18435054,0.13427307,0.38159412,0.46982324,0,0,0.34851477,0.4641461,0,0,0.38961926,0.4486558,0,0,0.43765217,0.46403483,0,0,0,0,0,0.982667,0,0.43570697,0,0.4486267,0,0,2.08E-17,0,0.58125275,0.47003502,5
0.2515101,0.34000012,1.51E-05,1.53E-06,0.38159412,0.46982324,0,0,0.34851477,0.4641461,0,0,0.38961926,0.4486558,0,0,0.43765217,0.46403483,0,0,0,0,0,0.9826631,0,0.43570697,0,0.4486267,0,0,2.08E-17,0,0.58125275,0.47003502,2
0.42978472,0.53122276,0.21284945,0.13163698,0.38159412,0.46982324,0.00018855097,2.65E-08,0.34851477,0.4641461,0.010452613,9.29E-05,0.38961926,0.4486558,0.013726218,0.00018105429,0.43765217,0.46403483,3.10E-21,1.53E-21,0.30432248,1.96E-11,0.41133213,8.28E-06,3.26E-05,0.43570697,0,0.4486267,0,0,0.3503546,0,0.58125275,0.47003502,4
0.72334623,0.66940206,0.0080805365,7.89E-05,0.38159412,0.46982324,0.0001256361,1.18E-08,0.34851477,0.4641461,0.00032177274,8.81E-08,0.38961926,0.4486558,0.00028818732,7.98E-08,0.43765217,0.46403483,5.24E-23,7.18E-23,0.6863138,2.91E-08,0.6903043,1.11E-05,4.37E-05,0.43570697,0,0.4486267,0,0,0.009929078,0,0.58125275,0.47003502,3
0.25838146,0.3610623,1.52E-05,1.47E-06,0.38159412,0.46982324,0,0,0.34851477,0.4641461,0,0,0.38961926,0.4486558,0,0,0.43765217,0.46403483,0,0,0,0,0,0.9826633,0,0.43570697,0,0.4486267,0,0,2.08E-17,0,0.58125275,0.47003502,2
0.7136069,0.24501221,0.008061908,8.00E-05,0.38159412,0.46982324,0.00046001887,1.58E-07,0.34851477,0.4641461,0.00031710012,8.55E-08,0.38961926,0.4486558,0.00030887077,9.17E-08,0.43765217,0.46403483,7.99E-23,3.10E-14,0.6755839,5.86E-05,0.25213274,6.50E-05,0.00025552814,0.43570697,0,0.4486267,0,0,0.009929078,0,0.58125275,0.47003502,3
0.748138,0.5154811,0.008061879,7.92E-05,0.38159412,0.46982324,0,0,0.34851477,0.4641461,0,0,0.38961926,0.4486558,0,0,0.43765217,0.46403483,0,0,0,0,0,0.98266554,0,0.43570697,0,0.4486267,0,0,2.08E-17,0,0.58125275,0.47003502,3
0.72083545,0.97091126,0.24455824,0.12136914,0.38159412,0.46982324,0,0,0.34851477,0.4641461,0,0,0.38961926,0.4486558,0,0,0.43765217,0.46403483,0,0,0,0,0,0.982665,0,0.43570697,0,0.4486267,0,0,2.08E-17,0,0.58125275,0.47003502,4
0.4791962,0.32939264,0.21392667,0.13141546,0.38159412,0.46982324,0,0,0.34851477,0.4641461,0,0,0.38961926,0.4486558,0,0,0.43765217,0.46403483,0,0,0,0,0,0.9826648,0,0.43570697,0,0.4486267,0,0,2.08E-17,0,0.58125275,0.47003502,4
0.011721571,0.0030604568,0.0708261,0.1009752,0.34288576,0.37188995,0.2560397,0.40496975,0.32540423,0.41083258,0.34064713,0.27936277,0.3810674,0.43010944,0.33680105,0.28215772,0.4339483,0.46080303,1.28E-18,1.21E-18,0.014202716,7.57E-18,0.0035860718,0.00014439035,0.0005672449,0.43570697,0,0.4486267,0,0,0.009929078,0,0.58125275,0.47003502,0
0.70984876,0.4594963,0.24973506,0.1276859,0.38159412,0.46982324,1.21E-07,1.08E-14,0.34851477,0.4641461,0.0033225873,9.39E-06,0.38961926,0.4486558,0.0062629674,3.77E-05,0.43765217,0.46403483,2.52E-22,1.45E-22,0.5738695,2.18E-06,0.40749618,2.84E-05,0.00011190625,0.43570697,0,0.4486267,0,0,0.35886526,0,0.58125275,0.47003502,1
0.44702914,0.4107462,0.21191028,0.13182394,0.38159412,0.46982324,0,0,0.34851477,0.4641461,0,0,0.38961926,0.4486558,0,0,0.43765217,0.46403483,0,0,0,0,0,0.9826648,0,0.43570697,0,0.4486267,0,0,2.08E-17,0,0.58125275,0.47003502,4
0.0015301607,0.0015717763,0.008178819,0.000761728,0.38159412,0.46982515,0.0017196875,0.00054343324,0.348515,0.4665427,0.027838858,0.00092449307,0.38968423,0.48326677,0.030439625,0.0011084108,0.43789655,0.51087886,1.34E-17,1.68E-17,0.0015113661,1.14E-12,0.0016448146,0.0009117994,0.0035793027,0.4357061,0.0030857017,0.41478676,0.0012247554,0.05701648,0.04428385,0.003422136,0.5815476,0.49546728,0
0.701244,0.6284261,0.2504919,0.12734081,0.38159412,0.46982324,0,0,0.34851477,0.4641461,0,0,0.38961926,0.4486558,0,0,0.43765217,0.46403483,0,0,0,0,0,0.98266613,0,0.43570697,0,0.4486267,0,0,2.08E-17,0,0.58125275,0.47003502,1
0.7122668,0.8001954,0.25051197,0.12733126,0.38159412,0.46982324,1.86E-06,2.56E-12,0.34851477,0.4641461,0.004377182,1.63E-05,0.38961926,0.4486558,0.0062737456,3.78E-05,0.43765217,0.46403483,3.58E-23,7.34E-23,0.58574903,1.38E-10,0.71185106,6.21E-06,2.44E-05,0.43570697,0,0.4486267,0,0,0.35886526,0,0.58125275,0.47003502,1
0.0011550888,0.0015715448,0.008089201,0.00077768404,0.38159412,0.46982324,9.22E-06,0.00012659344,0.34851477,0.46421713,0.018949147,0.00067686505,0.38963664,0.4627317,0.030999724,0.0011612212,0.43761724,0.4576644,5.42E-18,7.65E-18,0.0010592334,8.47E-18,0.0016296289,8.22E-10,8.39E-18,0.43570697,0.0017228606,0.47048062,0.001346812,0.055901196,0.042891953,0.0032889224,0.58160114,0.5013141,0
0.71972156,0.9858921,0.24412283,0.121563315,0.38159412,0.46982324,3.58E-05,9.55E-10,0.34851477,0.4641461,0.0060102986,3.07E-05,0.38961926,0.4486558,0.006918477,4.60E-05,0.43765217,0.46403483,1.26E-22,1.12E-22,0.58508855,5.39E-18,0.8754579,9.16E-07,3.61E-06,0.43570697,0,0.4486267,0,0,0.3503546,0,0.58125275,0.47003502,4
0.8442496,0.8766203,0.008141105,7.69E-05,0.38159412,0.46982324,2.46E-05,4.51E-10,0.34851477,0.4641461,0.00022618349,4.35E-08,0.38961926,0.4486558,0.00025584016,6.29E-08,0.43765217,0.46403483,6.77E-23,6.85E-23,0.8315483,5.30E-11,0.9136185,4.55E-06,1.79E-05,0.43570697,0,0.4486267,0,0,0.009929078,0,0.58125275,0.47003502,3
0.25341776,0.3173396,1.50E-05,1.52E-06,0.38159412,0.46982324,0,0,0.34851477,0.4641461,0,0,0.38961926,0.4486558,0,0,0.43765217,0.46403483,0,0,0,0,0,0.98266304,0,0.43570697,0,0.4486267,0,0,2.08E-17,0,0.58125275,0.47003502,2
0.7177004,0.6028771,0.24286358,0.12211691,0.38159412,0.46982324,0,0,0.34851477,0.4641461,0,0,0.38961926,0.4486558,0,0,0.43765217,0.46403483,0,0,0,0,0,0.9826648,0,0.43570697,0,0.4486267,0,0,2.08E-17,0,0.58125275,0.47003502,4
0.25019702,0.19562872,1.74E-05,1.77E-06,0.38159412,0.46982324,0,0,0.34851477,0.4641461,0,0,0.38961926,0.4486558,0,0,0.43765217,0.46403483,0,0,0,0,0,0.98266286,0,0.43570697,0,0.4486267,0,0,2.08E-17,0,0.58125275,0.47003502,2
0.7194679,0.36901882,0.008034523,8.00E-05,0.38159412,0.46982324,7.70E-07,4.42E-13,0.34851477,0.4641461,0.00019601289,3.27E-08,0.38961926,0.4486558,0.00027260638,7.14E-08,0.43765217,0.46403483,1.90E-22,9.77E-22,0.67530817,1.01E-05,0.37893414,3.62E-05,0.00014256875,0.43570697,0,0.4486267,0,0,0.009929078,0,0.58125275,0.47003502,3
0.7262369,0.90550584,0.2438768,0.12167287,0.38159412,0.46982324,0,0,0.34851477,0.4641461,0,0,0.38961926,0.4486558,0,0,0.43765217,0.46403483,0,0,0,0,0,0.98266494,0,0.43570697,0,0.4486267,0,0,2.08E-17,0,0.58125275,0.47003502,4
0.44316885,0.4421243,0.21358845,0.13895541,0.38159412,0.46982324,0,0,0.34851477,0.4641461,0,0,0.38961926,0.4486558,0,0,0.43765217,0.46403483,0,0,0,0,0,0.9826662,0,0.43570697,0,0.4486267,0,0,2.08E-17,0,0.58125275,0.47003502,1
0.76612866,0.7691549,0.008080162,7.85E-05,0.38159412,0.46982324,0,0,0.34851477,0.4641461,0,0,0.38961926,0.4486558,0,0,0.43765217,0.46403483,0,0,0,0,0,0.9826656,0,0.43570697,0,0.4486267,0,0,2.08E-17,0,0.58125275,0.47003502,3
0.33316353,0.36840954,0.21351081,0.13896853,0.38159412,0.46982324,0.00787466,4.62E-05,0.34851477,0.4641461,0.03365156,0.0009633707,0.38961926,0.4486558,0.02783261,0.0007444147,0.43765217,0.46403483,9.78E-22,2.92E-21,0.23489994,1.99E-08,0.27965108,2.37E-05,9.33E-05,0.43570697,0,0.4486267,0,0,0.35886526,0,0.58125275,0.47003502,1
0.74684596,0.91822755,0.2441587,0.12154752,0.38159412,0.46982324,1.93E-05,2.77E-10,0.34851477,0.4641461,0.0054400805,2.52E-05,0.38961926,0.4486558,0.006625813,4.22E-05,0.43765217,0.46403483,1.07E-22,1.49E-22,0.6112109,1.39E-13,0.8154863,2.73E-06,1.07E-05,0.43570697,0,0.4486267,0,0,0.3503546,0,0.58125275,0.47003502,4
0.7198416,0.95069885,0.24466419,0.1213218,0.38159412,0.46982324,0,0,0.34851477,0.4641461,0,0,0.38961926,0.4486558,0,0,0.43765217,0.46403483,0,0,0,0,0,0.982665,0,0.43570697,0,0.4486267,0,0,2.08E-17,0,0.58125275,0.47003502,4
0.71739453,0.95033294,0.24482028,0.12125172,0.38159412,0.46982324,1.04E-06,8.00E-13,0.34851477,0.4641461,0.004088811,1.42E-05,0.38961926,0.4486558,0.0064140772,3.95E-05,0.43765217,0.46403483,1.18E-22,1.49E-22,0.5874165,4.85E-15,0.84628206,1.87E-06,7.37E-06,0.43570697,0,0.4486267,0,0,0.3503546,0,0.58125275,0.47003502,4
0.22553875,0.25057316,7.51E-05,3.82E-06,0.38159412,0.46982324,0,0,0.34851477,0.4641461,0,0,0.38961926,0.4486558,0,0,0.43765217,0.46403483,0,0,0,0,0,0.982663,0,0.43570697,0,0.4486267,0,0,2.08E-17,0,0.58125275,0.47003502,2
0.70324725,0.8531612,0.007088627,9.58E-05,0.38159412,0.46982324,2.44E-08,4.44E-16,0.34851477,0.4641461,0.00015041463,1.92E-08,0.38961926,0.4486558,0.00024587323,5.81E-08,0.43765217,0.46403483,8.85E-23,1.65E-22,0.5888486,3.32E-11,0.7756564,4.94E-06,1.94E-05,0.43570697,0,0.4486267,0,0,0.009929078,0,0.58125275,0.47003502,3
0.41815385,0.6018787,0.21240342,0.13172372,0.38159412,0.46982324,0,0,0.34851477,0.4641461,0,0,0.38961926,0.4486558,0,0,0.43765217,0.46403483,0,0,0,0,0,0.9826651,0,0.43570697,0,0.4486267,0,0,2.08E-17,0,0.58125275,0.47003502,4
0.0010323207,0.0016103685,0.008248314,0.00084195926,0.38159412,0.46982324,0.00731999,3.99E-05,0.34851477,0.46414384,0.011708304,0.00012582784,0.38961443,0.42593527,0.010536098,0.00016008755,0.4376697,0.48685887,4.66E-19,2.41E-17,0.00021726463,5.82E-17,0.00040462546,4.55E-09,5.62E-17,0.4357046,0.00013577804,0.4259076,0.0014028358,0.010496416,0.028674647,0.00016005644,0.58126706,0.4926033,0
0.4146,0.60122025,0.21209508,0.13178612,0.38159412,0.46982324,3.66E-06,9.96E-12,0.34851477,0.4641461,0.008223278,5.75E-05,0.38961926,0.4486558,0.012910243,0.00016016806,0.43765217,0.46403483,7.43E-22,8.06E-22,0.29256374,2.54E-20,0.46386144,9.41E-07,3.71E-06,0.43570697,0,0.4486267,0,0,0.3503546,0,0.58125275,0.47003502,4
0.7088827,0.4036514,0.24376136,0.12172313,0.38159412,0.46982324,3.00E-05,6.70E-10,0.34851477,0.4641461,0.0056703696,2.74E-05,0.38961926,0.4486558,0.00690481,4.58E-05,0.43765217,0.46403483,9.48E-23,1.45E-22,0.5804737,6.15E-06,0.357901,3.60E-05,0.00014151589,0.43570697,0,0.4486267,0,0,0.3503546,0,0.58125275,0.47003502,4
0.6478293,0.20130432,0.007077031,9.58E-05,0.38159412,0.46982324,5.76E-08,2.47E-15,0.34851477,0.4641461,0.00012507271,1.33E-08,0.38961926,0.4486558,0.00020381561,3.99E-08,0.43765217,0.46403483,6.52E-23,5.33E-12,0.5460941,0.00011921071,0.18271498,9.42E-05,0.00037056342,0.43570697,0,0.4486267,0,0,0.009929078,0,0.58125275,0.47003502,3
0.45352364,0.6048592,0.2135675,0.13148916,0.38159412,0.46982324,0.0012466412,1.16E-06,0.34851477,0.4641461,0.011689963,0.00011625437,0.38961926,0.4486558,0.012669827,0.00015425828,0.43765217,0.46403483,2.42E-21,1.95E-21,0.32394353,8.13E-17,0.46990624,2.11E-06,8.31E-06,0.43570697,0,0.4486267,0,0,0.3503546,0,0.58125275,0.47003502,4
0.26319474,0.3507938,1.53E-05,1.55E-06,0.38159412,0.46982324,0,0,0.34851477,0.4641461,0,0,0.38961926,0.4486558,0,0,0.43765217,0.46403483,0,0,0,0,0,0.9826631,0,0.43570697,0,0.4486267,0,0,2.08E-17,0,0.58125275,0.47003502,2
0.42838457,0.60302114,0.21141522,0.13191691,0.38159412,0.46982324,0.0029089001,6.30E-06,0.34851477,0.4641461,0.016088355,0.00022019446,0.38961926,0.4486558,0.013972798,0.00018761773,0.43765217,0.46403483,3.94E-22,4.55E-22,0.29709443,9.23E-21,0.46378103,8.44E-07,3.32E-06,0.43570697,0,0.4486267,0,0,0.3503546,0,0.58125275,0.47003502,4
0.4503769,0.5722231,0.21363501,0.13147497,0.38159412,0.46982324,0.0013746917,1.41E-06,0.34851477,0.4641461,0.0129128145,0.00014184855,0.38961926,0.4486558,0.013289659,0.00016972069,0.43765217,0.46403483,1.21E-21,1.58E-21,0.32281312,2.37E-13,0.44470516,4.95E-06,1.95E-05,0.43570697,0,0.4486267,0,0,0.3503546,0,0.58125275,0.47003502,4
0.7108768,0.686338,0.25051713,0.12732925,0.38159412,0.46982324,0.00018865538,2.65E-08,0.34851477,0.4641461,0.006944114,4.10E-05,0.38961926,0.4486558,0.006765773,4.40E-05,0.43765217,0.46403483,1.56E-22,1.78E-22,0.5837986,1.05E-08,0.61058307,1.12E-05,4.39E-05,0.43570697,0,0.4486267,0,0,0.35886526,0,0.58125275,0.47003502,1
0.35390607,0.4200165,0.0058283736,0.000107174536,0.38159412,0.46982324,3.29E-05,8.06E-10,0.34851477,0.4641461,0.00093416526,7.42E-07,0.38961926,0.4486558,0.00077870424,5.83E-07,0.43765217,0.46403483,1.54E-21,2.24E-21,0.24782714,1.88E-09,0.3125175,1.68E-05,6.63E-05,0.43570697,0,0.4486267,0,0,0.009929078,0,0.58125275,0.47003502,3
7.87E-05,0.00047223608,0.02056955,0.017925605,0.38159412,0.46982324,1.57E-07,5.63E-11,0.34851477,0.4641461,0.006099354,0.0006092943,0.3896174,0.44403008,0.20988497,0.08697068,0.4436148,0.47948676,0,1.73E-26,2.06E-05,6.70E-17,0.0002366946,8.33E-09,4.09E-16,0.43570697,0,0.4486267,0,0,0.009219858,0,0.58125275,0.47003502,0
0.3646213,0.36901733,0.18377793,0.13425733,0.38159412,0.46982324,0.040158767,0.0012014805,0.34851477,0.4641461,0.022842376,0.00044388004,0.38961926,0.4486558,0.018246936,0.0003199536,0.43765217,0.46403483,7.28E-22,6.48E-22,0.22308168,8.64E-09,0.24675114,2.46E-05,9.67E-05,0.43570697,1.97E-15,0.4486267,0.8549482,1.30E-07,0.3503546,1.64E-14,0.58125275,0.47003502,5
0.36082664,0.27481025,0.18391296,0.13426225,0.38159412,0.46982324,0,0,0.34851477,0.4641461,0,0,0.38961926,0.4486558,0,0,0.43765217,0.46403483,0,0,0,0,0,0.982667,0,0.43570697,0,0.4486267,0,0,2.08E-17,0,0.58125275,0.47003502,5
0.33288208,0.11037816,0.005571188,0.000107799264,0.38159412,0.46982324,6.95E-08,3.59E-15,0.34851477,0.4641461,0.00019429019,3.21E-08,0.38961926,0.4486558,0.00031063266,9.27E-08,0.43765217,0.46403483,2.44E-21,7.00E-13,0.22169596,0.00022615603,0.07847939,0.00021365215,0.00084030273,0.43570697,0,0.4486267,0,0,0.009929078,0,0.58125275,0.47003502,3
0.00052599685,0.0006966208,0.020589368,0.014209477,0.38159412,0.46983173,0.0034769839,4.26E-05,0.34851524,0.4725263,0.010066647,0.0005301454,0.38965923,0.51419604,0.19057561,0.09065273,0.4433063,0.47941223,1.38E-20,1.37E-17,0.00016261174,1.21E-16,0.00032482587,5.93E-09,1.95E-12,0.43570697,2.03E-18,0.4486267,0.00045379737,1.40E-09,0.017626109,1.90E-18,0.58125275,0.47003502,0
0.75431544,0.7061776,0.0070877643,9.57E-05,0.38159412,0.46982324,6.74E-06,3.39E-11,0.34851477,0.4641461,0.00020926623,3.73E-08,0.38961926,0.4486558,0.00024804357,5.91E-08,0.43765217,0.46403483,1.10E-22,1.19E-22,0.6323717,1.55E-08,0.6420045,1.11E-05,4.37E-05,0.43570697,0,0.4486267,0,0,0.009929078,0,0.58125275,0.47003502,3
0.74812657,0.8248855,0.0070933998,9.56E-05,0.38159412,0.46982324,0,0,0.34851477,0.4641461,0,0,0.38961926,0.4486558,0,0,0.43765217,0.46403483,0,0,0,0,0,0.9826656,0,0.43570697,0,0.4486267,0,0,2.08E-17,0,0.58125275,0.47003502,3
0.26076445,0.35735595,1.59E-05,1.61E-06,0.38159412,0.46982324,0,0,0.34851477,0.4641461,0,0,0.38961926,0.4486558,0,0,0.43765217,0.46403483,0,0,0,0,0,0.98266315,0,0.43570697,0,0.4486267,0,0,2.08E-17,0,0.58125275,0.47003502,2
0.48125836,0.25083843,0.2155957,0.13105035,0.38159412,0.46982324,0.0007332432,4.01E-07,0.34851477,0.4641461,0.014893787,0.00018870931,0.38961926,0.4486558,0.015218254,0.00022255468,0.43765217,0.46403483,3.80E-22,7.96E-22,0.34737363,1.47E-05,0.1967445,6.78E-05,0.0002667344,0.43570697,0,0.4486267,0,0,0.3503546,0,0.58125275,0.47003502,4
0.7183645,0.994245,0.24405293,0.1215948,0.38159412,0.46982324,0.0163662,0.00019954999,0.34851477,0.4641461,0.011118454,0.00010516515,0.38961926,0.4486558,0.0076127006,5.57E-05,0.43765217,0.46403483,6.61E-23,1.04E-22,0.5867419,2.37E-19,0.88264054,6.65E-07,2.62E-06,0.43570697,0,0.4486267,0,0,0.3503546,0,0.58125275,0.47003502,4
0.7300143,0.3891381,0.007080956,9.59E-05,0.38159412,0.46982324,3.47E-08,8.99E-16,0.34851477,0.4641461,0.00011744072,1.17E-08,0.38961926,0.4486558,0.00019502922,3.66E-08,0.43765217,0.46403483,7.50E-23,2.29E-22,0.61430985,8.87E-06,0.35336447,3.80E-05,0.0001495272,0.43570697,0,0.4486267,0,0,0.009929078,0,0.58125275,0.47003502,3
0.4519147,0.5573851,0.21352845,0.13149796,0.38159412,0.46982324,0,0,0.34851477,0.4641461,0,0,0.38961926,0.4486558,0,0,0.43765217,0.46403483,0,0,0,0,0,0.98266494,0,0.43570697,0,0.4486267,0,0,2.08E-17,0,0.58125275,0.47003502,4
0.45266202,0.09463916,0.0070310496,9.62E-05,0.38159412,0.46982324,2.27E-05,3.82E-10,0.34851477,0.4641461,0.00027298354,6.34E-08,0.38961926,0.4486558,0.00031639915,9.62E-08,0.43765217,0.46403483,2.17E-14,8.24E-07,0.37637746,0.0005679011,0.08536924,0.00022705799,0.00089301623,0.43570697,0,0.4486267,0,0,0.009929078,0,0.58125275,0.47003502,3
0.0023897607,0.0014193248,0.0260611,0.047857303,0.38159412,0.46982324,0,0,0.34851477,0.4641461,1.99E-09,3.36E-18,0.38961926,0.4486558,1.99E-09,3.80E-18,0.43765217,0.46403483,2.89E-18,3.56E-15,0.0006741061,6.59E-14,0.00015008786,0.00054673717,0.002187347,0.43570697,0,0.4486267,0,0,0.009929078,0,0.58125275,0.47003502,0
0.7466088,0.81128085,0.00709195,9.57E-05,0.38159412,0.46982324,1.61E-08,1.94E-16,0.34851477,0.4641461,0.0001334056,1.51E-08,0.38961926,0.4486558,0.0002390617,5.49E-08,0.43765217,0.46403483,7.18E-23,1.14E-22,0.62564105,4.67E-10,0.7379476,6.81E-06,2.68E-05,0.43570697,0,0.4486267,0,0,0.009929078,0,0.58125275,0.47003502,3
0.71687317,0.97559404,0.24429142,0.12148883,0.38159412,0.46982324,0.00014052968,1.47E-08,0.34851477,0.4641461,0.006709089,3.83E-05,0.38961926,0.4486558,0.006830195,4.48E-05,0.43765217,0.46403483,1.31E-22,1.50E-22,0.58569545,5.77E-17,0.866911,1.17E-06,4.62E-06,0.43570697,0,0.4486267,0,0,0.3503546,0,0.58125275,0.47003502,4
0.24827124,0.24570607,1.67E-05,1.69E-06,0.38159412,0.46982324,0,0,0.34851477,0.4641461,0,0,0.38961926,0.4486558,0,0,0.43765217,0.46403483,0,0,0,0,0,0.9826629,0,0.43570697,0,0.4486267,0,0,2.08E-17,0,0.58125275,0.47003502,2
0.001328715,0.0016420238,0.016896997,0.025247253,0.38159412,0.46867913,0.011659671,0.000102106744,0.34851134,0.43361872,0.011170753,0.0001588543,0.38962734,0.47370952,0.010582936,0.00016077922,0.43768913,0.51190966,9.28E-18,1.36E-17,0.00032407435,5.63E-17,0.00039167967,4.70E-09,5.38E-17,0.403598,0.00017141615,0.47367877,0.0013579528,0.010543077,0.028787093,0.00016074798,0.581283,0.5173734,0
0.21898049,0.051706675,0.21390633,0.13888165,0.38159412,0.46982324,0.0061798375,2.85E-05,0.34851477,0.4641461,0.02412766,0.0004952375,0.38961926,0.4486558,0.02404236,0.0005554709,0.43765217,0.46403483,1.02E-17,1.68E-07,0.1511255,0.0010483783,0.03929761,0.00047859593,0.001881829,0.43570697,0,0.4486267,0,0,0.35886526,0,0.58125275,0.47003502,1
0.7119623,0.6710525,0.00808383,7.88E-05,0.38159412,0.46982324,8.19E-05,5.00E-09,0.34851477,0.4641461,0.00030917133,8.13E-08,0.38961926,0.4486558,0.00028644144,7.88E-08,0.43765217,0.46403483,7.00E-23,8.08E-23,0.6779523,2.69E-08,0.69233537,1.10E-05,4.32E-05,0.43570697,0,0.4486267,0,0,0.009929078,0,0.58125275,0.47003502,3
0.45187768,0.594513,0.2146331,0.13126495,0.38159412,0.46982324,0.00022675928,3.83E-08,0.34851477,0.4641461,0.010691076,9.72E-05,0.38961926,0.4486558,0.012776545,0.00015686784,0.43765217,0.46403483,4.15E-22,4.15E-22,0.3228771,8.20E-15,0.464179,3.39E-06,1.33E-05,0.43570697,0,0.4486267,0,0,0.3503546,0,0.58125275,0.47003502,4
0.42813602,0.40314016,0.21255583,0.13913117,0.38159412,0.46982324,0.0013983335,1.46E-06,0.34851477,0.4641461,0.023142863,0.0004556351,0.38961926,0.4486558,0.026987022,0.00069986936,0.43765217,0.46403483,1.87E-21,1.77E-21,0.2955395,4.06E-09,0.30462167,1.90E-05,7.47E-05,0.43570697,0,0.4486267,0,0,0.35886526,0,0.58125275,0.47003502,1
0.69813985,0.25748992,0.008022505,8.07E-05,0.38159412,0.46982324,0.00019519356,2.84E-08,0.34851477,0.4641461,0.00029225103,7.27E-08,0.38961926,0.4486558,0.00029903435,8.59E-08,0.43765217,0.46403483,1.36E-22,5.59E-15,0.6528327,4.98E-05,0.26373726,6.09E-05,0.00023950961,0.43570697,0,0.4486267,0,0,0.009929078,0,0.58125275,0.47003502,3
0.22000599,0.29739806,7.48E-05,3.76E-06,0.38159412,0.46982324,0,0,0.34851477,0.4641461,0,0,0.38961926,0.4486558,0,0,0.43765217,0.46403483,0,0,0,0,0,0.9826631,0,0.43570697,0,0.4486267,0,0,2.08E-17,0,0.58125275,0.47003502,2
0.00022275282,0.00052159163,0.02340529,0.021215,0.38159412,0.46982324,0,7.23E-19,0.34851477,0.4641461,0.001990372,3.38E-06,0.38961926,0.4482299,0.014093293,0.00019087024,0.43765366,0.47956806,0,1.16E-30,7.50E-06,1.59E-17,9.15E-05,2.03E-08,5.22E-16,0.43570697,3.65E-06,0.44820082,0.0003171255,0.014040213,0.0322564,0.00019083316,0.58125395,0.48539418,0
0.7203042,0.89006215,0.0074707093,8.98E-05,0.38159412,0.46982324,5.79E-08,2.50E-15,0.34851477,0.4641461,0.00011606291,1.15E-08,0.38961926,0.4486558,0.00023218918,5.18E-08,0.43765217,0.46403483,2.47E-23,2.74E-23,0.78687894,3.35E-12,0.8529666,3.68E-06,1.45E-05,0.43570697,0,0.4486267,0,0,0.009929078,0,0.58125275,0.47003502,3
0.0005315418,0.000479548,0.015855497,0.0032446876,0.38159412,0.46982324,0,1.37E-10,0.34851477,0.4641461,2.47E-05,5.53E-05,0.38961926,0.4486558,0.057842106,0.0032236436,0.43773714,0.47841707,3.19E-20,4.58E-16,0.000284782,1.05E-14,0.00014866714,2.00E-08,7.94E-15,0.43570697,1.81E-18,0.4486267,0.00021653125,0,0.009929078,0,0.58125275,0.47003502,0
0.22042178,0.12812677,8.31E-05,4.26E-06,0.38159412,0.46982324,0,0,0.34851477,0.4641461,0,0,0.38961926,0.4486558,0,0,0.43765217,0.46403483,0,0,0,0,0,0.98266286,0,0.43570697,0,0.4486267,0,0,2.08E-17,0,0.58125275,0.47003502,2
0.7181321,0.98437625,0.2442314,0.12151554,0.38159412,0.46982324,0.00020734311,3.20E-08,0.34851477,0.4641461,0.0071611567,4.36E-05,0.38961926,0.4486558,0.0070451675,4.77E-05,0.43765217,0.46403483,2.15E-22,2.17E-22,0.5860517,7.65E-18,0.8745049,9.50E-07,3.74E-06,0.43570697,0,0.4486267,0,0,0.3503546,0,0.58125275,0.47003502,4
0.00021560524,0.002131302,0.06886739,0.1010165,0.38159412,0.46982324,0,0.00016967561,0.34851477,0.4641461,0.08618264,0.14142363,0.39063275,0.46047133,0.3472705,0.2856091,0.42884266,0.45659113,0,0,1.62E-05,4.22E-16,0.0023310361,5.54E-10,9.57E-17,0.43570697,0,0.4486267,0,0,0.039633732,0,0.58125275,0.47003502,0
0.35001287,0.33528578,0.18414779,0.13426812,0.38159412,0.46982324,0.0021727723,3.52E-06,0.34851477,0.4641461,0.018122038,0.00027938117,0.38961926,0.4486558,0.018118726,0.00031547315,0.43765217,0.46403483,7.15E-22,3.10E-21,0.21806444,6.92E-08,0.22464705,3.32E-05,0.0001305203,0.43570697,6.97E-16,0.4486267,0.77836835,1.42E-07,0.3503546,1.94E-14,0.58125275,0.47003502,5
0.7118074,0.51707137,0.24269536,0.12218986,0.38159412,0.46982324,0,0,0.34851477,0.4641461,0,0,0.38961926,0.4486558,0,0,0.43765217,0.46403483,0,0,0,0,0,0.9826648,0,0.43570697,0,0.4486267,0,0,2.08E-17,0,0.58125275,0.47003502,4
0.34925362,0.15801789,0.18231967,0.13422711,0.38159412,0.46982324,0.01376093,0.00014107549,0.34851477,0.4641461,0.020150166,0.00034541427,0.38961926,0.4486558,0.021059178,0.00042617694,0.43765217,0.46403483,2.25E-21,7.66E-18,0.2119622,7.13E-05,0.10484276,0.00014185857,0.0005579778,0.43570697,2.21E-15,0.4486267,0.36318532,8.31E-08,0.3503546,6.68E-15,0.58125275,0.47003502,5
0.37978327,0.23932724,0.1846336,0.13427599,0.38159412,0.46982324,0.014657171,0.00016005024,0.34851477,0.4641461,0.017622612,0.00026419444,0.38961926,0.4486558,0.018835302,0.00034091985,0.43765217,0.46403483,8.07E-22,9.66E-22,0.23810461,5.75E-06,0.16078112,7.28E-05,0.00028624033,0.43570697,1.51E-15,0.4486267,0.5570546,1.09E-07,0.3503546,1.15E-14,0.58125275,0.47003502,5
0.7464824,0.8131747,0.007093408,9.57E-05,0.38159412,0.46982324,1.01E-08,7.66E-17,0.34851477,0.4641461,0.00012832439,1.40E-08,0.38961926,0.4486558,0.0002378495,5.44E-08,0.43765217,0.46403483,1.37E-22,1.44E-22,0.6265306,4.32E-10,0.73982716,6.74E-06,2.65E-05,0.43570697,0,0.4486267,0,0,0.009929078,0,0.58125275,0.47003502,3
0.6127181,0.18045193,0.007988147,8.01E-05,0.38159412,0.46982324,4.83E-06,1.74E-11,0.34851477,0.4641461,0.0002319436,4.58E-08,0.38961926,0.4486558,0.0002946986,8.35E-08,0.43765217,0.46403483,1.87E-22,3.90E-11,0.5729945,0.0001373386,0.18443406,9.51E-05,0.00037413763,0.43570697,0,0.4486267,0,0,0.009929078,0,0.58125275,0.47003502,3
0.40021014,0.5290761,0.21326225,0.13155298,0.38159412,0.46982324,3.98E-05,1.18E-09,0.34851477,0.4641461,0.009172033,7.16E-05,0.38961926,0.4486558,0.013525257,0.0001757916,0.43765217,0.46403483,1.26E-21,2.43E-21,0.2880724,1.51E-11,0.41046083,8.03E-06,3.16E-05,0.43570697,0,0.4486267,0,0,0.3503546,0,0.58125275,0.47003502,4
0.0009421072,0.0015134562,0.008031087,0.0008011692,0.38159412,0.46982324,7.67E-06,0.00033100334,0.34851477,0.4641395,0.018655712,0.00067578134,0.3896248,0.4531988,0.031297076,0.0011647685,0.43783653,0.4977497,2.08E-21,1.05E-18,0.00097213476,6.15E-18,0.0015872839,8.52E-10,6.02E-18,0.43570697,9.11E-05,0.4486267,0.0013336057,2.41E-05,0.039892334,0.00045277568,0.58125275,0.46961167,0
0.2178807,0.19603664,7.85E-05,3.96E-06,0.38159412,0.46982324,0,0,0.34851477,0.4641461,0,0,0.38961926,0.4486558,0,0,0.43765217,0.46403483,0,0,0,0,0,0.9826629,0,0.43570697,0,0.4486267,0,0,2.08E-17,0,0.58125275,0.47003502,2
0.39147952,0.30428562,0.20981951,0.1395579,0.38159412,0.46982324,0.07053986,0.003707022,0.34851477,0.4641461,0.039088305,0.0012998007,0.38961926,0.4486558,0.030214889,0.0008773019,0.43765217,0.46403483,1.06E-21,2.55E-21,0.25358033,5.08E-07,0.22703975,4.07E-05,0.00016002575,0.43570697,0,0.4486267,0,0,0.35886526,0,0.58125275,0.47003502,1
0.0014716969,0.0016521062,0.008900722,0.0009584565,0.38159412,0.50806445,0.01230335,0.00011377902,0.34852195,0.52038497,0.041761465,0.0015795567,0.389985,0.5907254,0.03427046,0.0013296286,0.43804348,0.5285988,1.64E-21,2.74E-18,0.001365261,5.62E-18,0.0017198855,7.54E-10,5.96E-18,0.48526427,0.00036873465,0.5233927,0.001545376,0.0049781282,0.039853904,0.00048936426,0.5812895,0.53028476,0
0.3199601,0.3677333,0.21288586,0.13907567,0.38159412,0.46982324,0.0054364367,2.20E-05,0.34851477,0.4641461,0.03254864,0.0009012572,0.38961926,0.4486558,0.02771442,0.00073810585,0.43765217,0.46403483,2.90E-20,1.35E-20,0.21983555,1.86E-08,0.27831772,2.35E-05,9.25E-05,0.43570697,0,0.4486267,0,0,0.35886526,0,0.58125275,0.47003502,1
0.72191596,0.90996206,0.24372782,0.12173873,0.38159412,0.46982324,0.00020745165,3.21E-08,0.34851477,0.4641461,0.0069161495,4.07E-05,0.38961926,0.4486558,0.006806345,4.45E-05,0.43765217,0.46403483,6.00E-22,2.78E-22,0.5811041,2.24E-13,0.80672413,2.88E-06,1.13E-05,0.43570697,0,0.4486267,0,0,0.3503546,0,0.58125275,0.47003502,4
0.7157299,0.8815725,0.24403915,0.12160099,0.38159412,0.46982324,5.83E-06,2.53E-11,0.34851477,0.4641461,0.0048960475,2.04E-05,0.38961926,0.4486558,0.006565653,4.14E-05,0.43765217,0.46403483,2.86E-22,2.33E-22,0.5833149,2.05E-12,0.7825487,3.70E-06,1.46E-05,0.43570697,0,0.4486267,0,0,0.3503546,0,0.58125275,0.47003502,4
0.39383733,0.12791859,0.005646342,0.0001075777,0.38159412,0.46982324,0.0012742119,1.21E-06,0.34851477,0.4641461,0.0007881707,5.28E-07,0.38961926,0.4486558,0.00061338797,3.62E-07,0.43765217,0.46403483,9.64E-22,7.65E-14,0.26826203,0.00015083182,0.09230889,0.00017779524,0.0006993019,0.43570697,0,0.4486267,0,0,0.009929078,0,0.58125275,0.47003502,3
0.21673328,0.28636837,7.52E-05,3.76E-06,0.38159412,0.46982324,0,0,0.34851477,0.4641461,0,0,0.38961926,0.4486558,0,0,0.43765217,0.46403483,0,0,0,0,0,0.98266304,0,0.43570697,0,0.4486267,0,0,2.08E-17,0,0.58125275,0.47003502,2
0.7424921,0.7968313,0.0070811375,9.59E-05,0.38159412,0.46982324,0,0,0.34851477,0.4641461,0,0,0.38961926,0.4486558,0,0,0.43765217,0.46403483,0,0,0,0,0,0.9826656,0,0.43570697,0,0.4486267,0,0,2.08E-17,0,0.58125275,0.47003502,3
0.38123444,0.26708746,0.18493798,0.13428238,0.38159412,0.46982324,0,0,0.34851477,0.4641461,0,0,0.38961926,0.4486558,0,0,0.43765217,0.46403483,0,0,0,0,0,0.982667,0,0.43570697,0,0.4486267,0,0,2.08E-17,0,0.58125275,0.47003502,5
0.72452235,0.9471094,0.24449961,0.12139609,0.38159412,0.46982324,1.89E-05,2.66E-10,0.34851477,0.4641461,0.0054555903,2.53E-05,0.38961926,0.4486558,0.0066160792,4.21E-05,0.43765217,0.46403483,4.38E-22,2.95E-22,0.58530056,8.63E-15,0.8423125,1.99E-06,7.84E-06,0.43570697,0,0.4486267,0,0,0.3503546,0,0.58125275,0.47003502,4
0.331772,0.39546177,0.18433201,0.13427131,0.38159412,0.46982324,0.00016619216,2.06E-08,0.34851477,0.4641461,0.012586074,0.0001347608,0.38961926,0.4486558,0.016722547,0.00026872737,0.43765217,0.46403483,2.93E-21,8.08E-21,0.20713478,7.59E-10,0.26520866,1.78E-05,7.00E-05,0.43570697,3.37E-15,0.4486267,0.91899276,9.70E-08,0.3503546,9.11E-15,0.58125275,0.47003502,5
0.000520255,0.00010703878,0.012776552,0.0020613987,0.38159412,0.4698057,0.048234563,0.0018162739,0.3484663,0.44799703,0.05614203,0.0027518908,0.38916135,0.32483655,0.050152615,0.0025129805,0.43646812,0.32904732,8.21E-08,0.008957092,0.0004593948,0.43537414,0.000103665,0.15987633,0.5255102,0.43570697,0.0037796525,0.4486267,7.13E-05,0.066057056,0.04974575,0.004224144,0.58125275,0.47003502,0
0.3402763,0.15094458,0.005125457,0.00010813964,0.38159412,0.46982324,0.0007912662,4.66E-07,0.34851477,0.4641461,0.0014313632,1.74E-06,0.38961926,0.4486558,0.001055388,1.07E-06,0.43765217,0.46403483,2.81E-21,1.59E-17,0.18700284,9.02E-05,0.09879975,0.00015221113,0.0005986906,0.43570697,0,0.4486267,0,0,0.009929078,0,0.58125275,0.47003502,3
0.00094251806,0.001481408,0.008368093,0.0013741179,0.38159412,0.46982318,0.0006859588,1.31E-05,0.34851474,0.46267468,0.009635609,0.0001421096,0.38961467,0.4320711,0.010384355,0.00016068724,0.43766707,0.48343313,1.73E-25,1.98E-19,0.0002314997,4.09E-17,0.0003812441,5.49E-09,2.63E-09,0.4341593,0.00015334731,0.43204305,0.0013211016,0.010344922,0.028679196,0.00016065467,0.5812649,0.48921055,0
0.71084785,0.8712705,0.24414203,0.12155504,0.38159412,0.46982324,0,0,0.34851477,0.4641461,0,0,0.38961926,0.4486558,0,0,0.43765217,0.46403483,0,0,0,0,0,0.98266494,0,0.43570697,0,0.4486267,0,0,2.08E-17,0,0.58125275,0.47003502,4
0.44297662,0.44611976,0.21266729,0.13167405,0.38159412,0.46982324,0.001863267,2.59E-06,0.34851477,0.4641461,0.0170359,0.0002468955,0.38961926,0.4486558,0.015504193,0.00023099649,0.43765217,0.46403483,5.23E-22,7.51E-22,0.31898585,1.16E-08,0.3451728,1.88E-05,7.38E-05,0.43570697,0,0.4486267,0,0,0.3503546,0,0.58125275,0.47003502,4
0.39407516,0.43881506,0.006054273,0.000105991814,0.38159412,0.46982324,0,0,0.34851477,0.4641461,0,0,0.38961926,0.4486558,0,0,0.43765217,0.46403483,0,0,0,0,0,0.98266566,0,0.43570697,0,0.4486267,0,0,2.08E-17,0,0.58125275,0.47003502,3
0.44042006,0.2322133,0.21105872,0.13937016,0.38159412,0.46982324,0.060069185,0.002688187,0.34851477,0.4641461,0.037625644,0.0012043451,0.38961926,0.4486558,0.029615091,0.00084281695,0.43765217,0.46403483,8.39E-22,2.14E-21,0.31307885,9.30E-06,0.174272,7.24E-05,0.00028475004,0.43570697,0,0.4486267,0,0,0.35886526,0,0.58125275,0.47003502,1
0.7056312,0.57557493,0.25058356,0.12729868,0.38159412,0.46982324,1.73E-05,2.24E-10,0.34851477,0.4641461,0.0054842946,2.56E-05,0.38961926,0.4486558,0.006689584,4.30E-05,0.43765217,0.46403483,1.56E-22,2.08E-22,0.58037704,1.97E-07,0.512179,1.78E-05,7.01E-05,0.43570697,0,0.4486267,0,0,0.35886526,0,0.58125275,0.47003502,1
0.4810229,0.4771919,0.21334462,0.13153642,0.38159412,0.46982324,0,0,0.34851477,0.4641461,0,0,0.38961926,0.4486558,0,0,0.43765217,0.46403483,0,0,0,0,0,0.9826649,0,0.43570697,0,0.4486267,0,0,2.08E-17,0,0.58125275,0.47003502,4
0.45987555,0.5027086,0.2132136,0.13156424,0.38159412,0.46982324,0,0,0.34851477,0.4641461,0,0,0.38961926,0.4486558,0,0,0.43765217,0.46403483,0,0,0,0,0,0.9826649,0,0.43570697,0,0.4486267,0,0,2.08E-17,0,0.58125275,0.47003502,4
0.7468619,0.81688756,0.007094415,9.56E-05,0.38159412,0.46982324,4.18E-09,1.30E-17,0.34851477,0.4641461,0.000119121716,1.21E-08,0.38961926,0.4486558,0.00023555153,5.33E-08,0.43765217,0.46403483,1.78E-22,1.67E-22,0.6274262,3.72E-10,0.7432967,6.61E-06,2.60E-05,0.43570697,0,0.4486267,0,0,0.009929078,0,0.58125275,0.47003502,3
0.7350806,0.76764923,0.24366722,0.121764995,0.38159412,0.46982324,0.00011444337,9.76E-09,0.34851477,0.4641461,0.0064697815,3.56E-05,0.38961926,0.4486558,0.006701289,4.32E-05,0.43765217,0.46403483,1.86E-22,1.55E-22,0.5974845,8.39E-10,0.6803839,7.79E-06,3.07E-05,0.43570697,0,0.4486267,0,0,0.3503546,0,0.58125275,0.47003502,4
0.0002457049,0.000629545,0.042197775,0.054623872,0.38159412,0.46982324,1.97E-09,2.89E-18,0.34851477,0.4641461,1.96E-05,3.27E-10,0.38961926,0.4486174,0.010051914,9.71E-05,0.43764976,0.4194769,0,7.74E-31,6.73E-06,1.78E-21,7.25E-05,2.46E-08,3.18E-16,0.43570697,3.53E-10,0.44858828,0.0002512203,0.010014054,0.03326385,9.71E-05,0.5812508,0.42597646,0
0.25300053,0.26027918,1.52E-05,1.46E-06,0.38159412,0.46982324,0,0,0.34851477,0.4641461,0,0,0.38961926,0.4486558,0,0,0.43765217,0.46403483,0,0,0,0,0,0.9826629,0,0.43570697,0,0.4486267,0,0,2.08E-17,0,0.58125275,0.47003502,2
0.00017704909,0.00037281835,0.01620722,0.008339288,0.38159412,0.46982324,0.00046827388,1.63E-07,0.34851477,0.4641461,0.009009647,0.00020191762,0.3896141,0.4329066,0.14616667,0.04403661,0.43952623,0.47377324,4.39E-25,1.18E-18,7.23E-05,4.26E-16,0.00017511893,1.11E-08,4.38E-16,0.43570697,0,0.4486267,0,0,0.009219858,0,0.58125275,0.47003502,0
0.75961286,0.92578757,0.2449514,0.1211931,0.38159412,0.46982324,0,0,0.34851477,0.4641461,0,0,0.38961926,0.4486558,0,0,0.43765217,0.46403483,0,0,0,0,0,0.98266494,0,0.43570697,0,0.4486267,0,0,2.08E-17,0,0.58125275,0.47003502,4
0.39799768,0.11557229,0.21856843,0.13035662,0.38159412,0.46982324,3.04E-05,6.88E-10,0.34851477,0.4641461,0.010459712,9.31E-05,0.38961926,0.4486558,0.014625058,0.00020554279,0.43765217,0.46403483,4.68E-22,1.88E-10,0.28881454,0.00029941456,0.09189308,0.00019269224,0.0007578824,0.43570697,0,0.4486267,0,0,0.3503546,0,0.58125275,0.47003502,4
0.37287766,0.32503223,0.0054986253,0.000108153065,0.38159412,0.46982324,0,0,0.34851477,0.4641461,0,0,0.38961926,0.4486558,0,0,0.43765217,0.46403483,0,0,0,0,0,0.98266554,0,0.43570697,0,0.4486267,0,0,2.08E-17,0,0.58125275,0.47003502,3
0.77012444,0.72802633,0.008082778,7.86E-05,0.38159412,0.46982324,0,0,0.34851477,0.4641461,0,0,0.38961926,0.4486558,0,0,0.43765217,0.46403483,0,0,0,0,0,0.9826656,0,0.43570697,0,0.4486267,0,0,2.08E-17,0,0.58125275,0.47003502,3
0.00048297015,0.00058723823,0.014578587,0.0013849654,0.38159412,0.46982324,1.39E-09,0.007472203,0.34851477,0.4641461,6.65E-05,0.00861644,0.38961926,0.4486558,0.05520646,0.009088147,0.4385882,0.4914395,1.52E-24,1.27E-19,0.00028805452,6.19E-16,0.00025894007,9.97E-09,2.91E-15,0.43570697,0,0.4486267,0.0002757987,2.42E-09,0.009929078,5.70E-18,0.58125275,0.47003502,0
0.7527582,0.40047166,0.008063921,7.92E-05,0.38159412,0.46982324,8.05E-08,4.83E-15,0.34851477,0.4641461,0.00015470029,2.04E-08,0.38961926,0.4486558,0.00025587482,6.29E-08,0.43765217,0.46403483,6.89E-23,8.40E-23,0.7177919,6.27E-06,0.41274393,3.19E-05,0.00012560307,0.43570697,0,0.4486267,0,0,0.009929078,0,0.58125275,0.47003502,3
0.35193658,0.14015678,0.18171607,0.13420887,0.38159412,0.46982324,0,0,0.34851477,0.4641461,0,0,0.38961926,0.4486558,0,0,0.43765217,0.46403483,0,0,0,0,0,0.98266697,0,0.43570697,0,0.4486267,0,0,2.08E-17,0,0.58125275,0.47003502,5
0.3161222,0.40908715,0.21240973,0.13915558,0.38159412,0.46982324,0.044763703,0.0014928218,0.34851477,0.4641461,0.04315356,0.0015842232,0.38961926,0.4486558,0.029608885,0.0008424637,0.43765217,0.46403483,4.81E-21,1.09E-20,0.20882225,1.25E-09,0.30898604,1.61E-05,6.32E-05,0.43570697,0,0.4486267,0,0,0.35886526,0,0.58125275,0.47003502,1
0.49885938,0.593019,0.21493314,0.13119873,0.38159412,0.46982324,0.000324219,7.83E-08,0.34851477,0.4641461,0.009689967,7.99E-05,0.38961926,0.4486558,0.01254085,0.00015113359,0.43765217,0.46403483,4.02E-22,6.70E-22,0.36263725,2.15E-14,0.46365327,3.78E-06,1.49E-05,0.43570697,0,0.4486267,0,0,0.3503546,0,0.58125275,0.47003502,4
0.000330867,0.0006540891,0.035778344,0.049302876,0.38159412,0.46982324,1.39E-09,5.07E-07,0.34851477,0.4641461,0.06295217,0.077938735,0.38966516,0.44964242,0.3088474,0.25029168,0.43698448,0.46336323,0,1.44E-28,1.71E-05,2.10E-16,0.00041979918,4.77E-09,3.76E-16,0.43570697,1.28E-18,0.4486267,0.0002831897,9.90E-10,0.017626109,4.84E-18,0.58125275,0.47003502,0
0.72144777,0.94094825,0.24504872,0.12114928,0.38159412,0.46982324,0.0005426352,2.19E-07,0.34851477,0.4641461,0.007601294,4.92E-05,0.38961926,0.4486558,0.006859672,4.52E-05,0.43765217,0.46403483,6.54E-23,8.80E-23,0.5953465,1.67E-14,0.8387173,2.14E-06,8.43E-06,0.43570697,0,0.4486267,0,0,0.3503546,0,0.58125275,0.47003502,4
0.0012068421,0.0016200693,0.008445623,0.0008291677,0.38159412,0.46982324,0,0,0.34851477,0.4641461,1.72E-09,3.57E-18,0.38961926,0.4486558,1.72E-09,3.01E-18,0.43765217,0.46403483,7.06E-24,2.67E-18,7.84E-05,3.96E-16,8.89E-05,2.06E-08,4.12E-16,0.43570697,3.85E-18,0.4486267,0.00030821943,1.72E-09,0.017626109,3.01E-18,0.58125275,0.47003502,0
0.0008446293,0.0014903998,0.0081022475,0.00079845067,0.38159412,0.46982324,0.00027592236,0.00027767502,0.34851477,0.4641172,0.028206011,0.0009299136,0.38959843,0.43760067,0.031025821,0.001156042,0.4377774,0.48701584,3.39E-22,3.83E-19,0.0008420463,6.23E-18,0.0015940763,8.47E-10,8.67E-18,0.43570697,0.00050078915,0.4472642,0.0014047764,0.0027565847,0.03933636,0.000504421,0.58125365,0.4727514,0
0.70600533,0.39552158,0.24429062,0.12149008,0.38159412,0.46982324,5.56E-05,2.30E-09,0.34851477,0.4641461,0.0060266126,3.09E-05,0.38961926,0.4486558,0.007011884,4.72E-05,0.43765217,0.46403483,9.69E-23,1.05E-22,0.5829383,6.94E-06,0.35145682,3.71E-05,0.00014593916,0.43570697,0,0.4486267,0,0,0.3503546,0,0.58125275,0.47003502,4
0.42135876,0.60396606,0.21335584,0.13153312,0.38159412,0.46982324,0,0,0.34851477,0.4641461,0,0,0.38961926,0.4486558,0,0,0.43765217,0.46403483,0,0,0,0,0,0.98266506,0,0.43570697,0,0.4486267,0,0,2.08E-17,0,0.58125275,0.47003502,4
0.22002752,0.30291915,7.52E-05,3.82E-06,0.38159412,0.46982324,0,0,0.34851477,0.4641461,0,0,0.38961926,0.4486558,0,0,0.43765217,0.46403483,0,0,0,0,0,0.9826631,0,0.43570697,0,0.4486267,0,0,2.08E-17,0,0.58125275,0.47003502,2
0.052837204,0.0087548215,0.98364085,0.23488475,0.38159412,0.47004822,0.14057349,0.014721865,0.34851435,0.45808855,0.18012111,0.027600203,0.38955468,0.1877398,0.1883659,0.03409665,0.4373919,0.12106837,2.91E-06,0.00082257146,0.06348827,0.006002942,0.011237091,0.0018232872,0.007149796,0.4293356,0.029782766,0.18772762,0.038958978,0.18765646,0.9758096,0.034090023,0.58103955,0.13091211,0
0.42844543,0.3635158,0.21318586,0.13156743,0.38159412,0.46982324,0.011790553,0.000103567705,0.34851477,0.4641461,0.016322035,0.00022663746,0.38961926,0.4486558,0.014864628,0.00021233187,0.43765217,0.46403483,6.68E-21,6.86E-21,0.3017864,4.90E-07,0.28193316,3.32E-05,0.0001306659,0.43570697,0,0.4486267,0,0,0.3503546,0,0.58125275,0.47003502,4
0.71287733,0.9910216,0.24412672,0.12156192,0.38159412,0.46982324,3.46E-05,8.92E-10,0.34851477,0.4641461,0.005979717,3.04E-05,0.38961926,0.4486558,0.0070231934,4.74E-05,0.43765217,0.46403483,1.57E-22,1.90E-22,0.5841302,5.60E-19,0.8800302,7.27E-07,2.86E-06,0.43570697,0,0.4486267,0,0,0.3503546,0,0.58125275,0.47003502,4
0.24452771,0.06285639,0.005122449,0.00010791286,0.38159412,0.46982324,0,0,0.34851477,0.4641461,0,0,0.38961926,0.4486558,0,0,0.43765217,0.46403483,0,0,0,0,0,0.9826655,0,0.43570697,0,0.4486267,0,0,2.08E-17,0,0.58125275,0.47003502,3
0.7529635,0.73270035,0.008093333,7.83E-05,0.38159412,0.46982324,0,0,0.34851477,0.4641461,0,0,0.38961926,0.4486558,0,0,0.43765217,0.46403483,0,0,0,0,0,0.9826656,0,0.43570697,0,0.4486267,0,0,2.08E-17,0,0.58125275,0.47003502,3
0.33741987,0.3963606,0.18423492,0.13426921,0.38159412,0.46982324,0,0,0.34851477,0.4641461,0,0,0.38961926,0.4486558,0,0,0.43765217,0.46403483,0,0,0,0,0,0.9826671,0,0.43570697,0,0.4486267,0,0,2.08E-17,0,0.58125275,0.47003502,5
0.70681673,0.4234124,0.25049138,0.1273416,0.38159412,0.46982324,2.59E-06,5.02E-12,0.34851477,0.4641461,0.0045417505,1.75E-05,0.38961926,0.4486558,0.006724442,4.35E-05,0.43765217,0.46403483,1.82E-22,1.94E-22,0.5792832,4.07E-06,0.37663662,3.28E-05,0.00012900581,0.43570697,0,0.4486267,0,0,0.35886526,0,0.58125275,0.47003502,1
0.73485684,0.445912,0.008075612,7.89E-05,0.38159412,0.46982324,0,0,0.34851477,0.4641461,0,0,0.38961926,0.4486558,0,0,0.43765217,0.46403483,0,0,0,0,0,0.98266554,0,0.43570697,0,0.4486267,0,0,2.08E-17,0,0.58125275,0.47003502,3
0.73409873,0.62289935,0.008102161,7.86E-05,0.38159412,0.46982324,7.96E-08,4.72E-15,0.34851477,0.4641461,0.0001528036,1.99E-08,0.38961926,0.4486558,0.00026497795,6.75E-08,0.43765217,0.46403483,4.78E-23,7.82E-23,0.7053509,9.60E-08,0.6433627,1.35E-05,5.30E-05,0.43570697,0,0.4486267,0,0,0.009929078,0,0.58125275,0.47003502,3
0.3663519,0.18562244,0.1826622,0.13423304,0.38159412,0.46982324,0.0045717377,1.56E-05,0.34851477,0.4641461,0.019568216,0.00032575085,0.38961926,0.4486558,0.020918757,0.00042051243,0.43765217,0.46403483,9.40E-22,3.99E-21,0.22381085,3.14E-05,0.12338768,0.00011164635,0.00043915678,0.43570697,1.86E-15,0.4486267,0.42743146,9.31E-08,0.3503546,8.38E-15,0.58125275,0.47003502,5
0.22764121,0.2451361,7.36E-05,3.74E-06,0.38159412,0.46982324,0,0,0.34851477,0.4641461,0,0,0.38961926,0.4486558,0,0,0.43765217,0.46403483,0,0,0,0,0,0.982663,0,0.43570697,0,0.4486267,0,0,2.08E-17,0,0.58125275,0.47003502,2
0.7206256,0.97439325,0.2441498,0.12155182,0.38159412,0.46982324,0.00093859114,6.56E-07,0.34851477,0.4641461,0.008112769,5.60E-05,0.38961926,0.4486558,0.0069667865,4.66E-05,0.43765217,0.46403483,3.20E-22,2.35E-22,0.5845137,8.43E-17,0.86534494,1.22E-06,4.80E-06,0.43570697,0,0.4486267,0,0,0.3503546,0,0.58125275,0.47003502,4
0.41831586,0.23280089,0.0057287887,0.00010755072,0.38159412,0.46982324,2.00E-08,2.99E-16,0.34851477,0.4641461,0.00039224015,1.31E-07,0.38961926,0.4486558,0.00072420103,5.04E-07,0.43765217,0.46403483,3.32E-21,5.02E-21,0.30471396,6.75E-06,0.1702409,7.16E-05,0.0002815318,0.43570697,0,0.4486267,0,0,0.009929078,0,0.58125275,0.47003502,3
0.22185084,0.23895684,7.46E-05,3.76E-06,0.38159412,0.46982324,0,0,0.34851477,0.4641461,0,0,0.38961926,0.4486558,0,0,0.43765217,0.46403483,0,0,0,0,0,0.9826629,0,0.43570697,0,0.4486267,0,0,2.08E-17,0,0.58125275,0.47003502,2
0.00089529745,0.0014494332,0.00808325,0.0008147079,0.38159412,0.46982324,2.70E-05,7.81E-08,0.34851477,0.46560502,0.023313515,0.0005043928,0.38967034,0.50692576,0.03125644,0.0010124069,0.43781495,0.504139,2.93E-17,2.93E-17,0.000840004,1.80E-17,0.0015193047,9.20E-10,2.11E-17,0.43570697,2.29E-14,0.4486267,0.0013086101,0.0014700441,0.044238172,1.53E-05,0.58125275,0.4701009,0
0.7546031,0.7659625,0.008079632,7.85E-05,0.38159412,0.46982324,6.98E-05,3.63E-09,0.34851477,0.4641461,0.0002978698,7.55E-08,0.38961926,0.4486558,0.00027639142,7.34E-08,0.43765217,0.46403483,1.76E-22,1.12E-22,0.7194728,1.66E-09,0.79104203,7.31E-06,2.88E-05,0.43570697,0,0.4486267,0,0,0.009929078,0,0.58125275,0.47003502,3
0.44353136,0.59470314,0.21418697,0.13136171,0.38159412,0.46982324,0,0,0.34851477,0.4641461,0,0,0.38961926,0.4486558,0,0,0.43765217,0.46403483,0,0,0,0,0,0.982665,0,0.43570697,0,0.4486267,0,0,2.08E-17,0,0.58125275,0.47003502,4
0.00026555138,0.00042339735,0.011551479,0.0009293714,0.38159412,0.46982324,9.84E-10,1.01E-07,0.34851477,0.4641461,0.002340532,0.0009784889,0.38961986,0.45168352,0.043269113,0.005088678,0.43782416,0.47267205,0,1.29E-28,1.24E-05,1.32E-16,0.00013706464,1.40E-08,5.28E-16,0.43570697,2.03E-18,0.4486267,0.00032178106,1.72E-09,0.017626109,5.53E-18,0.58125275,0.47003502,0
0.7235974,0.73625034,0.24334332,0.1219079,0.38159412,0.46982324,0.026070857,0.00050636847,0.34851477,0.4641461,0.011211346,0.00010692975,0.38961926,0.4486558,0.0072268094,5.02E-05,0.43765217,0.46403483,4.48E-22,2.21E-22,0.58541805,2.52E-09,0.6516968,9.06E-06,3.57E-05,0.43570697,0,0.4486267,0,0,0.3503546,0,0.58125275,0.47003502,4
0.36395207,0.28342018,0.1834325,0.13425146,0.38159412,0.46982324,6.63E-05,3.28E-09,0.34851477,0.4641461,0.012088951,0.00012432551,0.38961926,0.4486558,0.017503807,0.00029442325,0.43765217,0.46403483,6.66E-22,6.34E-22,0.22006395,1.09E-06,0.18914795,5.20E-05,0.00020444207,0.43570697,2.09E-15,0.4486267,0.65539646,1.35E-07,0.3503546,1.76E-14,0.58125275,0.47003502,5
0.36334455,0.34575382,0.18347298,0.13425249,0.38159412,0.46982324,0.00013261009,1.31E-08,0.34851477,0.4641461,0.0136783775,0.00015916671,0.38961926,0.4486558,0.017387208,0.0002905138,0.43765217,0.46403483,1.60E-21,1.49E-21,0.21989207,3.94E-08,0.23079957,3.06E-05,0.00012018831,0.43570697,6.97E-16,0.4486267,0.7997252,1.37E-07,0.3503546,1.81E-14,0.58125275,0.47003502,5
0.0013617268,0.0016618874,0.008259125,0.0008737494,0.38159266,0.44918916,0.011591159,0.00011812194,0.34850436,0.42171696,0.0109571,0.0001556352,0.3896319,0.48881257,0.010324683,0.00015241811,0.43767056,0.48914132,3.53E-18,3.13E-17,0.0003648907,7.18E-17,0.00042345948,4.35E-09,6.50E-17,0.39107963,0.0001679425,0.48878083,0.0014681333,0.010285797,0.028152218,0.0001523885,0.5812678,0.49486014,0
0.004922615,0.003075724,0.05331812,0.07922763,0.36664727,0.43664414,0.36031035,0.26884103,0.31311354,0.3906781,0.35197678,0.32404855,0.3620672,0.39525098,0.34230006,0.2690484,0.42936438,0.4566917,2.03E-17,3.27E-17,0.004102314,3.42E-17,0.0025933294,4.12E-10,4.75E-17,0.43570697,0,0.4486267,0,0,0.009929078,0,0.58125275,0.47003502,0
0.0013971332,0.0016508272,0.00864922,0.000802414,0.38159412,0.46982324,3.81E-06,3.70E-07,0.34851477,0.4641461,0.0071202773,9.18E-05,0.38962203,0.46489167,0.010029564,0.00014721329,0.43765637,0.469992,1.11E-30,1.30E-21,0.00012469375,3.74E-17,0.0003517864,5.25E-09,4.92E-17,0.434985,9.90E-05,0.45560598,0.0012196429,0.009991789,0.027933812,0.00014718469,0.5812606,0.48357853,0
0.3395595,0.33050558,0.18470667,0.13427722,0.38159412,0.46982324,0,0,0.34851477,0.4641461,0,0,0.38961926,0.4486558,0,0,0.43765217,0.46403483,0,0,0,0,0,0.982667,0,0.43570697,0,0.4486267,0,0,2.08E-17,0,0.58125275,0.47003502,5
0.25632536,0.32906586,1.61E-05,1.63E-06,0.38159412,0.46982324,0,0,0.34851477,0.4641461,0,0,0.38961926,0.4486558,0,0,0.43765217,0.46403483,0,0,0,0,0,0.98266304,0,0.43570697,0,0.4486267,0,0,2.08E-17,0,0.58125275,0.47003502,2
0.25709268,0.28659075,1.50E-05,1.52E-06,0.38159412,0.46982324,0,0,0.34851477,0.4641461,0,0,0.38961926,0.4486558,0,0,0.43765217,0.46403483,0,0,0,0,0,0.982663,0,0.43570697,0,0.4486267,0,0,2.08E-17,0,0.58125275,0.47003502,2
0.70896375,0.6049815,0.24983273,0.12764086,0.38159412,0.46982324,5.33E-07,2.12E-13,0.34851477,0.4641461,0.00389183,1.29E-05,0.38961926,0.4486558,0.0063109514,3.83E-05,0.43765217,0.46403483,1.65E-22,1.55E-22,0.57392,9.92E-08,0.53672856,1.59E-05,6.24E-05,0.43570697,0,0.4486267,0,0,0.35886526,0,0.58125275,0.47003502,1
0.7109779,0.41373533,0.24979588,0.12765819,0.38159412,0.46982324,6.40E-06,3.05E-11,0.34851477,0.4641461,0.004970523,2.10E-05,0.38961926,0.4486558,0.006871862,4.54E-05,0.43765217,0.46403483,3.73E-22,2.26E-22,0.5760231,4.87E-06,0.36700758,3.42E-05,0.0001347245,0.43570697,0,0.4486267,0,0,0.35886526,0,0.58125275,0.47003502,1
0.45755947,0.6015809,0.21337977,0.13152842,0.38159412,0.46982324,4.08E-05,1.24E-09,0.34851477,0.4641461,0.009390379,7.50E-05,0.38961926,0.4486558,0.012539589,0.0001511032,0.43765217,0.46403483,6.82E-22,6.51E-22,0.32169017,2.88E-16,0.46694607,2.41E-06,9.48E-06,0.43570697,0,0.4486267,0,0,0.3503546,0,0.58125275,0.47003502,4
0.0012164961,0.0016849829,0.015181434,0.007128231,0.38159412,0.46982524,0.0009959759,7.67E-05,0.34851483,0.46661532,0.041202024,0.001604063,0.38993305,0.557514,0.0930262,0.008987214,0.43769836,0.46531004,4.58E-18,6.43E-18,0.0012520229,1.04E-17,0.0018284324,6.93E-10,1.25E-17,0.43570697,0.0004698098,0.44861987,0.0013791398,0.013760939,0.04201013,0.01133405,0.5812599,0.47092086,0
0.35837942,0.13629939,0.1979551,0.14071488,0.38159412,0.46982324,0,0,0.34851477,0.4641461,0,0,0.38961926,0.4486558,0,0,0.43765217,0.46403483,0,0,0,0,0,0.9826661,0,0.43570697,0,0.4486267,0,0,2.08E-17,0,0.58125275,0.47003502,1
0.0005453938,0.0006416079,0.027276315,0.007382334,0.38159412,0.46982324,4.64E-06,1.61E-11,0.34851477,0.4641461,0.0154899135,0.00020411787,0.38961926,0.44865626,0.019280007,0.0003572083,0.43765315,0.47922757,0,7.43E-24,2.34E-05,8.12E-17,7.17E-05,2.47E-08,2.33E-16,0.43570697,0.00022025907,0.44862714,0.0002486285,0.019207392,0.029729933,0.0003571389,0.5812535,0.4850575,0
0.22732866,0.30916825,7.32E-05,3.72E-06,0.38159412,0.46982324,0,0,0.34851477,0.4641461,0,0,0.38961926,0.4486558,0,0,0.43765217,0.46403483,0,0,0,0,0,0.98266315,0,0.43570697,0,0.4486267,0,0,2.08E-17,0,0.58125275,0.47003502,2
0.4691335,0.34565565,0.21448934,0.13129449,0.38159412,0.46982324,0.00037225796,1.03E-07,0.34851477,0.4641461,0.0131895915,0.00014799455,0.38961926,0.4486558,0.014319562,0.00019704552,0.43765217,0.46403483,5.08E-22,1.46E-21,0.34026352,9.39E-07,0.2697135,3.75E-05,0.00014752998,0.43570697,0,0.4486267,0,0,0.3503546,0,0.58125275,0.47003502,4
0.40539774,0.6013037,0.21342629,0.131518,0.38159412,0.46982324,0,0,0.34851477,0.4641461,0,0,0.38961926,0.4486558,0,0,0.43765217,0.46403483,0,0,0,0,0,0.98266506,0,0.43570697,0,0.4486267,0,0,2.08E-17,0,0.58125275,0.47003502,4
0.25782207,0.34733126,1.55E-05,1.56E-06,0.38159412,0.46982324,0,0,0.34851477,0.4641461,0,0,0.38961926,0.4486558,0,0,0.43765217,0.46403483,0,0,0,0,0,0.9826631,0,0.43570697,0,0.4486267,0,0,2.08E-17,0,0.58125275,0.47003502,2
0.3833946,0.09775485,0.22087967,0.12976392,0.38159412,0.46982324,0.00014190435,1.50E-08,0.34851477,0.4641461,0.012566571,0.0001343435,0.38961926,0.4486558,0.016093757,0.00024889832,0.43765217,0.46403483,1.91E-21,4.09E-09,0.28297198,0.00043220713,0.07855339,0.00023335716,0.0009177842,0.43570697,0,0.4486267,0,0,0.3503546,0,0.58125275,0.47003502,4
0.7265919,0.78327763,0.24361438,0.12178888,0.38159412,0.46982324,4.63E-06,1.59E-11,0.34851477,0.4641461,0.0047134017,1.89E-05,0.38961926,0.4486558,0.006422617,3.96E-05,0.43765217,0.46403483,5.96E-22,2.86E-22,0.587568,4.45E-10,0.69408184,7.16E-06,2.82E-05,0.43570697,0,0.4486267,0,0,0.3503546,0,0.58125275,0.47003502,4
0.7127921,0.5947962,0.24352133,0.12182926,0.38159412,0.46982324,1.33E-06,1.33E-12,0.34851477,0.4641461,0.0041642725,1.48E-05,0.38961926,0.4486558,0.0063242186,3.84E-05,0.43765217,0.46403483,1.51E-22,1.56E-22,0.5841748,1.41E-07,0.52685845,1.68E-05,6.60E-05,0.43570697,0,0.4486267,0,0,0.3503546,0,0.58125275,0.47003502,4
0.2221833,0.2968941,7.48E-05,3.75E-06,0.38159412,0.46982324,0,0,0.34851477,0.4641461,0,0,0.38961926,0.4486558,0,0,0.43765217,0.46403483,0,0,0,0,0,0.9826631,0,0.43570697,0,0.4486267,0,0,2.08E-17,0,0.58125275,0.47003502,2
0.75129175,0.7006981,0.0070894915,9.57E-05,0.38159412,0.46982324,1.33E-05,1.33E-10,0.34851477,0.4641461,0.00022443192,4.29E-08,0.38961926,0.4486558,0.00025070665,6.04E-08,0.43765217,0.46403483,1.98E-22,1.73E-22,0.6311606,1.78E-08,0.63717014,1.14E-05,4.47E-05,0.43570697,0,0.4486267,0,0,0.009929078,0,0.58125275,0.47003502,3
0.36235407,0.42368385,0.1832632,0.13424845,0.38159412,0.46982324,6.79E-05,3.43E-09,0.34851477,0.4641461,0.012938845,0.000142421,0.38961926,0.4486558,0.016747894,0.00026954265,0.43765217,0.46403483,1.76E-21,3.32E-21,0.22058164,7.88E-11,0.28248855,1.34E-05,5.28E-05,0.43570697,1.97E-15,0.4486267,0.97886896,6.63E-08,0.3503546,4.25E-15,0.58125275,0.47003502,5
0.40506145,0.23918699,0.2053252,0.14012593,0.38159412,0.46982324,0.06198763,0.0028626355,0.34851477,0.4641461,0.04741916,0.0019128934,0.38961926,0.4486558,0.033417113,0.0010731117,0.43765217,0.46403483,2.15E-21,6.38E-21,0.25973025,8.00E-06,0.17470372,6.98E-05,0.00027464097,0.43570697,0,0.4486267,0,0,0.35886526,0,0.58125275,0.47003502,1
0.4653359,0.54194784,0.2130107,0.13160418,0.38159412,0.46982324,0.02100645,0.00032874662,0.34851477,0.4641461,0.015510734,0.00020466697,0.38961926,0.4486558,0.014057384,0.00018989612,0.43765217,0.46403483,3.68E-22,4.86E-22,0.33159825,8.22E-12,0.4199621,7.50E-06,2.95E-05,0.43570697,0,0.4486267,0,0,0.3503546,0,0.58125275,0.47003502,4
0.7455004,0.6176716,0.0070801843,9.58E-05,0.38159412,0.46982324,1.43E-05,1.52E-10,0.34851477,0.4641461,0.0002813082,6.73E-08,0.38961926,0.4486558,0.00026287176,6.64E-08,0.43765217,0.46403483,1.77E-22,1.60E-22,0.6225624,1.40E-07,0.5609464,1.58E-05,6.23E-05,0.43570697,0,0.4486267,0,0,0.009929078,0,0.58125275,0.47003502,3
0.2573907,0.293358,1.65E-05,1.68E-06,0.38159412,0.46982324,0,0,0.34851477,0.4641461,0,0,0.38961926,0.4486558,0,0,0.43765217,0.46403483,0,0,0,0,0,0.982663,0,0.43570697,0,0.4486267,0,0,2.08E-17,0,0.58125275,0.47003502,2
0.39700374,0.4293971,0.005954671,0.00010656286,0.38159412,0.46982324,5.62E-06,2.35E-11,0.34851477,0.4641461,0.0007089733,4.28E-07,0.38961926,0.4486558,0.0007503267,5.41E-07,0.43765217,0.46403483,4.32E-21,2.91E-21,0.31749287,1.08E-09,0.32652825,1.56E-05,6.15E-05,0.43570697,0,0.4486267,0,0,0.009929078,0,0.58125275,0.47003502,3
0.22120497,0.18747732,7.89E-05,4.04E-06,0.38159412,0.46982324,0,0,0.34851477,0.4641461,0,0,0.38961926,0.4486558,0,0,0.43765217,0.46403483,0,0,0,0,0,0.9826629,0,0.43570697,0,0.4486267,0,0,2.08E-17,0,0.58125275,0.47003502,2
0.0010431135,0.0018194375,0.061957996,0.17971502,0.38159612,0.4804364,0.05279108,0.0020768514,0.34857747,0.5267634,0.08609473,0.0066319183,0.3896758,0.45412788,0.46926728,0.2291167,0.4834302,0.5133844,9.60E-19,4.50E-18,0.00096380233,1.65E-17,0.0019481685,6.24E-10,1.09E-17,0.43570697,0.006728452,0.5248598,0.0011323157,0.086299464,0.17924444,0.45018914,0.6057417,0.5462964,0
0.7430335,0.83060503,0.007098032,9.56E-05,0.38159412,0.46982324,0.00031626926,7.45E-08,0.34851477,0.4641461,0.00037367048,1.19E-07,0.38961926,0.4486558,0.00027358197,7.19E-08,0.43765217,0.46403483,1.48E-22,1.64E-22,0.62654686,2.05E-10,0.75621974,6.12E-06,2.41E-05,0.43570697,0,0.4486267,0,0,0.009929078,0,0.58125275,0.47003502,3
0.22311708,0.3100589,7.13E-05,3.56E-06,0.38159412,0.46982324,0,0,0.34851477,0.4641461,0,0,0.38961926,0.4486558,0,0,0.43765217,0.46403483,0,0,0,0,0,0.98266315,0,0.43570697,0,0.4486267,0,0,2.08E-17,0,0.58125275,0.47003502,2
0.7353474,0.7678808,0.24379629,0.12170806,0.38159412,0.46982324,0.00010829601,8.74E-09,0.34851477,0.4641461,0.0064335777,3.52E-05,0.38961926,0.4486558,0.0066961762,4.31E-05,0.43765217,0.46403483,1.36E-22,1.40E-22,0.6000404,8.29E-10,0.6809496,7.78E-06,3.06E-05,0.43570697,0,0.4486267,0,0,0.3503546,0,0.58125275,0.47003502,4
0.32750675,0.43255675,0.20206769,0.14044014,0.38159412,0.46982324,0,0,0.34851477,0.4641461,0,0,0.38961926,0.4486558,0,0,0.43765217,0.46403483,0,0,0,0,0,0.9826662,0,0.43570697,0,0.4486267,0,0,2.08E-17,0,0.58125275,0.47003502,1
0.22287616,0.30048546,7.35E-05,3.68E-06,0.38159412,0.46982324,0,0,0.34851477,0.4641461,0,0,0.38961926,0.4486558,0,0,0.43765217,0.46403483,0,0,0,0,0,0.9826631,0,0.43570697,0,0.4486267,0,0,2.08E-17,0,0.58125275,0.47003502,2
0.7319944,0.93489414,0.24506767,0.12114091,0.38159412,0.46982324,0,0,0.34851477,0.4641461,0,0,0.38961926,0.4486558,0,0,0.43765217,0.46403483,0,0,0,0,0,0.98266494,0,0.43570697,0,0.4486267,0,0,2.08E-17,0,0.58125275,0.47003502,4
0.7119041,0.6794265,0.008059517,7.93E-05,0.38159412,0.46982324,2.41E-05,4.34E-10,0.34851477,0.4641461,0.00027572986,6.47E-08,0.38961926,0.4486558,0.0002815817,7.62E-08,0.43765217,0.46403483,1.86E-22,1.33E-22,0.66616565,2.14E-08,0.6989977,1.06E-05,4.17E-05,0.43570697,0,0.4486267,0,0,0.009929078,0,0.58125275,0.47003502,3
0.4368776,0.5945348,0.21456924,0.13127956,0.38159412,0.46982324,6.40E-06,3.05E-11,0.34851477,0.4641461,0.0076245265,4.95E-05,0.38961926,0.4486558,0.012333631,0.00014618033,0.43765217,0.46403483,1.20E-21,1.01E-21,0.31256458,4.17E-15,0.46404937,3.16E-06,1.24E-05,0.43570697,0,0.4486267,0,0,0.3503546,0,0.58125275,0.47003502,4
0.7392302,0.79742074,0.00709092,9.57E-05,0.38159412,0.46982324,2.15E-07,3.45E-14,0.34851477,0.4641461,0.00017285501,2.54E-08,0.38961926,0.4486558,0.00024732732,5.88E-08,0.43765217,0.46403483,9.93E-23,1.20E-22,0.61789685,7.84E-10,0.72520214,7.29E-06,2.87E-05,0.43570697,0,0.4486267,0,0,0.009929078,0,0.58125275,0.47003502,3
0.0014700941,0.0016249946,0.0077967504,0.00074186746,0.38159412,0.46982324,0.0007045712,6.20E-07,0.34851477,0.46414524,0.00977492,0.00014034785,0.38961,0.41517255,0.010194296,0.00015502742,0.43766883,0.4865217,1.55E-25,1.62E-19,0.0002063368,3.69E-17,0.0003691342,5.00E-09,4.88E-17,0.43570605,0.00015144626,0.41514558,0.0012797877,0.0101559,0.028308561,0.0001549973,0.58126634,0.49226987,0
0.22317053,0.23919609,7.45E-05,3.75E-06,0.38159412,0.46982324,0,0,0.34851477,0.4641461,0,0,0.38961926,0.4486558,0,0,0.43765217,0.46403483,0,0,0,0,0,0.9826629,0,0.43570697,0,0.4486267,0,0,2.08E-17,0,0.58125275,0.47003502,2
0.44491133,0.20874435,0.21513602,0.13115259,0.38159412,0.46982324,0.04873322,0.0017693194,0.34851477,0.4641461,0.023786353,0.00048132543,0.38961926,0.4486558,0.017418342,0.0002915551,0.43765217,0.46403483,2.51E-21,4.04E-19,0.31685647,3.74E-05,0.16339964,8.88E-05,0.00034947213,0.43570697,0,0.4486267,0,0,0.3503546,0,0.58125275,0.47003502,4
0.0031075585,0.003512984,0.047576394,0.07330008,0.38159412,0.46982324,9.84E-10,7.23E-19,0.34851477,0.4641461,0,0,0.38961926,0.4486558,9.93E-10,9.50E-19,0.43765217,0.46403483,3.11E-25,3.32E-21,0.0018581713,3.40E-16,0.0015420534,8.34E-09,3.82E-14,0.43570697,0,0.4486267,0.005346297,9.90E-10,2.08E-17,9.50E-19,0.58125275,0.47003502,0
0.0010482507,0.0014925792,0.013184609,0.018146101,0.38159412,0.46982324,1.48E-05,6.81E-08,0.34851477,0.46414545,0.020082813,0.0003884515,0.3896135,0.44064194,0.044635426,0.016990962,0.43801126,0.47331652,3.07E-18,1.30E-17,0.001003371,1.60E-17,0.0015207444,1.57E-09,6.55E-15,0.43570808,0.0018709688,0.47979409,0.0012124912,0.07985728,0.04916446,0.024858769,0.5817346,0.4770466,0
0.26319826,0.27066988,1.53E-05,1.56E-06,0.38159412,0.46982324,0,0,0.34851477,0.4641461,0,0,0.38961926,0.4486558,0,0,0.43765217,0.46403483,0,0,0,0,0,0.9826629,0,0.43570697,0,0.4486267,0,0,2.08E-17,0,0.58125275,0.47003502,2
0.21317749,0.09851769,8.33E-05,4.44E-06,0.38159412,0.46982324,0,0,0.34851477,0.4641461,0,0,0.38961926,0.4486558,0,0,0.43765217,0.46403483,0,0,0,0,0,0.98266286,0,0.43570697,0,0.4486267,0,0,2.08E-17,0,0.58125275,0.47003502,2
0.7123917,0.6922728,0.25017962,0.12748377,0.38159412,0.46982324,0,0,0.34851477,0.4641461,0,0,0.38961926,0.4486558,0,0,0.43765217,0.46403483,0,0,0,0,0,0.98266613,0,0.43570697,0,0.4486267,0,0,2.08E-17,0,0.58125275,0.47003502,1
0.22471192,0.19535284,7.84E-05,3.99E-06,0.38159412,0.46982324,0,0,0.34851477,0.4641461,0,0,0.38961926,0.4486558,0,0,0.43765217,0.46403483,0,0,0,0,0,0.9826629,0,0.43570697,0,0.4486267,0,0,2.08E-17,0,0.58125275,0.47003502,2
0.46113804,0.54300326,0.2128009,0.13164729,0.38159412,0.46982324,0.012102884,0.00010912738,0.34851477,0.4641461,0.01459047,0.0001811013,0.38961926,0.4486558,0.013953201,0.00018709179,0.43765217,0.46403483,6.18E-22,4.75E-22,0.32604155,7.27E-12,0.42036384,7.39E-06,2.91E-05,0.43570697,0,0.4486267,0,0,0.3503546,0,0.58125275,0.47003502,4
0.7206448,0.83746874,0.24419768,0.121529885,0.38159412,0.46982324,1.26E-05,1.18E-10,0.34851477,0.4641461,0.0052381633,2.33E-05,0.38961926,0.4486558,0.00655367,4.13E-05,0.43765217,0.46403483,1.30E-22,2.29E-22,0.59114105,3.40E-11,0.7438798,5.17E-06,2.03E-05,0.43570697,0,0.4486267,0,0,0.3503546,0,0.58125275,0.47003502,4
0.7008612,0.27632418,0.008062825,7.97E-05,0.38159412,0.46982324,0.0005048134,1.90E-07,0.34851477,0.4641461,0.00038006273,1.23E-07,0.38961926,0.4486558,0.00033584604,1.08E-07,0.43765217,0.46403483,1.39E-22,3.70E-16,0.6652197,3.79E-05,0.28456348,5.50E-05,0.00021640323,0.43570697,0,0.4486267,0,0,0.009929078,0,0.58125275,0.47003502,3
0.7163846,0.89149565,0.24421301,0.12152326,0.38159412,0.46982324,0,0,0.34851477,0.4641461,0,0,0.38961926,0.4486558,0,0,0.43765217,0.46403483,0,0,0,0,0,0.98266494,0,0.43570697,0,0.4486267,0,0,2.08E-17,0,0.58125275,0.47003502,4
0.0012998767,0.0015388825,0.007970217,0.0009003086,0.38159412,0.46982327,6.44E-05,1.31E-06,0.34851477,0.466157,0.021558741,0.0005103492,0.38972327,0.55007666,0.033117134,0.0045936382,0.4378578,0.47795492,1.88E-17,1.95E-17,0.0013324502,2.12E-17,0.0016015549,5.35E-05,0.00021016666,0.43570697,0.00010063775,0.4486267,0.0013789316,0.0076072956,0.040952142,0.0039588613,0.58168554,0.6330738,0
0.42617348,0.26072064,0.005511308,0.00010810251,0.38159412,0.46982324,0,0,0.34851477,0.4641461,0,0,0.38961926,0.4486558,0,0,0.43765217,0.46403483,0,0,0,0,0,0.98266554,0,0.43570697,0,0.4486267,0,0,2.08E-17,0,0.58125275,0.47003502,3
0.67489624,0.25396797,0.24845564,0.12825976,0.38159412,0.46982324,0,0,0.34851477,0.4641461,0,0,0.38961926,0.4486558,0,0,0.43765217,0.46403483,0,0,0,0,0,0.9826661,0,0.43570697,0,0.4486267,0,0,2.08E-17,0,0.58125275,0.47003502,1
0.4251856,0.5423409,0.21340625,0.13152395,0.38159412,0.46982324,0.0010886969,8.83E-07,0.34851477,0.4641461,0.011739421,0.00011724015,0.38961926,0.4486558,0.013603891,0.00017784162,0.43765217,0.46403483,2.71E-21,2.77E-21,0.3082083,4.71E-12,0.42103884,7.02E-06,2.76E-05,0.43570697,0,0.4486267,0,0,0.3503546,0,0.58125275,0.47003502,4
0.38653058,0.31873247,0.0054514315,0.000108249915,0.38159412,0.46982324,8.35E-08,5.19E-15,0.34851477,0.4641461,0.00040035718,1.36E-07,0.38961926,0.4486558,0.0007068013,4.80E-07,0.43765217,0.46403483,1.27E-21,1.80E-20,0.23528099,4.94E-07,0.22155258,4.13E-05,0.00016233667,0.43570697,0,0.4486267,0,0,0.009929078,0,0.58125275,0.47003502,3
0.41816515,0.4296047,0.21208505,0.13178876,0.38159412,0.46982324,0.053594377,0.0021399048,0.34851477,0.4641461,0.019716363,0.0003307019,0.38961926,0.4486558,0.015324333,0.00022566815,0.43765217,0.46403483,2.74E-21,4.62E-21,0.29444423,2.65E-08,0.3314793,2.11E-05,8.28E-05,0.43570697,0,0.4486267,0,0,0.3503546,0,0.58125275,0.47003502,4
0.37083182,0.3231378,0.005478693,0.000108189844,0.38159412,0.46982324,0,0,0.34851477,0.4641461,0,0,0.38961926,0.4486558,0,0,0.43765217,0.46403483,0,0,0,0,0,0.98266554,0,0.43570697,0,0.4486267,0,0,2.08E-17,0,0.58125275,0.47003502,3
0.7133175,0.29545692,0.007074272,9.59E-05,0.38159412,0.46982324,2.75E-05,5.62E-10,0.34851477,0.4641461,0.00023083379,4.53E-08,0.38961926,0.4486558,0.00023926471,5.50E-08,0.43765217,0.46403483,6.86E-23,5.34E-17,0.5990814,3.43E-05,0.26806933,5.72E-05,0.00022505531,0.43570697,0,0.4486267,0,0,0.009929078,0,0.58125275,0.47003502,3
0.22224475,0.302529,7.47E-05,3.76E-06,0.38159412,0.46982324,0,0,0.34851477,0.4641461,0,0,0.38961926,0.4486558,0,0,0.43765217,0.46403483,0,0,0,0,0,0.9826631,0,0.43570697,0,0.4486267,0,0,2.08E-17,0,0.58125275,0.47003502,2
0.72228897,0.8382401,0.24405396,0.12159376,0.38159412,0.46982324,1.11E-05,9.11E-11,0.34851477,0.4641461,0.005169125,2.27E-05,0.38961926,0.4486558,0.0065430007,4.11E-05,0.43765217,0.46403483,1.35E-22,2.02E-22,0.5895256,3.31E-11,0.74412656,5.15E-06,2.03E-05,0.43570697,0,0.4486267,0,0,0.3503546,0,0.58125275,0.47003502,4
0.69419074,0.3082561,0.24399054,0.12162263,0.38159412,0.46982324,2.49E-08,4.63E-16,0.34851477,0.4641461,0.0021214255,3.83E-06,0.38961926,0.4486558,0.0054741725,2.88E-05,0.43765217,0.46403483,1.51E-22,2.52E-18,0.56977695,2.64E-05,0.27356473,5.43E-05,0.00021379332,0.43570697,0,0.4486267,0,0,0.3503546,0,0.58125275,0.47003502,4
0.4081503,0.30959356,0.005478526,0.00010817275,0.38159412,0.46982324,0,0,0.34851477,0.4641461,0,0,0.38961926,0.4486558,0,0,0.43765217,0.46403483,0,0,0,0,0,0.98266554,0,0.43570697,0,0.4486267,0,0,2.08E-17,0,0.58125275,0.47003502,3
0.25873265,0.35960957,1.49E-05,1.51E-06,0.38159412,0.46982324,0,0,0.34851477,0.4641461,0,0,0.38961926,0.4486558,0,0,0.43765217,0.46403483,0,0,0,0,0,0.9826632,0,0.43570697,0,0.4486267,0,0,2.08E-17,0,0.58125275,0.47003502,2
0.34769803,0.39350095,0.1838991,0.13426204,0.38159412,0.46982324,0,0,0.34851477,0.4641461,0,0,0.38961926,0.4486558,0,0,0.43765217,0.46403483,0,0,0,0,0,0.9826671,0,0.43570697,0,0.4486267,0,0,2.08E-17,0,0.58125275,0.47003502,5
0.37335283,0.46723238,0.005874818,0.00010695143,0.38159412,0.46982324,0,0,0.34851477,0.4641461,0,0,0.38961926,0.4486558,0,0,0.43765217,0.46403483,0,0,0,0,0,0.98266566,0,0.43570697,0,0.4486267,0,0,2.08E-17,0,0.58125275,0.47003502,3
0.71831733,0.8430308,0.24423172,0.12151504,0.38159412,0.46982324,0,0,0.34851477,0.4641461,0,0,0.38961926,0.4486558,0,0,0.43765217,0.46403483,0,0,0,0,0,0.9826649,0,0.43570697,0,0.4486267,0,0,2.08E-17,0,0.58125275,0.47003502,4
0.7354239,0.4089891,0.00708602,9.58E-05,0.38159412,0.46982324,0,0,0.34851477,0.4641461,0,0,0.38961926,0.4486558,0,0,0.43765217,0.46403483,0,0,0,0,0,0.98266554,0,0.43570697,0,0.4486267,0,0,2.08E-17,0,0.58125275,0.47003502,3
0.3436081,0.1373818,0.18391939,0.13427426,0.38159412,0.46982324,0.0003821963,1.09E-07,0.34851477,0.4641461,0.015954543,0.0002165468,0.38961926,0.4486558,0.020180104,0.00039133968,0.43765217,0.46403483,2.06E-21,1.86E-15,0.21438885,0.00012481434,0.091944985,0.00017127048,0.0006736443,0.43570697,8.13E-16,0.4486267,0.31852803,7.68E-08,0.3503546,5.71E-15,0.58125275,0.47003502,5
0.71760446,0.9464857,0.24498674,0.12117715,0.38159412,0.46982324,1.44E-05,1.54E-10,0.34851477,0.4641461,0.0053103133,2.40E-05,0.38961926,0.4486558,0.0065968228,4.18E-05,0.43765217,0.46403483,1.01E-22,1.77E-22,0.5905856,8.17E-15,0.843434,1.98E-06,7.79E-06,0.43570697,0,0.4486267,0,0,0.3503546,0,0.58125275,0.47003502,4
0.4499559,0.6057652,0.21306759,0.13159247,0.38159412,0.46982324,0.0002510484,4.70E-08,0.34851477,0.4641461,0.009962826,8.44E-05,0.38961926,0.4486558,0.012455722,0.00014908877,0.43765217,0.46403483,2.65E-21,1.77E-21,0.31445217,5.91E-17,0.4695038,2.04E-06,8.03E-06,0.43570697,0,0.4486267,0,0,0.3503546,0,0.58125275,0.47003502,4
0.32771933,0.10888205,0.180954,0.1341873,0.38159412,0.46982324,0,0,0.34851477,0.4641461,0,0,0.38961926,0.4486558,0,0,0.43765217,0.46403483,0,0,0,0,0,0.98266697,0,0.43570697,0,0.4486267,0,0,2.08E-17,0,0.58125275,0.47003502,5
0.00017184325,0.0006350603,0.0341824,0.02932193,0.38159412,0.46982324,0.0008734232,5.68E-07,0.34851477,0.4641461,0.009440384,0.00014036238,0.38961533,0.43410233,0.24206665,0.15089904,0.44581342,0.47754356,1.33E-24,2.93E-19,0.00010299198,1.03E-16,0.000376375,5.14E-09,2.45E-16,0.43570697,0,0.4486267,0,0,0.009219858,0,0.58125275,0.47003502,0
0.00028860357,0.0005325439,0.03146974,0.038502105,0.38159412,0.46982324,9.84E-10,7.23E-19,0.34851477,0.4641461,9.93E-10,8.41E-19,0.38961926,0.4486558,0,0,0.43765217,0.46403483,7.51E-16,6.81E-15,0.00025276953,1.19E-14,9.21E-05,3.07E-08,1.07E-14,0.43570697,9.07E-19,0.4486267,0.00031917958,0,2.08E-17,0,0.58125275,0.47003502,0
0.0011118758,0.0016674451,0.019089205,0.03478764,0.38159412,0.46982324,0.0035800433,3.83E-05,0.34851474,0.46397576,0.040072978,0.0014859404,0.38947138,0.39101526,0.21317981,0.046282504,0.43922555,0.47297287,1.31E-21,1.26E-18,0.00085279177,7.57E-18,0.0016912593,7.75E-10,1.36E-12,0.43570697,0.00046019835,0.44864076,0.0013108867,0.03174861,0.054831542,0.06267956,0.5872592,0.60629535,0
0.2738121,0.08373863,0.19275333,0.14088053,0.38159412,0.46982324,0,0,0.34851477,0.4641461,0,0,0.38961926,0.4486558,0,0,0.43765217,0.46403483,0,0,0,0,0,0.9826661,0,0.43570697,0,0.4486267,0,0,2.08E-17,0,0.58125275,0.47003502,1
0.35962102,0.46757337,0.005911804,0.00010680001,0.38159412,0.46982324,0,0,0.34851477,0.4641461,0,0,0.38961926,0.4486558,0,0,0.43765217,0.46403483,0,0,0,0,0,0.98266566,0,0.43570697,0,0.4486267,0,0,2.08E-17,0,0.58125275,0.47003502,3
0.4649748,0.5614199,0.2139768,0.13140363,0.38159412,0.46982324,1.64E-06,2.02E-12,0.34851477,0.4641461,0.0059623504,3.02E-05,0.38961926,0.4486558,0.012541173,0.00015114137,0.43765217,0.46403483,4.85E-22,1.05E-21,0.34055236,1.21E-12,0.43699217,5.97E-06,2.35E-05,0.43570697,0,0.4486267,0,0,0.3503546,0,0.58125275,0.47003502,4
0.4503658,0.5472883,0.21349643,0.13150552,0.38159412,0.46982324,0,0,0.34851477,0.4641461,0,0,0.38961926,0.4486558,0,0,0.43765217,0.46403483,0,0,0,0,0,0.98266494,0,0.43570697,0,0.4486267,0,0,2.08E-17,0,0.58125275,0.47003502,4
0.70595413,0.82127595,0.24961355,0.1277404,0.38159412,0.46982324,0,0,0.34851477,0.4641461,0.0025269846,5.43E-06,0.38961926,0.4486558,0.0058620363,3.30E-05,0.43765217,0.46403483,3.30E-22,2.69E-22,0.5656989,4.61E-11,0.7279782,5.42E-06,2.13E-05,0.43570697,0,0.4486267,0,0,0.35886526,0,0.58125275,0.47003502,1
0.49078006,0.32568642,0.2140558,0.13138802,0.38159412,0.46982324,0.011633758,0.000100831465,0.34851477,0.4641461,0.018353641,0.00028656787,0.38961926,0.4486558,0.015287592,0.00022458732,0.43765217,0.46403483,2.57E-22,4.64E-22,0.3516887,1.82E-06,0.25363168,4.27E-05,0.00016815902,0.43570697,0,0.4486267,0,0,0.3503546,0,0.58125275,0.47003502,4
0.2539751,0.23356086,1.52E-05,1.53E-06,0.38159412,0.46982324,0,0,0.34851477,0.4641461,0,0,0.38961926,0.4486558,0,0,0.43765217,0.46403483,0,0,0,0,0,0.9826629,0,0.43570697,0,0.4486267,0,0,2.08E-17,0,0.58125275,0.47003502,2
0.23375642,0.3193223,7.18E-05,3.58E-06,0.38159412,0.46982324,0,0,0.34851477,0.4641461,0,0,0.38961926,0.4486558,0,0,0.43765217,0.46403483,0,0,0,0,0,0.9826633,0,0.43570697,0,0.4486267,0,0,2.08E-17,0,0.58125275,0.47003502,2
0.7002275,0.27101102,0.008051047,8.00E-05,0.38159412,0.46982324,0,0,0.34851477,0.4641461,0,0,0.38961926,0.4486558,0,0,0.43765217,0.46403483,0,0,0,0,0,0.98266554,0,0.43570697,0,0.4486267,0,0,2.08E-17,0,0.58125275,0.47003502,3
0.00059529033,0.00055733987,0.014266731,0.004295684,0.38159412,0.46982324,0,1.44E-18,0.34851477,0.4641461,7.44E-09,4.71E-17,0.38961926,0.4486558,0.023132877,0.00051439396,0.4376522,0.4640495,1.82E-21,2.35E-18,0.00036276874,1.28E-15,0.00021095668,1.32E-08,4.67E-15,0.43570697,1.81E-18,0.4486267,0.00021653314,1.40E-09,0.009929078,1.90E-18,0.58125275,0.47003502,0
0.48438525,0.323783,0.21359156,0.13148522,0.38159412,0.46982324,0,0,0.34851477,0.4641461,0,0,0.38961926,0.4486558,0,0,0.43765217,0.46403483,0,0,0,0,0,0.9826648,0,0.43570697,0,0.4486267,0,0,2.08E-17,0,0.58125275,0.47003502,4
0.0012166608,0.0006335017,0.017749347,0.0023091526,0.38159412,0.46982324,0,0,0.34851477,0.4641461,1.41E-09,1.68E-18,0.38961926,0.4486558,1.41E-09,1.90E-18,0.43765217,0.46403483,8.15E-20,7.10E-15,0.00078946416,4.20E-13,0.00016706262,1.28E-07,5.43E-13,0.43570697,0,0.4486267,0.00014756355,0,0.009929078,0,0.58125275,0.47003502,0
0.00090363366,0.001549695,0.00795981,0.00079070125,0.38159412,0.46982324,1.47E-05,4.81E-06,0.34851477,0.4641446,0.02123442,0.00070522266,0.3896115,0.4429853,0.031297978,0.0011776505,0.4376404,0.46191093,5.94E-24,1.26E-19,0.00084980734,8.23E-18,0.0016039675,8.40E-10,7.24E-18,0.43570697,0.0004772784,0.4486267,0.0013943296,0.00025807682,0.039042354,0.0005166176,0.5812525,0.4630879,0
0.000154191,0.00043384783,0.017708067,0.012871794,0.38159412,0.46982324,1.39E-09,1.44E-18,0.34851477,0.4641461,0.00044332418,1.67E-07,0.38961926,0.4486558,0.012727359,0.00015566248,0.4376519,0.45553878,0,0,6.98E-06,7.88E-19,8.39E-05,2.18E-08,4.53E-16,0.43570697,1.80E-07,0.4486267,0.0002907747,0.012679424,0.03256962,0.00015563222,0.5812525,0.4616342,0
0.71709055,0.6570974,0.24339174,0.12188603,0.38159412,0.46982324,0.0027946297,5.82E-06,0.34851477,0.4641461,0.008949294,6.81E-05,0.38961926,0.4486558,0.0070494255,4.78E-05,0.43765217,0.46403483,1.07E-22,1.26E-22,0.5846325,2.92E-08,0.581745,1.30E-05,5.10E-05,0.43570697,0,0.4486267,0,0,0.3503546,0,0.58125275,0.47003502,4
0.45393613,0.46313947,0.0060280585,0.00010615803,0.38159412,0.46982324,0.0006590073,3.24E-07,0.34851477,0.4641461,0.0008549038,6.22E-07,0.38961926,0.4486558,0.00077456905,5.77E-07,0.43765217,0.46403483,3.24E-22,2.43E-21,0.33113807,1.04E-10,0.35659394,1.14E-05,4.48E-05,0.43570697,0,0.4486267,0,0,0.009929078,0,0.58125275,0.47003502,3
0.22265576,0.31575552,7.37E-05,3.74E-06,0.38159412,0.46982324,0,0,0.34851477,0.4641461,0,0,0.38961926,0.4486558,0,0,0.43765217,0.46403483,0,0,0,0,0,0.9826632,0,0.43570697,0,0.4486267,0,0,2.08E-17,0,0.58125275,0.47003502,2
0.36117998,0.27236527,0.2212402,0.13740696,0.38159412,0.46982324,0,0,0.34851477,0.4641461,0,0,0.38961926,0.4486558,0,0,0.43765217,0.46403483,0,0,0,0,0,0.9826661,0,0.43570697,0,0.4486267,0,0,2.08E-17,0,0.58125275,0.47003502,1
0.6948171,0.31361616,0.24413863,0.1215571,0.38159412,0.46982324,0.026846224,0.00053693587,0.34851477,0.4641461,0.011288714,0.00010841065,0.38961926,0.4486558,0.008378574,6.75E-05,0.43765217,0.46403483,1.10E-22,1.14E-18,0.5715735,2.44E-05,0.2785119,5.30E-05,0.0002083785,0.43570697,0,0.4486267,0,0,0.3503546,0,0.58125275,0.47003502,4
0.33985502,0.12326466,0.18275182,0.13424617,0.38159412,0.46982324,0,0,0.34851477,0.4641461,0,0,0.38961926,0.4486558,0,0,0.43765217,0.46403483,0,0,0,0,0,0.98266697,0,0.43570697,0,0.4486267,0,0,2.08E-17,0,0.58125275,0.47003502,5
0.4211132,0.5115481,0.21274634,0.13165776,0.38159412,0.46982324,0.027144507,0.0005489337,0.34851477,0.4641461,0.016853638,0.00024164085,0.38961926,0.4486558,0.014567705,0.00020393386,0.43765217,0.46403483,5.82E-21,2.35E-21,0.2984376,1.85E-10,0.3959233,1.07E-05,4.23E-05,0.43570697,0,0.4486267,0,0,0.3503546,0,0.58125275,0.47003502,4
0.41578138,0.6022634,0.21240868,0.1317234,0.38159412,0.46982324,0,0,0.34851477,0.4641461,0,0,0.38961926,0.4486558,0,0,0.43765217,0.46403483,0,0,0,0,0,0.98266506,0,0.43570697,0,0.4486267,0,0,2.08E-17,0,0.58125275,0.47003502,4
0.3251233,0.36520436,0.2137001,0.13893555,0.38159412,0.46982324,0.038966626,0.0011312058,0.34851477,0.4641461,0.03780025,0.0012155487,0.38961926,0.4486558,0.028248942,0.00076685176,0.43765217,0.46403483,9.03E-21,1.48E-20,0.23168513,2.51E-08,0.27747545,2.44E-05,9.61E-05,0.43570697,0,0.4486267,0,0,0.35886526,0,0.58125275,0.47003502,1
0.25802156,0.3504369,1.49E-05,1.51E-06,0.38159412,0.46982324,0,0,0.34851477,0.4641461,0,0,0.38961926,0.4486558,0,0,0.43765217,0.46403483,0,0,0,0,0,0.9826631,0,0.43570697,0,0.4486267,0,0,2.08E-17,0,0.58125275,0.47003502,2
0.41265768,0.5303282,0.21341899,0.1315201,0.38159412,0.46982324,0,0,0.34851477,0.4641461,0,0,0.38961926,0.4486558,0,0,0.43765217,0.46403483,0,0,0,0,0,0.98266494,0,0.43570697,0,0.4486267,0,0,2.08E-17,0,0.58125275,0.47003502,4
0.0010048996,0.0015660838,0.007935589,0.0007461859,0.38159412,0.46982315,0.0010531882,1.32E-05,0.34851474,0.46229365,0.018098725,0.00051894883,0.38960898,0.43838882,0.030341951,0.001117089,0.43774152,0.48093808,6.14E-23,5.58E-19,0.0008756584,1.98E-17,0.0016211674,8.40E-10,1.74E-17,0.43570697,0.0003209653,0.44859445,0.0013931742,0.0024838669,0.039577108,0.00048493067,0.58125037,0.4623107,0
0.7226242,0.6890021,0.0080736885,7.89E-05,0.38159412,0.46982324,6.53E-06,3.18E-11,0.34851477,0.4641461,0.0002407716,4.93E-08,0.38961926,0.4486558,0.00027597637,7.32E-08,0.43765217,0.46403483,8.59E-23,7.80E-23,0.68550223,1.63E-08,0.7102463,1.02E-05,4.01E-05,0.43570697,0,0.4486267,0,0,0.009929078,0,0.58125275,0.47003502,3
0.0010512993,0.001637725,0.010669336,0.0032724908,0.38159412,0.46982324,0.032788806,0.00096766936,0.34851152,0.46256682,0.045552716,0.0018781057,0.38941687,0.38238585,0.064131916,0.066711314,0.43991566,0.48453903,5.88E-22,3.71E-18,0.0009855733,2.00E-12,0.0016000586,0.0009536307,0.0037428911,0.43570697,0.0040143766,0.43567547,0.0012600237,0.111514084,0.06582094,0.08892653,0.58209664,0.47463205,0
0.7065413,0.5465028,0.24370754,0.121747844,0.38159412,0.46982324,0.0002758044,5.67E-08,0.34851477,0.4641461,0.0071297777,4.32E-05,0.38961926,0.4486558,0.006957643,4.65E-05,0.43765217,0.46403483,5.90E-23,8.78E-23,0.58111763,4.14E-07,0.48445928,2.03E-05,7.98E-05,0.43570697,0,0.4486267,0,0,0.3503546,0,0.58125275,0.47003502,4
0.22989647,0.1645116,7.71E-05,4.08E-06,0.38159412,0.46982324,0,0,0.34851477,0.4641461,0,0,0.38961926,0.4486558,0,0,0.43765217,0.46403483,0,0,0,0,0,0.98266286,0,0.43570697,0,0.4486267,0,0,2.08E-17,0,0.58125275,0.47003502,2
0.71280897,0.86908776,0.24415669,0.12154837,0.38159412,0.46982324,0.00042322263,1.33E-07,0.34851477,0.4641461,0.0075317123,4.83E-05,0.38961926,0.4486558,0.006901807,4.58E-05,0.43765217,0.46403483,2.39E-22,2.48E-22,0.5830355,4.85E-12,0.7718434,4.09E-06,1.61E-05,0.43570697,0,0.4486267,0,0,0.3503546,0,0.58125275,0.47003502,4
0.0011533013,0.0016117467,0.00813001,0.0010178917,0.38159412,0.46982318,0.0005499405,1.15E-05,0.34851474,0.46223155,0.025036406,0.00069487066,0.38959172,0.42896307,0.03517916,0.0014397532,0.43772134,0.474383,1.46E-17,1.45E-17,0.0012056543,1.26E-17,0.0017167545,7.68E-10,1.50E-17,0.43570697,0.0003314381,0.446631,0.0014603349,0.0031382712,0.039189335,0.00051757373,0.5812529,0.4704449,0
0.4153125,0.19361576,0.21024328,0.13949323,0.38159412,0.46982324,0,0,0.34851477,0.4641461,0,0,0.38961926,0.4486558,0,0,0.43765217,0.46403483,0,0,0,0,0,0.9826661,0,0.43570697,0,0.4486267,0,0,2.08E-17,0,0.58125275,0.47003502,1
0.48664704,0.5885715,0.21518554,0.13114329,0.38159412,0.46982324,0.0017949496,2.40E-06,0.34851477,0.4641461,0.011448853,0.00011150824,0.38961926,0.4486558,0.012785413,0.00015708568,0.43765217,0.46403483,8.00E-22,8.94E-22,0.3587762,3.00E-14,0.46072182,3.93E-06,1.55E-05,0.43570697,0,0.4486267,0,0,0.3503546,0,0.58125275,0.47003502,4
0.7013203,0.31844127,0.24980539,0.1276544,0.38159412,0.46982324,0,0,0.34851477,0.4641461,0,0,0.38961926,0.4486558,0,0,0.43765217,0.46403483,0,0,0,0,0,0.9826661,0,0.43570697,0,0.4486267,0,0,2.08E-17,0,0.58125275,0.47003502,1
0.2552311,0.35307416,1.65E-05,1.67E-06,0.38159412,0.46982324,0,0,0.34851477,0.4641461,0,0,0.38961926,0.4486558,0,0,0.43765217,0.46403483,0,0,0,0,0,0.98266315,0,0.43570697,0,0.4486267,0,0,2.08E-17,0,0.58125275,0.47003502,2
0.0002164748,0.00039757075,0.012616302,0.004825029,0.38159412,0.46982324,0,0,0.34851477,0.4641461,0,0,0.38961926,0.4486558,9.93E-10,9.50E-19,0.43765217,0.46403483,0,0,1.53E-08,3.14E-21,1.50E-05,8.36E-08,2.69E-17,0.43570697,0,0.4486267,5.20E-05,9.90E-10,2.08E-17,9.50E-19,0.58125275,0.47003502,0
0.0014764887,0.0017885208,0.008808657,0.0008096599,0.38159367,0.46717933,0.06511012,0.0031884117,0.34836,0.42157394,0.040438104,0.0015841272,0.38973442,0.48772687,0.031107308,0.001164521,0.4376139,0.4570659,6.90E-18,8.00E-18,0.001377538,1.37E-17,0.001920353,6.42E-10,1.35E-17,0.3980774,0.0038428828,0.4806886,0.0014245893,0.058093295,0.044908892,0.0035298842,0.5817187,0.50959265,0
0.21973562,0.28679553,7.51E-05,3.76E-06,0.38159412,0.46982324,0,0,0.34851477,0.4641461,0,0,0.38961926,0.4486558,0,0,0.43765217,0.46403483,0,0,0,0,0,0.98266304,0,0.43570697,0,0.4486267,0,0,2.08E-17,0,0.58125275,0.47003502,2
0.7300674,0.93902504,0.24470241,0.12130485,0.38159412,0.46982324,0,0,0.34851477,0.4641461,0,0,0.38961926,0.4486558,0,0,0.43765217,0.46403483,0,0,0,0,0,0.982665,0,0.43570697,0,0.4486267,0,0,2.08E-17,0,0.58125275,0.47003502,4
0.43179882,0.45929146,0.0060027614,0.000106304775,0.38159412,0.46982324,0,0,0.34851477,0.4641461,0,0,0.38961926,0.4486558,0,0,0.43765217,0.46403483,0,0,0,0,0,0.98266566,0,0.43570697,0,0.4486267,0,0,2.08E-17,0,0.58125275,0.47003502,3
0.71024287,0.67954576,0.008060412,7.93E-05,0.38159412,0.46982324,2.30E-05,3.93E-10,0.34851477,0.4641461,0.00027445814,6.41E-08,0.38961926,0.4486558,0.00028138998,7.61E-08,0.43765217,0.46403483,1.81E-22,1.35E-22,0.6652076,2.12E-08,0.69920313,1.06E-05,4.17E-05,0.43570697,0,0.4486267,0,0,0.009929078,0,0.58125275,0.47003502,3
0.41172004,0.52552277,0.2128338,0.1316395,0.38159412,0.46982324,0.0012102685,1.09E-06,0.34851477,0.4641461,0.012900726,0.00014158308,0.38961926,0.4486558,0.014064118,0.0001900781,0.43765217,0.46403483,2.40E-21,2.94E-21,0.2915464,2.98E-11,0.40689486,8.69E-06,3.42E-05,0.43570697,0,0.4486267,0,0,0.3503546,0,0.58125275,0.47003502,4
0.000770491,0.0015067029,0.008106665,0.000827814,0.38159412,0.46982324,3.78E-06,3.38E-07,0.34851477,0.46414697,0.0071506333,0.000105053325,0.3896251,0.48023936,0.010029026,0.00015143497,0.4376728,0.49257752,1.16E-30,1.29E-21,0.00012266691,3.69E-17,0.00035867628,5.15E-09,5.20E-17,0.43570787,0.000113360715,0.4802082,0.0012435301,0.009991254,0.028168626,0.00015140555,0.5812696,0.49825785,0
0.7220696,0.7521208,0.24366973,0.12176435,0.38159412,0.46982324,0,0,0.34851477,0.4641461,0,0,0.38961926,0.4486558,0,0,0.43765217,0.46403483,0,0,0,0,0,0.9826649,0,0.43570697,0,0.4486267,0,0,2.08E-17,0,0.58125275,0.47003502,4
0.70386446,0.394111,0.25049302,0.12733993,0.38159412,0.46982324,0,0,0.34851477,0.4641461,0,0,0.38961926,0.4486558,0,0,0.43765217,0.46403483,0,0,0,0,0,0.9826661,0,0.43570697,0,0.4486267,0,0,2.08E-17,0,0.58125275,0.47003502,1
0.7012269,0.77500564,0.2506545,0.12726639,0.38159412,0.46982324,0,0,0.34851477,0.4641461,0,0,0.38961926,0.4486558,0,0,0.43765217,0.46403483,0,0,0,0,0,0.9826662,0,0.43570697,0,0.4486267,0,0,2.08E-17,0,0.58125275,0.47003502,1
0.4595451,0.5017686,0.2126045,0.13168764,0.38159412,0.46982324,0,0,0.34851477,0.4641461,0,0,0.38961926,0.4486558,0,0,0.43765217,0.46403483,0,0,0,0,0,0.9826649,0,0.43570697,0,0.4486267,0,0,2.08E-17,0,0.58125275,0.47003502,4
0.8893979,0.9154502,0.008139843,7.72E-05,0.38159412,0.46982324,0.00021325059,3.39E-08,0.34851477,0.4641461,0.0002670532,6.07E-08,0.38961926,0.4486558,0.00025707003,6.35E-08,0.43765217,0.46403483,7.07E-23,2.77E-22,0.85608476,1.86E-11,0.95296496,3.94E-06,1.55E-05,0.43570697,0,0.4486267,0,0,0.009929078,0,0.58125275,0.47003502,3
0.7180086,0.8372891,0.24430574,0.12148179,0.38159412,0.46982324,1.20E-05,1.07E-10,0.34851477,0.4641461,0.005210916,2.31E-05,0.38961926,0.4486558,0.0065494752,4.12E-05,0.43765217,0.46403483,1.10E-22,2.12E-22,0.59108377,3.37E-11,0.74404925,5.16E-06,2.03E-05,0.43570697,0,0.4486267,0,0,0.3503546,0,0.58125275,0.47003502,4
0.2270035,0.30075952,7.36E-05,3.70E-06,0.38159412,0.46982324,0,0,0.34851477,0.4641461,0,0,0.38961926,0.4486558,0,0,0.43765217,0.46403483,0,0,0,0,0,0.9826631,0,0.43570697,0,0.4486267,0,0,2.08E-17,0,0.58125275,0.47003502,2
0.3749145,0.27241132,0.22290547,0.13701007,0.38159412,0.46982324,0,0,0.34851477,0.4641461,0,0,0.38961926,0.4486558,0,0,0.43765217,0.46403483,0,0,0,0,0,0.9826661,0,0.43570697,0,0.4486267,0,0,2.08E-17,0,0.58125275,0.47003502,1
0.4452653,0.50376016,0.21306223,0.13159454,0.38159412,0.46982324,0,0,0.34851477,0.4641461,0,0,0.38961926,0.4486558,0,0,0.43765217,0.46403483,0,0,0,0,0,0.9826649,0,0.43570697,0,0.4486267,0,0,2.08E-17,0,0.58125275,0.47003502,4
0.7278254,0.5731036,0.008087475,7.92E-05,0.38159412,0.46982324,1.88E-05,2.63E-10,0.34851477,0.4641461,0.00026774933,6.10E-08,0.38961926,0.4486558,0.0002923025,8.21E-08,0.43765217,0.46403483,4.88E-23,6.52E-23,0.68987244,2.95E-07,0.5901385,1.64E-05,6.44E-05,0.43570697,0,0.4486267,0,0,0.009929078,0,0.58125275,0.47003502,3
0.7148007,0.62539494,0.24346499,0.12185449,0.38159412,0.46982324,0,0,0.34851477,0.4641461,0,0,0.38961926,0.4486558,0,0,0.43765217,0.46403483,0,0,0,0,0,0.9826648,0,0.43570697,0,0.4486267,0,0,2.08E-17,0,0.58125275,0.47003502,4
0.24714082,0.06323721,0.0051127803,0.00010789948,0.38159412,0.46982324,0,0,0.34851477,0.4641461,0,0,0.38961926,0.4486558,0,0,0.43765217,0.46403483,0,0,0,0,0,0.9826655,0,0.43570697,0,0.4486267,0,0,2.08E-17,0,0.58125275,0.47003502,3
0.36105555,0.40021315,0.18369876,0.1342588,0.38159412,0.46982324,0,0,0.34851477,0.4641461,0,0,0.38961926,0.4486558,0,0,0.43765217,0.46403483,0,0,0,0,0,0.9826671,0,0.43570697,0,0.4486267,0,0,2.08E-17,0,0.58125275,0.47003502,5
0.43920055,0.4058686,0.21179716,0.13184597,0.38159412,0.46982324,0,0,0.34851477,0.4641461,0,0,0.38961926,0.4486558,0,0,0.43765217,0.46403483,0,0,0,0,0,0.9826648,0,0.43570697,0,0.4486267,0,0,2.08E-17,0,0.58125275,0.47003502,4
0.42968276,0.60303664,0.2114251,0.13191727,0.38159412,0.46982324,0.019279674,0.00027692068,0.34851477,0.4641461,0.01946348,0.00032227306,0.38961926,0.4486558,0.014240812,0.00019488417,0.43765217,0.46403483,1.35E-21,2.03E-21,0.29708993,1.33E-20,0.4638259,8.77E-07,3.45E-06,0.43570697,0,0.4486267,0,0,0.3503546,0,0.58125275,0.47003502,4
0.71204376,0.41161424,0.24323563,0.12195435,0.38159412,0.46982324,1.63E-05,1.98E-10,0.34851477,0.4641461,0.0053394507,2.43E-05,0.38961926,0.4486558,0.006802677,4.45E-05,0.43765217,0.46403483,1.17E-22,1.18E-22,0.57811856,5.45E-06,0.36417362,3.49E-05,0.00013736016,0.43570697,0,0.4486267,0,0,0.3503546,0,0.58125275,0.47003502,4
0.005732622,0.0011829288,0.05963194,0.07939064,0.39040312,0.50253516,0.3338211,0.15052594,0.33885935,0.4335769,0.3268694,0.20961188,0.3663964,0.38691744,0.31226936,0.22417696,0.42917863,0.4550202,6.40E-19,7.16E-18,0.0070293187,2.41E-17,0.0012505202,1.36E-09,1.43E-16,0.60932285,0.20584902,0.6165069,0.00022517896,0.41417858,0.21539201,0.21543054,0.7184249,0.6312333,0
0.26264304,0.35531005,1.52E-05,1.50E-06,0.38159412,0.46982324,0,0,0.34851477,0.4641461,0,0,0.38961926,0.4486558,0,0,0.43765217,0.46403483,0,0,0,0,0,0.98266315,0,0.43570697,0,0.4486267,0,0,2.08E-17,0,0.58125275,0.47003502,2
0.28646946,0.056019723,0.2184911,0.13036576,0.38159412,0.46982324,0,0,0.34851477,0.4641461,0,0,0.38961926,0.4486558,0,0,0.43765217,0.46403483,0,0,0,0,0,0.98266476,0,0.43570697,0,0.4486267,0,0,2.08E-17,0,0.58125275,0.47003502,4
0.001000694,0.0018646393,0.05944425,0.17766355,0.38159412,0.46982324,2.09E-05,6.34E-08,0.34851477,0.46414533,0.09816588,0.008872929,0.3895983,0.44727096,0.46452138,0.22831479,0.46792644,0.49564293,4.25E-17,4.25E-17,0.00087378285,2.33E-17,0.002020125,5.86E-10,9.90E-18,0.43570697,0.011193398,0.44891497,0.0012101898,0.08587869,0.18292186,0.4598956,0.598185,0.52246,0
0.21763922,0.31700644,7.41E-05,3.69E-06,0.38159412,0.46982324,0,0,0.34851477,0.4641461,0,0,0.38961926,0.4486558,0,0,0.43765217,0.46403483,0,0,0,0,0,0.9826633,0,0.43570697,0,0.4486267,0,0,2.08E-17,0,0.58125275,0.47003502,2
0.26071185,0.26420423,1.67E-05,1.71E-06,0.38159412,0.46982324,0,0,0.34851477,0.4641461,0,0,0.38961926,0.4486558,0,0,0.43765217,0.46403483,0,0,0,0,0,0.9826629,0,0.43570697,0,0.4486267,0,0,2.08E-17,0,0.58125275,0.47003502,2
0.35065365,0.15150592,0.18298426,0.1342488,0.38159412,0.46982324,0.034860075,0.0009053418,0.34851477,0.4641461,0.022053933,0.0004137663,0.38961926,0.4486558,0.021679137,0.00045163863,0.43765217,0.46403483,5.08E-22,4.93E-17,0.21543352,8.54E-05,0.10089396,0.0001503414,0.00059133844,0.43570697,3.25E-15,0.4486267,0.34948877,8.61E-08,0.3503546,7.17E-15,0.58125275,0.47003502,5
0.002565575,0.00082240126,0.021756537,0.013977431,0.3383939,0.36840162,0.23931397,0.44103262,0.30897093,0.37074506,0.2329576,0.48188284,0.36113262,0.38197497,0.20036069,0.43332127,0.45678073,0.48582122,1.76E-18,8.42E-18,0.0015434234,6.80E-17,0.00034756676,5.69E-09,1.15E-11,0.6303534,0.13428505,0.6361578,0.000225192,0.3614056,0.17686978,0.14054863,0.670633,0.65003663,0
0.2211354,0.31730643,7.42E-05,3.71E-06,0.38159412,0.46982324,0,0,0.34851477,0.4641461,0,0,0.38961926,0.4486558,0,0,0.43765217,0.46403483,0,0,0,0,0,0.9826633,0,0.43570697,0,0.4486267,0,0,2.08E-17,0,0.58125275,0.47003502,2
0.4372752,0.60539913,0.2131414,0.13157763,0.38159412,0.46982324,0.0047886185,1.71E-05,0.34851477,0.4641461,0.014469413,0.00017810859,0.38961926,0.4486558,0.013068948,0.00016413014,0.43765217,0.46403483,6.62E-21,2.23E-21,0.30729705,3.64E-17,0.4693969,1.94E-06,7.63E-06,0.43570697,0,0.4486267,0,0,0.3503546,0,0.58125275,0.47003502,4
0.7557158,0.71668714,0.0070874137,9.57E-05,0.38159412,0.46982324,1.60E-06,1.91E-12,0.34851477,0.4641461,0.00018122284,2.79E-08,0.38961926,0.4486558,0.00024271295,5.66E-08,0.43765217,0.46403483,2.96E-22,2.50E-22,0.63259155,1.16E-08,0.65152,1.06E-05,4.19E-05,0.43570697,0,0.4486267,0,0,0.009929078,0,0.58125275,0.47003502,3
0.7233001,0.740669,0.24354836,0.12181771,0.38159412,0.46982324,0.011663198,0.00010134242,0.34851477,0.4641461,0.010343988,9.10E-05,0.38961926,0.4486558,0.0071462984,4.91E-05,0.43765217,0.46403483,1.24E-22,1.21E-22,0.58848435,2.14E-09,0.65615875,8.86E-06,3.49E-05,0.43570697,0,0.4486267,0,0,0.3503546,0,0.58125275,0.47003502,4
0.4222225,0.6024453,0.2121779,0.13176908,0.38159412,0.46982324,2.95E-05,6.48E-10,0.34851477,0.4641461,0.0100133605,8.53E-05,0.38961926,0.4486558,0.01316151,0.0001664633,0.43765217,0.46403483,3.52E-22,3.64E-22,0.29729378,3.73E-20,0.46499276,9.79E-07,3.85E-06,0.43570697,0,0.4486267,0,0,0.3503546,0,0.58125275,0.47003502,4
0.22026168,0.13885948,7.99E-05,4.15E-06,0.38159412,0.46982324,0,0,0.34851477,0.4641461,0,0,0.38961926,0.4486558,0,0,0.43765217,0.46403483,0,0,0,0,0,0.98266286,0,0.43570697,0,0.4486267,0,0,2.08E-17,0,0.58125275,0.47003502,2
0.73074293,0.69207096,0.008075924,7.89E-05,0.38159412,0.46982324,0,0,0.34851477,0.4641461,0,0,0.38961926,0.4486558,0,0,0.43765217,0.46403483,0,0,0,0,0,0.9826656,0,0.43570697,0,0.4486267,0,0,2.08E-17,0,0.58125275,0.47003502,3
0.3355782,0.2832297,0.21065946,0.1394337,0.38159412,0.46982324,0,0,0.34851477,0.4641461,0,0,0.38961926,0.4486558,0,0,0.43765217,0.46403483,0,0,0,0,0,0.98266613,0,0.43570697,0,0.4486267,0,0,2.08E-17,0,0.58125275,0.47003502,1
0.0099076,0.0018716159,0.063910715,0.090773076,0.37872025,0.4606478,0.3432571,0.15868464,0.3372276,0.43027627,0.3425923,0.19416218,0.36588588,0.38454178,0.33178365,0.20815234,0.4267052,0.4523521,3.34E-18,7.51E-18,0.011519136,1.50E-17,0.0019920017,6.94E-10,8.77E-17,0.5010704,0.17508823,0.5128083,0.00037529078,0.35704395,0.19183186,0.18327336,0.62624276,0.5317572,0
0.0076740766,0.0017281655,0.060733207,0.076855786,0.36858496,0.43219948,0.34109762,0.17427,0.3275016,0.40481064,0.3409027,0.20447683,0.36435804,0.38250747,0.3223139,0.2082154,0.45250052,0.4801918,3.57E-18,4.29E-18,0.009143959,7.79E-18,0.0016396292,9.07E-10,8.46E-17,0.6090815,0.20585632,0.6164839,0.00022518248,0.41418025,0.215392,0.2154313,0.71842337,0.63123107,0
0.34502274,0.1784561,0.18323982,0.13424735,0.38159412,0.46982324,0.010089548,7.58E-05,0.34851477,0.4641461,0.021364767,0.00038831073,0.38961926,0.4486558,0.021436676,0.00044159283,0.43765217,0.46403483,5.86E-21,1.54E-20,0.21331044,3.74E-05,0.11900294,0.00011724809,0.0004611883,0.43570697,3.37E-15,0.4486267,0.41222504,9.96E-08,0.3503546,9.60E-15,0.58125275,0.47003502,5
0.24911807,0.35883984,1.56E-05,1.58E-06,0.38159412,0.46982324,0,0,0.34851477,0.4641461,0,0,0.38961926,0.4486558,0,0,0.43765217,0.46403483,0,0,0,0,0,0.9826632,0,0.43570697,0,0.4486267,0,0,2.08E-17,0,0.58125275,0.47003502,2
0.45851046,0.46391842,0.006032195,0.00010613042,0.38159412,0.46982324,0,0,0.34851477,0.4641461,0,0,0.38961926,0.4486558,0,0,0.43765217,0.46403483,0,0,0,0,0,0.98266566,0,0.43570697,0,0.4486267,0,0,2.08E-17,0,0.58125275,0.47003502,3
0.74692106,0.60042185,0.007066396,9.60E-05,0.38159412,0.46982324,0.00010711176,8.55E-09,0.34851477,0.4641461,0.0003436818,1.00E-07,0.38961926,0.4486558,0.00027215134,7.12E-08,0.43765217,0.46403483,5.14E-22,2.37E-22,0.6164874,2.09E-07,0.5441965,1.70E-05,6.68E-05,0.43570697,0,0.4486267,0,0,0.009929078,0,0.58125275,0.47003502,3
0.72166353,0.86626786,0.00708099,9.58E-05,0.38159412,0.46982324,0,0,0.34851477,0.4641461,0,0,0.38961926,0.4486558,0,0,0.43765217,0.46403483,0,0,0,0,0,0.98266566,0,0.43570697,0,0.4486267,0,0,2.08E-17,0,0.58125275,0.47003502,3
0.7101918,0.9545451,0.24499905,0.12117185,0.38159412,0.46982324,0,0,0.34851477,0.4641461,0,0,0.38961926,0.4486558,0,0,0.43765217,0.46403483,0,0,0,0,0,0.982665,0,0.43570697,0,0.4486267,0,0,2.08E-17,0,0.58125275,0.47003502,4
0.70517576,0.59784204,0.2499397,0.1275921,0.38159412,0.46982324,0,0,0.34851477,0.4641461,0,0,0.38961926,0.4486558,0,0,0.43765217,0.46403483,0,0,0,0,0,0.98266613,0,0.43570697,0,0.4486267,0,0,2.08E-17,0,0.58125275,0.47003502,1
0.4240272,0.43521938,0.21216586,0.131774,0.38159412,0.46982324,0.020868583,0.0003244456,0.34851477,0.4641461,0.022110265,0.00041588277,0.38961926,0.4486558,0.016080873,0.00024849994,0.43765217,0.46403483,2.31E-21,2.51E-21,0.2998911,1.95E-08,0.33595607,2.02E-05,7.94E-05,0.43570697,0,0.4486267,0,0,0.3503546,0,0.58125275,0.47003502,4
7.58E-05,0.00042725593,0.016748965,0.010494483,0.38159412,0.46982324,0,0,0.34851477,0.4641461,9.93E-10,8.41E-19,0.38961926,0.4486558,0,0,0.43765217,0.46403483,0,0,1.71E-08,1.26E-20,1.52E-05,8.29E-08,2.17E-17,0.43570697,9.07E-19,0.4486267,5.27E-05,0,2.08E-17,0,0.58125275,0.47003502,0
0.71861386,0.859963,0.0070775715,9.59E-05,0.38159412,0.46982324,0,0,0.34851477,0.4641461,0,0,0.38961926,0.4486558,0,0,0.43765217,0.46403483,0,0,0,0,0,0.98266566,0,0.43570697,0,0.4486267,0,0,2.08E-17,0,0.58125275,0.47003502,3
0.25706986,0.22546345,1.65E-05,1.68E-06,0.38159412,0.46982324,0,0,0.34851477,0.4641461,0,0,0.38961926,0.4486558,0,0,0.43765217,0.46403483,0,0,0,0,0,0.9826629,0,0.43570697,0,0.4486267,0,0,2.08E-17,0,0.58125275,0.47003502,2
0.7183045,0.9956609,0.24399354,0.121620804,0.38159412,0.46982324,0,0,0.34851477,0.4641461,0,0,0.38961926,0.4486558,0,0,0.43765217,0.46403483,0,0,0,0,0,0.98266506,0,0.43570697,0,0.4486267,0,0,2.08E-17,0,0.58125275,0.47003502,4
0.7499055,0.5481174,0.0070744283,9.59E-05,0.38159412,0.46982324,1.16E-07,1.00E-14,0.34851477,0.4641461,0.00017225389,2.52E-08,0.38961926,0.4486558,0.00022665488,4.94E-08,0.43765217,0.46403483,4.93E-22,2.40E-22,0.62459517,6.09E-07,0.49736914,2.07E-05,8.14E-05,0.43570697,0,0.4486267,0,0,0.009929078,0,0.58125275,0.47003502,3
0.46174768,0.38307002,0.21354775,0.13149208,0.38159412,0.46982324,0.0006036225,2.71E-07,0.34851477,0.4641461,0.011921568,0.000120906545,0.38961926,0.4486558,0.014083375,0.00019059898,0.43765217,0.46403483,1.77E-21,1.21E-21,0.32982337,2.61E-07,0.29759058,2.98E-05,0.000117287185,0.43570697,0,0.4486267,0,0,0.3503546,0,0.58125275,0.47003502,4
0.0011806086,0.0016509336,0.008015807,0.0006971081,0.38159412,0.46982324,2.01E-06,3.42E-05,0.34851477,0.4641591,0.015693681,0.00047269228,0.38962394,0.45411003,0.028672758,0.0010415377,0.43775046,0.4837598,5.23E-18,5.61E-18,0.0012724859,1.63E-17,0.0018012155,7.15E-10,1.66E-17,0.43570697,0.00019044486,0.43059942,0.0016252414,0.004533544,0.03941911,0.00051500706,0.58126146,0.4853772,0
0.0010401965,0.0015429467,0.00821373,0.0008040786,0.38159412,0.46687242,0.0032329508,8.46E-06,0.34851494,0.47533098,0.032355797,0.0010542506,0.38962424,0.45110396,0.03117628,0.0011633231,0.4377941,0.48994592,1.93E-19,3.13E-18,0.0010556104,6.16E-18,0.0016458242,8.07E-10,6.23E-18,0.43540892,0.0030849944,0.41783524,0.0012909173,0.05706813,0.044441227,0.0034298608,0.5814939,0.49076712,0
0.7079548,0.5636076,0.25069836,0.12724553,0.38159412,0.46982324,0,0,0.34851477,0.4641461,0,0,0.38961926,0.4486558,0,0,0.43765217,0.46403483,0,0,0,0,0,0.98266613,0,0.43570697,0,0.4486267,0,0,2.08E-17,0,0.58125275,0.47003502,1
0.77131337,0.8132924,0.008091252,7.81E-05,0.38159412,0.46982324,3.49E-08,9.08E-16,0.34851477,0.4641461,0.00013817527,1.62E-08,0.38961926,0.4486558,0.00024849316,5.93E-08,0.43765217,0.46403483,8.31E-23,8.83E-23,0.7408635,3.57E-10,0.84174633,5.91E-06,2.33E-05,0.43570697,0,0.4486267,0,0,0.009929078,0,0.58125275,0.47003502,3
0.7644062,0.77292657,0.008076113,7.86E-05,0.38159412,0.46982324,2.86E-05,6.07E-10,0.34851477,0.4641461,0.00027141508,6.27E-08,0.38961926,0.4486558,0.00027277003,7.15E-08,0.43765217,0.46403483,1.81E-22,1.02E-22,0.7262914,1.38E-09,0.7979709,7.12E-06,2.80E-05,0.43570697,0,0.4486267,0,0,0.009929078,0,0.58125275,0.47003502,3
0.7101606,0.4135276,0.24970904,0.1276975,0.38159412,0.46982324,6.54E-06,3.19E-11,0.34851477,0.4641461,0.0049808244,2.11E-05,0.38961926,0.4486558,0.00687531,4.54E-05,0.43765217,0.46403483,4.29E-22,2.35E-22,0.5745233,4.89E-06,0.36669576,3.43E-05,0.00013485974,0.43570697,0,0.4486267,0,0,0.35886526,0,0.58125275,0.47003502,1
0.7392975,0.79237574,0.007096319,9.57E-05,0.38159412,0.46982324,0,0,0.34851477,0.4641461,0,0,0.38961926,0.4486558,0,0,0.43765217,0.46403483,0,0,0,0,0,0.9826656,0,0.43570697,0,0.4486267,0,0,2.08E-17,0,0.58125275,0.47003502,3
0.3861164,0.30826855,0.0054637343,0.000108189844,0.38159412,0.46982324,0,0,0.34851477,0.4641461,0,0,0.38961926,0.4486558,0,0,0.43765217,0.46403483,0,0,0,0,0,0.98266554,0,0.43570697,0,0.4486267,0,0,2.08E-17,0,0.58125275,0.47003502,3
0.48693004,0.33623442,0.21387635,0.13142546,0.38159412,0.46982324,0.0025176944,4.72E-06,0.34851477,0.4641461,0.015738064,0.00021071028,0.38961926,0.4486558,0.014814661,0.00021090677,0.43765217,0.46403483,4.59E-22,8.89E-22,0.34782338,1.34E-06,0.2616193,4.01E-05,0.00015791191,0.43570697,0,0.4486267,0,0,0.3503546,0,0.58125275,0.47003502,4
0.7201628,0.33946624,0.008092685,7.87E-05,0.38159412,0.46982324,6.39E-06,3.04E-11,0.34851477,0.4641461,0.0002413335,4.95E-08,0.38961926,0.4486558,0.0002894828,8.05E-08,0.43765217,0.46403483,6.03E-23,5.92E-20,0.69359493,1.53E-05,0.35124278,4.09E-05,0.00016077016,0.43570697,0,0.4486267,0,0,0.009929078,0,0.58125275,0.47003502,3
0.45195064,0.2896123,0.21438585,0.13131644,0.38159412,0.46982324,2.57E-06,4.94E-12,0.34851477,0.4641461,0.008820165,6.62E-05,0.38961926,0.4486558,0.013429837,0.00017331996,0.43765217,0.46403483,8.55E-22,9.38E-22,0.32284614,5.14E-06,0.22586173,5.28E-05,0.00020770909,0.43570697,0,0.4486267,0,0,0.3503546,0,0.58125275,0.47003502,4
0.6991682,0.83591515,0.250123,0.1275093,0.38159412,0.46982324,0.0014878309,1.65E-06,0.34851477,0.4641461,0.008637206,6.35E-05,0.38961926,0.4486558,0.0067767072,4.41E-05,0.43765217,0.46403483,1.31E-22,1.72E-22,0.5740953,1.79E-11,0.7424822,4.84E-06,1.90E-05,0.43570697,0,0.4486267,0,0,0.35886526,0,0.58125275,0.47003502,1
0.21559739,0.2927666,7.59E-05,3.73E-06,0.38159412,0.46982324,0,0,0.34851477,0.4641461,0,0,0.38961926,0.4486558,0,0,0.43765217,0.46403483,0,0,0,0,0,0.98266304,0,0.43570697,0,0.4486267,0,0,2.08E-17,0,0.58125275,0.47003502,2
0.2246492,0.30623236,7.60E-05,3.89E-06,0.38159412,0.46982324,0,0,0.34851477,0.4641461,0,0,0.38961926,0.4486558,0,0,0.43765217,0.46403483,0,0,0,0,0,0.98266315,0,0.43570697,0,0.4486267,0,0,2.08E-17,0,0.58125275,0.47003502,2
0.43272614,0.53193295,0.21324119,0.13155718,0.38159412,0.46982324,0.00013941432,1.45E-08,0.34851477,0.4641461,0.010151796,8.77E-05,0.38961926,0.4486558,0.01368013,0.00017984051,0.43765217,0.46403483,7.32E-22,9.67E-22,0.3113626,1.84E-11,0.4126396,8.22E-06,3.23E-05,0.43570697,0,0.4486267,0,0,0.3503546,0,0.58125275,0.47003502,4
0.7663597,0.79316235,0.008092628,7.82E-05,0.38159412,0.46982324,1.18E-06,1.04E-12,0.34851477,0.4641461,0.0001957309,3.26E-08,0.38961926,0.4486558,0.00026050082,6.52E-08,0.43765217,0.46403483,2.12E-22,1.65E-22,0.7373564,7.17E-10,0.8207807,6.50E-06,2.56E-05,0.43570697,0,0.4486267,0,0,0.009929078,0,0.58125275,0.47003502,3
0.2530886,0.28040034,1.65E-05,1.67E-06,0.38159412,0.46982324,0,0,0.34851477,0.4641461,0,0,0.38961926,0.4486558,0,0,0.43765217,0.46403483,0,0,0,0,0,0.982663,0,0.43570697,0,0.4486267,0,0,2.08E-17,0,0.58125275,0.47003502,2
0.7068359,0.49285305,0.24356133,0.12181268,0.38159412,0.46982324,1.11E-08,9.25E-17,0.34851477,0.4641461,0.002555963,5.56E-06,0.38961926,0.4486558,0.0057716323,3.20E-05,0.43765217,0.46403483,4.08E-22,3.72E-22,0.5782993,1.25E-06,0.4366256,2.51E-05,9.89E-05,0.43570697,0,0.4486267,0,0,0.3503546,0,0.58125275,0.47003502,4
0.8345964,0.8680625,0.008126216,7.73E-05,0.38159412,0.46982324,7.01E-05,3.66E-09,0.34851477,0.4641461,0.00025453678,5.51E-08,0.38961926,0.4486558,0.00026013513,6.50E-08,0.43765217,0.46403483,5.86E-23,6.63E-23,0.81469536,6.72E-11,0.9029676,4.71E-06,1.85E-05,0.43570697,0,0.4486267,0,0,0.009929078,0,0.58125275,0.47003502,3
0.26412705,0.3111943,1.53E-05,1.51E-06,0.38159412,0.46982324,0,0,0.34851477,0.4641461,0,0,0.38961926,0.4486558,0,0,0.43765217,0.46403483,0,0,0,0,0,0.982663,0,0.43570697,0,0.4486267,0,0,2.08E-17,0,0.58125275,0.47003502,2
0.7359976,0.9312767,0.24535479,0.12101096,0.38159412,0.46982324,0,0,0.34851477,0.4641461,0,0,0.38961926,0.4486558,0,0,0.43765217,0.46403483,0,0,0,0,0,0.98266494,0,0.43570697,0,0.4486267,0,0,2.08E-17,0,0.58125275,0.47003502,4
0.0035550906,0.0009024024,0.04125328,0.049381554,0.34466395,0.37530592,0.3060223,0.24624321,0.30751377,0.36089364,0.3061353,0.2862536,0.34261963,0.3380752,0.2802863,0.2770932,0.41667002,0.44229946,4.15E-17,4.51E-17,0.0036618726,5.87E-17,0.0007098612,2.64E-09,1.97E-16,0.5578394,0.15368266,0.5671945,0.00030025595,0.3641999,0.18383618,0.16083936,0.65285003,0.5839287,0
0.21862197,0.1903226,7.96E-05,4.06E-06,0.38159412,0.46982324,0,0,0.34851477,0.4641461,0,0,0.38961926,0.4486558,0,0,0.43765217,0.46403483,0,0,0,0,0,0.9826629,0,0.43570697,0,0.4486267,0,0,2.08E-17,0,0.58125275,0.47003502,2
0.0011506004,0.001549496,0.008295868,0.000845139,0.38159412,0.46982768,0.059830263,0.0026668475,0.34851617,0.46891758,0.042655833,0.001633578,0.38974667,0.4980188,0.032010853,0.0011976118,0.4378155,0.49332872,2.40E-17,2.70E-17,0.0011726881,2.22E-17,0.0016449469,8.23E-10,1.76E-17,0.43570697,0.0040132245,0.4357348,0.0012096543,0.059283216,0.04449951,0.0036232057,0.5814598,0.48787782,0
0.22748314,0.16189782,7.53E-05,3.96E-06,0.38159412,0.46982324,0,0,0.34851477,0.4641461,0,0,0.38961926,0.4486558,0,0,0.43765217,0.46403483,0,0,0,0,0,0.98266286,0,0.43570697,0,0.4486267,0,0,2.08E-17,0,0.58125275,0.47003502,2
0.25562808,0.28744507,1.54E-05,1.52E-06,0.38159412,0.46982324,0,0,0.34851477,0.4641461,0,0,0.38961926,0.4486558,0,0,0.43765217,0.46403483,0,0,0,0,0,0.982663,0,0.43570697,0,0.4486267,0,0,2.08E-17,0,0.58125275,0.47003502,2
0.22320586,0.3159605,7.47E-05,3.79E-06,0.38159412,0.46982324,0,0,0.34851477,0.4641461,0,0,0.38961926,0.4486558,0,0,0.43765217,0.46403483,0,0,0,0,0,0.9826632,0,0.43570697,0,0.4486267,0,0,2.08E-17,0,0.58125275,0.47003502,2
0.32436004,0.110946625,0.18294498,0.13425216,0.38159412,0.46982324,0,0,0.34851477,0.4641461,0,0,0.38961926,0.4486558,0,0,0.43765217,0.46403483,0,0,0,0,0,0.98266697,0,0.43570697,0,0.4486267,0,0,2.08E-17,0,0.58125275,0.47003502,5
0.44666013,0.26204646,0.2138744,0.13142498,0.38159412,0.46982324,0.0001361274,1.38E-08,0.34851477,0.4641461,0.012877205,0.00014106728,0.38961926,0.4486558,0.014656284,0.00020642145,0.43765217,0.46403483,1.05E-20,3.48E-21,0.31269073,1.10E-05,0.20388837,6.29E-05,0.0002473919,0.43570697,0,0.4486267,0,0,0.3503546,0,0.58125275,0.47003502,4
0.7059489,0.6886632,0.25077623,0.12721027,0.38159412,0.46982324,0.00011746211,1.03E-08,0.34851477,0.4641461,0.0066269096,3.74E-05,0.38961926,0.4486558,0.006719367,4.34E-05,0.43765217,0.46403483,6.15E-23,1.13E-22,0.5838021,9.58E-09,0.61328477,1.10E-05,4.33E-05,0.43570697,0,0.4486267,0,0,0.35886526,0,0.58125275,0.47003502,1
0.71036196,0.4353028,0.24993944,0.12759373,0.38159412,0.46982324,9.80E-07,7.15E-13,0.34851477,0.4641461,0.0041227667,1.45E-05,0.38961926,0.4486558,0.00657388,4.15E-05,0.43765217,0.46403483,3.48E-22,2.40E-22,0.5766873,3.35E-06,0.38635942,3.13E-05,0.00012329328,0.43570697,0,0.4486267,0,0,0.35886526,0,0.58125275,0.47003502,1
0.2172344,0.15945873,7.60E-05,4.02E-06,0.38159412,0.46982324,0,0,0.34851477,0.4641461,0,0,0.38961926,0.4486558,0,0,0.43765217,0.46403483,0,0,0,0,0,0.98266286,0,0.43570697,0,0.4486267,0,0,2.08E-17,0,0.58125275,0.47003502,2
0.0010035763,0.0015410691,0.0076247556,0.0007243934,0.38159412,0.46982324,5.61E-06,0.00016051644,0.34851477,0.4641379,0.019049289,0.00060467527,0.38960534,0.43655285,0.029784799,0.0010998228,0.43779838,0.49195045,2.99E-18,3.14E-18,0.0009537041,5.86E-18,0.0016099736,8.34E-10,6.22E-18,0.43570697,0.0002984355,0.4486267,0.0013934238,8.91E-08,0.03904946,0.00051604665,0.58125275,0.47002158,0
0.0048491936,0.002293759,0.05522698,0.07820527,0.38159412,0.46982324,0,0,0.34851477,0.4641461,2.23E-09,4.20E-18,0.38961926,0.4486558,1.99E-09,3.80E-18,0.43765217,0.46403483,2.04E-23,4.39E-21,0.0016268771,5.81E-14,0.0005465729,8.01E-08,1.69E-07,0.43570697,4.53E-18,0.4486267,0.0018949673,1.98E-09,2.08E-17,3.80E-18,0.58125275,0.47003502,0
0.3948171,0.12597854,0.21985221,0.13003586,0.38159412,0.46982324,8.03E-06,4.80E-11,0.34851477,0.4641461,0.009198459,7.20E-05,0.38961926,0.4486558,0.013794428,0.0001828582,0.43765217,0.46403483,4.56E-22,1.31E-11,0.29096353,0.00023155329,0.10075296,0.0001714182,0.00067422376,0.43570697,0,0.4486267,0,0,0.3503546,0,0.58125275,0.47003502,4
0.73952293,0.6343534,0.008094914,7.87E-05,0.38159412,0.46982324,2.16E-08,3.48E-16,0.34851477,0.4641461,0.00013442007,1.54E-08,0.38961926,0.4486558,0.00025934898,6.46E-08,0.43765217,0.46403483,1.18E-22,9.79E-23,0.70628536,7.43E-08,0.6546853,1.29E-05,5.07E-05,0.43570697,0,0.4486267,0,0,0.009929078,0,0.58125275,0.47003502,3
0.2558883,0.3612136,1.53E-05,1.49E-06,0.38159412,0.46982324,0,0,0.34851477,0.4641461,0,0,0.38961926,0.4486558,0,0,0.43765217,0.46403483,0,0,0,0,0,0.9826633,0,0.43570697,0,0.4486267,0,0,2.08E-17,0,0.58125275,0.47003502,2
0.3992785,0.33619598,0.20951827,0.13959795,0.38159412,0.46982324,0,0,0.34851477,0.4641461,0,0,0.38961926,0.4486558,0,0,0.43765217,0.46403483,0,0,0,0,0,0.98266613,0,0.43570697,0,0.4486267,0,0,2.08E-17,0,0.58125275,0.47003502,1
0.35784855,0.43946588,0.20250756,0.14040148,0.38159412,0.46982324,0.047659334,0.0016922009,0.34851477,0.4641461,0.0357773,0.0010889254,0.38961926,0.4486558,0.028514571,0.00078134134,0.43765217,0.46403483,2.83E-21,4.00E-21,0.19209158,1.13E-10,0.31641406,1.22E-05,4.81E-05,0.43570697,0,0.4486267,0,0,0.35886526,0,0.58125275,0.47003502,1
0.2096076,0.282597,7.33E-05,3.74E-06,0.38159412,0.46982324,0,0,0.34851477,0.4641461,0,0,0.38961926,0.4486558,0,0,0.43765217,0.46403483,0,0,0,0,0,0.98266304,0,0.43570697,0,0.4486267,0,0,2.08E-17,0,0.58125275,0.47003502,2
0.0003952542,0.0005191033,0.014576264,0.0013051475,0.38159412,0.46982324,1.50E-06,7.15E-07,0.34851477,0.4641461,0.006391115,0.00047848746,0.38962957,0.4765304,0.03231505,0.003886053,0.43772587,0.4696133,0,1.35E-22,6.64E-05,4.58E-17,0.00020243783,9.44E-09,2.41E-16,0.43570697,0,0.4486267,0,0,0.009219858,0,0.58125275,0.47003502,0
0.2258134,0.31017873,7.16E-05,3.60E-06,0.38159412,0.46982324,0,0,0.34851477,0.4641461,0,0,0.38961926,0.4486558,0,0,0.43765217,0.46403483,0,0,0,0,0,0.98266315,0,0.43570697,0,0.4486267,0,0,2.08E-17,0,0.58125275,0.47003502,2
0.42000613,0.6037902,0.21361206,0.13147959,0.38159412,0.46982324,0,0,0.34851477,0.4641461,0,0,0.38961926,0.4486558,0,0,0.43765217,0.46403483,0,0,0,0,0,0.98266506,0,0.43570697,0,0.4486267,0,0,2.08E-17,0,0.58125275,0.47003502,4
0.0009952446,0.0015446119,0.00804154,0.00080567866,0.38159412,0.46982324,3.82E-06,3.67E-07,0.34851477,0.4641461,0.0071550277,0.00010560449,0.38962397,0.47398594,0.0099883275,0.00014889991,0.43767273,0.49295682,1.11E-30,1.29E-21,0.00012192299,3.60E-17,0.00034028594,5.44E-09,4.88E-17,0.43570697,0.00011395547,0.47395515,0.0011797708,0.009950708,0.027998094,0.00014887097,0.58126956,0.4986329,0
0.42896175,0.30883962,0.00556406,0.000108031,0.38159412,0.46982324,0,0,0.34851477,0.4641461,0,0,0.38961926,0.4486558,0,0,0.43765217,0.46403483,0,0,0,0,0,0.98266554,0,0.43570697,0,0.4486267,0,0,2.08E-17,0,0.58125275,0.47003502,3
0.25223854,0.3595274,1.51E-05,1.51E-06,0.38159412,0.46982324,0,0,0.34851477,0.4641461,0,0,0.38961926,0.4486558,0,0,0.43765217,0.46403483,0,0,0,0,0,0.9826632,0,0.43570697,0,0.4486267,0,0,2.08E-17,0,0.58125275,0.47003502,2
0.33163118,0.14869706,0.0050577796,0.000108043365,0.38159412,0.46982324,0.0011885405,1.05E-06,0.34851477,0.4641461,0.0015120031,1.94E-06,0.38961926,0.4486558,0.0010721217,1.10E-06,0.43765217,0.46403483,1.10E-20,3.59E-17,0.17275359,0.00010075885,0.096028104,0.0001570894,0.00061787514,0.43570697,0,0.4486267,0,0,0.009929078,0,0.58125275,0.47003502,3
0.736878,0.51827705,0.0070879012,9.57E-05,0.38159412,0.46982324,0,0,0.34851477,0.4641461,0,0,0.38961926,0.4486558,0,0,0.43765217,0.46403483,0,0,0,0,0,0.98266554,0,0.43570697,0,0.4486267,0,0,2.08E-17,0,0.58125275,0.47003502,3
0.47458977,0.23098595,0.21573454,0.13102067,0.38159412,0.46982324,0,0,0.34851477,0.4641461,0,0,0.38961926,0.4486558,0,0,0.43765217,0.46403483,0,0,0,0,0,0.98266476,0,0.43570697,0,0.4486267,0,0,2.08E-17,0,0.58125275,0.47003502,4
0.39237037,0.35658145,0.005627568,0.0001079216,0.38159412,0.46982324,0,0,0.34851477,0.4641461,0,0,0.38961926,0.4486558,0,0,0.43765217,0.46403483,0,0,0,0,0,0.9826656,0,0.43570697,0,0.4486267,0,0,2.08E-17,0,0.58125275,0.47003502,3
0.40528908,0.32441425,0.20928565,0.13963029,0.38159412,0.46982324,0,0,0.34851477,0.4641461,0,0,0.38961926,0.4486558,0,0,0.43765217,0.46403483,0,0,0,0,0,0.98266613,0,0.43570697,0,0.4486267,0,0,2.08E-17,0,0.58125275,0.47003502,1
0.22583216,0.31091303,7.20E-05,3.57E-06,0.38159412,0.46982324,0,0,0.34851477,0.4641461,0,0,0.38961926,0.4486558,0,0,0.43765217,0.46403483,0,0,0,0,0,0.98266315,0,0.43570697,0,0.4486267,0,0,2.08E-17,0,0.58125275,0.47003502,2
0.0010232244,0.0015732078,0.008057033,0.0008366735,0.38159412,0.46982324,1.50E-05,3.57E-05,0.34851477,0.46411893,0.020804778,0.0006536225,0.38957092,0.4108974,0.032015063,0.0012194078,0.43767896,0.4687098,4.90E-20,2.27E-18,0.00091956515,6.62E-18,0.0016456671,8.07E-10,6.11E-18,0.43566108,0.0017941088,0.48452577,0.0013535098,0.056797244,0.043850653,0.0033725589,0.5816444,0.50487727,0
0.0012992541,0.001596568,0.008012267,0.00076384936,0.38159412,0.4705071,0.008764759,9.03E-05,0.3485198,0.49000183,0.025610002,0.0008266909,0.38976002,0.53270274,0.030676708,0.0011501405,0.43797687,0.5235578,1.10E-17,1.10E-17,0.0011909417,7.70E-18,0.0016607511,7.98E-10,7.45E-18,0.43873322,0.00037459293,0.5044833,0.0015194438,0.003849305,0.039043512,0.000533563,0.58126795,0.50087655,0
0.7201719,0.9528902,0.24461456,0.12134429,0.38159412,0.46982324,2.18E-07,3.52E-14,0.34851477,0.4641461,0.0035018085,1.04E-05,0.38961926,0.4486558,0.006308564,3.82E-05,0.43765217,0.46403483,1.82E-22,1.59E-22,0.58544534,3.55E-15,0.84784484,1.81E-06,7.13E-06,0.43570697,0,0.4486267,0,0,0.3503546,0,0.58125275,0.47003502,4
0.0010689893,0.000564667,0.012703984,0.0014551905,0.38159412,0.46982324,0.02190849,0.0003575863,0.34851477,0.4641461,0.022040745,0.00041327163,0.38961926,0.44865492,0.017874492,0.00030702568,0.43765196,0.4601921,2.91E-16,2.91E-16,0.00016402411,3.96E-16,9.47E-05,1.97E-08,5.55E-16,0.43570697,0.00044595226,0.4486258,0.0003281645,0.017807173,0.030584862,0.00030696602,0.5812526,0.46623537,0
0.22221524,0.30913886,7.21E-05,3.64E-06,0.38159412,0.46982324,0,0,0.34851477,0.4641461,0,0,0.38961926,0.4486558,0,0,0.43765217,0.46403483,0,0,0,0,0,0.98266315,0,0.43570697,0,0.4486267,0,0,2.08E-17,0,0.58125275,0.47003502,2
0.7265243,0.36985317,0.007077689,9.58E-05,0.38159412,0.46982324,0,0,0.34851477,0.4641461,0,0,0.38961926,0.4486558,0,0,0.43765217,0.46403483,0,0,0,0,0,0.98266554,0,0.43570697,0,0.4486267,0,0,2.08E-17,0,0.58125275,0.47003502,3
0.31779122,0.09933031,0.18279302,0.1342515,0.38159412,0.46982324,0,0,0.34851477,0.4641461,0,0,0.38961926,0.4486558,0,0,0.43765217,0.46403483,0,0,0,0,0,0.98266697,0,0.43570697,0,0.4486267,0,0,2.08E-17,0,0.58125275,0.47003502,5
0.7308857,0.94053894,0.24457632,0.12136147,0.38159412,0.46982324,0.0014609575,1.59E-06,0.34851477,0.4641461,0.008380663,5.98E-05,0.38961926,0.4486558,0.0069336183,4.62E-05,0.43765217,0.46403483,2.49E-22,1.74E-22,0.59272665,2.04E-14,0.83673745,2.19E-06,8.61E-06,0.43570697,0,0.4486267,0,0,0.3503546,0,0.58125275,0.47003502,4
0.37083894,0.2605306,0.21157244,0.13929303,0.38159412,0.46982324,0.00055397634,2.29E-07,0.34851477,0.4641461,0.02957956,0.0007443316,0.38961926,0.4486558,0.030142099,0.00087308005,0.43765217,0.46403483,2.61E-21,1.85E-21,0.26778296,3.11E-06,0.19601396,5.68E-05,0.00022336586,0.43570697,0,0.4486267,0,0,0.35886526,0,0.58125275,0.47003502,1
0.74838036,0.8451751,0.00708663,9.58E-05,0.38159412,0.46982324,1.42E-05,1.50E-10,0.34851477,0.4641461,0.00027432243,6.40E-08,0.38961926,0.4486558,0.00026309525,6.65E-08,0.43765217,0.46403483,1.89E-22,1.64E-22,0.62267226,1.11E-10,0.7682127,5.66E-06,2.23E-05,0.43570697,0,0.4486267,0,0,0.009929078,0,0.58125275,0.47003502,3
0.45693326,0.6013459,0.21334264,0.13153656,0.38159412,0.46982324,4.72E-05,1.66E-09,0.34851477,0.4641461,0.009552501,7.76E-05,0.38961926,0.4486558,0.012562299,0.00015165104,0.43765217,0.46403483,5.59E-22,5.97E-22,0.32051384,2.98E-16,0.46668366,2.42E-06,9.51E-06,0.43570697,0,0.4486267,0,0,0.3503546,0,0.58125275,0.47003502,4
0.7511591,0.46206847,0.007078192,9.58E-05,0.38159412,0.46982324,0,0,0.34851477,0.4641461,0,0,0.38961926,0.4486558,0,0,0.43765217,0.46403483,0,0,0,0,0,0.98266554,0,0.43570697,0,0.4486267,0,0,2.08E-17,0,0.58125275,0.47003502,3
0.2332693,0.31910044,7.25E-05,3.63E-06,0.38159412,0.46982324,0,0,0.34851477,0.4641461,0,0,0.38961926,0.4486558,0,0,0.43765217,0.46403483,0,0,0,0,0,0.9826633,0,0.43570697,0,0.4486267,0,0,2.08E-17,0,0.58125275,0.47003502,2
0.00093675766,0.0014890614,0.008076519,0.00079737173,0.38159412,0.46982324,0.0002665068,4.46E-05,0.34851477,0.46503124,0.02652376,0.00084026466,0.38973695,0.5176518,0.031053469,0.001150202,0.43792796,0.5150426,1.80E-21,1.52E-18,0.0009340484,6.51E-18,0.0015862302,8.53E-10,2.60E-17,0.43570697,0.00044837958,0.44862667,0.0013707222,0.0018390621,0.039589845,0.00048053585,0.5812512,0.46313,0
0.0012725003,0.0015462949,0.007933697,0.00078685844,0.38159412,0.46982324,0.00024022382,1.71E-05,0.34851477,0.46398667,0.025125341,0.0007035311,0.38959995,0.43502656,0.03111783,0.0011491582,0.4378819,0.50665015,7.39E-18,7.63E-18,0.0012011862,7.51E-18,0.0016086035,8.37E-10,7.60E-18,0.43570697,5.29E-05,0.4486267,0.0013617786,0.00080561265,0.040340558,0.00045560874,0.5812527,0.46974084,0
0.012348639,0.0026482248,0.0662588,0.08987991,0.32896933,0.36759037,0.3552133,0.26377144,0.3237736,0.41160256,0.34733868,0.22638424,0.3764399,0.41675466,0.33456957,0.23364061,0.4442686,0.47054484,7.02E-19,6.30E-19,0.013729859,5.40E-18,0.0027594208,1.30E-06,5.10E-06,0.5662984,0.33708203,0.57442796,0.00022518923,0.5680424,0.22128752,0.35281476,0.73532206,0.59078383,0
0.00039727392,0.0007012074,0.037585277,0.049022846,0.38159412,0.46982324,0,0.007429866,0.34851477,0.4641461,1.41E-09,0.00866799,0.38961926,0.4486558,0.0038772102,0.009787343,0.43765238,0.46410802,3.78E-17,8.50E-17,0.00024899372,2.41E-15,0.00017101318,1.65E-08,6.02E-15,0.43570697,1.81E-18,0.4486267,7.46E-05,1.40E-09,0.009929078,1.90E-18,0.58125275,0.47003502,0
0.003763928,0.0023745797,0.12164222,0.3607945,0.38159412,0.46982324,0,0,0.34851477,0.4641461,0,0,0.38961926,0.4486558,0,0,0.43765217,0.46403483,0,0,0,0,0,0.99999654,0,0.43570697,0,0.4486267,0,0,0.009929078,0,0.58125275,0.47003502,0
0.68824416,0.846398,0.0070753433,9.59E-05,0.38159412,0.46982324,1.26E-07,1.19E-14,0.34851477,0.4641461,0.00018013321,2.76E-08,0.38961926,0.4486558,0.00025106678,6.06E-08,0.43765217,0.46403483,2.05E-22,6.70E-22,0.56566745,4.76E-11,0.76811904,5.15E-06,2.03E-05,0.43570697,0,0.4486267,0,0,0.009929078,0,0.58125275,0.47003502,3
0.41573992,0.59500676,0.21345952,0.1315121,0.38159412,0.46982324,0.00011471012,9.80E-09,0.34851477,0.4641461,0.010813395,9.95E-05,0.38961926,0.4486558,0.012724153,0.00015558396,0.43765217,0.46403483,1.70E-21,1.74E-21,0.29223418,3.82E-16,0.46202016,2.48E-06,9.76E-06,0.43570697,0,0.4486267,0,0,0.3503546,0,0.58125275,0.47003502,4
0.0010165174,0.001532865,0.008267637,0.00084338663,0.38159412,0.46981597,0.01167863,0.00010161185,0.34851462,0.45789784,0.011374374,0.00015909367,0.38962257,0.4588529,0.010378541,0.00016041646,0.43768355,0.50495493,3.95E-17,3.99E-17,0.000276138,5.70E-17,0.00038557555,4.78E-09,5.33E-17,0.429135,0.00017167447,0.45882308,0.0013367898,0.010339452,0.028612852,0.00016038529,0.58127844,0.51049656,0
0.74961454,0.71226686,0.0070916587,9.56E-05,0.38159412,0.46982324,0,0,0.34851477,0.4641461,0,0,0.38961926,0.4486558,0,0,0.43765217,0.46403483,0,0,0,0,0,0.9826656,0,0.43570697,0,0.4486267,0,0,2.08E-17,0,0.58125275,0.47003502,3
0.38808963,0.5644915,0.21327145,0.1315503,0.38159412,0.46982324,0.00014223038,1.51E-08,0.34851477,0.4641461,0.010766327,9.86E-05,0.38961926,0.4486558,0.013040243,0.00016340993,0.43765217,0.46403483,6.50E-20,1.79E-20,0.27271917,1.65E-13,0.43794405,4.77E-06,1.88E-05,0.43570697,0,0.4486267,0,0,0.3503546,0,0.58125275,0.47003502,4
0.4278255,0.60267335,0.21143517,0.13191524,0.38159412,0.46982324,0.0066307816,3.28E-05,0.34851477,0.4641461,0.014497174,0.00017879269,0.38961926,0.4486558,0.013493856,0.0001749763,0.43765217,0.46403483,6.45E-21,5.16E-21,0.29509467,1.60E-20,0.46355027,8.94E-07,3.52E-06,0.43570697,0,0.4486267,0,0,0.3503546,0,0.58125275,0.47003502,4
0.2204382,0.29603422,7.49E-05,3.74E-06,0.38159412,0.46982324,0,0,0.34851477,0.4641461,0,0,0.38961926,0.4486558,0,0,0.43765217,0.46403483,0,0,0,0,0,0.9826631,0,0.43570697,0,0.4486267,0,0,2.08E-17,0,0.58125275,0.47003502,2
0.0012003391,0.0010165271,0.008769987,0.0008908577,0.38159412,0.4698169,0.01312953,0.00012862471,0.3485137,0.45286983,0.037195083,0.0012236607,0.38953492,0.40185314,0.032861557,0.0011921324,0.43752286,0.43967912,5.66E-18,6.01E-18,0.0012060925,1.22E-05,0.0010768883,0.0068345265,0.026700681,0.43570697,4.14E-05,0.43957478,0.00096265814,0.005083024,0.041984238,0.00030525253,0.58125913,0.48302364,0
0.22508378,0.30600995,7.50E-05,3.83E-06,0.38159412,0.46982324,0,0,0.34851477,0.4641461,0,0,0.38961926,0.4486558,0,0,0.43765217,0.46403483,0,0,0,0,0,0.98266315,0,0.43570697,0,0.4486267,0,0,2.08E-17,0,0.58125275,0.47003502,2
0.36884922,0.117627904,0.005653555,0.000107575295,0.38159412,0.46982324,0,0,0.34851477,0.4641461,0,0,0.38961926,0.4486558,0,0,0.43765217,0.46403483,0,0,0,0,0,0.9826655,0,0.43570697,0,0.4486267,0,0,2.08E-17,0,0.58125275,0.47003502,3
0.35433987,0.36715826,0.18435594,0.1342686,0.38159412,0.46982324,0,0,0.34851477,0.4641461,0,0,0.38961926,0.4486558,0,0,0.43765217,0.46403483,0,0,0,0,0,0.9826671,0,0.43570697,0,0.4486267,0,0,2.08E-17,0,0.58125275,0.47003502,5
0.47802517,0.25103217,0.21595591,0.13096929,0.38159412,0.46982324,0.00067778095,3.42E-07,0.34851477,0.4641461,0.014785981,0.00018598733,0.38961926,0.4486558,0.015188187,0.00022167615,0.43765217,0.46403483,3.40E-22,7.19E-22,0.34715432,1.44E-05,0.19722527,6.75E-05,0.00026568107,0.43570697,0,0.4486267,0,0,0.3503546,0,0.58125275,0.47003502,4
0.35777655,0.41889292,0.18316482,0.1342445,0.38159412,0.46982324,0.0008888752,5.89E-07,0.34851477,0.4641461,0.016717171,0.0002377435,0.38961926,0.4486558,0.01726483,0.00028643868,0.43765217,0.46403483,5.72E-22,9.80E-22,0.2155378,1.32E-10,0.2791519,1.43E-05,5.61E-05,0.43570697,2.44E-15,0.4486267,0.9672747,7.92E-08,0.3503546,6.08E-15,0.58125275,0.47003502,5
0.72330433,0.8403545,0.24410097,0.121573,0.38159412,0.46982324,6.42E-06,3.07E-11,0.34851477,0.4641461,0.0048977737,2.04E-05,0.38961926,0.4486558,0.0064999834,4.06E-05,0.43765217,0.46403483,1.02E-22,1.36E-22,0.59131217,2.98E-11,0.74614674,5.08E-06,2.00E-05,0.43570697,0,0.4486267,0,0,0.3503546,0,0.58125275,0.47003502,4
0.00091401563,0.0015504678,0.008206731,0.0008382762,0.38159412,0.4698236,0.0002270398,1.03E-05,0.34851477,0.46504256,0.026948292,0.00081669417,0.38973734,0.52025664,0.031934686,0.0012119577,0.43790212,0.5079764,1.10E-21,1.42E-18,0.0008657872,7.15E-18,0.0016397465,8.12E-10,1.76E-13,0.43570697,0.00045841406,0.448557,0.0014419685,0.0023636047,0.038983244,0.0005268547,0.5812512,0.46495554,0
0.7074578,0.79661834,0.2505856,0.12729736,0.38159412,0.46982324,3.68E-06,1.01E-11,0.34851477,0.4641461,0.004692916,1.87E-05,0.38961926,0.4486558,0.006329453,3.85E-05,0.43765217,0.46403483,1.03E-22,1.36E-22,0.5832118,1.59E-10,0.7088776,6.32E-06,2.49E-05,0.43570697,0,0.4486267,0,0,0.35886526,0,0.58125275,0.47003502,1
0.0054191025,0.0030701729,0.057069402,0.08619043,0.33469003,0.38052574,0.37888977,0.29208872,0.30041492,0.37295374,0.37313506,0.3174324,0.36303547,0.39907548,0.35179403,0.2730141,0.42000118,0.44886112,4.46E-17,4.73E-17,0.004624438,3.92E-17,0.002670878,4.10E-10,6.59E-17,0.43570697,0.22344588,0.4486267,0.00015013652,0.49150363,0.18118611,0.2338588,0.58125275,0.47003502,0
0.42579958,0.13368276,0.21837264,0.13040599,0.38159412,0.46982324,0,0,0.34851477,0.4641461,0,0,0.38961926,0.4486558,0,0,0.43765217,0.46403483,0,0,0,0,0,0.98266476,0,0.43570697,0,0.4486267,0,0,2.08E-17,0,0.58125275,0.47003502,4
0.7159908,0.98074,0.24461131,0.12134582,0.38159412,0.46982324,0,0,0.34851477,0.4641461,0,0,0.38961926,0.4486558,0,0,0.43765217,0.46403483,0,0,0,0,0,0.98266506,0,0.43570697,0,0.4486267,0,0,2.08E-17,0,0.58125275,0.47003502,4
0.4238278,0.4085407,0.0058674095,0.00010702902,0.38159412,0.46982324,0,0,0.34851477,0.4641461,0,0,0.38961926,0.4486558,0,0,0.43765217,0.46403483,0,0,0,0,0,0.9826656,0,0.43570697,0,0.4486267,0,0,2.08E-17,0,0.58125275,0.47003502,3
0.4126259,0.39122996,0.0058443616,0.00010713367,0.38159412,0.46982324,3.75E-08,1.05E-15,0.34851477,0.4641461,0.0003083293,8.09E-08,0.38961926,0.4486558,0.00063530775,3.88E-07,0.43765217,0.46403483,1.26E-21,9.50E-22,0.31448972,1.71E-08,0.29174775,2.30E-05,9.07E-05,0.43570697,0,0.4486267,0,0,0.009929078,0,0.58125275,0.47003502,3
0.0011828247,0.0017422029,0.013628437,0.0028676498,0.38159415,0.47019237,0.060795788,0.0027547872,0.34849766,0.45240116,0.044546437,0.0018131176,0.38913563,0.28923005,0.058402866,0.003472469,0.4370079,0.41519117,1.49E-19,9.51E-19,0.0011966948,5.65E-18,0.0019053243,6.41E-10,3.64E-14,0.4357069,0.00045864415,0.4496068,0.0015748315,0.004273499,0.03864475,0.0005633441,0.5812742,0.5081733,0
0.5770323,0.14781389,0.0070153056,9.68E-05,0.38159412,0.46982324,1.26E-06,1.19E-12,0.34851477,0.4641461,0.00018180306,2.81E-08,0.38961926,0.4486558,0.00024636163,5.83E-08,0.43765217,0.46403483,7.34E-22,2.56E-09,0.4780312,0.00025188102,0.13297625,0.00013764852,0.00054141984,0.43570697,0,0.4486267,0,0,0.009929078,0,0.58125275,0.47003502,3
0.2237906,0.28296393,7.52E-05,3.86E-06,0.38159412,0.46982324,0,0,0.34851477,0.4641461,0,0,0.38961926,0.4486558,0,0,0.43765217,0.46403483,0,0,0,0,0,0.98266304,0,0.43570697,0,0.4486267,0,0,2.08E-17,0,0.58125275,0.47003502,2
0.4168554,0.39713994,0.0058518276,0.000107098385,0.38159412,0.46982324,9.45E-09,6.65E-17,0.34851477,0.4641461,0.0002678836,6.10E-08,0.38961926,0.4486558,0.00062115194,3.71E-07,0.43765217,0.46403483,8.34E-22,2.68E-21,0.31208652,1.29E-08,0.29651707,2.20E-05,8.67E-05,0.43570697,0,0.4486267,0,0,0.009929078,0,0.58125275,0.47003502,3
0.257327,0.31491634,1.61E-05,1.63E-06,0.38159412,0.46982324,0,0,0.34851477,0.4641461,0,0,0.38961926,0.4486558,0,0,0.43765217,0.46403483,0,0,0,0,0,0.982663,0,0.43570697,0,0.4486267,0,0,2.08E-17,0,0.58125275,0.47003502,2
0.34954095,0.29451802,0.18335485,0.13425061,0.38159412,0.46982324,0,0,0.34851477,0.4641461,0,0,0.38961926,0.4486558,0,0,0.43765217,0.46403483,0,0,0,0,0,0.982667,0,0.43570697,0,0.4486267,0,0,2.08E-17,0,0.58125275,0.47003502,5
0.43948725,0.47988456,0.2128717,0.1316332,0.38159412,0.46982324,0.0018905414,2.66E-06,0.34851477,0.4641461,0.01307709,0.00014548066,0.38961926,0.4486558,0.014696949,0.00020756852,0.43765217,0.46403483,9.91E-21,5.63E-21,0.310034,2.04E-09,0.3716386,1.46E-05,5.75E-05,0.43570697,0,0.4486267,0,0,0.3503546,0,0.58125275,0.47003502,4
0.0010945391,0.0015412709,0.010630943,0.003169205,0.38159412,0.46982324,0.0004396506,1.91E-05,0.34851477,0.46381003,0.034680158,0.0011658438,0.3896029,0.44111338,0.06241956,0.0040827086,0.43774933,0.46981832,1.15E-17,1.15E-17,0.0012102798,1.15E-17,0.0016497028,8.16E-10,1.45E-14,0.43570697,0.0004422432,0.44862825,0.0013581295,0.008383678,0.041018747,0.0040496206,0.5812534,0.47026968,0
0.35181823,0.34680885,0.18435186,0.13427049,0.38159412,0.46982324,5.98E-05,2.66E-09,0.34851477,0.4641461,0.012604451,0.00013515462,0.38961926,0.4486558,0.01717909,0.00028360076,0.43765217,0.46403483,1.28E-21,1.15E-21,0.22005512,3.34E-08,0.23260994,2.98E-05,0.00011732682,0.43570697,2.32E-16,0.4486267,0.8060091,1.36E-07,0.3503546,1.80E-14,0.58125275,0.47003502,5
0.42073366,0.6021229,0.21171027,0.13186122,0.38159412,0.46982324,4.55E-06,1.54E-11,0.34851477,0.4641461,0.008402814,6.01E-05,0.38961926,0.4486558,0.012937386,0.00016084225,0.43765217,0.46403483,1.31E-21,1.01E-21,0.29129735,2.65E-20,0.46371523,9.45E-07,3.72E-06,0.43570697,0,0.4486267,0,0,0.3503546,0,0.58125275,0.47003502,4
0.71404403,0.9581603,0.24496318,0.121187866,0.38159412,0.46982324,0.0010152996,7.68E-07,0.34851477,0.4641461,0.00817077,5.68E-05,0.38961926,0.4486558,0.006953377,4.65E-05,0.43765217,0.46403483,2.35E-22,2.54E-22,0.58940816,1.32E-15,0.8537635,1.63E-06,6.41E-06,0.43570697,0,0.4486267,0,0,0.3503546,0,0.58125275,0.47003502,4
0.72160023,0.79002976,0.24388075,0.121671304,0.38159412,0.46982324,9.55E-07,6.79E-13,0.34851477,0.4641461,0.004033909,1.38E-05,0.38961926,0.4486558,0.006293297,3.81E-05,0.43765217,0.46403483,1.61E-22,1.74E-22,0.58829975,3.26E-10,0.7008284,6.87E-06,2.70E-05,0.43570697,0,0.4486267,0,0,0.3503546,0,0.58125275,0.47003502,4
0.7429167,0.6071822,0.008088535,7.90E-05,0.38159412,0.46982324,5.08E-07,1.92E-13,0.34851477,0.4641461,0.00018503556,2.91E-08,0.38961926,0.4486558,0.00027391766,7.21E-08,0.43765217,0.46403483,6.89E-23,7.05E-23,0.7082272,1.41E-07,0.625795,1.44E-05,5.66E-05,0.43570697,0,0.4486267,0,0,0.009929078,0,0.58125275,0.47003502,3
0.0011275561,0.0015295997,0.00855303,0.0008999865,0.38159412,0.470145,0.006095717,2.78E-05,0.3485152,0.48345605,0.03644217,0.0011956298,0.3897972,0.5418716,0.033254445,0.0012568572,0.4379419,0.51445407,1.01E-17,1.00E-17,0.0009901577,6.28E-18,0.0015993797,8.42E-10,5.86E-18,0.43570697,4.69E-05,0.4486267,0.0013838172,1.11E-05,0.040529355,0.0003993945,0.58125275,0.46992669,0
0.36571226,0.4009973,0.18352939,0.13425511,0.38159412,0.46982324,0.00010041514,7.51E-09,0.34851477,0.4641461,0.011760852,0.00011766861,0.38961926,0.4486558,0.016582575,0.0002642476,0.43765217,0.46403483,8.81E-22,3.31E-21,0.22055657,6.63E-10,0.2677477,1.75E-05,6.89E-05,0.43570697,4.18E-15,0.4486267,0.9277991,1.05E-07,0.3503546,1.07E-14,0.58125275,0.47003502,5
0.0011799281,0.0015558297,0.0081371935,0.00081981474,0.38159412,0.46982324,1.39E-09,1.62E-18,0.34851477,0.4641461,9.93E-10,1.19E-18,0.38961926,0.4486558,1.72E-09,3.42E-18,0.43765217,0.46403483,0,3.86E-30,1.01E-05,1.46E-19,7.27E-05,2.42E-08,8.16E-17,0.43570697,1.28E-18,0.4486267,0.00025211688,1.72E-09,0.017626109,3.42E-18,0.58125275,0.47003502,0
0.7072426,0.8104894,0.250708,0.12724163,0.38159412,0.46982324,1.31E-07,1.28E-14,0.34851477,0.4641461,0.0033577445,9.59E-06,0.38961926,0.4486558,0.0060677524,3.54E-05,0.43765217,0.46403483,8.55E-23,1.55E-22,0.5846618,8.14E-11,0.7215704,5.81E-06,2.28E-05,0.43570697,0,0.4486267,0,0,0.35886526,0,0.58125275,0.47003502,1
0.49364382,0.5565143,0.2130195,0.13160366,0.38159412,0.46982324,0,0,0.34851477,0.4641461,0,0,0.38961926,0.4486558,0,0,0.43765217,0.46403483,0,0,0,0,0,0.98266494,0,0.43570697,0,0.4486267,0,0,2.08E-17,0,0.58125275,0.47003502,4
0.4044969,0.28331968,0.0054735863,0.00010817662,0.38159412,0.46982324,0,0,0.34851477,0.4641461,0,0,0.38961926,0.4486558,0,0,0.43765217,0.46403483,0,0,0,0,0,0.98266554,0,0.43570697,0,0.4486267,0,0,2.08E-17,0,0.58125275,0.47003502,3
0.40753987,0.41034475,0.21346465,0.1389786,0.38159412,0.46982324,0.00015996967,1.91E-08,0.34851477,0.4641461,0.018470755,0.0002902367,0.38961926,0.4486558,0.026068127,0.0006530204,0.43765217,0.46403483,2.61E-20,1.48E-20,0.28869152,2.59E-09,0.31136554,1.77E-05,6.97E-05,0.43570697,0,0.4486267,0,0,0.35886526,0,0.58125275,0.47003502,1
0.39099208,0.5979402,0.21331908,0.13154085,0.38159412,0.46982324,7.17E-05,3.83E-09,0.34851477,0.4641461,0.010510374,9.40E-05,0.38961926,0.4486558,0.012876819,0.0001593398,0.43765217,0.46403483,2.24E-21,2.73E-21,0.2776612,6.56E-18,0.46399528,1.64E-06,6.44E-06,0.43570697,0,0.4486267,0,0,0.3503546,0,0.58125275,0.47003502,4
0.000119757424,0.00034679382,0.0128299305,0.0018493593,0.38159412,0.46982324,1.39E-09,1.44E-18,0.34851477,0.4641461,9.47E-05,7.66E-09,0.38961926,0.47187808,0.011371934,0.00012427435,0.43765435,0.49954516,0,3.86E-31,6.87E-06,3.65E-20,7.75E-05,2.33E-08,3.85E-16,0.43570697,8.27E-09,0.47184747,0.00026872067,0.011329103,0.032971736,0.0001242502,0.5812545,0.5051474,0
0.4844281,0.35806412,0.21410805,0.1313748,0.38159412,0.46982324,8.08E-05,4.87E-09,0.34851477,0.4641461,0.011144848,0.00010566504,0.38961926,0.4486558,0.013863283,0.00018468827,0.43765217,0.46403483,4.68E-22,7.90E-22,0.34842452,6.71E-07,0.27889132,3.52E-05,0.00013827496,0.43570697,0,0.4486267,0,0,0.3503546,0,0.58125275,0.47003502,4
0.8424711,0.89870274,0.008136127,7.72E-05,0.38159412,0.46982324,8.30E-07,5.13E-13,0.34851477,0.4641461,0.00016026497,2.19E-08,0.38961926,0.4486558,0.00024401002,5.72E-08,0.43765217,0.46403483,9.06E-21,6.24E-21,0.811425,2.66E-11,0.9351956,4.14E-06,1.63E-05,0.43570697,0,0.4486267,0,0,0.009929078,0,0.58125275,0.47003502,3
0.7434388,0.88518083,0.007282612,9.29E-05,0.38159412,0.46982324,8.68E-07,5.62E-13,0.34851477,0.4641461,0.00015718036,2.10E-08,0.38961926,0.4486558,0.00024229272,5.64E-08,0.43765217,0.46403483,1.52E-23,1.66E-23,0.7373517,6.14E-12,0.8268931,4.01E-06,1.58E-05,0.43570697,0,0.4486267,0,0,0.009929078,0,0.58125275,0.47003502,3
0.35675773,0.43869174,0.20282148,0.1403733,0.38159412,0.46982324,0,0,0.34851477,0.4641461,0,0,0.38961926,0.4486558,0,0,0.43765217,0.46403483,0,0,0,0,0,0.9826662,0,0.43570697,0,0.4486267,0,0,2.08E-17,0,0.58125275,0.47003502,1
0.7127979,0.37032932,0.008052336,7.96E-05,0.38159412,0.46982324,6.41E-07,3.06E-13,0.34851477,0.4641461,0.00019279499,3.16E-08,0.38961926,0.4486558,0.0002713742,7.08E-08,0.43765217,0.46403483,1.21E-22,7.05E-22,0.67409563,9.74E-06,0.38105136,3.59E-05,0.00014128267,0.43570697,0,0.4486267,0,0,0.009929078,0,0.58125275,0.47003502,3
0.0013011146,0.00064053235,0.0154632935,0.0040718177,0.3817932,0.49271294,0.058505073,0.007866146,0.34964672,0.54814357,0.05767984,0.009117143,0.391649,0.5914119,0.050982453,0.00993855,0.4405106,0.54973584,3.94E-19,4.99E-18,0.0010754634,6.62E-16,0.00034537973,8.51E-09,3.51E-15,0.43570697,0,0.4486267,0,0,0.009929078,0,0.58125275,0.47003502,0
0.30770797,0.09676626,0.198124,0.14070861,0.38159412,0.46982324,0,0,0.34851477,0.4641461,0,0,0.38961926,0.4486558,0,0,0.43765217,0.46403483,0,0,0,0,0,0.9826661,0,0.43570697,0,0.4486267,0,0,2.08E-17,0,0.58125275,0.47003502,1
0.00096434983,0.0015342841,0.0081221955,0.0008139425,0.38159412,0.46982324,0.0076811663,4.41E-05,0.34851477,0.46407324,0.036663547,0.0012610361,0.3896014,0.4406791,0.031572875,0.0011890512,0.43782023,0.49410093,2.12E-22,5.59E-19,0.0009096612,7.14E-18,0.0016111361,8.36E-10,9.67E-12,0.43570697,0.0005124986,0.4486267,0.0014707515,2.03E-06,0.03821659,0.00057022844,0.58125275,0.47002724,0
0.0009545725,0.0015093077,0.008411251,0.00087388174,0.38159412,0.4698278,0.05180814,0.0020040781,0.3485312,0.47443637,0.045655917,0.0018699369,0.38979113,0.5070113,0.03248812,0.0012264391,0.43782398,0.49422812,1.13E-19,1.95E-18,0.0009738134,6.39E-18,0.0016098758,8.35E-10,6.29E-18,0.43570697,0.0040161656,0.42169902,0.0012247735,0.05925936,0.044492226,0.0036205477,0.58139277,0.48210746,0
0.98863584,0.94722545,0.008191972,7.59E-05,0.38159412,0.46982324,2.02E-05,3.05E-10,0.34851477,0.4641461,0.00019979406,3.40E-08,0.38961926,0.4486558,0.00024639067,5.83E-08,0.43765217,0.46403483,6.73E-23,4.47E-23,0.98435295,1.04E-11,0.9926438,3.62E-06,1.42E-05,0.43570697,0,0.4486267,0,0,0.009929078,0,0.58125275,0.47003502,3
0.42407882,0.60405976,0.21319737,0.1315649,0.38159412,0.46982324,0,0,0.34851477,0.4641461,0,0,0.38961926,0.4486558,0,0,0.43765217,0.46403483,0,0,0,0,0,0.98266506,0,0.43570697,0,0.4486267,0,0,2.08E-17,0,0.58125275,0.47003502,4
0.2529715,0.3172761,1.50E-05,1.52E-06,0.38159412,0.46982324,0,0,0.34851477,0.4641461,0,0,0.38961926,0.4486558,0,0,0.43765217,0.46403483,0,0,0,0,0,0.98266304,0,0.43570697,0,0.4486267,0,0,2.08E-17,0,0.58125275,0.47003502,2
0.22093688,0.27054942,7.42E-05,3.81E-06,0.38159412,0.46982324,0,0,0.34851477,0.4641461,0,0,0.38961926,0.4486558,0,0,0.43765217,0.46403483,0,0,0,0,0,0.982663,0,0.43570697,0,0.4486267,0,0,2.08E-17,0,0.58125275,0.47003502,2
0.34462085,0.13696036,0.19820903,0.14070195,0.38159412,0.46982324,0.004588307,1.57E-05,0.34851477,0.4641461,0.03003238,0.00076729537,0.38961926,0.4486558,0.027787097,0.00074198213,0.43765217,0.46403483,3.63E-21,5.14E-16,0.22028784,0.000100852645,0.09650084,0.00016017843,0.0006300235,0.43570697,0,0.4486267,0,0,0.35886526,0,0.58125275,0.47003502,1
0.00065950217,0.00069166766,0.021911995,0.0036369306,0.38159412,0.46982324,0,0,0.34851477,0.4641461,0,0,0.38961926,0.4486558,0,0,0.43765217,0.46403483,0,0,0,0,4.04E-08,5.99E-07,1.67E-13,0.43570697,0,0.4486267,0,0,0.021276595,0,0.58125275,0.47003502,0
0.44173613,0.5642469,0.21362248,0.13147767,0.38159412,0.46982324,0,0,0.34851477,0.4641461,0,0,0.38961926,0.4486558,0,0,0.43765217,0.46403483,0,0,0,0,0,0.98266494,0,0.43570697,0,0.4486267,0,0,2.08E-17,0,0.58125275,0.47003502,4
0.0009901006,0.0016012873,0.008232286,0.0007489146,0.38159412,0.46982324,0.0009167011,6.26E-07,0.34851477,0.4641461,0.01172994,0.00012676949,0.38961324,0.42084306,0.010833,0.00015961024,0.43765706,0.47036597,2.04E-25,8.51E-20,0.00014272309,2.44E-17,0.00037841903,4.87E-09,5.14E-17,0.43570697,0.00013679414,0.42081574,0.0013119782,0.0107921995,0.028769344,0.00015957923,0.5812567,0.4762952,0
0.0011231584,0.0018126852,0.065460466,0.18969698,0.38159412,0.46982342,0.000228014,3.95E-05,0.34851477,0.46377286,0.09378137,0.008084578,0.3914514,0.58197284,0.47777295,0.23790534,0.6911868,0.7261858,1.15E-17,1.14E-17,0.0011465349,6.77E-18,0.0019782928,5.66E-09,1.99E-08,0.43570697,0.009698869,0.44907555,0.0012548437,0.08432951,0.18060513,0.4411485,0.6023203,0.53785866,0
0.7463894,0.417067,0.007060639,9.61E-05,0.38159412,0.46982324,5.39E-09,2.17E-17,0.34851477,0.4641461,9.58E-05,7.81E-09,0.38961926,0.4486558,0.00018494944,3.29E-08,0.43765217,0.46403483,1.20E-22,1.68E-22,0.62118787,5.90E-06,0.37766898,3.42E-05,0.00013446978,0.43570697,0,0.4486267,0,0,0.009929078,0,0.58125275,0.47003502,3
0.45287135,0.3379531,0.21374193,0.1314538,0.38159412,0.46982324,0.0012268386,1.12E-06,0.34851477,0.4641461,0.014798884,0.00018631209,0.38961926,0.4486558,0.014635468,0.00020583552,0.43765217,0.46403483,6.04E-21,6.23E-21,0.32243088,1.18E-06,0.26278877,3.92E-05,0.00015411354,0.43570697,0,0.4486267,0,0,0.3503546,0,0.58125275,0.47003502,4
0.4331089,0.18132918,0.21547225,0.13108146,0.38159412,0.46982324,0,0,0.34851477,0.4641461,0,0,0.38961926,0.4486558,0,0,0.43765217,0.46403483,0,0,0,0,0,0.98266476,0,0.43570697,0,0.4486267,0,0,2.08E-17,0,0.58125275,0.47003502,4
0.7046152,0.81460875,0.24976586,0.12767182,0.38159412,0.46982324,0,0,0.34851477,0.4641461,0,0,0.38961926,0.4486558,0,0,0.43765217,0.46403483,0,0,0,0,0,0.9826662,0,0.43570697,0,0.4486267,0,0,2.08E-17,0,0.58125275,0.47003502,1
0.43826798,0.2973245,0.005617757,0.00010788107,0.38159412,0.46982324,1.39E-05,1.45E-10,0.34851477,0.4641461,0.00059092365,2.97E-07,0.38961926,0.4486558,0.0007594754,5.54E-07,0.43765217,0.46403483,2.35E-21,1.19E-21,0.3099728,1.08E-06,0.21319,4.77E-05,0.00018746735,0.43570697,0,0.4486267,0,0,0.009929078,0,0.58125275,0.47003502,3
0.0013707782,0.0017188988,0.007984981,0.00076572696,0.38159412,0.46982324,0.0018700472,2.61E-06,0.34851477,0.46422333,0.029394902,0.0007865705,0.38961276,0.44366214,0.030151663,0.0011116663,0.4378039,0.49280575,1.95E-17,2.05E-17,0.0013760959,2.11E-17,0.0017867074,7.25E-10,1.66E-17,0.43570697,0.00010292281,0.44689196,0.0015734588,0.003574933,0.039128877,0.0005252967,0.5812568,0.4789686,0
0.70934004,0.9648948,0.24428584,0.12149133,0.38159412,0.46982324,1.41E-06,1.48E-12,0.34851477,0.4641461,0.0042378847,1.53E-05,0.38961926,0.4486558,0.006488428,4.05E-05,0.43765217,0.46403483,1.78E-21,8.93E-22,0.5725907,3.55E-16,0.85737664,1.42E-06,5.59E-06,0.43570697,0,0.4486267,0,0,0.3503546,0,0.58125275,0.47003502,4
0.43674064,0.59307885,0.214401,0.13131452,0.38159412,0.46982324,0,0,0.34851477,0.4641461,0,0,0.38961926,0.4486558,0,0,0.43765217,0.46403483,0,0,0,0,0,0.982665,0,0.43570697,0,0.4486267,0,0,2.08E-17,0,0.58125275,0.47003502,4
0.7226473,0.9391875,0.24515654,0.12110041,0.38159412,0.46982324,0.0015285083,1.74E-06,0.34851477,0.4641461,0.008419026,6.03E-05,0.38961926,0.4486558,0.0069371145,4.62E-05,0.43765217,0.46403483,6.01E-23,1.24E-22,0.598844,2.05E-14,0.83751744,2.19E-06,8.62E-06,0.43570697,0,0.4486267,0,0,0.3503546,0,0.58125275,0.47003502,4
0.73466176,0.8683238,0.0070742834,9.59E-05,0.38159412,0.46982324,4.82E-05,1.73E-09,0.34851477,0.4641461,0.00025599825,5.58E-08,0.38961926,0.4486558,0.00025812382,6.40E-08,0.43765217,0.46403483,1.29E-22,1.45E-22,0.6081845,1.63E-11,0.787907,4.55E-06,1.79E-05,0.43570697,0,0.4486267,0,0,0.009929078,0,0.58125275,0.47003502,3
0.41183376,0.525521,0.2128871,0.13162868,0.38159412,0.46982324,0,0,0.34851477,0.4641461,0,0,0.38961926,0.4486558,0,0,0.43765217,0.46403483,0,0,0,0,0,0.98266494,0,0.43570697,0,0.4486267,0,0,2.08E-17,0,0.58125275,0.47003502,4
0.3753048,0.12807451,0.19666918,0.14077891,0.38159412,0.46982324,0,0,0.34851477,0.4641461,0,0,0.38961926,0.4486558,0,0,0.43765217,0.46403483,0,0,0,0,0,0.9826661,0,0.43570697,0,0.4486267,0,0,2.08E-17,0,0.58125275,0.47003502,1
0.007993818,0.0019131199,0.052457515,0.08706729,0.36136296,0.41309893,0.33741292,0.18406527,0.3227007,0.39325717,0.33394974,0.21262087,0.36479467,0.38429666,0.31066206,0.21449544,0.42797846,0.45341972,1.98E-17,5.35E-12,0.00766674,0.006663333,0.0014293747,0.0115902405,0.045068026,0.60913366,0.20585822,0.61648893,0.00022517834,0.41418052,0.21539222,0.21543151,0.7184239,0.63123155,0
0.37187955,0.37643597,0.183975,0.13426222,0.38159412,0.46982324,0,0,0.34851477,0.4641461,0,0,0.38961926,0.4486558,0,0,0.43765217,0.46403483,0,0,0,0,0,0.9826671,0,0.43570697,0,0.4486267,0,0,2.08E-17,0,0.58125275,0.47003502,5
0.0010571411,0.0016276184,0.008216038,0.0008376383,0.38159412,0.46982324,3.36E-05,4.52E-07,0.34851477,0.4632298,0.023156993,0.00063619716,0.38967708,0.4934347,0.03229269,0.0012150634,0.43794352,0.5156325,1.04E-17,1.04E-17,0.0009123435,7.74E-18,0.0016607109,7.96E-10,6.15E-18,0.43570697,0.0003243682,0.4486267,0.0013505828,7.87E-05,0.039545055,0.00048023052,0.58125275,0.4740503,0
0.40979895,0.17376785,0.20954277,0.13959205,0.38159412,0.46982324,0,0,0.34851477,0.4641461,0,0,0.38961926,0.4486558,0,0,0.43765217,0.46403483,0,0,0,0,0,0.9826661,0,0.43570697,0,0.4486267,0,0,2.08E-17,0,0.58125275,0.47003502,1
0.4117552,0.36282668,0.0056477236,0.000107848726,0.38159412,0.46982324,0,0,0.34851477,0.4641461,0,0,0.38961926,0.4486558,0,0,0.43765217,0.46403483,0,0,0,0,0,0.9826656,0,0.43570697,0,0.4486267,0,0,2.08E-17,0,0.58125275,0.47003502,3
0.41858268,0.60309374,0.21245414,0.131715,0.38159412,0.46982324,0,0,0.34851477,0.4641461,0,0,0.38961926,0.4486558,0,0,0.43765217,0.46403483,0,0,0,0,0,0.98266506,0,0.43570697,0,0.4486267,0,0,2.08E-17,0,0.58125275,0.47003502,4
0.71172225,0.72117823,0.25002176,0.12755513,0.38159412,0.46982324,0,0,0.34851477,0.4641461,0,0,0.38961926,0.4486558,0,0,0.43765217,0.46403483,0,0,0,0,0,0.98266613,0,0.43570697,0,0.4486267,0,0,2.08E-17,0,0.58125275,0.47003502,1
0.24783942,0.16738036,1.74E-05,1.75E-06,0.38159412,0.46982324,0,0,0.34851477,0.4641461,0,0,0.38961926,0.4486558,0,0,0.43765217,0.46403483,0,0,0,0,0,0.98266286,0,0.43570697,0,0.4486267,0,0,2.08E-17,0,0.58125275,0.47003502,2
0.72897685,0.65114033,0.008073718,7.91E-05,0.38159412,0.46982324,0.00020813732,3.23E-08,0.34851477,0.4641461,0.00027503015,6.43E-08,0.38961926,0.4486558,0.00027580807,7.31E-08,0.43765217,0.46403483,1.98E-22,1.66E-22,0.685793,4.85E-08,0.6705692,1.20E-05,4.73E-05,0.43570697,0,0.4486267,0,0,0.009929078,0,0.58125275,0.47003502,3
0.30935082,0.17092994,0.005306841,0.0001082712,0.38159412,0.46982324,0,0,0.34851477,0.4641461,0,0,0.38961926,0.4486558,0,0,0.43765217,0.46403483,0,0,0,0,0,0.98266554,0,0.43570697,0,0.4486267,0,0,2.08E-17,0,0.58125275,0.47003502,3
0.35411716,0.3183618,0.18350299,0.13425536,0.38159412,0.46982324,0,0,0.34851477,0.4641461,0,0,0.38961926,0.4486558,0,0,0.43765217,0.46403483,0,0,0,0,0,0.982667,0,0.43570697,0,0.4486267,0,0,2.08E-17,0,0.58125275,0.47003502,5
0.7129117,0.8024851,0.25036147,0.12740016,0.38159412,0.46982324,0,0,0.34851477,0.4641461,0,0,0.38961926,0.4486558,0,0,0.43765217,0.46403483,0,0,0,0,0,0.9826662,0,0.43570697,0,0.4486267,0,0,2.08E-17,0,0.58125275,0.47003502,1
0.00056954153,0.00047512288,0.013583254,0.00061233627,0.38159412,0.46982324,2.41E-09,4.40E-18,0.34851477,0.4641461,3.93E-06,1.32E-11,0.38961926,0.4486558,0.008797345,7.44E-05,0.43765172,0.452312,0,3.86E-31,6.53E-06,1.06E-20,6.86E-05,2.57E-08,2.54E-16,0.43570697,1.42E-11,0.4486267,0.00023771566,0.00876421,0.03347453,7.44E-05,0.58125234,0.45844358,0
0.0009965252,0.0015333397,0.007851976,0.00078269036,0.38159412,0.46982324,4.35E-05,2.29E-06,0.34851477,0.46414214,0.02376103,0.0007193986,0.38960668,0.44001773,0.031032076,0.0011583625,0.4377812,0.48764881,1.25E-24,1.31E-19,0.0008356277,7.72E-18,0.0015924536,8.48E-10,6.25E-18,0.43570697,0.00049824244,0.4486267,0.0013884972,1.88E-06,0.039080467,0.0005138688,0.58125275,0.4700286,0
0.7502192,0.75640434,0.0070815124,9.59E-05,0.38159412,0.46982324,0,0,0.34851477,0.4641461,0,0,0.38961926,0.4486558,0,0,0.43765217,0.46403483,0,0,0,0,0,0.9826656,0,0.43570697,0,0.4486267,0,0,2.08E-17,0,0.58125275,0.47003502,3
0.0036325185,0.0010922801,0.04420932,0.042074807,0.33980334,0.3711027,0.31234673,0.26445594,0.30832094,0.36857453,0.30699024,0.29349577,0.35486403,0.36818823,0.26631823,0.254055,0.44794744,0.47574973,3.66E-19,1.53E-18,0.003643539,2.36E-17,0.00080212264,4.50E-06,1.77E-05,0.43570697,0.16929351,0.4486267,0.00015013712,0.42782208,0.16010702,0.17718486,0.58125275,0.47003502,0
0.71171296,0.98916495,0.24426876,0.12149896,0.38159412,0.46982324,0.001251921,1.17E-06,0.34851477,0.4641461,0.008541722,6.21E-05,0.38961926,0.4486558,0.0072836117,5.10E-05,0.43765217,0.46403483,1.17E-22,1.58E-22,0.5853812,1.14E-18,0.8788994,7.81E-07,3.08E-06,0.43570697,0,0.4486267,0,0,0.3503546,0,0.58125275,0.47003502,4
0.4190613,0.6036472,0.21356258,0.13148959,0.38159412,0.46982324,0.009618651,6.89E-05,0.34851477,0.4641461,0.016346661,0.00022732183,0.38961926,0.4486558,0.013442144,0.00017363776,0.43765217,0.46403483,7.45E-22,6.61E-22,0.30159387,1.59E-17,0.4689707,1.78E-06,7.02E-06,0.43570697,0,0.4486267,0,0,0.3503546,0,0.58125275,0.47003502,4
0.71636635,0.8044321,0.2440841,0.121580556,0.38159412,0.46982324,3.52E-08,9.25E-16,0.34851477,0.4641461,0.00288978,7.10E-06,0.38961926,0.4486558,0.0060293274,3.49E-05,0.43765217,0.46403483,4.55E-23,7.62E-23,0.5877013,1.67E-10,0.71419394,6.31E-06,2.48E-05,0.43570697,0,0.4486267,0,0,0.3503546,0,0.58125275,0.47003502,4
0.0002517843,0.00048796544,0.015785318,0.0012251331,0.38159412,0.46982324,1.97E-09,2.97E-18,0.34851477,0.4641461,9.34E-05,7.46E-09,0.38961926,0.44865477,0.011347511,0.0001237414,0.43765113,0.4472932,0,1.16E-30,6.83E-06,3.55E-20,7.68E-05,2.35E-08,3.90E-16,0.43570697,8.05E-09,0.44862565,0.00026613052,0.0113047715,0.0329833,0.00012371736,0.58125186,0.45348102,0
0.4028675,0.35404187,0.21059062,0.13944171,0.38159412,0.46982324,0,0,0.34851477,0.4641461,0,0,0.38961926,0.4486558,0,0,0.43765217,0.46403483,0,0,0,0,0,0.98266613,0,0.43570697,0,0.4486267,0,0,2.08E-17,0,0.58125275,0.47003502,1
0.7375433,0.59143543,0.0080740675,7.94E-05,0.38159412,0.46982324,2.88E-06,6.20E-12,0.34851477,0.4641461,0.00022120347,4.16E-08,0.38961926,0.4486558,0.00028259246,7.67E-08,0.43765217,0.46403483,6.16E-23,5.94E-23,0.6951054,2.01E-07,0.6081945,1.53E-05,6.02E-05,0.43570697,0,0.4486267,0,0,0.009929078,0,0.58125275,0.47003502,3
0.4321244,0.18110785,0.21577592,0.13101332,0.38159412,0.46982324,0,0,0.34851477,0.4641461,0,0,0.38961926,0.4486558,0,0,0.43765217,0.46403483,0,0,0,0,0,0.98266476,0,0.43570697,0,0.4486267,0,0,2.08E-17,0,0.58125275,0.47003502,4
0.46054104,0.59392846,0.2149242,0.1312012,0.38159412,0.46982324,0.0012257053,1.12E-06,0.34851477,0.4641461,0.012475897,0.00013241176,0.38961926,0.4486558,0.012993419,0.00016223852,0.43765217,0.46403483,3.89E-22,4.33E-22,0.33328038,1.12E-14,0.46435595,3.51E-06,1.38E-05,0.43570697,0,0.4486267,0,0,0.3503546,0,0.58125275,0.47003502,4
0.22026886,0.18872762,7.98E-05,4.09E-06,0.38159412,0.46982324,0,0,0.34851477,0.4641461,0,0,0.38961926,0.4486558,0,0,0.43765217,0.46403483,0,0,0,0,0,0.9826629,0,0.43570697,0,0.4486267,0,0,2.08E-17,0,0.58125275,0.47003502,2
0.69901764,0.29368776,0.008002658,8.09E-05,0.38159412,0.46982324,0,0,0.34851477,0.4641461,0,0,0.38961926,0.4486558,0,0,0.43765217,0.46403483,0,0,0,0,0,0.98266554,0,0.43570697,0,0.4486267,0,0,2.08E-17,0,0.58125275,0.47003502,3
0.47670302,0.5927658,0.214524,0.13128741,0.38159412,0.46982324,0.0132235335,0.00013027199,0.34851477,0.4641461,0.015480056,0.00020385817,0.38961926,0.4486558,0.0133151915,0.00017037345,0.43765217,0.46403483,4.86E-21,2.44E-21,0.3398955,1.72E-14,0.46259007,3.68E-06,1.45E-05,0.43570697,0,0.4486267,0,0,0.3503546,0,0.58125275,0.47003502,4
0.5770846,0.14676808,0.0069843275,9.72E-05,0.38159412,0.46982324,1.38E-06,1.43E-12,0.34851477,0.4641461,0.00018395546,2.88E-08,0.38961926,0.4486558,0.00024798032,5.91E-08,0.43765217,0.46403483,1.23E-21,3.07E-09,0.4742702,0.00025788054,0.13145089,0.00013946355,0.0005485579,0.43570697,0,0.4486267,0,0,0.009929078,0,0.58125275,0.47003502,3
0.7399392,0.44854775,0.008039236,7.96E-05,0.38159412,0.46982324,1.94E-05,2.81E-10,0.34851477,0.4641461,0.00022470094,4.30E-08,0.38961926,0.4486558,0.00026952627,6.98E-08,0.43765217,0.46403483,1.09E-22,8.76E-23,0.69660467,2.93E-06,0.46110585,2.64E-05,0.000103885766,0.43570697,0,0.4486267,0,0,0.009929078,0,0.58125275,0.47003502,3
0.72248614,0.94439554,0.24504036,0.121152975,0.38159412,0.46982324,0,0,0.34851477,0.4641461,0,0,0.38961926,0.4486558,0,0,0.43765217,0.46403483,0,0,0,0,0,0.982665,0,0.43570697,0,0.4486267,0,0,2.08E-17,0,0.58125275,0.47003502,4
0.4562733,0.21446757,0.21570487,0.13102697,0.38159412,0.46982324,0,0,0.34851477,0.4641461,0,0,0.38961926,0.4486558,0,0,0.43765217,0.46403483,0,0,0,0,0,0.98266476,0,0.43570697,0,0.4486267,0,0,2.08E-17,0,0.58125275,0.47003502,4
0.46962485,0.5508996,0.21328533,0.13154961,0.38159412,0.46982324,0.00022185754,3.67E-08,0.34851477,0.4641461,0.009785618,8.15E-05,0.38961926,0.4486558,0.013317624,0.0001704357,0.43765217,0.46403483,6.93E-22,7.56E-22,0.33705872,3.27E-12,0.42743585,6.73E-06,2.65E-05,0.43570697,0,0.4486267,0,0,0.3503546,0,0.58125275,0.47003502,4
0.4311874,0.5225859,0.21297458,0.13161057,0.38159412,0.46982324,0,0,0.34851477,0.4641461,0,0,0.38961926,0.4486558,0,0,0.43765217,0.46403483,0,0,0,0,0,0.9826649,0,0.43570697,0,0.4486267,0,0,2.08E-17,0,0.58125275,0.47003502,4
0.72202986,0.8884683,0.007424062,9.06E-05,0.38159412,0.46982324,1.15E-07,9.84E-15,0.34851477,0.4641461,0.00012514973,1.33E-08,0.38961926,0.4486558,0.00023469023,5.29E-08,0.43765217,0.46403483,7.11E-23,3.76E-23,0.7735182,3.89E-12,0.8461135,3.76E-06,1.48E-05,0.43570697,0,0.4486267,0,0,0.009929078,0,0.58125275,0.47003502,3
0.41631964,0.39710465,0.0058523966,0.00010709585,0.38159412,0.46982324,9.55E-09,6.79E-17,0.34851477,0.4641461,0.00026770317,6.10E-08,0.38961926,0.4486558,0.000621084,3.71E-07,0.43765217,0.46403483,8.20E-22,2.65E-21,0.31185362,1.29E-08,0.29651996,2.20E-05,8.66E-05,0.43570697,0,0.4486267,0,0,0.009929078,0,0.58125275,0.47003502,3
0.0007104879,0.0015030901,0.008132797,0.00079402723,0.38159412,0.46982324,4.47E-06,0.0001608119,0.34851477,0.46414328,0.020882636,0.0006376277,0.38961327,0.4438984,0.031031968,0.00116187,0.43776053,0.4837854,5.88E-21,8.85E-19,0.0006708175,1.90E-17,0.001596934,8.60E-10,3.32E-14,0.43570697,0.00016118305,0.4486267,0.0013536764,0.0014165636,0.039679118,0.00047201963,0.58125156,0.46319598,0
0.26220155,0.053618535,0.18398726,0.13428205,0.38159412,0.46982324,0,0,0.34851477,0.4641461,0,0,0.38961926,0.4486558,0,0,0.43765217,0.46403483,0,0,0,0,0,0.98266697,0,0.43570697,0,0.4486267,0,0,2.08E-17,0,0.58125275,0.47003502,5
0.3589666,0.18663725,0.18399504,0.13426574,0.38159412,0.46982324,0.0034449475,8.84E-06,0.34851477,0.4641461,0.018915078,0.0003043682,0.38961926,0.4486558,0.020721126,0.00041260436,0.43765217,0.46403483,7.67E-22,2.53E-21,0.22493099,2.93E-05,0.124965616,0.00010954504,0.0004308923,0.43570697,2.09E-15,0.4486267,0.4329044,9.24E-08,0.3503546,8.26E-15,0.58125275,0.47003502,5
0.6734112,0.2235827,0.0070286947,9.64E-05,0.38159412,0.46982324,1.54E-08,1.78E-16,0.34851477,0.4641461,0.00010881527,1.01E-08,0.38961926,0.4486558,0.00019159226,3.53E-08,0.43765217,0.46403483,1.03E-22,4.37E-13,0.5589386,9.02E-05,0.20156601,8.32E-05,0.0003274489,0.43570697,0,0.4486267,0,0,0.009929078,0,0.58125275,0.47003502,3
0.26036385,0.34126192,1.51E-05,1.52E-06,0.38159412,0.46982324,0,0,0.34851477,0.4641461,0,0,0.38961926,0.4486558,0,0,0.43765217,0.46403483,0,0,0,0,0,0.9826631,0,0.43570697,0,0.4486267,0,0,2.08E-17,0,0.58125275,0.47003502,2
0.35824853,0.30657652,0.18378179,0.13425983,0.38159412,0.46982324,0.00022138211,3.65E-08,0.34851477,0.4641461,0.01265273,0.00013619197,0.38961926,0.4486558,0.017401962,0.00029100702,0.43765217,0.46403483,1.45E-21,2.33E-21,0.22061308,3.54E-07,0.20499147,4.29E-05,0.00016859535,0.43570697,2.55E-15,0.4486267,0.71029896,1.24E-07,0.3503546,1.49E-14,0.58125275,0.47003502,5
0.0012574985,0.0016741146,0.008048513,0.0006985006,0.38159412,0.46982324,0.0062208087,2.89E-05,0.34851477,0.46411636,0.019662479,0.0005541862,0.3896174,0.44697076,0.029001642,0.0010418531,0.43781224,0.49630395,2.33E-20,4.47E-18,0.001203096,1.65E-17,0.0017703234,7.35E-10,1.66E-17,0.43566355,0.0018371886,0.4834192,0.0012511287,0.055987008,0.04303569,0.0033003823,0.58163863,0.5045282,0
0.38218403,0.40704566,0.18424052,0.13427003,0.38159412,0.46982324,0,0,0.34851477,0.4641461,0,0,0.38961926,0.4486558,0,0,0.43765217,0.46403483,0,0,0,0,0,0.9826671,0,0.43570697,0,0.4486267,0,0,2.08E-17,0,0.58125275,0.47003502,5
0.7134816,0.66472745,0.24353719,0.121822424,0.38159412,0.46982324,0.00089217076,5.93E-07,0.34851477,0.4641461,0.007988041,5.43E-05,0.38961926,0.4486558,0.006926914,4.61E-05,0.43765217,0.46403483,5.19E-22,3.62E-22,0.5834753,2.32E-08,0.58885044,1.25E-05,4.93E-05,0.43570697,0,0.4486267,0,0,0.3503546,0,0.58125275,0.47003502,4
0.45437035,0.5034277,0.21312793,0.13158047,0.38159412,0.46982324,0,0,0.34851477,0.4641461,0,0,0.38961926,0.4486558,0,0,0.43765217,0.46403483,0,0,0,0,0,0.9826649,0,0.43570697,0,0.4486267,0,0,2.08E-17,0,0.58125275,0.47003502,4
0.42019376,0.6038032,0.21361461,0.13147835,0.38159412,0.46982324,0,0,0.34851477,0.4641461,0,0,0.38961926,0.4486558,0,0,0.43765217,0.46403483,0,0,0,0,0,0.98266506,0,0.43570697,0,0.4486267,0,0,2.08E-17,0,0.58125275,0.47003502,4
0.44539902,0.60220253,0.21310307,0.13158521,0.38159412,0.46982324,0,0,0.34851477,0.4641461,0,0,0.38961926,0.4486558,0,0,0.43765217,0.46403483,0,0,0,0,0,0.982665,0,0.43570697,0,0.4486267,0,0,2.08E-17,0,0.58125275,0.47003502,4
0.44047987,0.30255207,0.005687673,0.00010769006,0.38159412,0.46982324,6.39E-06,3.05E-11,0.34851477,0.4641461,0.000535653,2.44E-07,0.38961926,0.4486558,0.0007426769,5.30E-07,0.43765217,0.46403483,1.12E-21,1.65E-21,0.32475045,8.85E-07,0.21963795,4.56E-05,0.00017925575,0.43570697,0,0.4486267,0,0,0.009929078,0,0.58125275,0.47003502,3
0.461654,0.5491397,0.21357428,0.1314896,0.38159412,0.46982324,0.00028255547,5.95E-08,0.34851477,0.4641461,0.010102917,8.68E-05,0.38961926,0.4486558,0.013369368,0.0001717627,0.43765217,0.46403483,3.80E-22,6.92E-22,0.33548313,3.49E-12,0.42664856,6.78E-06,2.67E-05,0.43570697,0,0.4486267,0,0,0.3503546,0,0.58125275,0.47003502,4
0.22759937,0.31674287,7.48E-05,3.81E-06,0.38159412,0.46982324,0,0,0.34851477,0.4641461,0,0,0.38961926,0.4486558,0,0,0.43765217,0.46403483,0,0,0,0,0,0.9826633,0,0.43570697,0,0.4486267,0,0,2.08E-17,0,0.58125275,0.47003502,2
0.37500468,0.24770162,0.20874071,0.13970864,0.38159412,0.46982324,0,0,0.34851477,0.4641461,0,0,0.38961926,0.4486558,0,0,0.43765217,0.46403483,0,0,0,0,0,0.9826661,0,0.43570697,0,0.4486267,0,0,2.08E-17,0,0.58125275,0.47003502,1
0.74508125,0.4173421,0.007065474,9.60E-05,0.38159412,0.46982324,5.21E-09,2.02E-17,0.34851477,0.4641461,9.54E-05,7.74E-09,0.38961926,0.4486558,0.00018475883,3.28E-08,0.43765217,0.46403483,9.87E-23,1.57E-22,0.62177676,5.85E-06,0.37817743,3.41E-05,0.00013419273,0.43570697,0,0.4486267,0,0,0.009929078,0,0.58125275,0.47003502,3
0.001339048,0.0015811018,0.008288786,0.00082343514,0.38159412,0.46965814,0.023442212,0.00041024148,0.34851807,0.47452027,0.037979104,0.0012728384,0.38975963,0.52455485,0.03198729,0.001169355,0.43788648,0.5076817,2.10E-18,2.40E-18,0.0012608892,5.68E-18,0.001622872,8.24E-10,6.17E-18,0.43570697,4.46E-05,0.44814616,0.0014176333,0.0036928365,0.040900547,0.00038634083,0.58124834,0.4590504,0
0.0010356976,0.0015682173,0.007754262,0.00073712546,0.38159412,0.46982324,1.83E-05,0.0005436366,0.34851477,0.46415263,0.02017442,0.0007261818,0.3896447,0.46750423,0.029873576,0.0011190523,0.43780625,0.49287003,3.13E-20,3.60E-18,0.0010294793,7.47E-18,0.00165743,8.00E-10,7.17E-18,0.43570697,0.0018461465,0.47171664,0.001244429,0.05611281,0.043177098,0.003311863,0.58159924,0.50096935,0
0.70103806,0.25561282,0.007071281,9.60E-05,0.38159412,0.46982324,0.00036597456,9.98E-08,0.34851477,0.4641461,0.00030196982,7.76E-08,0.38961926,0.4486558,0.00026408373,6.70E-08,0.43765217,0.46403483,8.55E-23,9.48E-15,0.5887895,5.86E-05,0.231786,6.97E-05,0.00027417162,0.43570697,0,0.4486267,0,0,0.009929078,0,0.58125275,0.47003502,3
0.7204731,0.58170277,0.008084466,7.92E-05,0.38159412,0.46982324,6.55E-06,3.19E-11,0.34851477,0.4641461,0.00024188535,4.98E-08,0.38961926,0.4486558,0.00028710157,7.92E-08,0.43765217,0.46403483,4.72E-23,7.28E-23,0.6829593,2.41E-07,0.5988094,1.58E-05,6.22E-05,0.43570697,0,0.4486267,0,0,0.009929078,0,0.58125275,0.47003502,3
0.44960943,0.60308224,0.21334262,0.13153586,0.38159412,0.46982324,0.007580368,4.28E-05,0.34851477,0.4641461,0.014294155,0.00017382011,0.38961926,0.4486558,0.012940699,0.00016092465,0.43765217,0.46403483,4.27E-22,9.01E-22,0.31785002,1.22E-16,0.46803856,2.20E-06,8.67E-06,0.43570697,0,0.4486267,0,0,0.3503546,0,0.58125275,0.47003502,4
0.73120004,0.40651852,0.0080693355,7.91E-05,0.38159412,0.46982324,0.0004940807,1.82E-07,0.34851477,0.4641461,0.00031057704,8.21E-08,0.38961926,0.4486558,0.0002919944,8.19E-08,0.43765217,0.46403483,1.59E-22,1.37E-22,0.69909143,5.60E-06,0.41928682,3.10E-05,0.00012193088,0.43570697,0,0.4486267,0,0,0.009929078,0,0.58125275,0.47003502,3
0.00026715992,0.0007041021,0.029556826,0.034826536,0.38159412,0.46982324,9.84E-10,0.00016960947,0.34851477,0.4641461,0.0033122865,0.001549036,0.38962105,0.45378515,0.28481615,0.21309395,0.44660723,0.4746194,0,1.19E-28,1.16E-05,1.13E-16,0.00036936605,5.39E-09,3.66E-16,0.43570697,0,0.4486267,0.0002693401,1.40E-09,0.017626109,2.69E-18,0.58125275,0.47003502,0
0.248722,0.2973396,1.51E-05,1.53E-06,0.38159412,0.46982324,0,0,0.34851477,0.4641461,0,0,0.38961926,0.4486558,0,0,0.43765217,0.46403483,0,0,0,0,0,0.982663,0,0.43570697,0,0.4486267,0,0,2.08E-17,0,0.58125275,0.47003502,2
0.4238299,0.6043158,0.21373135,0.1314542,0.38159412,0.46982324,0,0,0.34851477,0.4641461,0,0,0.38961926,0.4486558,0,0,0.43765217,0.46403483,0,0,0,0,0,0.98266506,0,0.43570697,0,0.4486267,0,0,2.08E-17,0,0.58125275,0.47003502,4
0.00082605775,0.0016112763,0.008794182,0.00087591534,0.38159412,0.4698218,0.00079970626,9.66E-05,0.3485147,0.46164933,0.032808505,0.0010885434,0.38966796,0.47175148,0.03243805,0.001221466,0.43800417,0.526182,1.18E-22,1.27E-19,0.0007846086,1.20E-17,0.0017282404,7.62E-10,1.59E-17,0.43570697,0.00018780628,0.4346314,0.0015218749,0.0046575423,0.03972901,0.00049417996,0.58126223,0.48662832,0
0.00094565406,0.0015132125,0.008122647,0.00079124514,0.38159412,0.46982324,0.00043083765,0.00032648598,0.34851477,0.46472427,0.030052282,0.0010080027,0.38968995,0.4834371,0.031293605,0.0011734328,0.43779147,0.48923826,2.33E-23,2.80E-19,0.00076371693,1.51E-17,0.001565407,8.82E-10,1.56E-17,0.43570697,0.0004735655,0.44862577,0.0013761891,0.0011959902,0.039105233,0.0005137174,0.58124834,0.4407131,0
0.76571167,0.82730496,0.008096727,7.80E-05,0.38159412,0.46982324,9.58E-05,6.84E-09,0.34851477,0.4641461,0.00025139123,5.38E-08,0.38961926,0.4486558,0.00026054174,6.52E-08,0.43765217,0.46403483,9.94E-23,1.43E-22,0.73615557,2.15E-10,0.8570412,5.51E-06,2.17E-05,0.43570697,0,0.4486267,0,0,0.009929078,0,0.58125275,0.47003502,3
0.2536082,0.24893111,1.61E-05,1.63E-06,0.38159412,0.46982324,0,0,0.34851477,0.4641461,0,0,0.38961926,0.4486558,0,0,0.43765217,0.46403483,0,0,0,0,0,0.9826629,0,0.43570697,0,0.4486267,0,0,2.08E-17,0,0.58125275,0.47003502,2
0.42901194,0.6049007,0.21361393,0.13147897,0.38159412,0.46982324,0.040461145,0.0012196419,0.34851477,0.4641461,0.018799279,0.00030065293,0.38961926,0.4486558,0.01363275,0.00017859694,0.43765217,0.46403483,4.43E-22,6.38E-22,0.30929294,2.10E-17,0.47006232,1.83E-06,7.22E-06,0.43570697,0,0.4486267,0,0,0.3503546,0,0.58125275,0.47003502,4
0.70309865,0.36920425,0.24315481,0.12199102,0.38159412,0.46982324,0,0,0.34851477,0.4641461,0,0,0.38961926,0.4486558,0,0,0.43765217,0.46403483,0,0,0,0,0,0.98266476,0,0.43570697,0,0.4486267,0,0,2.08E-17,0,0.58125275,0.47003502,4
0.4291294,0.3574479,0.005611208,0.00010793341,0.38159412,0.46982324,0,0,0.34851477,0.4641461,0,0,0.38961926,0.4486558,0,0,0.43765217,0.46403483,0,0,0,0,0,0.9826656,0,0.43570697,0,0.4486267,0,0,2.08E-17,0,0.58125275,0.47003502,3
0.44370174,0.399266,0.2126195,0.13168256,0.38159412,0.46982324,1.37E-05,1.41E-10,0.34851477,0.4641461,0.008432997,6.05E-05,0.38961926,0.4486558,0.013316514,0.00017040731,0.43765217,0.46403483,8.87E-22,1.27E-21,0.3113751,1.31E-07,0.3088127,2.67E-05,0.0001048582,0.43570697,0,0.4486267,0,0,0.3503546,0,0.58125275,0.47003502,4
0.4466216,0.60136694,0.21400093,0.13139854,0.38159412,0.46982324,7.81E-06,4.55E-11,0.34851477,0.4641461,0.007886095,5.29E-05,0.38961926,0.4486558,0.012310664,0.00014563644,0.43765217,0.46403483,3.98E-22,6.49E-22,0.32363516,2.03E-16,0.46813425,2.32E-06,9.14E-06,0.43570697,0,0.4486267,0,0,0.3503546,0,0.58125275,0.47003502,4
0.0004558399,0.00050535065,0.010742478,0.0009461907,0.38159412,0.4699039,0.008107557,0.00020982158,0.3485204,0.4823995,0.009161324,0.0015327741,0.38968685,0.5198563,0.04339194,0.0059438054,0.4396575,0.556113,1.08E-19,1.60E-17,0.0002494696,1.71E-16,0.00018213353,1.06E-08,3.33E-16,0.43570697,9.07E-19,0.4486267,0.00033222165,0,0.017626109,9.50E-19,0.58125275,0.47003502,0
0.34152007,0.37169138,0.1847194,0.13427465,0.38159412,0.46982324,0,0,0.34851477,0.4641461,0,0,0.38961926,0.4486558,0,0,0.43765217,0.46403483,0,0,0,0,0,0.9826671,0,0.43570697,0,0.4486267,0,0,2.08E-17,0,0.58125275,0.47003502,5
0.45998517,0.22336474,0.20967467,0.13957669,0.38159412,0.46982324,0,0,0.34851477,0.4641461,0,0,0.38961926,0.4486558,0,0,0.43765217,0.46403483,0,0,0,0,0,0.9826661,0,0.43570697,0,0.4486267,0,0,2.08E-17,0,0.58125275,0.47003502,1
0.71015275,0.46002883,0.250006,0.12756304,0.38159412,0.46982324,1.13E-07,9.44E-15,0.34851477,0.4641461,0.0032988277,9.26E-06,0.38961926,0.4486558,0.006253171,3.76E-05,0.43765217,0.46403483,1.68E-22,1.27E-22,0.57701594,2.14E-06,0.408411,2.84E-05,0.00011155642,0.43570697,0,0.4486267,0,0,0.35886526,0,0.58125275,0.47003502,1
0.0011440127,0.0015740003,0.007879117,0.00077677605,0.38159412,0.46982324,0.00024829304,0.00012404493,0.34851477,0.46460003,0.025638893,0.000850747,0.38965094,0.46707556,0.03090043,0.0011597029,0.43772686,0.47763845,3.63E-21,3.39E-18,0.0010485116,6.80E-18,0.0016351326,8.15E-10,6.20E-18,0.43570697,0.0002969598,0.4486267,0.0013278744,3.33E-08,0.039813135,0.00045907852,0.58125275,0.4700349,0
0.42003107,0.31393576,0.20965795,0.13958026,0.38159412,0.46982324,0.023309603,0.0004047863,0.34851477,0.4641461,0.033749845,0.0009690064,0.38961926,0.4486558,0.029443756,0.000833093,0.43765217,0.46403483,1.48E-21,1.90E-21,0.27475184,3.78E-07,0.2340399,3.86E-05,0.00015194944,0.43570697,0,0.4486267,0,0,0.35886526,0,0.58125275,0.47003502,1
0.00060552923,0.0005769149,0.016194504,0.0037550523,0.38159412,0.46982324,0,0.011891333,0.34851477,0.4641461,4.37E-05,0.013771427,0.38961926,0.4486558,0.056914814,0.014037464,0.43860352,0.48545396,3.78E-17,8.49E-17,0.00024901747,2.40E-15,0.00020386139,1.39E-08,5.16E-15,0.43570697,1.81E-18,0.4486267,7.46E-05,1.98E-09,0.009929078,3.80E-18,0.58125275,0.47003502,0
0.84543025,0.8818539,0.008132685,7.71E-05,0.38159412,0.46982324,1.13E-05,9.59E-11,0.34851477,0.4641461,0.000209943,3.75E-08,0.38961926,0.4486558,0.00025320644,6.16E-08,0.43765217,0.46403483,8.16E-23,9.04E-23,0.8247104,4.57E-11,0.91817,4.46E-06,1.75E-05,0.43570697,0,0.4486267,0,0,0.009929078,0,0.58125275,0.47003502,3
0.24917503,0.36054695,1.50E-05,1.53E-06,0.38159412,0.46982324,0,0,0.34851477,0.4641461,0,0,0.38961926,0.4486558,0,0,0.43765217,0.46403483,0,0,0,0,0,0.9826633,0,0.43570697,0,0.4486267,0,0,2.08E-17,0,0.58125275,0.47003502,2
0.22760238,0.3182067,7.33E-05,3.67E-06,0.38159412,0.46982324,0,0,0.34851477,0.4641461,0,0,0.38961926,0.4486558,0,0,0.43765217,0.46403483,0,0,0,0,0,0.9826633,0,0.43570697,0,0.4486267,0,0,2.08E-17,0,0.58125275,0.47003502,2
0.005009219,0.0034456288,0.047179792,0.06967709,0.3478892,0.3824622,0.22321568,0.4221562,0.3164272,0.3811278,0.28682724,0.39315122,0.37140813,0.4101045,0.33368075,0.29325062,0.4255259,0.45360816,8.20E-18,8.52E-18,0.0032576493,2.25E-17,0.0026673533,3.96E-10,5.28E-17,0.43570697,0,0.4486267,0,0,0.009929078,0,0.58125275,0.47003502,0
0.0045934627,0.0023618306,0.05294306,0.07559174,0.38159412,0.46982324,0,0,0.34851477,0.4641461,9.93E-10,8.41E-19,0.38961926,0.4486558,0,0,0.43765217,0.46403483,6.12E-24,1.88E-21,0.0016931845,5.15E-14,0.00058350957,3.46E-08,1.58E-13,0.43570697,9.07E-19,0.4486267,0.0020230266,0,2.08E-17,0,0.58125275,0.47003502,0
0.43612447,0.6059348,0.21314415,0.13157634,0.38159412,0.46982324,0,0,0.34851477,0.4641461,0,0,0.38961926,0.4486558,0,0,0.43765217,0.46403483,0,0,0,0,0,0.98266506,0,0.43570697,0,0.4486267,0,0,2.08E-17,0,0.58125275,0.47003502,4
0.28632396,0.058061153,0.22347634,0.1290441,0.38159412,0.46982324,0.0051769977,2.00E-05,0.34851477,0.4641461,0.020333335,0.00035172259,0.38961926,0.4486558,0.021469554,0.00044294843,0.43765217,0.46403483,1.54E-12,5.44E-06,0.21317849,0.001131896,0.047218803,0.00041544967,0.0016336424,0.43570697,0,0.4486267,0,0,0.3503546,0,0.58125275,0.47003502,4
0.0013108896,0.0015983862,0.008141909,0.0007678683,0.38159412,0.46982324,0.00036179,3.30E-05,0.34851477,0.46423075,0.025101762,0.0006803305,0.3896723,0.4876425,0.030185448,0.0011085032,0.43778577,0.48948348,5.05E-18,5.52E-18,0.0014260028,1.10E-17,0.0017381003,7.55E-10,1.59E-17,0.43570694,0.00016976648,0.42986688,0.0015170315,0.0036861107,0.039772183,0.0004797434,0.58127004,0.50867844,0
0.37106022,0.3561303,0.0056182714,0.00010794001,0.38159412,0.46982324,5.01E-05,1.87E-09,0.34851477,0.4641461,0.0006766007,3.89E-07,0.38961926,0.4486558,0.00072778534,5.09E-07,0.43765217,0.46403483,1.28E-20,1.31E-20,0.26046988,8.25E-08,0.2552439,3.03E-05,0.00011901648,0.43570697,0,0.4486267,0,0,0.009929078,0,0.58125275,0.47003502,3
0.44327816,0.2316691,0.21027084,0.13948883,0.38159412,0.46982324,0.045681063,0.0015546349,0.34851477,0.4641461,0.03473075,0.0010261512,0.38961926,0.4486558,0.02855117,0.00078334834,0.43765217,0.46403483,1.29E-21,2.72E-21,0.31089246,9.59E-06,0.17319483,7.30E-05,0.00028720903,0.43570697,0,0.4486267,0,0,0.35886526,0,0.58125275,0.47003502,1
0.0005695314,0.00309972,0.047304943,0.07467205,0.38159412,0.46982324,4.83E-08,5.07E-15,0.34851477,0.41274878,0.24533007,0.15315688,0.38627753,0.43511555,0.35167873,0.30599073,0.41659817,0.44713244,6.97E-24,2.04E-18,0.00024247816,2.74E-16,0.0023054196,5.27E-10,6.27E-17,0.43570697,2.03E-18,0.4486267,0.0003049448,2.22E-09,0.017626109,5.53E-18,0.58125275,0.47003502,0
0.00010128706,0.0005035708,0.012741022,0.00037584128,0.38159412,0.46982324,2.33E-05,4.05E-10,0.34851477,0.4641461,0.0077891843,0.0003418296,0.38961494,0.43721306,0.010782946,0.0013434575,0.4376576,0.46609342,0,1.24E-21,4.03E-05,1.37E-16,0.00018423185,1.04E-08,3.13E-16,0.43570697,0,0.4486267,0,0,0.009219858,0,0.58125275,0.47003502,0
0.00059415994,0.0005459322,0.015838945,0.010218085,0.38159412,0.46982324,0.00010293913,7.89E-09,0.34851477,0.4641461,0.008519532,0.0002378293,0.38961473,0.4353551,0.1840952,0.067906365,0.44177315,0.47778276,2.60E-29,3.01E-20,5.53E-05,1.99E-16,0.000194964,1.00E-08,4.11E-16,0.43570697,0,0.4486267,0,0,0.009219858,0,0.58125275,0.47003502,0
0.3752317,0.38442564,0.2117096,0.13926868,0.38159412,0.46982324,0.023654075,0.00041683862,0.34851477,0.4641461,0.033385262,0.00094818405,0.38961926,0.4486558,0.028489538,0.00077996997,0.43765217,0.46403483,1.39E-21,1.76E-21,0.25119573,8.46E-09,0.2893671,2.12E-05,8.33E-05,0.43570697,0,0.4486267,0,0,0.35886526,0,0.58125275,0.47003502,1
0.3547382,0.16651309,0.0052307686,0.000108262146,0.38159412,0.46982324,0,0,0.34851477,0.4641461,0,0,0.38961926,0.4486558,0,0,0.43765217,0.46403483,0,0,0,0,0,0.98266554,0,0.43570697,0,0.4486267,0,0,2.08E-17,0,0.58125275,0.47003502,3
0.7064865,0.8226943,0.2496552,0.12772165,0.38159412,0.46982324,2.73E-08,5.55E-16,0.34851477,0.4641461,0.0024296723,5.02E-06,0.38961926,0.4486558,0.0058344114,3.27E-05,0.43765217,0.46403483,1.28E-22,1.80E-22,0.5673883,4.26E-11,0.7293569,5.37E-06,2.11E-05,0.43570697,0,0.4486267,0,0,0.35886526,0,0.58125275,0.47003502,1
0.70886767,0.88581795,0.24443354,0.12142551,0.38159412,0.46982324,7.63E-07,4.33E-13,0.34851477,0.4641461,0.003996969,1.36E-05,0.38961926,0.4486558,0.0064147115,3.95E-05,0.43765217,0.46403483,7.33E-23,8.03E-23,0.58609766,1.36E-12,0.7875853,3.54E-06,1.39E-05,0.43570697,0,0.4486267,0,0,0.3503546,0,0.58125275,0.47003502,4
0.22108433,0.15167172,7.83E-05,4.14E-06,0.38159412,0.46982324,0,0,0.34851477,0.4641461,0,0,0.38961926,0.4486558,0,0,0.43765217,0.46403483,0,0,0,0,0,0.98266286,0,0.43570697,0,0.4486267,0,0,2.08E-17,0,0.58125275,0.47003502,2
0.3822651,0.120519325,0.0056684664,0.000107527405,0.38159412,0.46982324,0.0009571659,6.83E-07,0.34851477,0.4641461,0.000503489,2.16E-07,0.38961926,0.4486558,0.00043773605,1.84E-07,0.43765217,0.46403483,3.13E-22,1.97E-13,0.2633139,0.00017594537,0.08724049,0.00019068668,0.00074999634,0.43570697,0,0.4486267,0,0,0.009929078,0,0.58125275,0.47003502,3
0.44598627,0.5984207,0.21356408,0.13149242,0.38159412,0.46982324,0.036643762,0.0010003595,0.34851477,0.4641461,0.018804772,0.00030082863,0.38961926,0.4486558,0.013445423,0.00017372247,0.43765217,0.46403483,6.76E-22,1.13E-21,0.309857,1.16E-15,0.46491852,2.77E-06,1.09E-05,0.43570697,0,0.4486267,0,0,0.3503546,0,0.58125275,0.47003502,4
0.7613125,0.88256115,0.0071805543,9.44E-05,0.38159412,0.46982324,3.53E-06,9.30E-12,0.34851477,0.4641461,0.0001855365,2.93E-08,0.38961926,0.4486558,0.00024779877,5.90E-08,0.43765217,0.46403483,2.12E-23,3.15E-23,0.6990832,8.55E-12,0.8128714,4.19E-06,1.65E-05,0.43570697,0,0.4486267,0,0,0.009929078,0,0.58125275,0.47003502,3
0.45176554,0.594497,0.21462885,0.13126586,0.38159412,0.46982324,0.00022728805,3.85E-08,0.34851477,0.4641461,0.010693395,9.73E-05,0.38961926,0.4486558,0.012776843,0.00015687516,0.43765217,0.46403483,4.20E-22,4.16E-22,0.322737,8.20E-15,0.46415737,3.39E-06,1.33E-05,0.43570697,0,0.4486267,0,0,0.3503546,0,0.58125275,0.47003502,4
0.32114697,0.14506222,0.005067607,0.00010802111,0.38159412,0.46982324,0.0023321281,4.05E-06,0.34851477,0.4641461,0.0015936292,2.16E-06,0.38961926,0.4486558,0.0010878351,1.14E-06,0.43765217,0.46403483,1.11E-19,1.40E-16,0.16602191,0.00011199902,0.09388404,0.00016174086,0.00063616753,0.43570697,0,0.4486267,0,0,0.009929078,0,0.58125275,0.47003502,3
0.64606476,0.19761749,0.008018962,8.00E-05,0.38159412,0.46982324,0,0,0.34851477,0.4641461,0,0,0.38961926,0.4486558,0,0,0.43765217,0.46403483,0,0,0,0,0,0.9826655,0,0.43570697,0,0.4486267,0,0,2.08E-17,0,0.58125275,0.47003502,3
0.7077078,0.6841539,0.25076452,0.1272155,0.38159412,0.46982324,0,0,0.34851477,0.4641461,0,0,0.38961926,0.4486558,0,0,0.43765217,0.46403483,0,0,0,0,0,0.98266613,0,0.43570697,0,0.4486267,0,0,2.08E-17,0,0.58125275,0.47003502,1
0.80802464,0.88255376,0.008122976,7.73E-05,0.38159412,0.46982324,4.98E-06,1.85E-11,0.34851477,0.4641461,0.00019512525,3.24E-08,0.38961926,0.4486558,0.00025070106,6.04E-08,0.43765217,0.46403483,2.88E-22,1.66E-22,0.7797651,3.95E-11,0.9178463,4.37E-06,1.72E-05,0.43570697,0,0.4486267,0,0,0.009929078,0,0.58125275,0.47003502,3
0.0011237782,0.0015969926,0.008544033,0.00082732143,0.38159412,0.46985826,0.01769188,0.000233251,0.34851694,0.48381358,0.039595682,0.0014060083,0.3897221,0.49516508,0.031858064,0.0011729464,0.43789595,0.5089758,8.74E-18,8.84E-18,0.0009847279,1.37E-17,0.0016677863,8.05E-10,1.67E-17,0.43570697,0.0003029984,0.44768387,0.0014609502,0.0027048625,0.039790794,0.00047005396,0.58125174,0.4669412,0
0.46423247,0.5730512,0.21358618,0.13148597,0.38159412,0.46982324,0,0,0.34851477,0.4641461,0,0,0.38961926,0.4486558,0,0,0.43765217,0.46403483,0,0,0,0,0,0.98266494,0,0.43570697,0,0.4486267,0,0,2.08E-17,0,0.58125275,0.47003502,4
0.73730975,0.540506,0.008065938,7.98E-05,0.38159412,0.46982324,0,0,0.34851477,0.4641461,0,0,0.38961926,0.4486558,0,0,0.43765217,0.46403483,0,0,0,0,0,0.98266554,0,0.43570697,0,0.4486267,0,0,2.08E-17,0,0.58125275,0.47003502,3
0.00032737493,0.0008446967,0.041369926,0.054714248,0.38159412,0.46982324,1.97E-09,2.97E-18,0.34851477,0.4641461,8.44E-05,6.09E-09,0.38961926,0.448655,0.011327609,0.00012330776,0.43765157,0.4545788,0,0,6.03E-06,4.62E-20,7.57E-05,2.38E-08,4.03E-16,0.43570697,6.58E-09,0.4486259,0.00026237828,0.011284946,0.032987963,0.00012328381,0.5812523,0.46068496,0
0.72179794,0.9964989,0.24383727,0.12169008,0.38159412,0.46982324,0.0004924053,1.81E-07,0.34851477,0.4641461,0.007842514,5.23E-05,0.38961926,0.4486558,0.0073446366,5.18E-05,0.43765217,0.46403483,2.83E-22,2.54E-22,0.5837573,1.18E-19,0.8838523,6.19E-07,2.44E-06,0.43570697,0,0.4486267,0,0,0.3503546,0,0.58125275,0.47003502,4
0.22059514,0.25814646,7.61E-05,3.86E-06,0.38159412,0.46982324,0,0,0.34851477,0.4641461,0,0,0.38961926,0.4486558,0,0,0.43765217,0.46403483,0,0,0,0,0,0.982663,0,0.43570697,0,0.4486267,0,0,2.08E-17,0,0.58125275,0.47003502,2
0.0011539707,0.0015664744,0.008105002,0.00083046,0.38159412,0.46982324,0.0044719926,1.49E-05,0.34851477,0.46414533,0.011785207,0.0001273721,0.38961196,0.41472143,0.010564173,0.00015369427,0.4376614,0.4765259,1.13E-20,6.70E-18,0.00018940266,4.24E-17,0.00035863338,5.15E-09,4.87E-17,0.43570617,0.00013744441,0.41469452,0.0012433814,0.010524385,0.028202146,0.00015366441,0.5812603,0.4823861,0
0.25165957,0.34469664,1.53E-05,1.49E-06,0.38159412,0.46982324,0,0,0.34851477,0.4641461,0,0,0.38961926,0.4486558,0,0,0.43765217,0.46403483,0,0,0,0,0,0.9826631,0,0.43570697,0,0.4486267,0,0,2.08E-17,0,0.58125275,0.47003502,2
0.72723436,0.849653,0.24387085,0.12167541,0.38159412,0.46982324,5.82E-07,2.53E-13,0.34851477,0.4641461,0.0038518347,1.26E-05,0.38961926,0.4486558,0.0063127433,3.83E-05,0.43765217,0.46403483,2.58E-22,1.93E-22,0.5892022,1.84E-11,0.75368935,4.80E-06,1.89E-05,0.43570697,0,0.4486267,0,0,0.3503546,0,0.58125275,0.47003502,4
0.5218662,0.120775536,0.0069956337,9.71E-05,0.38159412,0.46982324,5.65E-06,2.38E-11,0.34851477,0.4641461,0.0002222252,4.20E-08,0.38961926,0.4486558,0.00027700406,7.37E-08,0.43765217,0.46403483,4.86E-18,5.12E-08,0.43003085,0.0003763417,0.10833315,0.00017402606,0.00068447966,0.43570697,0,0.4486267,0,0,0.009929078,0,0.58125275,0.47003502,3
0.46415856,0.50399435,0.21286103,0.13163657,0.38159412,0.46982324,0.0055774474,2.32E-05,0.34851477,0.4641461,0.013860737,0.000163439,0.38961926,0.4486558,0.014453806,0.00020075738,0.43765217,0.46403483,5.51E-22,8.74E-22,0.3289216,5.29E-10,0.39028728,1.22E-05,4.81E-05,0.43570697,0,0.4486267,0,0,0.3503546,0,0.58125275,0.47003502,4
0.2260399,0.2517156,7.58E-05,3.86E-06,0.38159412,0.46982324,0,0,0.34851477,0.4641461,0,0,0.38961926,0.4486558,0,0,0.43765217,0.46403483,0,0,0,0,0,0.982663,0,0.43570697,0,0.4486267,0,0,2.08E-17,0,0.58125275,0.47003502,2
0.46570274,0.46022105,0.2137616,0.13144995,0.38159412,0.46982324,0,0,0.34851477,0.4641461,0,0,0.38961926,0.4486558,0,0,0.43765217,0.46403483,0,0,0,0,0,0.9826649,0,0.43570697,0,0.4486267,0,0,2.08E-17,0,0.58125275,0.47003502,4
0.7229891,0.8565591,0.24386863,0.12167647,0.38159412,0.46982324,7.72E-08,4.44E-15,0.34851477,0.4641461,0.0031022276,8.19E-06,0.38961926,0.4486558,0.0061506494,3.64E-05,0.43765217,0.46403483,1.33E-22,1.29E-22,0.5853264,1.19E-11,0.75980586,4.55E-06,1.79E-05,0.43570697,0,0.4486267,0,0,0.3503546,0,0.58125275,0.47003502,4
0.47854793,0.37961608,0.21356432,0.13148756,0.38159412,0.46982324,0,0,0.34851477,0.4641461,0,0,0.38961926,0.4486558,0,0,0.43765217,0.46403483,0,0,0,0,0,0.9826648,0,0.43570697,0,0.4486267,0,0,2.08E-17,0,0.58125275,0.47003502,4
0.0010624166,0.0015618004,0.010856489,0.0018975271,0.38159412,0.46981916,0.008189153,5.10E-05,0.34851345,0.44547608,0.045894958,0.00187345,0.38929847,0.33576062,0.048943307,0.0025014933,0.43719596,0.41937283,2.08E-17,2.07E-17,0.00088074425,1.66E-17,0.0015978577,8.56E-10,1.54E-17,0.43570697,0.00015685722,0.4486267,0.0013161076,0.0002523666,0.03996867,0.0004478471,0.58125263,0.4659569,0
0.30385503,0.17323981,0.005365742,0.00010828201,0.38159412,0.46982324,1.11E-05,9.18E-11,0.34851477,0.4641461,0.0008887946,6.72E-07,0.38961926,0.4486558,0.000921554,8.16E-07,0.43765217,0.46403483,1.38E-20,1.58E-20,0.19946064,3.47E-05,0.11860573,0.00011598226,0.00045620915,0.43570697,0,0.4486267,0,0,0.009929078,0,0.58125275,0.47003502,3
0.22012365,0.12864529,8.25E-05,4.23E-06,0.38159412,0.46982324,0,0,0.34851477,0.4641461,0,0,0.38961926,0.4486558,0,0,0.43765217,0.46403483,0,0,0,0,0,0.98266286,0,0.43570697,0,0.4486267,0,0,2.08E-17,0,0.58125275,0.47003502,2
0.41048875,0.5942861,0.21362214,0.1314781,0.38159412,0.46982324,0,0,0.34851477,0.4641461,0,0,0.38961926,0.4486558,0,0,0.43765217,0.46403483,0,0,0,0,0,0.982665,0,0.43570697,0,0.4486267,0,0,2.08E-17,0,0.58125275,0.47003502,4
0.23665014,0.3095423,7.41E-05,3.76E-06,0.38159412,0.46982324,0,0,0.34851477,0.4641461,0,0,0.38961926,0.4486558,0,0,0.43765217,0.46403483,0,0,0,0,0,0.98266315,0,0.43570697,0,0.4486267,0,0,2.08E-17,0,0.58125275,0.47003502,2
0.48831674,0.47644773,0.21317405,0.13157149,0.38159412,0.46982324,0,0,0.34851477,0.4641461,0,0,0.38961926,0.4486558,0,0,0.43765217,0.46403483,0,0,0,0,0,0.9826649,0,0.43570697,0,0.4486267,0,0,2.08E-17,0,0.58125275,0.47003502,4
0.0076404787,0.0015086185,0.057580348,0.07932113,0.36646214,0.42484257,0.33264104,0.17429723,0.32715112,0.40276992,0.33387613,0.20728153,0.3616379,0.374932,0.3209994,0.21777037,0.42142013,0.44682115,1.57E-17,1.95E-17,0.0086344415,2.68E-17,0.0014851053,1.11E-09,3.89E-13,0.43570697,0,0.4486267,0,0,0.009929078,0,0.58125275,0.47003502,0
0.22368419,0.29588062,7.54E-05,3.77E-06,0.38159412,0.46982324,0,0,0.34851477,0.4641461,0,0,0.38961926,0.4486558,0,0,0.43765217,0.46403483,0,0,0,0,0,0.9826631,0,0.43570697,0,0.4486267,0,0,2.08E-17,0,0.58125275,0.47003502,2
0.72411186,0.9864499,0.2439829,0.12162538,0.38159412,0.46982324,3.89E-05,1.13E-09,0.34851477,0.4641461,0.0060587027,3.12E-05,0.38961926,0.4486558,0.006924211,4.61E-05,0.43765217,0.46403483,2.00E-22,1.30E-22,0.58535254,5.48E-18,0.8754512,9.18E-07,3.61E-06,0.43570697,0,0.4486267,0,0,0.3503546,0,0.58125275,0.47003502,4
0.20308433,0.20382112,7.93E-05,3.99E-06,0.38159412,0.46982324,0,0,0.34851477,0.4641461,0,0,0.38961926,0.4486558,0,0,0.43765217,0.46403483,0,0,0,0,0,0.9826629,0,0.43570697,0,0.4486267,0,0,2.08E-17,0,0.58125275,0.47003502,2
0.69209355,0.8482495,0.007084879,9.58E-05,0.38159412,0.46982324,7.70E-08,4.42E-15,0.34851477,0.4641461,0.00017006832,2.46E-08,0.38961926,0.4486558,0.00024941593,5.98E-08,0.43765217,0.46403483,2.99E-22,4.36E-22,0.57619697,4.25E-11,0.7708429,5.09E-06,2.00E-05,0.43570697,0,0.4486267,0,0,0.009929078,0,0.58125275,0.47003502,3
0.43199503,0.6051792,0.21297939,0.1316101,0.38159412,0.46982324,0,0,0.34851477,0.4641461,0,0,0.38961926,0.4486558,0,0,0.43765217,0.46403483,0,0,0,0,0,0.98266506,0,0.43570697,0,0.4486267,0,0,2.08E-17,0,0.58125275,0.47003502,4
0.228708,0.28396693,7.55E-05,3.87E-06,0.38159412,0.46982324,0,0,0.34851477,0.4641461,0,0,0.38961926,0.4486558,0,0,0.43765217,0.46403483,0,0,0,0,0,0.98266304,0,0.43570697,0,0.4486267,0,0,2.08E-17,0,0.58125275,0.47003502,2
0.39772603,0.59796274,0.21242554,0.13171896,0.38159412,0.46982324,0,0,0.34851477,0.4641461,0,0,0.38961926,0.4486558,0,0,0.43765217,0.46403483,0,0,0,0,0,0.9826651,0,0.43570697,0,0.4486267,0,0,2.08E-17,0,0.58125275,0.47003502,4
0.69954956,0.81774527,0.24961916,0.12773803,0.38159412,0.46982324,0,0,0.34851477,0.4641461,0,0,0.38961926,0.4486558,0,0,0.43765217,0.46403483,0,0,0,0,0,0.9826662,0,0.43570697,0,0.4486267,0,0,2.08E-17,0,0.58125275,0.47003502,1
0.0008547405,0.0015665645,0.007876821,0.0007608633,0.38159412,0.46982324,0.00085539726,5.45E-07,0.34851477,0.4641461,0.011728434,0.00012617666,0.38961348,0.4215606,0.010569094,0.00015552346,0.4376612,0.47609285,1.25E-25,6.90E-20,0.00013949625,2.31E-17,0.00035530256,5.20E-09,4.93E-17,0.43570697,0.00013615444,0.42153323,0.0012318335,0.010529287,0.02829555,0.00015549324,0.58126014,0.4819579,0
0.3713674,0.44420537,0.20315406,0.14034262,0.38159412,0.46982324,0.013762692,0.00014111162,0.34851477,0.4641461,0.032453142,0.0008959763,0.38961926,0.4486558,0.028486239,0.00077978935,0.43765217,0.46403483,1.44E-21,1.23E-21,0.21972403,7.02E-11,0.3208466,1.17E-05,4.59E-05,0.43570697,0,0.4486267,0,0,0.35886526,0,0.58125275,0.47003502,1
0.468348,0.5876297,0.21501534,0.13118006,0.38159412,0.46982324,0.0006353253,3.01E-07,0.34851477,0.4641461,0.010537622,9.45E-05,0.38961926,0.4486558,0.0126652755,0.00015414745,0.43765217,0.46403483,5.37E-22,1.37E-21,0.3423074,2.54E-14,0.459617,3.85E-06,1.52E-05,0.43570697,0,0.4486267,0,0,0.3503546,0,0.58125275,0.47003502,4
0.43035507,0.59708935,0.2134904,0.131506,0.38159412,0.46982324,0,0,0.34851477,0.4641461,0,0,0.38961926,0.4486558,0,0,0.43765217,0.46403483,0,0,0,0,0,0.982665,0,0.43570697,0,0.4486267,0,0,2.08E-17,0,0.58125275,0.47003502,4
0.38743463,0.4085339,0.18381184,0.1342621,0.38159412,0.46982324,2.24E-05,3.74E-10,0.34851477,0.4641461,0.009632026,7.89E-05,0.38961926,0.4486558,0.016149173,0.00025061533,0.43765217,0.46403483,6.10E-22,9.33E-22,0.23675866,4.44E-10,0.27319342,1.66E-05,6.53E-05,0.43570697,3.02E-15,0.4486267,0.94669497,1.06E-07,0.3503546,1.09E-14,0.58125275,0.47003502,5
0.4391683,0.3981512,0.2121093,0.13178438,0.38159412,0.46982324,0,0,0.34851477,0.4641461,0,0,0.38961926,0.4486558,0,0,0.43765217,0.46403483,0,0,0,0,0,0.9826648,0,0.43570697,0,0.4486267,0,0,2.08E-17,0,0.58125275,0.47003502,4
0.42727068,0.4340691,0.21236244,0.1317344,0.38159412,0.46982324,0.03157792,0.0007428873,0.34851477,0.4641461,0.023048397,0.00045192306,0.38961926,0.4486558,0.016173476,0.00025137022,0.43765217,0.46403483,8.53E-22,1.81E-21,0.3042866,2.12E-08,0.3353798,2.04E-05,8.03E-05,0.43570697,0,0.4486267,0,0,0.3503546,0,0.58125275,0.47003502,4
0.712515,0.8746032,0.24435264,0.12146147,0.38159412,0.46982324,0,0,0.34851477,0.4641461,0,0,0.38961926,0.4486558,0,0,0.43765217,0.46403483,0,0,0,0,0,0.98266494,0,0.43570697,0,0.4486267,0,0,2.08E-17,0,0.58125275,0.47003502,4
0.7195149,0.9450335,0.24499722,0.12117253,0.38159412,0.46982324,4.38E-05,1.43E-09,0.34851477,0.4641461,0.005918733,2.98E-05,0.38961926,0.4486558,0.00667466,4.28E-05,0.43765217,0.46403483,8.68E-23,1.66E-22,0.5922197,1.02E-14,0.84217775,2.03E-06,7.98E-06,0.43570697,0,0.4486267,0,0,0.3503546,0,0.58125275,0.47003502,4
0.22095445,0.31599122,7.53E-05,3.84E-06,0.38159412,0.46982324,0,0,0.34851477,0.4641461,0,0,0.38961926,0.4486558,0,0,0.43765217,0.46403483,0,0,0,0,0,0.9826633,0,0.43570697,0,0.4486267,0,0,2.08E-17,0,0.58125275,0.47003502,2
0.41161552,0.35178816,0.0055869473,0.00010800424,0.38159412,0.46982324,0,0,0.34851477,0.4641461,0,0,0.38961926,0.4486558,0,0,0.43765217,0.46403483,0,0,0,0,0,0.9826656,0,0.43570697,0,0.4486267,0,0,2.08E-17,0,0.58125275,0.47003502,3
0.6930473,0.26550806,0.008027907,8.05E-05,0.38159412,0.46982324,0.00010663201,8.47E-09,0.34851477,0.4641461,0.00027586892,6.47E-08,0.38961926,0.4486558,0.0002925972,8.23E-08,0.43765217,0.46403483,1.13E-22,1.67E-15,0.64948726,4.44E-05,0.27217212,5.83E-05,0.00022930755,0.43570697,0,0.4486267,0,0,0.009929078,0,0.58125275,0.47003502,3
0.26315957,0.28007767,1.69E-05,1.70E-06,0.38159412,0.46982324,0,0,0.34851477,0.4641461,0,0,0.38961926,0.4486558,0,0,0.43765217,0.46403483,0,0,0,0,0,0.982663,0,0.43570697,0,0.4486267,0,0,2.08E-17,0,0.58125275,0.47003502,2
0.34555647,0.16894247,0.1831838,0.13424903,0.38159412,0.46982324,0,0,0.34851477,0.4641461,0,0,0.38961926,0.4486558,0,0,0.43765217,0.46403483,0,0,0,0,0,0.98266697,0,0.43570697,0,0.4486267,0,0,2.08E-17,0,0.58125275,0.47003502,5
0.4604985,0.559209,0.2136295,0.1314769,0.38159412,0.46982324,0,0,0.34851477,0.4641461,0,0,0.38961926,0.4486558,0,0,0.43765217,0.46403483,0,0,0,0,0,0.98266494,0,0.43570697,0,0.4486267,0,0,2.08E-17,0,0.58125275,0.47003502,4
0.21726912,0.31390724,7.21E-05,3.67E-06,0.38159412,0.46982324,0,0,0.34851477,0.4641461,0,0,0.38961926,0.4486558,0,0,0.43765217,0.46403483,0,0,0,0,0,0.9826632,0,0.43570697,0,0.4486267,0,0,2.08E-17,0,0.58125275,0.47003502,2
0.24993284,0.32448423,1.50E-05,1.51E-06,0.38159412,0.46982324,0,0,0.34851477,0.4641461,0,0,0.38961926,0.4486558,0,0,0.43765217,0.46403483,0,0,0,0,0,0.98266304,0,0.43570697,0,0.4486267,0,0,2.08E-17,0,0.58125275,0.47003502,2
0.0013016164,0.001553432,0.010244277,0.0013310815,0.3815947,0.47771478,0.030917086,0.00071319664,0.34853923,0.5114979,0.038055364,0.001280489,0.38968697,0.48462158,0.040332396,0.0017042863,0.43778658,0.4832078,1.32E-18,6.78E-18,0.0013836944,1.53E-17,0.0016327049,8.27E-10,1.40E-17,0.43570697,4.20E-05,0.4486267,0.001338043,2.86E-06,0.040641405,0.0003895139,0.58125275,0.4698366,0
0.42963552,0.5292676,0.21328488,0.13154769,0.38159412,0.46982324,0,0,0.34851477,0.4641461,0,0,0.38961926,0.4486558,0,0,0.43765217,0.46403483,0,0,0,0,0,0.98266494,0,0.43570697,0,0.4486267,0,0,2.08E-17,0,0.58125275,0.47003502,4
0.2498335,0.3559964,1.56E-05,1.57E-06,0.38159412,0.46982324,0,0,0.34851477,0.4641461,0,0,0.38961926,0.4486558,0,0,0.43765217,0.46403483,0,0,0,0,0,0.98266315,0,0.43570697,0,0.4486267,0,0,2.08E-17,0,0.58125275,0.47003502,2
0.2130871,0.3152479,7.54E-05,3.83E-06,0.38159412,0.46982324,0,0,0.34851477,0.4641461,0,0,0.38961926,0.4486558,0,0,0.43765217,0.46403483,0,0,0,0,0,0.9826633,0,0.43570697,0,0.4486267,0,0,2.08E-17,0,0.58125275,0.47003502,2
0.74232155,0.93018985,0.24524303,0.12106149,0.38159412,0.46982324,3.37E-07,8.48E-14,0.34851477,0.4641461,0.0035493616,1.07E-05,0.38961926,0.4486558,0.0062989513,3.81E-05,0.43765217,0.46403483,6.25E-23,1.10E-22,0.62100005,5.90E-14,0.8297737,2.47E-06,9.70E-06,0.43570697,0,0.4486267,0,0,0.3503546,0,0.58125275,0.47003502,4
0.40461004,0.36755174,0.21679527,0.13836262,0.38159412,0.46982324,0,0,0.34851477,0.4641461,0,0,0.38961926,0.4486558,0,0,0.43765217,0.46403483,0,0,0,0,0,0.98266613,0,0.43570697,0,0.4486267,0,0,2.08E-17,0,0.58125275,0.47003502,1
0.725295,0.9808263,0.24401708,0.121610425,0.38159412,0.46982324,1.53E-06,1.75E-12,0.34851477,0.4641461,0.004254211,1.54E-05,0.38961926,0.4486558,0.006513095,4.08E-05,0.43765217,0.46403483,2.06E-22,2.10E-22,0.58714414,2.32E-17,0.87057376,1.07E-06,4.20E-06,0.43570697,0,0.4486267,0,0,0.3503546,0,0.58125275,0.47003502,4
0.3655955,0.41478312,0.0057650846,0.00010743,0.38159412,0.46982324,0.0023965654,4.28E-06,0.34851477,0.4641461,0.001390047,1.64E-06,0.38961926,0.4486558,0.0008164634,6.41E-07,0.43765217,0.46403483,1.81E-20,3.66E-20,0.22802064,4.17E-09,0.30528015,1.85E-05,7.29E-05,0.43570697,0,0.4486267,0,0,0.009929078,0,0.58125275,0.47003502,3
0.41976663,0.6022127,0.21218161,0.13176832,0.38159412,0.46982324,0,0,0.34851477,0.4641461,0,0,0.38961926,0.4486558,0,0,0.43765217,0.46403483,0,0,0,0,0,0.9826651,0,0.43570697,0,0.4486267,0,0,2.08E-17,0,0.58125275,0.47003502,4
0.35880587,0.37626258,0.21288139,0.13907593,0.38159412,0.46982324,0,0,0.34851477,0.4641461,0,0,0.38961926,0.4486558,0,0,0.43765217,0.46403483,0,0,0,0,0,0.98266613,0,0.43570697,0,0.4486267,0,0,2.08E-17,0,0.58125275,0.47003502,1
0.0011260146,0.0016534546,0.008315461,0.0008326013,0.38159412,0.46851414,0.011671847,0.0001024365,0.34851107,0.43232846,0.011171257,0.00015887694,0.3896277,0.47490123,0.010388741,0.00015554436,0.437671,0.48926422,9.45E-18,1.39E-17,0.00032581427,5.70E-17,0.00038549595,4.78E-09,5.15E-17,0.4022409,0.0001714406,0.47487038,0.0013365138,0.010349614,0.0283392,0.00015551414,0.58126813,0.49498168,0
0.3440293,0.39732012,0.18388155,0.13426249,0.38159412,0.46982324,0,0,0.34851477,0.4641461,0,0,0.38961926,0.4486558,0,0,0.43765217,0.46403483,0,0,0,0,0,0.9826671,0,0.43570697,0,0.4486267,0,0,2.08E-17,0,0.58125275,0.47003502,5
0.71435446,0.34929395,0.008047535,7.97E-05,0.38159412,0.46982324,3.22E-06,7.74E-12,0.34851477,0.4641461,0.00022611905,4.35E-08,0.38961926,0.4486558,0.0002839363,7.75E-08,0.43765217,0.46403483,8.10E-23,1.52E-20,0.67501783,1.34E-05,0.359401,3.93E-05,0.00015466755,0.43570697,0,0.4486267,0,0,0.009929078,0,0.58125275,0.47003502,3
0.48408815,0.32557705,0.21436736,0.13132165,0.38159412,0.46982324,0.010925554,8.89E-05,0.34851477,0.4641461,0.01820714,0.00028201131,0.38961926,0.4486558,0.015261532,0.0002238223,0.43765217,0.46403483,7.42E-22,6.13E-22,0.3492616,1.79E-06,0.25391534,4.26E-05,0.00016758598,0.43570697,0,0.4486267,0,0,0.3503546,0,0.58125275,0.47003502,4
0.71298206,0.9840056,0.24452332,0.12138538,0.38159412,0.46982324,0.000121984885,1.11E-08,0.34851477,0.4641461,0.006792193,3.92E-05,0.38961926,0.4486558,0.007006651,4.72E-05,0.43765217,0.46403483,5.81E-23,1.23E-22,0.5885922,6.89E-18,0.87521976,9.40E-07,3.70E-06,0.43570697,0,0.4486267,0,0,0.3503546,0,0.58125275,0.47003502,4
0.0032985667,0.0009182024,0.04326795,0.04815965,0.34323958,0.3729462,0.3108,0.24583833,0.30713427,0.3613037,0.30953646,0.2834903,0.34533325,0.3449602,0.27696517,0.2658039,0.43335518,0.45943218,2.04E-17,2.24E-17,0.003563075,3.10E-17,0.00072972797,2.59E-09,5.55E-11,0.6185971,0.17071559,0.624649,0.000225197,0.39383116,0.19793342,0.17867832,0.6960922,0.63897246,0
0.35390544,0.42142782,0.1832782,0.13424905,0.38159412,0.46982324,0.00014664528,1.60E-08,0.34851477,0.4641461,0.0139858555,0.00016640298,0.38961926,0.4486558,0.01690253,0.0002745431,0.43765217,0.46403483,5.89E-21,4.54E-21,0.21529864,9.20E-11,0.2810103,1.37E-05,5.37E-05,0.43570697,2.32E-15,0.4486267,0.973737,7.17E-08,0.3503546,4.98E-15,0.58125275,0.47003502,5
0.75250494,0.4459216,0.007073943,9.59E-05,0.38159412,0.46982324,0.0010593098,8.36E-07,0.34851477,0.4641461,0.00042645878,1.55E-07,0.38961926,0.4486558,0.00027525437,7.28E-08,0.43765217,0.46403483,3.31E-22,2.34E-22,0.63011545,3.73E-06,0.40462303,3.05E-05,0.0001200707,0.43570697,0,0.4486267,0,0,0.009929078,0,0.58125275,0.47003502,3
0.4043567,0.43944734,0.2111388,0.13935529,0.38159412,0.46982324,0,0,0.34851477,0.4641461,0,0,0.38961926,0.4486558,0,0,0.43765217,0.46403483,0,0,0,0,0,0.9826662,0,0.43570697,0,0.4486267,0,0,2.08E-17,0,0.58125275,0.47003502,1
0.46082932,0.56113315,0.21386264,0.13142785,0.38159412,0.46982324,1.53E-06,1.75E-12,0.34851477,0.4641461,0.0059109605,2.97E-05,0.38961926,0.4486558,0.012528134,0.00015082727,0.43765217,0.46403483,9.22E-22,1.09E-21,0.33583465,1.19E-12,0.4365358,5.95E-06,2.34E-05,0.43570697,0,0.4486267,0,0,0.3503546,0,0.58125275,0.47003502,4
0.0008583553,0.0006570258,0.019574113,0.002985162,0.38159412,0.46983826,0.0023259262,8.35E-05,0.34851557,0.47876438,0.008479738,0.001235954,0.38976055,0.6277693,0.020342452,0.0024347757,0.43835506,0.5697282,1.07E-17,8.11E-17,0.00024717487,9.02E-16,0.00022524584,8.84E-09,5.04E-16,0.43570697,2.57E-18,0.4486267,0.00039609318,1.40E-09,0.017626109,1.90E-18,0.58125275,0.47003502,0
0.71338993,0.40326494,0.24341808,0.12187417,0.38159412,0.46982324,3.25E-05,7.87E-10,0.34851477,0.4641461,0.0057164254,2.78E-05,0.38961926,0.4486558,0.006918834,4.60E-05,0.43765217,0.46403483,1.39E-22,1.67E-22,0.5809015,6.25E-06,0.3570549,3.61E-05,0.00014209136,0.43570697,0,0.4486267,0,0,0.3503546,0,0.58125275,0.47003502,4
0.35579535,0.31692004,0.18316062,0.13424599,0.38159412,0.46982324,1.52E-05,1.71E-10,0.34851477,0.4641461,0.009710827,8.02E-05,0.38961926,0.4486558,0.016678497,0.00026731353,0.43765217,0.46403483,7.64E-22,1.09E-21,0.2156335,2.08E-07,0.21118255,3.94E-05,0.00015486183,0.43570697,1.39E-15,0.4486267,0.7317852,1.33E-07,0.3503546,1.70E-14,0.58125275,0.47003502,5
0.001123036,0.0015387423,0.007972728,0.0008055745,0.38159412,0.4699248,0.00818631,0.0005922984,0.34852502,0.48348618,0.035606503,0.001262435,0.3898353,0.53811324,0.03156535,0.0011809822,0.43784967,0.499709,4.31E-21,3.48E-18,0.001003914,6.99E-18,0.0015867124,8.53E-10,6.36E-18,0.43570697,0.0003035866,0.4486267,0.0013606633,0.00051332795,0.039187223,0.0005065794,0.5812526,0.46782663,0
0.75431335,0.73090065,0.0080807,7.86E-05,0.38159412,0.46982324,2.62E-08,5.13E-16,0.34851477,0.4641461,0.00013460893,1.54E-08,0.38961926,0.4486558,0.00025328223,6.16E-08,0.43765217,0.46403483,1.81E-22,1.66E-22,0.7213461,5.10E-09,0.7544998,8.58E-06,3.37E-05,0.43570697,0,0.4486267,0,0,0.009929078,0,0.58125275,0.47003502,3
0.4856544,0.59062773,0.21517532,0.13114507,0.38159412,0.46982324,0.00041021671,1.25E-07,0.34851477,0.4641461,0.010001194,8.51E-05,0.38961926,0.4486558,0.012588441,0.00015228285,0.43765217,0.46403483,4.08E-22,8.25E-22,0.356667,2.29E-14,0.4623044,3.81E-06,1.50E-05,0.43570697,0,0.4486267,0,0,0.3503546,0,0.58125275,0.47003502,4
0.33194906,0.14703223,0.0050456244,0.00010797744,0.38159412,0.46982324,0,0,0.34851477,0.4641461,0,0,0.38961926,0.4486558,0,0,0.43765217,0.46403483,0,0,0,0,0,0.98266554,0,0.43570697,0,0.4486267,0,0,2.08E-17,0,0.58125275,0.47003502,3
0.22882798,0.2798917,7.47E-05,3.86E-06,0.38159412,0.46982324,0,0,0.34851477,0.4641461,0,0,0.38961926,0.4486558,0,0,0.43765217,0.46403483,0,0,0,0,0,0.98266304,0,0.43570697,0,0.4486267,0,0,2.08E-17,0,0.58125275,0.47003502,2
0.46887144,0.3633272,0.2133772,0.13152795,0.38159412,0.46982324,0,0,0.34851477,0.4641461,0,0,0.38961926,0.4486558,0,0,0.43765217,0.46403483,0,0,0,0,0,0.9826648,0,0.43570697,0,0.4486267,0,0,2.08E-17,0,0.58125275,0.47003502,4
0.39972147,0.36599517,0.2175369,0.13821413,0.38159412,0.46982324,2.60E-07,5.02E-14,0.34851477,0.4641461,0.009892238,8.32E-05,0.38961926,0.4486558,0.023900153,0.0005489192,0.43765217,0.46403483,6.65E-22,6.73E-22,0.32797045,3.24E-08,0.28295833,2.54E-05,0.00010006636,0.43570697,0,0.4486267,0,0,0.35886526,0,0.58125275,0.47003502,1
0.74347603,0.6041464,0.007075714,9.59E-05,0.38159412,0.46982324,6.53E-05,3.18E-09,0.34851477,0.4641461,0.0003275766,9.13E-08,0.38961926,0.4486558,0.0002698749,7.00E-08,0.43765217,0.46403483,1.68E-22,1.67E-22,0.6184055,1.90E-07,0.54829997,1.67E-05,6.57E-05,0.43570697,0,0.4486267,0,0,0.009929078,0,0.58125275,0.47003502,3
0.24980675,0.3523022,1.65E-05,1.67E-06,0.38159412,0.46982324,0,0,0.34851477,0.4641461,0,0,0.38961926,0.4486558,0,0,0.43765217,0.46403483,0,0,0,0,0,0.98266315,0,0.43570697,0,0.4486267,0,0,2.08E-17,0,0.58125275,0.47003502,2
0.46560732,0.25806752,0.005690929,0.00010765712,0.38159412,0.46982324,0,0,0.34851477,0.4641461,0,0,0.38961926,0.4486558,0,0,0.43765217,0.46403483,0,0,0,0,0,0.98266554,0,0.43570697,0,0.4486267,0,0,2.08E-17,0,0.58125275,0.47003502,3
0.4197401,0.60367405,0.21314661,0.13157609,0.38159412,0.46982324,0.0010231606,7.80E-07,0.34851477,0.4641461,0.013120722,0.00014645308,0.38961926,0.4486558,0.013150473,0.00016618424,0.43765217,0.46403483,1.35E-20,5.65E-21,0.29614267,1.02E-17,0.46807185,1.71E-06,6.72E-06,0.43570697,0,0.4486267,0,0,0.3503546,0,0.58125275,0.47003502,4
0.44129533,0.30275652,0.0056923083,0.00010767528,0.38159412,0.46982324,6.20E-06,2.86E-11,0.34851477,0.4641461,0.000533583,2.42E-07,0.38961926,0.4486558,0.0007420196,5.29E-07,0.43765217,0.46403483,9.80E-22,1.56E-21,0.32638416,8.78E-07,0.21996763,4.55E-05,0.00017893821,0.43570697,0,0.4486267,0,0,0.009929078,0,0.58125275,0.47003502,3
0.70703214,0.34544834,0.2435351,0.12182444,0.38159412,0.46982324,0,0,0.34851477,0.4641461,0,0,0.38961926,0.4486558,0,0,0.43765217,0.46403483,0,0,0,0,0,0.98266476,0,0.43570697,0,0.4486267,0,0,2.08E-17,0,0.58125275,0.47003502,4
0.22656414,0.31385997,7.34E-05,3.67E-06,0.38159412,0.46982324,0,0,0.34851477,0.4641461,0,0,0.38961926,0.4486558,0,0,0.43765217,0.46403483,0,0,0,0,0,0.9826632,0,0.43570697,0,0.4486267,0,0,2.08E-17,0,0.58125275,0.47003502,2
0.37202448,0.22837906,0.18411091,0.13426644,0.38159412,0.46982324,0,0,0.34851477,0.4641461,0,0,0.38961926,0.4486558,0,0,0.43765217,0.46403483,0,0,0,0,0,0.982667,0,0.43570697,0,0.4486267,0,0,2.08E-17,0,0.58125275,0.47003502,5
0.25045055,0.33968496,1.53E-05,1.54E-06,0.38159412,0.46982324,0,0,0.34851477,0.4641461,0,0,0.38961926,0.4486558,0,0,0.43765217,0.46403483,0,0,0,0,0,0.9826631,0,0.43570697,0,0.4486267,0,0,2.08E-17,0,0.58125275,0.47003502,2
0.00047090312,0.00041940823,0.010349956,0.00042724182,0.38159412,0.46982324,6.86E-06,3.51E-11,0.34851477,0.4641461,0.015953748,0.00021652521,0.38961926,0.44865727,0.019142231,0.00035212134,0.43765348,0.4841757,0,1.51E-23,2.55E-05,8.01E-17,7.45E-05,2.39E-08,2.58E-16,0.43570697,0.00023364756,0.44862816,0.00025812443,0.019070135,0.029825011,0.0003520529,0.5812538,0.4899502,0
0.7470497,0.46125808,0.008049723,7.94E-05,0.38159412,0.46982324,0,0,0.34851477,0.4641461,0,0,0.38961926,0.4486558,0,0,0.43765217,0.46403483,0,0,0,0,0,0.98266554,0,0.43570697,0,0.4486267,0,0,2.08E-17,0,0.58125275,0.47003502,3
0.4375195,0.42345017,0.21170391,0.13186367,0.38159412,0.46982324,0.0005809593,2.51E-07,0.34851477,0.4641461,0.014487458,0.00017855312,0.38961926,0.4486558,0.0145820975,0.00020433703,0.43765217,0.46403483,5.26E-21,2.97E-21,0.30268034,3.99E-08,0.32612988,2.24E-05,8.79E-05,0.43570697,0,0.4486267,0,0,0.3503546,0,0.58125275,0.47003502,4
0.7187254,0.73074394,0.25007603,0.12753078,0.38159412,0.46982324,1.49E-07,1.66E-14,0.34851477,0.4641461,0.0033963474,9.81E-06,0.38961926,0.4486558,0.0061094197,3.59E-05,0.43765217,0.46403483,2.13E-22,1.37E-22,0.5829505,2.52E-09,0.6489336,9.10E-06,3.58E-05,0.43570697,0,0.4486267,0,0,0.35886526,0,0.58125275,0.47003502,1
0.38691095,0.21374226,0.18519412,0.13428399,0.38159412,0.46982324,0,0,0.34851477,0.4641461,0,0,0.38961926,0.4486558,0,0,0.43765217,0.46403483,0,0,0,0,0,0.98266697,0,0.43570697,0,0.4486267,0,0,2.08E-17,0,0.58125275,0.47003502,5
0.3588128,0.16238186,0.005234642,0.000108278604,0.38159412,0.46982324,0,0,0.34851477,0.4641461,0,0,0.38961926,0.4486558,0,0,0.43765217,0.46403483,0,0,0,0,0,0.98266554,0,0.43570697,0,0.4486267,0,0,2.08E-17,0,0.58125275,0.47003502,3
0.0010572152,0.001553119,0.008500331,0.00090647995,0.38159412,0.46982324,0.00077999034,4.53E-07,0.34851477,0.4641461,0.011702975,0.00012573946,0.38961652,0.43576396,0.010570384,0.00014940093,0.43765613,0.46952996,6.48E-26,5.19E-20,0.00013391943,2.01E-17,0.00035355287,0.00045445477,0.0017847279,0.43570697,0.00013568267,0.43573567,0.0012257672,0.010530571,0.02799937,0.0001493719,0.581256,0.47546858,0
0.74749166,0.78180915,0.0070922137,9.57E-05,0.38159412,0.46982324,0,0,0.34851477,0.4641461,0,0,0.38961926,0.4486558,0,0,0.43765217,0.46403483,0,0,0,0,0,0.9826656,0,0.43570697,0,0.4486267,0,0,2.08E-17,0,0.58125275,0.47003502,3
0.3909898,0.42475072,0.21513502,0.1386789,0.38159412,0.46982324,0.0016931492,2.14E-06,0.34851477,0.4641461,0.028125668,0.00067295926,0.38961926,0.4486558,0.028105905,0.00075910566,0.43765217,0.46403483,8.60E-22,1.44E-21,0.28656855,5.30E-10,0.3248835,1.45E-05,5.70E-05,0.43570697,0,0.4486267,0,0,0.35886526,0,0.58125275,0.47003502,1
0.45702574,0.41211048,0.21321061,0.13902171,0.38159412,0.46982324,0.00036273326,9.80E-08,0.34851477,0.4641461,0.01982706,0.00033442577,0.38961926,0.4486558,0.026353711,0.0006674068,0.43765217,0.46403483,8.28E-22,8.44E-22,0.3215207,2.98E-09,0.31234112,1.81E-05,7.13E-05,0.43570697,0,0.4486267,0,0,0.35886526,0,0.58125275,0.47003502,1
0.008913021,0.003887816,0.076834746,0.11202179,0.38159412,0.46982324,1.97E-09,2.97E-18,0.34851477,0.4641461,0.00036399195,1.13E-07,0.38961926,0.44864085,0.012665368,0.00015415203,0.43765196,0.46112075,0,0,5.97E-06,6.05E-19,8.03E-05,2.27E-08,4.87E-16,0.43570697,1.22E-07,0.44861174,0.00027839903,0.012617666,0.03266403,0.00015412207,0.5812526,0.4671536,0
0.7105218,0.30934635,0.008084978,7.90E-05,0.38159412,0.46982324,0,0,0.34851477,0.4641461,0,0,0.38961926,0.4486558,0,0,0.43765217,0.46403483,0,0,0,0,0,0.98266554,0,0.43570697,0,0.4486267,0,0,2.08E-17,0,0.58125275,0.47003502,3
0.33383596,0.43363175,0.20154312,0.14048238,0.38159412,0.46982324,0.021258485,0.0003366825,0.34851477,0.4641461,0.033442177,0.0009514197,0.38961926,0.4486558,0.027995333,0.0007531446,0.43765217,0.46403483,2.00E-19,4.07E-19,0.14067999,2.34E-10,0.31070927,1.30E-05,5.11E-05,0.43570697,0,0.4486267,0,0,0.35886526,0,0.58125275,0.47003502,1
0.7144138,0.8884938,0.24401598,0.121611424,0.38159412,0.46982324,0,0,0.34851477,0.4641461,0,0,0.38961926,0.4486558,0,0,0.43765217,0.46403483,0,0,0,0,0,0.98266494,0,0.43570697,0,0.4486267,0,0,2.08E-17,0,0.58125275,0.47003502,4
0.389258,0.36915776,0.21670394,0.13837814,0.38159412,0.46982324,0,0,0.34851477,0.4641461,0,0,0.38961926,0.4486558,0,0,0.43765217,0.46403483,0,0,0,0,0,0.98266613,0,0.43570697,0,0.4486267,0,0,2.08E-17,0,0.58125275,0.47003502,1
0.0010624115,0.0016246003,0.012284876,0.0020331396,0.38159412,0.46982324,0.0057204515,2.56E-05,0.3485147,0.46308947,0.044478957,0.0017989186,0.3894587,0.39456007,0.049355652,0.002508204,0.43718013,0.4162599,1.10E-17,1.08E-17,0.0011224073,6.34E-18,0.0017414121,7.40E-10,6.43E-18,0.43570697,0.0004552773,0.41011795,0.0014490243,0.0032350873,0.039363097,0.000506003,0.581235,0.42610544,0
0.46001342,0.212411,0.21398419,0.1314024,0.38159412,0.46982324,0,0,0.34851477,0.4641461,0,0,0.38961926,0.4486558,0,0,0.43765217,0.46403483,0,0,0,0,0,0.98266476,0,0.43570697,0,0.4486267,0,0,2.08E-17,0,0.58125275,0.47003502,4
0.12775317,0.021865197,0.17859755,0.13406931,0.38159412,0.46982324,0,0,0.34851477,0.4641461,0,0,0.38961926,0.4486558,0,0,0.43765217,0.46403483,0,0,0,0,0,0.98266697,0,0.43570697,0,0.4486267,0,0,2.08E-17,0,0.58125275,0.47003502,5
0.7011045,0.30951175,0.24987319,0.12762338,0.38159412,0.46982324,0.018552033,0.0002564124,0.34851477,0.4641461,0.011116527,0.00010512871,0.38961926,0.4486558,0.008606613,7.12E-05,0.43765217,0.46403483,2.55E-22,1.14E-18,0.5724693,2.44E-05,0.27465165,5.37E-05,0.00021133655,0.43570697,0,0.4486267,0,0,0.35886526,0,0.58125275,0.47003502,1
0.71617293,0.9960407,0.24383676,0.121690415,0.38159412,0.46982324,0.00023828784,4.23E-08,0.34851477,0.4641461,0.007294728,4.53E-05,0.38961926,0.4486558,0.0072904387,5.11E-05,0.43765217,0.46403483,1.15E-21,4.61E-22,0.57913566,1.02E-19,0.8834431,6.10E-07,2.40E-06,0.43570697,0,0.4486267,0,0,0.3503546,0,0.58125275,0.47003502,4
0.71445537,0.9778617,0.24451411,0.12138886,0.38159412,0.46982324,6.91E-06,3.56E-11,0.34851477,0.4641461,0.0049531283,2.09E-05,0.38961926,0.4486558,0.006617546,4.21E-05,0.43765217,0.46403483,6.04E-23,1.25E-22,0.5895491,3.14E-17,0.8697119,1.10E-06,4.33E-06,0.43570697,0,0.4486267,0,0,0.3503546,0,0.58125275,0.47003502,4
0.0011065906,0.0015330443,0.008125351,0.00081307214,0.38159412,0.46866584,0.0116615165,0.00010220485,0.34851125,0.43348908,0.01116988,0.00015885606,0.38962767,0.47477564,0.010377695,0.00015574272,0.4376729,0.49178642,9.29E-18,1.36E-17,0.00032441388,5.64E-17,0.00038189717,4.83E-09,5.25E-17,0.40346164,0.00017141805,0.47474483,0.0013240369,0.010338609,0.028323546,0.00015571245,0.5812697,0.49747562,0
0.70659244,0.79824233,0.25071177,0.12723945,0.38159412,0.46982324,2.43E-06,4.39E-12,0.34851477,0.4641461,0.0044985465,1.72E-05,0.38961926,0.4486558,0.006295558,3.81E-05,0.43765217,0.46403483,4.80E-23,9.56E-23,0.5847301,1.46E-10,0.7106801,6.25E-06,2.46E-05,0.43570697,0,0.4486267,0,0,0.35886526,0,0.58125275,0.47003502,1
0.23255216,0.31491354,7.37E-05,3.71E-06,0.38159412,0.46982324,0,0,0.34851477,0.4641461,0,0,0.38961926,0.4486558,0,0,0.43765217,0.46403483,0,0,0,0,0,0.9826632,0,0.43570697,0,0.4486267,0,0,2.08E-17,0,0.58125275,0.47003502,2
6.92E-05,0.0003950718,0.012090734,0.0010301201,0.38159412,0.46982324,0,0,0.34851477,0.4641461,0.00044161238,1.67E-07,0.38961926,0.4486274,0.012726087,0.0001556343,0.43765107,0.45067394,0,0,6.97E-06,7.83E-19,8.38E-05,2.18E-08,4.53E-16,0.43570697,1.80E-07,0.4485983,0.00029063935,0.012678157,0.03266307,0.00015560405,0.5812518,0.45682386,0
0.3605349,0.20079046,0.18236208,0.13422102,0.38159412,0.46982324,0.0004891197,1.78E-07,0.34851477,0.4641461,0.01545618,0.0002032298,0.38961926,0.4486558,0.019634945,0.00037048146,0.43765217,0.46403483,1.93E-20,5.36E-21,0.21768083,1.96E-05,0.13323723,9.84E-05,0.00038687474,0.43570697,2.09E-15,0.4486267,0.46159706,9.24E-08,0.3503546,8.26E-15,0.58125275,0.47003502,5
0.71900576,0.98715764,0.24400231,0.12161707,0.38159412,0.46982324,2.76E-06,5.68E-12,0.34851477,0.4641461,0.004683812,1.87E-05,0.38961926,0.4486558,0.0067439564,4.37E-05,0.43765217,0.46403483,4.51E-22,4.19E-22,0.58250856,3.27E-18,0.8761457,8.71E-07,3.43E-06,0.43570697,0,0.4486267,0,0,0.3503546,0,0.58125275,0.47003502,4
0.71829444,0.8440582,0.24440467,0.12143801,0.38159412,0.46982324,1.88E-06,2.64E-12,0.34851477,0.4641461,0.00433231,1.60E-05,0.38961926,0.4486558,0.0064035296,3.94E-05,0.43765217,0.46403483,6.37E-23,1.08E-22,0.5929321,2.33E-11,0.7503665,4.93E-06,1.94E-05,0.43570697,0,0.4486267,0,0,0.3503546,0,0.58125275,0.47003502,4
0.00089924235,0.0014870948,0.008533938,0.0009201052,0.38159412,0.46973383,0.06565338,0.0032112375,0.3485043,0.44575036,0.04707644,0.0020024707,0.38999498,0.5646809,0.033587515,0.0020998656,0.43801424,0.5021425,2.43E-17,2.46E-17,0.0008952513,1.87E-17,0.0015575342,1.59E-05,6.26E-05,0.4289744,0.003994354,0.458434,0.0013204236,0.058767073,0.045822147,0.0043278257,0.58158034,0.48920745,0
0.250712,0.35303798,1.56E-05,1.58E-06,0.38159412,0.46982324,0,0,0.34851477,0.4641461,0,0,0.38961926,0.4486558,0,0,0.43765217,0.46403483,0,0,0,0,0,0.98266315,0,0.43570697,0,0.4486267,0,0,2.08E-17,0,0.58125275,0.47003502,2
0.7156777,0.80334616,0.2502422,0.12745467,0.38159412,0.46982324,1.02E-06,7.75E-13,0.34851477,0.4641461,0.004119349,1.44E-05,0.38961926,0.4486558,0.006225633,3.72E-05,0.43765217,0.46403483,2.15E-22,1.46E-22,0.5833846,1.22E-10,0.7138836,6.11E-06,2.41E-05,0.43570697,0,0.4486267,0,0,0.35886526,0,0.58125275,0.47003502,1
0.23629107,0.061558537,0.22747605,0.13578986,0.38159412,0.46982324,0.0013946756,1.45E-06,0.34851477,0.4641461,0.019315965,0.00031740658,0.38961926,0.4486558,0.021083105,0.0004271459,0.43765217,0.46403483,6.09E-20,8.56E-09,0.17959328,0.00067173684,0.049746063,0.00036794192,0.0014469032,0.43570697,0,0.4486267,0,0,0.35886526,0,0.58125275,0.47003502,1
0.0010369989,0.00072192855,0.021473859,0.0034312117,0.38159412,0.46982324,0.021908488,0.00035758622,0.34851477,0.4641461,0.022031432,0.00041292244,0.38961926,0.4486558,0.017799692,0.00030446125,0.43765217,0.46403483,2.71E-16,2.71E-16,0.0001657191,3.76E-16,9.65E-05,1.93E-08,5.32E-16,0.43570697,0.00044557548,0.4486267,0.00033454187,0.017732652,0.01694881,0.00030440209,0.58125275,0.47003502,0
0.71933496,0.90250707,0.24452205,0.12138604,0.38159412,0.46982324,0.0035382244,9.33E-06,0.34851477,0.4641461,0.00916862,7.15E-05,0.38961926,0.4486558,0.0070276624,4.75E-05,0.43765217,0.46403483,5.73E-23,1.14E-22,0.5966777,3.94E-13,0.80272704,3.07E-06,1.21E-05,0.43570697,0,0.4486267,0,0,0.3503546,0,0.58125275,0.47003502,4
0.0014716184,0.0005513533,0.027121317,0.020380326,0.34085292,0.37049776,0.23090719,0.43568283,0.31028795,0.37002063,0.22623953,0.46350983,0.35613045,0.36636138,0.18872643,0.40300778,0.45568743,0.48664352,2.00E-18,3.00E-17,0.001652321,2.85E-16,0.0003952411,5.14E-09,4.47E-16,0.5729169,0.11880449,0.5812139,0.00030026096,0.33424452,0.16343227,0.124350235,0.63971394,0.5973364,0
0.84088176,0.8903379,0.008141695,7.69E-05,0.38159412,0.46982324,2.07E-06,3.21E-12,0.34851477,0.4641461,0.0001793188,2.74E-08,0.38961926,0.4486558,0.00024790002,5.91E-08,0.43765217,0.46403483,2.98E-23,6.43E-23,0.8243476,3.33E-11,0.92812574,4.27E-06,1.68E-05,0.43570697,0,0.4486267,0,0,0.009929078,0,0.58125275,0.47003502,3
0.35827374,0.37106892,0.1836742,0.13425611,0.38159412,0.46982324,0.016243048,0.00019655813,0.34851477,0.4641461,0.020808047,0.00036833726,0.38961926,0.4486558,0.018011002,0.00031173302,0.43765217,0.46403483,3.32E-21,2.17E-21,0.21777648,7.17E-09,0.24798,2.40E-05,9.43E-05,0.43570697,2.44E-15,0.4486267,0.85921985,1.23E-07,0.3503546,1.47E-14,0.58125275,0.47003502,5
0.27022082,0.050214104,0.22148962,0.12960164,0.38159412,0.46982324,0,0,0.34851477,0.4641461,0,0,0.38961926,0.4486558,0,0,0.43765217,0.46403483,0,0,0,0,0,0.98266476,0,0.43570697,0,0.4486267,0,0,2.08E-17,0,0.58125275,0.47003502,4
0.23221402,0.12590966,8.08E-05,4.18E-06,0.38159412,0.46982324,0,0,0.34851477,0.4641461,0,0,0.38961926,0.4486558,0,0,0.43765217,0.46403483,0,0,0,0,0,0.98266286,0,0.43570697,0,0.4486267,0,0,2.08E-17,0,0.58125275,0.47003502,2
0.45631105,0.56272966,0.21367201,0.13146675,0.38159412,0.46982324,0.018788708,0.00026299644,0.34851477,0.4641461,0.014661084,0.00018285852,0.38961926,0.4486558,0.013361598,0.00017156311,0.43765217,0.46403483,4.97E-22,6.32E-22,0.3291904,9.48E-13,0.4374037,5.80E-06,2.28E-05,0.43570697,0,0.4486267,0,0,0.3503546,0,0.58125275,0.47003502,4
0.41984203,0.34627983,0.21023284,0.1394947,0.38159412,0.46982324,0,0,0.34851477,0.4641461,0,0,0.38961926,0.4486558,0,0,0.43765217,0.46403483,0,0,0,0,0,0.98266613,0,0.43570697,0,0.4486267,0,0,2.08E-17,0,0.58125275,0.47003502,1
0.6520926,0.2295175,0.25107735,0.12707195,0.38159412,0.46982324,0,0,0.34851477,0.4641461,0,0,0.38961926,0.4486558,0,0,0.43765217,0.46403483,0,0,0,0,0,0.9826661,0,0.43570697,0,0.4486267,0,0,2.08E-17,0,0.58125275,0.47003502,1
0.35639724,0.3865746,0.18405081,0.13426356,0.38159412,0.46982324,0,0,0.34851477,0.4641461,0,0,0.38961926,0.4486558,0,0,0.43765217,0.46403483,0,0,0,0,0,0.9826671,0,0.43570697,0,0.4486267,0,0,2.08E-17,0,0.58125275,0.47003502,5
0.000813758,0.0016615988,0.008598503,0.0008031458,0.38159412,0.46982324,1.02E-05,6.01E-06,0.34851477,0.46414605,0.021919271,0.00060921157,0.38960272,0.4352405,0.030928548,0.0011496937,0.4377948,0.49034378,1.90E-23,9.14E-19,0.0007313042,2.26E-17,0.0017936667,7.20E-10,3.91E-13,0.43561873,0.0016759955,0.48681968,0.0014438676,0.055945195,0.044461742,0.003307842,0.5815734,0.49840397,0
0.0042984034,0.0038149985,0.048005767,0.06699555,0.34561908,0.37503347,0.26068375,0.31310245,0.30881956,0.36155424,0.28519517,0.351309,0.3585344,0.37851608,0.3371046,0.30964723,0.42133668,0.45055512,5.53E-17,6.10E-17,0.0031388279,5.49E-17,0.0028201719,3.45E-10,4.47E-17,0.43570697,3.19E-05,0.4486267,7.51E-05,0.005873705,0.029689783,3.34E-05,0.58125275,0.47003502,0
0.4878654,0.24552593,0.21529506,0.13111925,0.38159412,0.46982324,0.001503993,1.69E-06,0.34851477,0.4641461,0.015913667,0.00021543865,0.38961926,0.4486558,0.015500941,0.00023089962,0.43765217,0.46403483,3.15E-21,1.99E-21,0.35015088,1.67E-05,0.19231325,7.04E-05,0.0002767397,0.43570697,0,0.4486267,0,0,0.3503546,0,0.58125275,0.47003502,4
0.25389668,0.3533484,1.58E-05,1.60E-06,0.38159412,0.46982324,0,0,0.34851477,0.4641461,0,0,0.38961926,0.4486558,0,0,0.43765217,0.46403483,0,0,0,0,0,0.98266315,0,0.43570697,0,0.4486267,0,0,2.08E-17,0,0.58125275,0.47003502,2
0.40060124,0.37990353,0.005825249,0.000107232074,0.38159412,0.46982324,4.14E-07,1.27E-13,0.34851477,0.4641461,0.00039137327,1.30E-07,0.38961926,0.4486558,0.0006615382,4.21E-07,0.43765217,0.46403483,8.04E-22,1.46E-21,0.31625995,2.76E-08,0.28235465,2.50E-05,9.83E-05,0.43570697,0,0.4486267,0,0,0.009929078,0,0.58125275,0.47003502,3
0.0010241404,0.0015495181,0.009032583,0.0009264494,0.38159412,0.46982324,0.0007809572,4.54E-07,0.34851477,0.4641461,0.0116962185,0.00012586989,0.3896135,0.421779,0.01058005,0.00015639309,0.43766084,0.47555658,6.55E-26,5.21E-20,0.0001327277,1.95E-17,0.00035195655,5.25E-09,4.87E-17,0.43570697,0.00013582341,0.42175162,0.0012202328,0.010540202,0.028356832,0.0001563627,0.58125985,0.48142767,0
0.44595084,0.4170309,0.2125926,0.13912475,0.38159412,0.46982324,8.11E-05,4.90E-09,0.34851477,0.4641461,0.017354008,0.00025620207,0.38961926,0.4486558,0.025830729,0.00064118067,0.43765217,0.46403483,2.01E-21,4.00E-21,0.30717158,2.28E-09,0.3151376,1.74E-05,6.85E-05,0.43570697,0,0.4486267,0,0,0.35886526,0,0.58125275,0.47003502,1
0.0007619743,0.0025475186,0.07252133,0.10711179,0.38159412,0.46982324,2.24E-06,8.34E-05,0.34851477,0.46414647,0.21292464,0.1826624,0.3936512,0.4655805,0.34918475,0.2891326,0.42554423,0.45392364,0,1.28E-23,0.00014638438,3.55E-16,0.0029414783,3.32E-10,5.92E-17,0.43570697,0,0.4486267,0,0,0.009929078,0,0.58125275,0.47003502,0
0.4105947,0.59960663,0.21242769,0.13171864,0.38159412,0.46982324,0,0,0.34851477,0.4641461,0,0,0.38961926,0.4486558,0,0,0.43765217,0.46403483,0,0,0,0,0,0.9826651,0,0.43570697,0,0.4486267,0,0,2.08E-17,0,0.58125275,0.47003502,4
0.36614004,0.40180606,0.18440445,0.13427326,0.38159412,0.46982324,6.94E-05,3.59E-09,0.34851477,0.4641461,0.011164093,0.000106030304,0.38961926,0.4486558,0.016472,0.00026073528,0.43765217,0.46403483,1.59E-21,2.54E-21,0.22909777,5.97E-10,0.26956597,1.73E-05,6.80E-05,0.43570697,3.37E-15,0.4486267,0.9341063,1.08E-07,0.3503546,1.13E-14,0.58125275,0.47003502,5
0.25418317,0.35528007,1.53E-05,1.56E-06,0.38159412,0.46982324,0,0,0.34851477,0.4641461,0,0,0.38961926,0.4486558,0,0,0.43765217,0.46403483,0,0,0,0,0,0.98266315,0,0.43570697,0,0.4486267,0,0,2.08E-17,0,0.58125275,0.47003502,2
0.0012519095,0.0015880557,0.008299534,0.0008598343,0.38159412,0.46982324,9.84E-10,1.02E-18,0.34851477,0.4641461,1.41E-09,2.38E-18,0.38961926,0.4486558,1.41E-09,1.90E-18,0.43765217,0.46403483,0,7.74E-30,8.13E-06,1.14E-17,8.32E-05,2.17E-08,2.86E-16,0.43570697,2.57E-18,0.4486267,0.0002884409,1.40E-09,0.017626109,1.90E-18,0.58125275,0.47003502,0
0.22439004,0.2114859,7.81E-05,3.91E-06,0.38159412,0.46982324,0,0,0.34851477,0.4641461,0,0,0.38961926,0.4486558,0,0,0.43765217,0.46403483,0,0,0,0,0,0.9826629,0,0.43570697,0,0.4486267,0,0,2.08E-17,0,0.58125275,0.47003502,2
0.7135418,0.98218334,0.24455662,0.12137037,0.38159412,0.46982324,0,0,0.34851477,0.4641461,0,0,0.38961926,0.4486558,0,0,0.43765217,0.46403483,0,0,0,0,0,0.98266506,0,0.43570697,0,0.4486267,0,0,2.08E-17,0,0.58125275,0.47003502,4
0.42899594,0.60471886,0.21323904,0.13155603,0.38159412,0.46982324,0.0003643233,9.89E-08,0.34851477,0.4641461,0.0126539,0.00013621719,0.38961926,0.4486558,0.013240544,0.00016846851,0.43765217,0.46403483,3.68E-22,5.54E-22,0.3020409,6.90E-19,0.4690858,1.30E-06,5.13E-06,0.43570697,0,0.4486267,0,0,0.3503546,0,0.58125275,0.47003502,4
0.49692994,0.24278204,0.21486066,0.1312146,0.38159412,0.46982324,0,0,0.34851477,0.4641461,0,0,0.38961926,0.4486558,0,0,0.43765217,0.46403483,0,0,0,0,0,0.98266476,0,0.43570697,0,0.4486267,0,0,2.08E-17,0,0.58125275,0.47003502,4
0.45977247,0.5601679,0.2135279,0.13149741,0.38159412,0.46982324,0,0,0.34851477,0.4641461,0,0,0.38961926,0.4486558,0,0,0.43765217,0.46403483,0,0,0,0,0,0.98266494,0,0.43570697,0,0.4486267,0,0,2.08E-17,0,0.58125275,0.47003502,4
0.25079587,0.25094888,1.56E-05,1.58E-06,0.38159412,0.46982324,0,0,0.34851477,0.4641461,0,0,0.38961926,0.4486558,0,0,0.43765217,0.46403483,0,0,0,0,0,0.9826629,0,0.43570697,0,0.4486267,0,0,2.08E-17,0,0.58125275,0.47003502,2
0.34757552,0.29630056,0.21053731,0.13945276,0.38159412,0.46982324,0.050861686,0.0019272477,0.34851477,0.4641461,0.027782323,0.00065662916,0.38961926,0.4486558,0.027904516,0.0007482661,0.43765217,0.46403483,2.68E-20,1.13E-20,0.2271877,6.12E-07,0.22178462,4.20E-05,0.00016508784,0.43570697,0,0.4486267,0,0,0.35886526,0,0.58125275,0.47003502,1
0.39074028,0.32137913,0.0054528667,0.00010823925,0.38159412,0.46982324,5.65E-08,2.38E-15,0.34851477,0.4641461,0.0003805217,1.23E-07,0.38961926,0.4486558,0.0007008254,4.72E-07,0.43765217,0.46403483,3.69E-21,9.41E-21,0.23935795,4.47E-07,0.2234556,4.06E-05,0.00015960015,0.43570697,0,0.4486267,0,0,0.009929078,0,0.58125275,0.47003502,3
0.41339645,0.3644233,0.2130995,0.13158539,0.38159412,0.46982324,0.0056554065,2.38E-05,0.34851477,0.4641461,0.0155543685,0.0002058201,0.38961926,0.4486558,0.014749343,0.00020905108,0.43765217,0.46403483,2.78E-21,3.46E-21,0.2903644,4.45E-07,0.28252092,3.27E-05,0.00012864618,0.43570697,0,0.4486267,0,0,0.3503546,0,0.58125275,0.47003502,4
0.25693497,0.18569143,1.53E-05,1.48E-06,0.38159412,0.46982324,0,0,0.34851477,0.4641461,0,0,0.38961926,0.4486558,0,0,0.43765217,0.46403483,0,0,0,0,0,0.98266286,0,0.43570697,0,0.4486267,0,0,2.08E-17,0,0.58125275,0.47003502,2
0.47076514,0.4800719,0.21296878,0.13161366,0.38159412,0.46982324,0,0,0.34851477,0.4641461,0,0,0.38961926,0.4486558,0,0,0.43765217,0.46403483,0,0,0,0,0,0.9826649,0,0.43570697,0,0.4486267,0,0,2.08E-17,0,0.58125275,0.47003502,4
0.42081767,0.23328027,0.005740385,0.00010750977,0.38159412,0.46982324,1.83E-08,2.50E-16,0.34851477,0.4641461,0.0003891215,1.29E-07,0.38961926,0.4486558,0.00072259654,5.02E-07,0.43765217,0.46403483,2.68E-21,4.38E-21,0.30857477,6.64E-06,0.17094089,7.13E-05,0.00028028426,0.43570697,0,0.4486267,0,0,0.009929078,0,0.58125275,0.47003502,3
0.7141929,0.8789828,0.24404629,0.121597975,0.38159412,0.46982324,0,0,0.34851477,0.4641461,0,0,0.38961926,0.4486558,0,0,0.43765217,0.46403483,0,0,0,0,0,0.98266494,0,0.43570697,0,0.4486267,0,0,2.08E-17,0,0.58125275,0.47003502,4
0.019874917,0.0030300734,0.8718991,0.5689971,0.38159385,0.4664599,0.19821343,0.02926996,0.3484743,0.3497812,0.2811143,0.06722782,0.38930348,0.08565191,0.29216158,0.08202634,0.43666184,0.07370965,0.0006105085,0.007284915,0.021912426,0.021088436,0.0034757997,0.0059881886,0.02329932,0.315417,0.072544046,0.085646346,0.012050591,0.29106122,0.9630169,0.0820104,0.58044165,0.08408413,0
0.35412663,0.11782502,0.19679685,0.14076854,0.38159412,0.46982324,0,0,0.34851477,0.4641461,0,0,0.38961926,0.4486558,0,0,0.43765217,0.46403483,0,0,0,0,0,0.9826661,0,0.43570697,0,0.4486267,0,0,2.08E-17,0,0.58125275,0.47003502,1
0.22154322,0.16193803,7.73E-05,4.07E-06,0.38159412,0.46982324,0,0,0.34851477,0.4641461,0,0,0.38961926,0.4486558,0,0,0.43765217,0.46403483,0,0,0,0,0,0.98266286,0,0.43570697,0,0.4486267,0,0,2.08E-17,0,0.58125275,0.47003502,2
0.32047758,0.1068193,0.18314362,0.13426295,0.38159412,0.46982324,0,0,0.34851477,0.4641461,0,0,0.38961926,0.4486558,0,0,0.43765217,0.46403483,0,0,0,0,0,0.98266697,0,0.43570697,0,0.4486267,0,0,2.08E-17,0,0.58125275,0.47003502,5
0.23428261,0.047248293,0.0063348752,0.00010362739,0.38159412,0.46982324,0,0,0.34851477,0.4641461,0,0,0.38961926,0.4486558,0,0,0.43765217,0.46403483,0,0,0,0,0,0.9826655,0,0.43570697,0,0.4486267,0,0,2.08E-17,0,0.58125275,0.47003502,3
0.74222726,0.45134008,0.0070950277,9.56E-05,0.38159412,0.46982324,0.000610459,2.78E-07,0.34851477,0.4641461,0.0004036872,1.39E-07,0.38961926,0.4486558,0.0002716748,7.09E-08,0.43765217,0.46403483,4.81E-23,1.07E-22,0.62889755,3.35E-06,0.4107431,2.97E-05,0.00011696764,0.43570697,0,0.4486267,0,0,0.009929078,0,0.58125275,0.47003502,3
0.43458512,0.605059,0.21434142,0.13132598,0.38159412,0.46982324,3.13E-06,7.31E-12,0.34851477,0.4641461,0.007126264,4.32E-05,0.38961926,0.4486558,0.012369454,0.00014703075,0.43765217,0.46403483,3.47E-22,3.73E-22,0.31908232,3.02E-18,0.4717591,1.51E-06,5.94E-06,0.43570697,0,0.4486267,0,0,0.3503546,0,0.58125275,0.47003502,4
0.0012204252,0.0015623731,0.007837397,0.00073356094,0.38159412,0.46982324,1.10E-05,0.0004228701,0.34851477,0.4641624,0.019059565,0.00061320973,0.3896188,0.44826996,0.029915497,0.0010890852,0.43772182,0.47753805,1.69E-17,2.38E-17,0.0011697249,1.91E-17,0.0016383781,8.26E-10,1.66E-17,0.43566456,0.0018429299,0.48331648,0.0012424947,0.05598873,0.043041706,0.0033007006,0.58163494,0.50419545,0
0.23020256,0.30788705,7.44E-05,3.82E-06,0.38159412,0.46982324,0,0,0.34851477,0.4641461,0,0,0.38961926,0.4486558,0,0,0.43765217,0.46403483,0,0,0,0,0,0.98266315,0,0.43570697,0,0.4486267,0,0,2.08E-17,0,0.58125275,0.47003502,2
0.36855653,0.4172771,0.18303147,0.13424133,0.38159412,0.46982324,0.0046186806,1.59E-05,0.34851477,0.4641461,0.019551842,0.00032520585,0.38961926,0.4486558,0.017593915,0.00029746236,0.43765217,0.46403483,8.52E-22,6.73E-22,0.21960661,1.80E-10,0.27787903,1.48E-05,5.82E-05,0.43570697,1.28E-15,0.4486267,0.9628433,9.31E-08,0.3503546,8.38E-15,0.58125275,0.47003502,5
0.48393244,0.32576823,0.21448085,0.13129734,0.38159412,0.46982324,0,0,0.34851477,0.4641461,0,0,0.38961926,0.4486558,0,0,0.43765217,0.46403483,0,0,0,0,0,0.9826648,0,0.43570697,0,0.4486267,0,0,2.08E-17,0,0.58125275,0.47003502,4
0.40544182,0.35457978,0.21029672,0.13948569,0.38159412,0.46982324,6.00E-06,2.68E-11,0.34851477,0.4641461,0.0140745565,0.0001685204,0.38961926,0.4486558,0.025373159,0.0006186658,0.43765217,0.46403483,1.50E-20,5.96E-21,0.27885616,6.57E-08,0.26503873,2.87E-05,0.00011279536,0.43570697,0,0.4486267,0,0,0.35886526,0,0.58125275,0.47003502,1
0.713878,0.995685,0.244145,0.1215538,0.38159412,0.46982324,0,0,0.34851477,0.4641461,0,0,0.38961926,0.4486558,0,0,0.43765217,0.46403483,0,0,0,0,0,0.98266506,0,0.43570697,0,0.4486267,0,0,2.08E-17,0,0.58125275,0.47003502,4
0.0013743693,0.0021963173,0.018630411,0.011142086,0.38159412,0.46982324,8.16E-06,0.0003004029,0.34851477,0.4641162,0.02037876,0.0019747221,0.38968536,0.4764484,0.11621098,0.2631793,0.4649012,0.53259933,6.83E-18,1.76E-17,0.0012009201,1.68E-17,0.0022242316,4.98E-10,1.30E-17,0.43570697,0.0018857224,0.5442512,0.0012293422,0.07840131,0.15139745,0.37914896,0.61613625,0.6003309,0
0.714141,0.9911719,0.24398333,0.12162553,0.38159412,0.46982324,3.75E-05,1.05E-09,0.34851477,0.4641461,0.006029516,3.09E-05,0.38961926,0.4486558,0.0070291585,4.75E-05,0.43765217,0.46403483,2.36E-22,2.20E-22,0.5818183,5.70E-19,0.87964684,7.28E-07,2.86E-06,0.43570697,0,0.4486267,0,0,0.3503546,0,0.58125275,0.47003502,4
0.76078284,0.8753959,0.0071012923,9.55E-05,0.38159412,0.46982324,1.85E-05,2.56E-10,0.34851477,0.4641461,0.00022712493,4.39E-08,0.38961926,0.4486558,0.00025435924,6.22E-08,0.43765217,0.46403483,3.58E-23,5.61E-23,0.6489634,1.28E-11,0.79737055,4.41E-06,1.74E-05,0.43570697,0,0.4486267,0,0,0.009929078,0,0.58125275,0.47003502,3
0.00041963812,0.0005215123,0.012316406,0.00052547484,0.38159412,0.46982324,0,0.007413597,0.34851477,0.4641461,3.87E-05,0.008665184,0.38961926,0.4486558,0.027843805,0.00981182,0.4378125,0.4727619,1.57E-24,1.96E-18,0.00024373199,7.14E-15,0.00016853746,1.75E-08,6.91E-15,0.43570697,1.81E-18,0.4486267,0.00027583432,0,0.009929078,0,0.58125275,0.47003502,0
0.7279294,0.6946382,0.008082644,7.87E-05,0.38159412,0.46982324,0,0,0.34851477,0.4641461,0,0,0.38961926,0.4486558,0,0,0.43765217,0.46403483,0,0,0,0,0,0.9826656,0,0.43570697,0,0.4486267,0,0,2.08E-17,0,0.58125275,0.47003502,3
0.00084097765,0.001558744,0.008372778,0.0008179239,0.38159412,0.46982324,0.00078165287,4.62E-05,0.34851474,0.46381688,0.032329597,0.0010093858,0.38962817,0.453407,0.031549104,0.0011776066,0.43787992,0.5053234,6.99E-23,1.09E-19,0.00073671655,1.24E-17,0.0016444614,8.22E-10,1.69E-17,0.43570697,0.00017118259,0.44824666,0.001453951,0.004009987,0.039844293,0.00047763644,0.5812385,0.44072738,0
0.75220406,0.7114114,0.007090587,9.56E-05,0.38159412,0.46982324,3.18E-06,7.53E-12,0.34851477,0.4641461,0.00019394382,3.20E-08,0.38961926,0.4486558,0.00024519846,5.78E-08,0.43765217,0.46403483,1.79E-22,1.75E-22,0.6319191,1.33E-08,0.6470289,1.09E-05,4.27E-05,0.43570697,0,0.4486267,0,0,0.009929078,0,0.58125275,0.47003502,3
0.35747364,0.4171421,0.21263562,0.13911842,0.38159412,0.46982324,0.007830032,4.57E-05,0.34851477,0.4641461,0.034758043,0.0010277648,0.38961926,0.4486558,0.028878747,0.0008014266,0.43765217,0.46403483,6.19E-21,4.09E-21,0.23988643,8.09E-10,0.3153812,1.53E-05,6.02E-05,0.43570697,0,0.4486267,0,0,0.35886526,0,0.58125275,0.47003502,1
0.73277843,0.5392557,0.008089656,7.93E-05,0.38159412,0.46982324,0.00065833627,3.23E-07,0.34851477,0.4641461,0.00038097412,1.23E-07,0.38961926,0.4486558,0.0003121506,9.36E-08,0.43765217,0.46403483,8.66E-23,1.19E-22,0.68993396,5.97E-07,0.55529284,1.87E-05,7.35E-05,0.43570697,0,0.4486267,0,0,0.009929078,0,0.58125275,0.47003502,3
0.2603038,0.35674727,1.47E-05,1.47E-06,0.38159412,0.46982324,0,0,0.34851477,0.4641461,0,0,0.38961926,0.4486558,0,0,0.43765217,0.46403483,0,0,0,0,0,0.98266315,0,0.43570697,0,0.4486267,0,0,2.08E-17,0,0.58125275,0.47003502,2
0.43930385,0.5960043,0.21380284,0.13144226,0.38159412,0.46982324,0,0,0.34851477,0.4641461,0,0,0.38961926,0.4486558,0,0,0.43765217,0.46403483,0,0,0,0,0,0.982665,0,0.43570697,0,0.4486267,0,0,2.08E-17,0,0.58125275,0.47003502,4
0.20797381,0.26535076,7.41E-05,3.75E-06,0.38159412,0.46982324,0,0,0.34851477,0.4641461,0,0,0.38961926,0.4486558,0,0,0.43765217,0.46403483,0,0,0,0,0,0.982663,0,0.43570697,0,0.4486267,0,0,2.08E-17,0,0.58125275,0.47003502,2
0.44219056,0.60081834,0.21378966,0.13144255,0.38159412,0.46982324,0,0,0.34851477,0.4641461,0,0,0.38961926,0.4486558,0,0,0.43765217,0.46403483,0,0,0,0,0,0.982665,0,0.43570697,0,0.4486267,0,0,2.08E-17,0,0.58125275,0.47003502,4
0.32686186,0.3365772,0.18463899,0.13427491,0.38159412,0.46982324,0,0,0.34851477,0.4641461,0,0,0.38961926,0.4486558,0,0,0.43765217,0.46403483,0,0,0,0,0,0.982667,0,0.43570697,0,0.4486267,0,0,2.08E-17,0,0.58125275,0.47003502,5
0.23020606,0.31841722,7.25E-05,3.66E-06,0.38159412,0.46982324,0,0,0.34851477,0.4641461,0,0,0.38961926,0.4486558,0,0,0.43765217,0.46403483,0,0,0,0,0,0.9826633,0,0.43570697,0,0.4486267,0,0,2.08E-17,0,0.58125275,0.47003502,2
0.00043680475,0.0004912384,0.0111433165,0.0004520655,0.38159412,0.46982324,0,0.00016129976,0.34851477,0.4641461,0.00325925,0.0014442109,0.3896189,0.44751516,0.009971588,0.001660928,0.43765974,0.46682408,0,0,6.63E-06,1.41E-16,0.00012367734,1.56E-08,6.24E-16,0.43570697,0,0.4486267,0,0,0.009219858,0,0.58125275,0.47003502,0
0.21399534,0.28853273,7.44E-05,3.70E-06,0.38159412,0.46982324,0,0,0.34851477,0.4641461,0,0,0.38961926,0.4486558,0,0,0.43765217,0.46403483,0,0,0,0,0,0.98266304,0,0.43570697,0,0.4486267,0,0,2.08E-17,0,0.58125275,0.47003502,2
0.7119524,0.35075283,0.24313548,0.12199965,0.38159412,0.46982324,0,0,0.34851477,0.4641461,0,0,0.38961926,0.4486558,0,0,0.43765217,0.46403483,0,0,0,0,0,0.98266476,0,0.43570697,0,0.4486267,0,0,2.08E-17,0,0.58125275,0.47003502,4
0.21563497,0.08305584,8.89E-05,4.74E-06,0.38159412,0.46982324,0,0,0.34851477,0.4641461,0,0,0.38961926,0.4486558,0,0,0.43765217,0.46403483,0,0,0,0,0,0.98266286,0,0.43570697,0,0.4486267,0,0,2.08E-17,0,0.58125275,0.47003502,2
0.35201293,0.15343215,0.1830285,0.13424608,0.38159412,0.46982324,0,0,0.34851477,0.4641461,0,0,0.38961926,0.4486558,0,0,0.43765217,0.46403483,0,0,0,0,0,0.98266697,0,0.43570697,0,0.4486267,0,0,2.08E-17,0,0.58125275,0.47003502,5
0.43459004,0.5080491,0.212996,0.1316075,0.38159412,0.46982324,0.00024938295,4.63E-08,0.34851477,0.4641461,0.010354033,9.12E-05,0.38961926,0.4486558,0.01393663,0.00018664771,0.43765217,0.46403483,1.46E-21,1.25E-21,0.30995888,2.95E-10,0.3936638,1.14E-05,4.47E-05,0.43570697,0,0.4486267,0,0,0.3503546,0,0.58125275,0.47003502,4
0.76326054,0.88256997,0.007176072,9.45E-05,0.38159412,0.46982324,3.75E-06,1.05E-11,0.34851477,0.4641461,0.00018689902,2.97E-08,0.38961926,0.4486558,0.00024803984,5.91E-08,0.43765217,0.46403483,1.88E-23,3.23E-23,0.6981467,8.68E-12,0.81237125,4.20E-06,1.65E-05,0.43570697,0,0.4486267,0,0,0.009929078,0,0.58125275,0.47003502,3
0.7523592,0.755584,0.008071422,7.87E-05,0.38159412,0.46982324,0.00032404892,7.82E-08,0.34851477,0.4641461,0.00035184348,1.05E-07,0.38961926,0.4486558,0.00028299185,7.70E-08,0.43765217,0.46403483,4.72E-23,5.51E-23,0.71268225,2.32E-09,0.7793872,7.67E-06,3.02E-05,0.43570697,0,0.4486267,0,0,0.009929078,0,0.58125275,0.47003502,3
0.9305429,0.9302912,0.008174868,7.63E-05,0.38159412,0.46982324,5.77E-05,2.48E-09,0.34851477,0.4641461,0.00022857441,4.44E-08,0.38961926,0.4486558,0.00025141542,6.07E-08,0.43765217,0.46403483,3.12E-23,5.26E-23,0.9196411,1.36E-11,0.97273135,3.77E-06,1.48E-05,0.43570697,0,0.4486267,0,0,0.009929078,0,0.58125275,0.47003502,3
0.0008306743,0.0015434603,0.008034585,0.00079442485,0.38159412,0.46982324,0.00011522216,4.13E-06,0.34851477,0.464137,0.0230526,0.0006190388,0.38960204,0.43491572,0.03141017,0.0011741717,0.4375994,0.45445877,1.26E-25,4.52E-20,0.00071351504,9.14E-18,0.001591266,8.52E-10,8.33E-18,0.43570697,0.00017300734,0.4486267,0.001351808,0.00017198977,0.039273888,0.0005001612,0.58125263,0.46471232,0
0.44767287,0.5610438,0.21404448,0.13138923,0.38159412,0.46982324,0.025943726,0.000501442,0.34851477,0.4641461,0.015093853,0.00019381316,0.38961926,0.4486558,0.013406681,0.00017272278,0.43765217,0.46403483,1.17E-21,7.88E-22,0.32809052,1.01E-12,0.436856,5.83E-06,2.30E-05,0.43570697,0,0.4486267,0,0,0.3503546,0,0.58125275,0.47003502,4
5.22E-05,0.00058067596,0.03138776,0.028283067,0.38159412,0.46982324,2.79E-09,5.78E-18,0.34851477,0.4641461,0.0076757153,5.01E-05,0.38961926,0.4486558,0.015479699,0.00023026721,0.43765217,0.46403483,0,1.03E-28,1.68E-05,2.17E-16,9.70E-05,1.94E-08,6.38E-16,0.43570697,5.41E-05,0.4486267,0.00033638443,0.015421397,0.018234178,0.00023022246,0.58125275,0.47003502,0
0.6366852,0.20214193,0.24876344,0.12812237,0.38159412,0.46982324,0,0,0.34851477,0.4641461,0,0,0.38961926,0.4486558,0,0,0.43765217,0.46403483,0,0,0,0,0,0.9826661,0,0.43570697,0,0.4486267,0,0,2.08E-17,0,0.58125275,0.47003502,1
0.00044321094,0.00065615564,0.022214113,0.0035058488,0.38159412,0.46982324,0.00026312438,5.16E-08,0.34851477,0.4641461,0.085984394,0.00628959,0.38961926,0.44864002,0.082107864,0.008493249,0.43559816,0.41342846,1.16E-26,3.23E-20,0.00034192682,8.20E-17,0.0003472742,7.24E-09,4.05E-15,0.43570697,0.006307568,0.4486267,0.00052699225,0.09094337,0.0718104,0.008006494,0.58125275,0.47003502,0
0.7132533,0.9535387,0.24493073,0.12120246,0.38159412,0.46982324,5.46E-08,2.22E-15,0.34851477,0.4641461,0.003083032,8.09E-06,0.38961926,0.4486558,0.006223509,3.72E-05,0.43765217,0.46403483,1.24E-22,1.66E-22,0.5871698,2.76E-15,0.84951735,1.76E-06,6.94E-06,0.43570697,0,0.4486267,0,0,0.3503546,0,0.58125275,0.47003502,4
0.4781917,0.25327614,0.21440634,0.13131209,0.38159412,0.46982324,0.0005825054,2.53E-07,0.34851477,0.4641461,0.014597102,0.000181266,0.38961926,0.4486558,0.015135834,0.00022015056,0.43765217,0.46403483,2.40E-21,1.33E-21,0.3381026,1.41E-05,0.19756001,6.71E-05,0.00026385198,0.43570697,0,0.4486267,0,0,0.3503546,0,0.58125275,0.47003502,4
0.7147144,0.99456567,0.24436286,0.12145642,0.38159412,0.46982324,0.0032472531,7.86E-06,0.34851477,0.4641461,0.009450649,7.60E-05,0.38961926,0.4486558,0.0074864924,5.39E-05,0.43765217,0.46403483,6.85E-23,1.00E-22,0.5906195,1.71E-19,0.88404185,6.43E-07,2.53E-06,0.43570697,0,0.4486267,0,0,0.3503546,0,0.58125275,0.47003502,4
1.99E-08,1.16E-05,0.022661425,0,0.38159412,0.46982324,0,0,0.34851477,0.4641461,0,0,0.38961926,0.4486558,0,0,0.43765217,0.46403483,0,0,2.48E-08,8.15E-23,1.57E-05,8.09E-08,1.42E-19,0.43570697,0,0.4486267,5.46E-05,0,0.021276595,0,0.58125275,0.47003502,0
0.43767282,0.50952107,0.21304046,0.13159832,0.38159412,0.46982324,0.00014580217,1.58E-08,0.34851477,0.4641461,0.009843627,8.24E-05,0.38961926,0.4486558,0.013851179,0.00018436587,0.43765217,0.46403483,5.96E-22,9.19E-22,0.31277496,2.67E-10,0.39488488,1.12E-05,4.42E-05,0.43570697,0,0.4486267,0,0,0.3503546,0,0.58125275,0.47003502,4
0.7103067,0.95410466,0.24494061,0.121198125,0.38159412,0.46982324,0,0,0.34851477,0.4641461,0,0,0.38961926,0.4486558,0,0,0.43765217,0.46403483,0,0,0,0,0,0.982665,0,0.43570697,0,0.4486267,0,0,2.08E-17,0,0.58125275,0.47003502,4
0.74693865,0.731663,0.0070942226,9.56E-05,0.38159412,0.46982324,0,0,0.34851477,0.4641461,0,0,0.38961926,0.4486558,0,0,0.43765217,0.46403483,0,0,0,0,0,0.9826656,0,0.43570697,0,0.4486267,0,0,2.08E-17,0,0.58125275,0.47003502,3
0.47011858,0.31838322,0.21448381,0.13129604,0.38159412,0.46982324,0.020514047,0.00031351528,0.34851477,0.4641461,0.019827213,0.00033443092,0.38961926,0.4486558,0.015539562,0.00023205164,0.43765217,0.46403483,4.02E-22,7.71E-22,0.3398817,2.12E-06,0.24844314,4.42E-05,0.00017375019,0.43570697,0,0.4486267,0,0,0.3503546,0,0.58125275,0.47003502,4
0.7755641,0.78829795,0.008096328,7.81E-05,0.38159412,0.46982324,2.94E-06,6.46E-12,0.34851477,0.4641461,0.00021440399,3.91E-08,0.38961926,0.4486558,0.0002638569,6.69E-08,0.43765217,0.46403483,1.39E-22,8.89E-23,0.7491782,8.60E-10,0.8160423,6.66E-06,2.62E-05,0.43570697,0,0.4486267,0,0,0.009929078,0,0.58125275,0.47003502,3
0.7484193,0.7166246,0.007096717,9.56E-05,0.38159412,0.46982324,1.41E-06,1.47E-12,0.34851477,0.4641461,0.00017883221,2.72E-08,0.38961926,0.4486558,0.00024222989,5.64E-08,0.43765217,0.46403483,1.69E-22,2.04E-22,0.63194644,1.13E-08,0.6523199,1.06E-05,4.17E-05,0.43570697,0,0.4486267,0,0,0.009929078,0,0.58125275,0.47003502,3
0.45054808,0.5375002,0.21252355,0.13170291,0.38159412,0.46982324,0,0,0.34851477,0.4641461,0,0,0.38961926,0.4486558,0,0,0.43765217,0.46403483,0,0,0,0,0,0.98266494,0,0.43570697,0,0.4486267,0,0,2.08E-17,0,0.58125275,0.47003502,4
0.36314285,0.35359344,0.1831803,0.13424465,0.38159412,0.46982324,0,0,0.34851477,0.4641461,0,0,0.38961926,0.4486558,0,0,0.43765217,0.46403483,0,0,0,0,0,0.9826671,0,0.43570697,0,0.4486267,0,0,2.08E-17,0,0.58125275,0.47003502,5
0.46965653,0.5782184,0.21517111,0.13114436,0.38159412,0.46982324,0,0,0.34851477,0.4641461,0,0,0.38961926,0.4486558,0,0,0.43765217,0.46403483,0,0,0,0,0,0.98266494,0,0.43570697,0,0.4486267,0,0,2.08E-17,0,0.58125275,0.47003502,4
0.0025027322,0.0007906633,0.030768022,0.028634198,0.34027696,0.36268875,0.26121172,0.31292036,0.30714402,0.3574022,0.25812837,0.35000694,0.35190532,0.35476574,0.22237635,0.30934685,0.44584742,0.4740279,1.90E-18,5.47E-18,0.0026341905,7.90E-17,0.0005824878,3.31E-09,2.44E-16,0.43570697,3.19E-05,0.4486267,7.51E-05,0.005873705,0.02968978,3.34E-05,0.58125275,0.47003502,0
0.4613204,0.5425397,0.21311377,0.13158333,0.38159412,0.46982324,0.014016573,0.00014636583,0.34851477,0.4641461,0.014806605,0.00018650651,0.38961926,0.4486558,0.013977996,0.00018775734,0.43765217,0.46403483,4.76E-22,4.28E-22,0.33006525,7.49E-12,0.42062283,7.41E-06,2.92E-05,0.43570697,0,0.4486267,0,0,0.3503546,0,0.58125275,0.47003502,4
0.4232647,0.6041174,0.21340968,0.13152201,0.38159412,0.46982324,0.0024879116,4.61E-06,0.34851477,0.4641461,0.015380278,0.00020123867,0.38961926,0.4486558,0.0134954,0.00017501634,0.43765217,0.46403483,3.85E-22,4.93E-22,0.29881486,1.02E-18,0.46900225,1.35E-06,5.33E-06,0.43570697,0,0.4486267,0,0,0.3503546,0,0.58125275,0.47003502,4
0.3780989,0.09624528,0.2211378,0.1296945,0.38159412,0.46982324,0.00015498283,1.79E-08,0.34851477,0.4641461,0.012749121,0.00013827495,0.38961926,0.4486558,0.016223744,0.00025293516,0.43765217,0.46403483,2.86E-21,4.88E-09,0.27966362,0.00044485772,0.077431045,0.00023714382,0.00093267334,0.43570697,0,0.4486267,0,0,0.3503546,0,0.58125275,0.47003502,4
0.42009437,0.6036431,0.21365713,0.1314697,0.38159412,0.46982324,0,0,0.34851477,0.4641461,0,0,0.38961926,0.4486558,0,0,0.43765217,0.46403483,0,0,0,0,0,0.98266506,0,0.43570697,0,0.4486267,0,0,2.08E-17,0,0.58125275,0.47003502,4
0.6987374,0.81687194,0.24994366,0.12759104,0.38159412,0.46982324,3.86E-08,1.11E-15,0.34851477,0.4641461,0.002783439,6.59E-06,0.38961926,0.4486558,0.005930565,3.38E-05,0.43765217,0.46403483,1.60E-22,2.41E-22,0.564911,5.59E-11,0.7250334,5.55E-06,2.18E-05,0.43570697,0,0.4486267,0,0,0.35886526,0,0.58125275,0.47003502,1
0.00032725564,0.00041635483,0.012203949,0.0006851613,0.38159412,0.46982324,6.79E-06,3.43E-11,0.34851477,0.4641461,0.015940057,0.00021615376,0.38961926,0.44865647,0.019151103,0.00035244777,0.43765318,0.47940993,0,1.49E-23,2.54E-05,8.07E-17,7.43E-05,2.39E-08,2.25E-16,0.43570697,0.00023324673,0.44862735,0.00025747076,0.019078974,0.02981894,0.00035237928,0.5812535,0.4852378,0
0.4189679,0.6031355,0.2124816,0.13170925,0.38159412,0.46982324,1.38E-05,1.42E-10,0.34851477,0.4641461,0.00925292,7.28E-05,0.38961926,0.4486558,0.012842032,0.00015848003,0.43765217,0.46403483,4.67E-22,5.14E-22,0.28810284,3.69E-19,0.4661855,1.23E-06,4.82E-06,0.43570697,0,0.4486267,0,0,0.3503546,0,0.58125275,0.47003502,4
0.3582893,0.3257032,0.18401809,0.13426661,0.38159412,0.46982324,0.047277167,0.0016651711,0.34851477,0.4641461,0.024553802,0.0005128857,0.38961926,0.4486558,0.018982157,0.00034625674,0.43765217,0.46403483,1.18E-21,1.26E-21,0.22410865,1.27E-07,0.21808654,3.64E-05,0.00014326455,0.43570697,6.97E-16,0.4486267,0.75559145,1.43E-07,0.3503546,1.99E-14,0.58125275,0.47003502,5
0.42154324,0.6038694,0.21352239,0.1314983,0.38159412,0.46982324,0.002338346,4.07E-06,0.34851477,0.4641461,0.015279926,0.00019862117,0.38961926,0.4486558,0.013486685,0.00017479037,0.43765217,0.46403483,3.67E-22,4.71E-22,0.29921368,1.01E-18,0.46905658,1.35E-06,5.32E-06,0.43570697,0,0.4486267,0,0,0.3503546,0,0.58125275,0.47003502,4
0.27988482,0.0692448,0.23451795,0.13362598,0.38159412,0.46982324,0,0,0.34851477,0.4641461,0,0,0.38961926,0.4486558,0,0,0.43765217,0.46403483,0,0,0,0,0,0.9826661,0,0.43570697,0,0.4486267,0,0,2.08E-17,0,0.58125275,0.47003502,1
0.0006112498,0.00050388736,0.010348188,0.0005330404,0.38159412,0.46982324,1.39E-09,1.44E-18,0.34851477,0.4641461,1.41E-09,1.68E-18,0.38961926,0.4486558,9.93E-10,9.50E-19,0.43765217,0.46403483,1.16E-17,1.72E-15,0.00047269164,7.92E-15,0.00013387024,2.22E-08,8.40E-15,0.43570697,1.81E-18,0.4486267,0.00046421651,1.72E-09,2.08E-17,2.84E-18,0.58125275,0.47003502,0
0.22313955,0.16602285,7.60E-05,4.01E-06,0.38159412,0.46982324,0,0,0.34851477,0.4641461,0,0,0.38961926,0.4486558,0,0,0.43765217,0.46403483,0,0,0,0,0,0.98266286,0,0.43570697,0,0.4486267,0,0,2.08E-17,0,0.58125275,0.47003502,2
0.00041382283,0.0004378553,0.019987773,0.002906072,0.38159412,0.46982324,2.41E-09,4.34E-18,0.34851477,0.4641461,8.93E-07,6.82E-13,0.38961926,0.4486558,0.007679484,5.67E-05,0.43765184,0.4523037,0,3.86E-31,6.95E-06,7.86E-23,6.67E-05,2.63E-08,1.92E-16,0.43570697,7.36E-13,0.4486267,0.00023107881,0.0076505602,0.033643145,5.67E-05,0.58125246,0.4584354,0
0.71588576,0.89142346,0.007522164,8.89E-05,0.38159412,0.46982324,2.76E-08,5.67E-16,0.34851477,0.4641461,0.00010682,9.71E-09,0.38961926,0.4486558,0.00022945303,5.06E-08,0.43765217,0.46403483,3.26E-23,2.57E-23,0.7971018,2.83E-12,0.86016524,3.59E-06,1.41E-05,0.43570697,0,0.4486267,0,0,0.009929078,0,0.58125275,0.47003502,3
0.43273646,0.5288702,0.21309194,0.13158748,0.38159412,0.46982324,0,0,0.34851477,0.4641461,0,0,0.38961926,0.4486558,0,0,0.43765217,0.46403483,0,0,0,0,0,0.98266494,0,0.43570697,0,0.4486267,0,0,2.08E-17,0,0.58125275,0.47003502,4
0.7072274,0.40576175,0.2503392,0.12741071,0.38159412,0.46982324,1.16E-05,1.01E-10,0.34851477,0.4641461,0.0052812845,2.37E-05,0.38961926,0.4486558,0.0069750235,4.68E-05,0.43765217,0.46403483,1.95E-22,1.64E-22,0.57827044,5.50E-06,0.36071798,3.53E-05,0.00013880008,0.43570697,0,0.4486267,0,0,0.35886526,0,0.58125275,0.47003502,1
0.43681654,0.6060482,0.21303508,0.13159844,0.38159412,0.46982324,0.007022097,3.67E-05,0.34851477,0.4641461,0.009331162,7.41E-05,0.38961926,0.4486558,0.01161393,0.00012961804,0.43765217,0.46403483,1.44E-19,9.47E-18,0.0006586263,9.19E-15,0.0009162409,0.00093070255,0.0036578034,0.43570697,0,0.4486267,0,0,0.0070921984,0,0.58125275,0.47003502,4
0.0008422525,0.0015162864,0.008586581,0.00088177586,0.38159412,0.4698256,0.002477806,0.00054651476,0.34851563,0.46971315,0.033859298,0.0011351127,0.3898419,0.5517048,0.03256589,0.0012329052,0.43789282,0.5060894,3.65E-20,2.09E-18,0.0009158683,5.69E-18,0.0016304984,8.18E-10,1.02E-17,0.43570465,0.0029608184,0.4253824,0.0014190287,0.056982744,0.044172935,0.0034159636,0.58153605,0.4945497,0
0.3839455,0.24763769,0.18421748,0.13427103,0.38159412,0.46982324,0.0039675855,1.17E-05,0.34851477,0.4641461,0.0154730845,0.00020367459,0.38961926,0.4486558,0.01829745,0.00032172757,0.43765217,0.46403483,9.01E-22,1.31E-21,0.23785567,4.44E-06,0.16598444,6.87E-05,0.0002701172,0.43570697,1.16E-16,0.4486267,0.5751041,1.13E-07,0.3503546,1.23E-14,0.58125275,0.47003502,5
0.43021467,0.52299094,0.21324487,0.13155556,0.38159412,0.46982324,0.03217431,0.00077121326,0.34851477,0.4641461,0.017458003,0.0002592819,0.38961926,0.4486558,0.014561092,0.00020374876,0.43765217,0.46403483,4.85E-22,7.39E-22,0.30982545,5.46E-11,0.40572774,9.31E-06,3.66E-05,0.43570697,0,0.4486267,0,0,0.3503546,0,0.58125275,0.47003502,4
0.7123587,0.572232,0.250223,0.12746356,0.38159412,0.46982324,2.84E-05,6.01E-10,0.34851477,0.4641461,0.005758438,2.82E-05,0.38961926,0.4486558,0.0067471624,4.37E-05,0.43765217,0.46403483,2.33E-22,2.26E-22,0.5810884,2.17E-07,0.5084721,1.81E-05,7.13E-05,0.43570697,0,0.4486267,0,0,0.35886526,0,0.58125275,0.47003502,1
0.71148974,0.95468843,0.24494903,0.121194385,0.38159412,0.46982324,0.012920867,0.00012437678,0.34851477,0.4641461,0.010559887,9.49E-05,0.38961926,0.4486558,0.00714552,4.91E-05,0.43765217,0.46403483,6.56E-23,1.25E-22,0.58664817,2.21E-15,0.85062534,1.72E-06,6.77E-06,0.43570697,0,0.4486267,0,0,0.3503546,0,0.58125275,0.47003502,4
0.71093684,0.43276247,0.24316137,0.12198745,0.38159412,0.46982324,2.68E-06,5.35E-12,0.34851477,0.4641461,0.004461723,1.69E-05,0.38961926,0.4486558,0.006516507,4.08E-05,0.43765217,0.46403483,2.35E-22,2.09E-22,0.5766536,3.81E-06,0.38276586,3.20E-05,0.00012604595,0.43570697,0,0.4486267,0,0,0.3503546,0,0.58125275,0.47003502,4
0.711822,0.57177895,0.25000566,0.12756254,0.38159412,0.46982324,3.05E-05,6.95E-10,0.34851477,0.4641461,0.0057996176,2.86E-05,0.38961926,0.4486558,0.006755649,4.39E-05,0.43765217,0.46403483,3.34E-22,2.54E-22,0.5777734,2.20E-07,0.5076282,1.82E-05,7.15E-05,0.43570697,0,0.4486267,0,0,0.35886526,0,0.58125275,0.47003502,1
0.42802048,0.604584,0.21360339,0.13148178,0.38159412,0.46982324,0.00076410116,4.35E-07,0.34851477,0.4641461,0.012194315,0.00012650214,0.38961926,0.4486558,0.012843627,0.00015851941,0.43765217,0.46403483,1.28E-21,9.87E-22,0.30802757,2.59E-17,0.46977544,1.87E-06,7.37E-06,0.43570697,0,0.4486267,0,0,0.3503546,0,0.58125275,0.47003502,4
0.22952712,0.30904436,7.33E-05,3.73E-06,0.38159412,0.46982324,0,0,0.34851477,0.4641461,0,0,0.38961926,0.4486558,0,0,0.43765217,0.46403483,0,0,0,0,0,0.98266315,0,0.43570697,0,0.4486267,0,0,2.08E-17,0,0.58125275,0.47003502,2
0.7486384,0.5124807,0.008076885,7.88E-05,0.38159412,0.46982324,6.82E-05,3.46E-09,0.34851477,0.4641461,0.0003285725,9.18E-08,0.38961926,0.4486558,0.00029950502,8.62E-08,0.43765217,0.46403483,1.45E-22,1.12E-22,0.7144516,1.00E-06,0.52953917,2.07E-05,8.14E-05,0.43570697,0,0.4486267,0,0,0.009929078,0,0.58125275,0.47003502,3
0.0012012193,0.0020133913,0.055444445,0.14701025,0.38159412,0.46982327,0.005177755,2.00E-05,0.34851477,0.46507704,0.034873847,0.0010599098,0.38967025,0.48504367,0.116237,0.19436063,0.4477634,0.4936489,2.20E-17,2.19E-17,0.0011117789,1.64E-17,0.0014786995,8.90E-09,7.98E-14,0.43570697,4.12E-06,0.4486273,0.001203419,0.06054661,0.09742817,0.18965538,0.5862841,0.5044432,0
0.37975898,0.40435317,0.18413737,0.13426721,0.38159412,0.46982324,5.34E-05,2.13E-09,0.34851477,0.4641461,0.010756674,9.84E-05,0.38961926,0.4486558,0.016391654,0.00025819783,0.43765217,0.46403483,8.32E-22,1.82E-21,0.23492813,5.54E-10,0.27087915,1.71E-05,6.73E-05,0.43570697,3.25E-15,0.4486267,0.93866134,1.09E-07,0.3503546,1.15E-14,0.58125275,0.47003502,5
0.7367533,0.8460856,0.007100697,9.56E-05,0.38159412,0.46982324,7.60E-06,4.31E-11,0.34851477,0.4641461,0.00025808194,5.67E-08,0.38961926,0.4486558,0.00026109652,6.55E-08,0.43765217,0.46403483,1.06E-22,1.50E-22,0.6228114,9.78E-11,0.77057415,5.57E-06,2.19E-05,0.43570697,0,0.4486267,0,0,0.009929078,0,0.58125275,0.47003502,3
0.38347533,0.42354754,0.21449421,0.13879639,0.38159412,0.46982324,0.0020365834,3.09E-06,0.34851477,0.4641461,0.02885707,0.00070841453,0.38961926,0.4486558,0.028202685,0.0007643425,0.43765217,0.46403483,1.87E-21,2.05E-21,0.2751427,5.58E-10,0.3230014,1.46E-05,5.74E-05,0.43570697,0,0.4486267,0,0,0.35886526,0,0.58125275,0.47003502,1
0.2544172,0.34135562,1.50E-05,1.48E-06,0.38159412,0.46982324,0,0,0.34851477,0.4641461,0,0,0.38961926,0.4486558,0,0,0.43765217,0.46403483,0,0,0,0,0,0.9826631,0,0.43570697,0,0.4486267,0,0,2.08E-17,0,0.58125275,0.47003502,2
0.4126407,0.17267242,0.21511933,0.1311618,0.38159412,0.46982324,0,0,0.34851477,0.4641461,0,0,0.38961926,0.4486558,0,0,0.43765217,0.46403483,0,0,0,0,0,0.98266476,0,0.43570697,0,0.4486267,0,0,2.08E-17,0,0.58125275,0.47003502,4
0.41797104,0.5692559,0.21429515,0.13133451,0.38159412,0.46982324,2.10E-05,3.29E-10,0.34851477,0.4641461,0.008778318,6.56E-05,0.38961926,0.4486558,0.012768262,0.00015666452,0.43765217,0.46403483,1.74E-21,2.31E-21,0.30702877,1.10E-13,0.4437536,4.57E-06,1.80E-05,0.43570697,0,0.4486267,0,0,0.3503546,0,0.58125275,0.47003502,4
0.6991611,0.95984143,0.24494368,0.12119639,0.38159412,0.46982324,3.64E-05,9.90E-10,0.34851477,0.4641461,0.0058881054,2.95E-05,0.38961926,0.4486558,0.0067165047,4.34E-05,0.43765217,0.46403483,3.77E-22,6.21E-22,0.57700044,6.86E-16,0.85518736,1.52E-06,5.98E-06,0.43570697,0,0.4486267,0,0,0.3503546,0,0.58125275,0.47003502,4
0.22095093,0.31547907,7.37E-05,3.74E-06,0.38159412,0.46982324,0,0,0.34851477,0.4641461,0,0,0.38961926,0.4486558,0,0,0.43765217,0.46403483,0,0,0,0,0,0.9826632,0,0.43570697,0,0.4486267,0,0,2.08E-17,0,0.58125275,0.47003502,2
0.46095064,0.48889172,0.21286194,0.1316351,0.38159412,0.46982324,0,0,0.34851477,0.4641461,0,0,0.38961926,0.4486558,0,0,0.43765217,0.46403483,0,0,0,0,0,0.9826649,0,0.43570697,0,0.4486267,0,0,2.08E-17,0,0.58125275,0.47003502,4
0.7293558,0.66487944,0.008081336,7.89E-05,0.38159412,0.46982324,0.00026923302,5.40E-08,0.34851477,0.4641461,0.00034526503,1.01E-07,0.38961926,0.4486558,0.00029133435,8.16E-08,0.43765217,0.46403483,1.15E-22,8.19E-23,0.6920014,3.35E-08,0.6856232,1.13E-05,4.46E-05,0.43570697,0,0.4486267,0,0,0.009929078,0,0.58125275,0.47003502,3
0.005367357,0.0026450632,0.05410688,0.07084566,0.33029628,0.34501025,0.26607162,0.34114644,0.29870945,0.34339565,0.30273858,0.30221114,0.37419444,0.41304502,0.3221512,0.2408385,0.43048996,0.45691603,2.35E-18,3.61E-18,0.004427212,2.52E-17,0.0022896281,5.28E-10,5.84E-17,0.43570697,0,0.4486267,0,0,0.009929078,0,0.58125275,0.47003502,0
0.7407091,0.8419634,0.0071032722,9.55E-05,0.38159412,0.46982324,2.23E-05,3.70E-10,0.34851477,0.4641461,0.00028689005,7.00E-08,0.38961926,0.4486558,0.00026457992,6.73E-08,0.43765217,0.46403483,5.72E-23,9.54E-23,0.6278455,1.21E-10,0.7670852,5.72E-06,2.25E-05,0.43570697,0,0.4486267,0,0,0.009929078,0,0.58125275,0.47003502,3
0.23168407,0.2541934,7.52E-05,3.82E-06,0.38159412,0.46982324,0.0003071011,7.03E-08,0.34851477,0.4641461,0.007870045,5.27E-05,0.38961926,0.4486558,0.007965514,6.10E-05,0.43765217,0.46403483,8.52E-27,1.13E-19,0.00036091218,2.50E-07,0.00059843867,0.0074437913,0.029061139,0.43570697,0,0.4486267,0,0,0.0078014187,0,0.58125275,0.47003502,2
0.77600086,0.82911885,0.008105401,7.78E-05,0.38159412,0.46982324,8.15E-05,4.95E-09,0.34851477,0.4641461,0.0002471178,5.20E-08,0.38961926,0.4486558,0.00025994447,6.49E-08,0.43765217,0.46403483,6.64E-23,1.13E-22,0.7518848,2.07E-10,0.8598527,5.49E-06,2.16E-05,0.43570697,0,0.4486267,0,0,0.009929078,0,0.58125275,0.47003502,3
0.3692297,0.3831505,0.2126262,0.13911939,0.38159412,0.46982324,0,0,0.34851477,0.4641461,0,0,0.38961926,0.4486558,0,0,0.43765217,0.46403483,0,0,0,0,0,0.98266613,0,0.43570697,0,0.4486267,0,0,2.08E-17,0,0.58125275,0.47003502,1
0.7477999,0.928968,0.24521248,0.121075474,0.38159412,0.46982324,7.00E-07,3.65E-13,0.34851477,0.4641461,0.003809389,1.23E-05,0.38961926,0.4486558,0.0063508176,3.88E-05,0.43765217,0.46403483,1.49E-22,1.80E-22,0.62614053,6.80E-14,0.8285819,2.51E-06,9.86E-06,0.43570697,0,0.4486267,0,0,0.3503546,0,0.58125275,0.47003502,4
0.7347272,0.86906934,0.0070917895,9.57E-05,0.38159412,0.46982324,3.73E-05,1.04E-09,0.34851477,0.4641461,0.00024816502,5.24E-08,0.38961926,0.4486558,0.0002571593,6.35E-08,0.43765217,0.46403483,4.88E-23,9.40E-23,0.62085664,1.53E-11,0.79053843,4.51E-06,1.78E-05,0.43570697,0,0.4486267,0,0,0.009929078,0,0.58125275,0.47003502,3
0.25767648,0.3545333,1.53E-05,1.52E-06,0.38159412,0.46982324,0,0,0.34851477,0.4641461,0,0,0.38961926,0.4486558,0,0,0.43765217,0.46403483,0,0,0,0,0,0.98266315,0,0.43570697,0,0.4486267,0,0,2.08E-17,0,0.58125275,0.47003502,2
0.4408025,0.40961534,0.2124223,0.13172263,0.38159412,0.46982324,0,0,0.34851477,0.4641461,0,0,0.38961926,0.4486558,0,0,0.43765217,0.46403483,0,0,0,0,0,0.9826648,0,0.43570697,0,0.4486267,0,0,2.08E-17,0,0.58125275,0.47003502,4
0.35558072,0.250922,0.20870632,0.13971274,0.38159412,0.46982324,0.002452951,4.48E-06,0.34851477,0.4641461,0.035684813,0.0010833028,0.38961926,0.4486558,0.031363443,0.00094526703,0.43765217,0.46403483,1.27E-21,3.08E-21,0.24445319,4.52E-06,0.1862508,6.15E-05,0.00024186561,0.43570697,0,0.4486267,0,0,0.35886526,0,0.58125275,0.47003502,1
0.38100094,0.24541545,0.18464118,0.13427718,0.38159412,0.46982324,0,0,0.34851477,0.4641461,0,0,0.38961926,0.4486558,0,0,0.43765217,0.46403483,0,0,0,0,0,0.982667,0,0.43570697,0,0.4486267,0,0,2.08E-17,0,0.58125275,0.47003502,5
0.70798373,0.63238174,0.25001967,0.12755649,0.38159412,0.46982324,0,0,0.34851477,0.4641461,0,0,0.38961926,0.4486558,0,0,0.43765217,0.46403483,0,0,0,0,0,0.98266613,0,0.43570697,0,0.4486267,0,0,2.08E-17,0,0.58125275,0.47003502,1
0.0008382872,0.0006826054,0.023170171,0.0040262355,0.3833232,0.567606,0.07377605,0.009879881,0.35071692,0.58191824,0.07407087,0.011123717,0.39177394,0.5579865,0.08351017,0.012485226,0.44310087,0.55933857,3.17E-17,5.52E-17,0.0007520618,2.11E-16,0.00043445177,5.92E-09,1.86E-15,0.5633808,0.012140085,0.58227944,0.00029957647,0.07589431,0.060652964,0.012675022,0.5870634,0.5994268,0
0.6907245,0.28051993,0.008024195,8.05E-05,0.38159412,0.46982324,0.0003752492,1.05E-07,0.34851477,0.4641461,0.0003702959,1.17E-07,0.38961926,0.4486558,0.0003327827,1.06E-07,0.43765217,0.46403483,1.62E-22,2.04E-16,0.6470498,3.60E-05,0.28752533,5.40E-05,0.00021247269,0.43570697,0,0.4486267,0,0,0.009929078,0,0.58125275,0.47003502,3
0.37948793,0.19852872,0.0055279173,0.00010806965,0.38159412,0.46982324,7.42E-07,4.10E-13,0.34851477,0.4641461,0.0006084276,3.15E-07,0.38961926,0.4486558,0.0008284348,6.60E-07,0.43765217,0.46403483,6.37E-22,1.25E-21,0.26588455,1.62E-05,0.14006329,9.37E-05,0.00036853764,0.43570697,0,0.4486267,0,0,0.009929078,0,0.58125275,0.47003502,3
0.6985541,0.9598081,0.24480918,0.12125692,0.38159412,0.46982324,0,0,0.34851477,0.4641461,0,0,0.38961926,0.4486558,0,0,0.43765217,0.46403483,0,0,0,0,0,0.982665,0,0.43570697,0,0.4486267,0,0,2.08E-17,0,0.58125275,0.47003502,4
0.72874063,0.56393003,0.008085545,7.93E-05,0.38159412,0.46982324,5.22E-05,2.03E-09,0.34851477,0.4641461,0.0002959546,7.45E-08,0.38961926,0.4486558,0.00029765582,8.51E-08,0.43765217,0.46403483,4.86E-23,6.94E-23,0.6882358,3.60E-07,0.58047634,1.70E-05,6.68E-05,0.43570697,0,0.4486267,0,0,0.009929078,0,0.58125275,0.47003502,3
0.00029154363,0.00039628253,0.010824128,0.00047336414,0.38159412,0.46982324,0,0,0.34851477,0.4641461,9.93E-10,8.41E-19,0.38961926,0.4486558,1.41E-09,1.90E-18,0.43765217,0.46403483,0,0,3.47E-08,1.44E-20,1.62E-05,7.95E-08,2.15E-17,0.43570697,9.07E-19,0.4486267,5.60E-05,1.40E-09,2.08E-17,1.90E-18,0.58125275,0.47003502,0
0.00058719696,0.0005344808,0.01216124,0.0004986106,0.38159412,0.46982324,1.39E-09,1.44E-18,0.34851477,0.4641461,2.54E-08,8.78E-11,0.38961926,0.4486558,0.025974222,0.0038858152,0.43767154,0.4658402,1.74E-21,2.32E-18,0.00036183468,1.28E-15,0.00021133407,1.30E-08,4.51E-15,0.43570697,1.81E-18,0.4486267,0.00021647732,0,0.009929078,0,0.58125275,0.47003502,0
0.41306117,0.4429092,0.006084264,0.000105798186,0.38159412,0.46982324,0,0,0.34851477,0.4641461,0,0,0.38961926,0.4486558,0,0,0.43765217,0.46403483,0,0,0,0,0,0.98266566,0,0.43570697,0,0.4486267,0,0,2.08E-17,0,0.58125275,0.47003502,3
0.00081744423,0.0015864644,0.008212986,0.0007769588,0.38159412,0.46982324,0.00014036373,3.63E-06,0.34851477,0.46413702,0.026277306,0.0008061142,0.38963088,0.45576492,0.03052391,0.0011270249,0.43778396,0.48877224,1.40E-24,9.82E-19,0.0008573743,2.71E-17,0.0016973255,7.85E-10,1.78E-17,0.43570697,0.00046118186,0.44862553,0.001443716,0.0018289146,0.03879096,0.00053732464,0.5812513,0.46410018,0
0.3606789,0.29207736,0.18343502,0.13425224,0.38159412,0.46982324,0.008919608,5.93E-05,0.34851477,0.4641461,0.018209768,0.00028209275,0.38961926,0.4486558,0.018497363,0.00032879616,0.43765217,0.46403483,4.29E-22,5.16E-22,0.21853906,7.33E-07,0.19494228,4.84E-05,0.00019050163,0.43570697,4.64E-15,0.4486267,0.6754281,1.37E-07,0.3503546,1.81E-14,0.58125275,0.47003502,5
0.721053,0.31129828,0.0070626773,9.61E-05,0.38159412,0.46982324,9.77E-06,7.11E-11,0.34851477,0.4641461,0.00020771036,3.67E-08,0.38961926,0.4486558,0.00023089963,5.12E-08,0.43765217,0.46403483,2.01E-22,6.76E-18,0.60244685,2.77E-05,0.28199255,5.33E-05,0.0002095927,0.43570697,0,0.4486267,0,0,0.009929078,0,0.58125275,0.47003502,3
0.93347937,0.9305558,0.008174621,7.64E-05,0.38159412,0.46982324,5.79E-05,2.50E-09,0.34851477,0.4641461,0.00022867882,4.45E-08,0.38961926,0.4486558,0.00025143218,6.08E-08,0.43765217,0.46403483,2.48E-23,5.05E-23,0.92236733,1.36E-11,0.97297823,3.77E-06,1.48E-05,0.43570697,0,0.4486267,0,0,0.009929078,0,0.58125275,0.47003502,3
0.32654476,0.14305632,0.0051088235,0.000108101325,0.38159412,0.46982324,0,0,0.34851477,0.4641461,0,0,0.38961926,0.4486558,0,0,0.43765217,0.46403483,0,0,0,0,0,0.98266554,0,0.43570697,0,0.4486267,0,0,2.08E-17,0,0.58125275,0.47003502,3
0.48814332,0.5885256,0.21478692,0.13123056,0.38159412,0.46982324,0.0021099923,3.32E-06,0.34851477,0.4641461,0.011659317,0.000115645635,0.38961926,0.4486558,0.012813395,0.00015777402,0.43765217,0.46403483,1.45E-21,1.13E-21,0.3544882,3.11E-14,0.45983276,3.95E-06,1.55E-05,0.43570697,0,0.4486267,0,0,0.3503546,0,0.58125275,0.47003502,4
0.43162844,0.5973987,0.21397889,0.13140509,0.38159412,0.46982324,0,0,0.34851477,0.4641461,0,0,0.38961926,0.4486558,0,0,0.43765217,0.46403483,0,0,0,0,0,0.982665,0,0.43570697,0,0.4486267,0,0,2.08E-17,0,0.58125275,0.47003502,4
0.74563664,0.687461,0.007091125,9.57E-05,0.38159412,0.46982324,0,0,0.34851477,0.4641461,0,0,0.38961926,0.4486558,0,0,0.43765217,0.46403483,0,0,0,0,0,0.9826656,0,0.43570697,0,0.4486267,0,0,2.08E-17,0,0.58125275,0.47003502,3
0.7177692,0.38101882,0.008020882,8.02E-05,0.38159412,0.46982324,2.89E-07,6.22E-14,0.34851477,0.4641461,0.00017892275,2.72E-08,0.38961926,0.4486558,0.00026598357,6.80E-08,0.43765217,0.46403483,9.61E-23,2.42E-22,0.670082,8.39E-06,0.3905429,3.45E-05,0.00013572474,0.43570697,0,0.4486267,0,0,0.009929078,0,0.58125275,0.47003502,3
0.4283403,0.4586998,0.006009306,0.00010626922,0.38159412,0.46982324,0.0008652447,5.58E-07,0.34851477,0.4641461,0.00091120566,7.06E-07,0.38961926,0.4486558,0.0007814325,5.87E-07,0.43765217,0.46403483,7.76E-22,4.07E-21,0.30584246,1.18E-10,0.35204682,1.16E-05,4.56E-05,0.43570697,0,0.4486267,0,0,0.009929078,0,0.58125275,0.47003502,3
0.003310479,0.0029157188,0.049630836,0.07060278,0.38159412,0.46982324,0.0055405833,2.29E-05,0.34851477,0.4641461,0.08091182,0.0055693816,0.38961926,0.4486558,0.081217065,0.006338721,0.43765217,0.4640263,2.92E-17,6.76E-17,0.00030025956,3.00E-16,0.00027164698,9.63E-09,3.05E-15,0.43570697,0,0.4486267,0,0,0.009929078,0,0.58125275,0.47003502,0
0.69906825,0.85050607,0.0070854547,9.58E-05,0.38159412,0.46982324,0,0,0.34851477,0.4641461,0,0,0.38961926,0.4486558,0,0,0.43765217,0.46403483,0,0,0,0,0,0.98266566,0,0.43570697,0,0.4486267,0,0,2.08E-17,0,0.58125275,0.47003502,3
0.43227026,0.35542038,0.00559752,0.000107973625,0.38159412,0.46982324,0,0,0.34851477,0.4641461,0,0,0.38961926,0.4486558,0,0,0.43765217,0.46403483,0,0,0,0,0,0.9826656,0,0.43570697,0,0.4486267,0,0,2.08E-17,0,0.58125275,0.47003502,3
0.0028198506,0.003845716,0.05097826,0.075823635,0.38159412,0.46982324,1.39E-09,1.44E-18,0.34851477,0.4641461,0,0,0.38961926,0.4486558,0,0,0.43765217,0.46403483,3.39E-19,8.47E-19,0.0018490397,9.77E-06,0.0017993348,0.0042576212,0.016971836,0.43570697,3.63E-18,0.4486267,7.46E-05,1.40E-09,0.009929078,1.90E-18,0.58125275,0.47003502,0
0.27187115,0.056355543,0.17948961,0.13411623,0.38159412,0.46982324,0.0006718911,3.36E-07,0.34851477,0.4641461,0.018831406,0.0003016814,0.38961926,0.4486558,0.023800498,0.0005443512,0.43765217,0.46403483,1.90E-14,1.30E-06,0.16249397,0.0012613019,0.036813788,0.00052418973,0.002061009,0.43570697,8.13E-16,0.4486267,0.12749675,2.51E-08,0.3503546,6.08E-16,0.58125275,0.47003502,5
0.71268713,0.88033456,0.2441666,0.121544346,0.38159412,0.46982324,7.87E-06,4.61E-11,0.34851477,0.4641461,0.005044265,2.16E-05,0.38961926,0.4486558,0.006588229,4.17E-05,0.43765217,0.46403483,8.31E-23,1.46E-22,0.58342093,2.17E-12,0.7818583,3.73E-06,1.47E-05,0.43570697,0,0.4486267,0,0,0.3503546,0,0.58125275,0.47003502,4
0.4549083,0.23944497,0.005790174,0.000107314714,0.38159412,0.46982324,1.13E-08,9.54E-17,0.34851477,0.4641461,0.00036409506,1.13E-07,0.38961926,0.4486558,0.0007088957,4.83E-07,0.43765217,0.46403483,6.74E-22,1.88E-21,0.34065312,5.81E-06,0.17701593,6.86E-05,0.00026974457,0.43570697,0,0.4486267,0,0,0.009929078,0,0.58125275,0.47003502,3
0.25982228,0.36084807,1.61E-05,1.64E-06,0.38159412,0.46982324,0,0,0.34851477,0.4641461,0,0,0.38961926,0.4486558,0,0,0.43765217,0.46403483,0,0,0,0,0,0.9826632,0,0.43570697,0,0.4486267,0,0,2.08E-17,0,0.58125275,0.47003502,2
0.00041655524,0.0004402106,0.0110318335,0.0006011142,0.38159412,0.46982324,2.41E-09,4.40E-18,0.34851477,0.4641461,1.98E-05,3.34E-10,0.38961926,0.44865578,0.010035006,9.68E-05,0.43765157,0.45179382,0,0,6.95E-06,1.51E-21,7.20E-05,2.48E-08,3.16E-16,0.43570697,3.60E-10,0.44862664,0.00024948735,0.009997211,0.033255644,9.68E-05,0.5812522,0.4579312,0
0.00074504066,0.0014771336,0.008087371,0.0008068234,0.38159412,0.46982324,1.92E-05,5.28E-07,0.34851477,0.46111563,0.023047257,0.00058377703,0.38958898,0.4228287,0.031348646,0.0011620465,0.4378028,0.49171552,8.31E-21,1.61E-18,0.0007491587,7.45E-18,0.0015612963,8.75E-10,7.16E-18,0.43566644,0.0018394588,0.48411727,0.0013152008,0.055980355,0.042996116,0.0032986393,0.5816264,0.50347507,0
0.0022669283,0.00073164835,0.020598331,0.015957264,0.35213205,0.3888764,0.2156051,0.40454713,0.31998673,0.38609442,0.21681635,0.45304155,0.357488,0.36534098,0.18244818,0.38640663,0.45566294,0.48788404,2.35E-16,2.40E-16,0.001832634,2.46E-16,0.0004274048,4.67E-09,3.67E-16,0.43570697,3.19E-05,0.4486267,7.51E-05,0.005873705,0.029689807,3.34E-05,0.58125275,0.47003502,0
0.22670104,0.18727013,7.81E-05,4.02E-06,0.38159412,0.46982324,0,0,0.34851477,0.4641461,0,0,0.38961926,0.4486558,0,0,0.43765217,0.46403483,0,0,0,0,0,0.9826629,0,0.43570697,0,0.4486267,0,0,2.08E-17,0,0.58125275,0.47003502,2
0.72272325,0.9141776,0.2439174,0.12165446,0.38159412,0.46982324,2.99E-05,6.64E-10,0.34851477,0.4641461,0.0057094633,2.77E-05,0.38961926,0.4486558,0.006662098,4.27E-05,0.43765217,0.46403483,3.44E-22,2.56E-22,0.58635056,1.53E-13,0.8110876,2.76E-06,1.09E-05,0.43570697,0,0.4486267,0,0,0.3503546,0,0.58125275,0.47003502,4
0.0010159804,0.0015427364,0.008205705,0.0008714155,0.38159412,0.4698936,0.001889929,3.58E-05,0.348515,0.47209844,0.032103583,0.0010263901,0.38964903,0.46382052,0.03246117,0.0012340938,0.4377981,0.4894078,9.65E-18,9.70E-18,0.0010367597,8.49E-18,0.0016430183,8.12E-10,8.05E-18,0.43570697,0.00029745314,0.4486267,0.0013637914,4.60E-07,0.039386705,0.00049174315,0.58125275,0.4700331,0
0.0011987675,0.0015303415,0.009128829,0.0016822595,0.38159412,0.46982324,0.00022605123,1.26E-05,0.34851477,0.4647507,0.024939733,0.00063899346,0.38974804,0.55168086,0.04551461,0.0022340477,0.43784815,0.48430732,8.63E-18,9.06E-18,0.0012330274,1.21E-17,0.0016262361,8.35E-10,5.58E-15,0.43570697,8.23E-05,0.4451258,0.0013937217,0.0029179615,0.040706396,0.00039583142,0.58126235,0.4999171,0
0.35469964,0.44802612,0.20420486,0.14024179,0.38159412,0.46982324,0.00017518114,2.29E-08,0.34851477,0.4641461,0.02050654,0.00035774033,0.38961926,0.4486558,0.027097642,0.0007056187,0.43765217,0.46403483,1.71E-21,2.27E-21,0.23198219,2.80E-11,0.32523653,1.06E-05,4.15E-05,0.43570697,0,0.4486267,0,0,0.35886526,0,0.58125275,0.47003502,1
0.82090366,0.8828954,0.008131168,7.71E-05,0.38159412,0.46982324,0,0,0.34851477,0.4641461,0,0,0.38961926,0.4486558,0,0,0.43765217,0.46403483,0,0,0,0,0,0.98266566,0,0.43570697,0,0.4486267,0,0,2.08E-17,0,0.58125275,0.47003502,3
0.718654,0.9500066,0.24470526,0.12130332,0.38159412,0.46982324,0,0,0.34851477,0.4641461,0,0,0.38961926,0.4486558,0,0,0.43765217,0.46403483,0,0,0,0,0,0.982665,0,0.43570697,0,0.4486267,0,0,2.08E-17,0,0.58125275,0.47003502,4
0.0011386,0.0015407146,0.007998307,0.0007307641,0.38159412,0.46982324,2.25E-06,3.47E-05,0.34851477,0.46415627,0.016867438,0.0004902599,0.389598,0.42559534,0.029693788,0.0010681101,0.43772933,0.4793082,6.29E-18,6.62E-18,0.0011017254,1.74E-17,0.0016394019,8.28E-10,1.82E-17,0.43570697,0.00016924483,0.4476492,0.0014018203,0.003918374,0.040339,0.00043724457,0.5812535,0.47173753,0
0.44312826,0.369938,0.21487848,0.13120803,0.38159412,0.46982324,0.0026828349,5.36E-06,0.34851477,0.4641461,0.014275019,0.00017335503,0.38961926,0.4486558,0.014539776,0.00020315268,0.43765217,0.46403483,3.58E-22,9.66E-22,0.32694304,3.75E-07,0.28918684,3.18E-05,0.00012501508,0.43570697,0,0.4486267,0,0,0.3503546,0,0.58125275,0.47003502,4
0.42981875,0.5974346,0.21368961,0.13146625,0.38159412,0.46982324,0,0,0.34851477,0.4641461,0,0,0.38961926,0.4486558,0,0,0.43765217,0.46403483,0,0,0,0,0,0.982665,0,0.43570697,0,0.4486267,0,0,2.08E-17,0,0.58125275,0.47003502,4
0.7108173,0.734884,0.25061092,0.12728608,0.38159412,0.46982324,5.34E-08,2.13E-15,0.34851477,0.4641461,0.0030871665,8.11E-06,0.38961926,0.4486558,0.0060291444,3.49E-05,0.43765217,0.46403483,7.29E-23,1.06E-22,0.585397,2.08E-09,0.65400475,8.86E-06,3.49E-05,0.43570697,0,0.4486267,0,0,0.35886526,0,0.58125275,0.47003502,1
0.44678485,0.60661656,0.21393095,0.13141334,0.38159412,0.46982324,0,0,0.34851477,0.4641461,0,0,0.38961926,0.4486558,0,0,0.43765217,0.46403483,0,0,0,0,0,0.98266506,0,0.43570697,0,0.4486267,0,0,2.08E-17,0,0.58125275,0.47003502,4
0.7124496,0.6731521,0.24378945,0.121711545,0.38159412,0.46982324,0,0,0.34851477,0.4641461,0,0,0.38961926,0.4486558,0,0,0.43765217,0.46403483,0,0,0,0,0,0.9826648,0,0.43570697,0,0.4486267,0,0,2.08E-17,0,0.58125275,0.47003502,4
0.7595041,0.7442855,0.0080821635,7.85E-05,0.38159412,0.46982324,0,0,0.34851477,0.4641461,0,0,0.38961926,0.4486558,0,0,0.43765217,0.46403483,0,0,0,0,0,0.9826656,0,0.43570697,0,0.4486267,0,0,2.08E-17,0,0.58125275,0.47003502,3
0.7221866,0.3650705,0.008064321,7.94E-05,0.38159412,0.46982324,9.80E-07,7.15E-13,0.34851477,0.4641461,0.0002008509,3.43E-08,0.38961926,0.4486558,0.00027447176,7.24E-08,0.43765217,0.46403483,5.28E-23,1.46E-21,0.6865624,1.06E-05,0.3762486,3.67E-05,0.00014452683,0.43570697,0,0.4486267,0,0,0.009929078,0,0.58125275,0.47003502,3
0.71920687,0.33326986,0.008100134,7.86E-05,0.38159412,0.46982324,9.73E-06,7.06E-11,0.34851477,0.4641461,0.00025192215,5.40E-08,0.38961926,0.4486558,0.00029330843,8.27E-08,0.43765217,0.46403483,8.65E-23,1.37E-19,0.69502664,1.66E-05,0.3451603,4.20E-05,0.00016504822,0.43570697,0,0.4486267,0,0,0.009929078,0,0.58125275,0.47003502,3
0.7154313,0.87608445,0.24416125,0.121546745,0.38159412,0.46982324,0,0,0.34851477,0.4641461,0,0,0.38961926,0.4486558,0,0,0.43765217,0.46403483,0,0,0,0,0,0.98266494,0,0.43570697,0,0.4486267,0,0,2.08E-17,0,0.58125275,0.47003502,4
0.7020863,0.47737584,0.25072497,0.1272331,0.38159412,0.46982324,0,0,0.34851477,0.4641461,0,0,0.38961926,0.4486558,0,0,0.43765217,0.46403483,0,0,0,0,0,0.9826661,0,0.43570697,0,0.4486267,0,0,2.08E-17,0,0.58125275,0.47003502,1
0.704144,0.3283697,0.24374908,0.121730015,0.38159412,0.46982324,0.00992549,7.34E-05,0.34851477,0.4641461,0.0101821115,8.82E-05,0.38961926,0.4486558,0.0081140315,6.33E-05,0.43765217,0.46403483,1.53E-22,1.56E-19,0.5763332,1.98E-05,0.29114705,4.97E-05,0.00019542674,0.43570697,0,0.4486267,0,0,0.3503546,0,0.58125275,0.47003502,4
0.7034113,0.49051222,0.24344361,0.12186435,0.38159412,0.46982324,0,0,0.34851477,0.4641461,0,0,0.38961926,0.4486558,0,0,0.43765217,0.46403483,0,0,0,0,0,0.9826648,0,0.43570697,0,0.4486267,0,0,2.08E-17,0,0.58125275,0.47003502,4
0.0032491374,0.002255457,0.053896185,0.07336041,0.38159412,0.46982324,1.39E-09,1.44E-18,0.34851477,0.4641461,1.99E-09,3.36E-18,0.38961926,0.4486558,1.41E-09,1.90E-18,0.43765217,0.46403483,3.87E-20,7.22E-19,0.0016356529,2.68E-14,0.00066081504,2.88E-08,1.32E-13,0.43570697,1.81E-18,0.4486267,0.00014753385,0,0.009929078,0,0.58125275,0.47003502,0
0.00011434471,0.00037257324,0.011585866,0.00070651516,0.38159412,0.46982324,4.52E-05,1.52E-09,0.34851477,0.4641461,0.008282349,0.00028816538,0.38961494,0.43687013,0.029640166,0.0029932475,0.43770498,0.4690173,9.66E-32,3.78E-21,4.94E-05,1.39E-16,0.00016173685,1.18E-08,3.54E-16,0.43570697,0,0.4486267,0,0,0.009219858,0,0.58125275,0.47003502,0
0.32919988,0.40998486,0.21365595,0.1389451,0.38159412,0.46982324,0,0,0.34851477,0.4641461,0,0,0.38961926,0.4486558,0,0,0.43765217,0.46403483,0,0,0,0,0,0.9826662,0,0.43570697,0,0.4486267,0,0,2.08E-17,0,0.58125275,0.47003502,1
0.26331753,0.25956196,1.49E-05,1.47E-06,0.38159412,0.46982324,0,0,0.34851477,0.4641461,0,0,0.38961926,0.4486558,0,0,0.43765217,0.46403483,0,0,0,0,0,0.9826629,0,0.43570697,0,0.4486267,0,0,2.08E-17,0,0.58125275,0.47003502,2
0.25679284,0.22345233,1.68E-05,1.72E-06,0.38159412,0.46982324,0,0,0.34851477,0.4641461,0,0,0.38961926,0.4486558,0,0,0.43765217,0.46403483,0,0,0,0,0,0.9826629,0,0.43570697,0,0.4486267,0,0,2.08E-17,0,0.58125275,0.47003502,2
0.0011265457,0.0018659066,0.073527895,0.2130401,0.38159412,0.46982324,0.0017062745,2.24E-06,0.34851477,0.46404082,0.469293,0.2098537,0.39383546,0.4596915,0.50116915,0.2733572,0.47850674,0.4981511,1.06E-17,1.06E-17,0.0012319324,7.81E-18,0.0020781977,5.53E-10,6.65E-18,0.43570697,0.00030379134,0.4486267,0.0014101525,3.49E-05,0.03886471,0.0005288568,0.58125275,0.47002482,0
0.48178655,0.5868569,0.21474884,0.13123833,0.38159412,0.46982324,0.003266138,7.95E-06,0.34851477,0.4641461,0.012194704,0.00012651022,0.38961926,0.4486558,0.012881828,0.00015946379,0.43765217,0.46403483,8.97E-22,1.06E-21,0.34976685,3.40E-14,0.45844838,3.99E-06,1.57E-05,0.43570697,0,0.4486267,0,0,0.3503546,0,0.58125275,0.47003502,4
0.7038851,0.29568994,0.00801972,8.05E-05,0.38159412,0.46982324,0.00012638193,1.19E-08,0.34851477,0.4641461,0.00033338825,9.46E-08,0.38961926,0.4486558,0.00032109293,9.91E-08,0.43765217,0.46403483,5.37E-23,2.31E-17,0.65946573,2.91E-05,0.30300406,5.03E-05,0.00019780487,0.43570697,0,0.4486267,0,0,0.009929078,0,0.58125275,0.47003502,3
0.4283267,0.4315117,0.21203326,0.13179931,0.38159412,0.46982324,0,0,0.34851477,0.4641461,0,0,0.38961926,0.4486558,0,0,0.43765217,0.46403483,0,0,0,0,0,0.9826648,0,0.43570697,0,0.4486267,0,0,2.08E-17,0,0.58125275,0.47003502,4
0.66967875,0.21657613,0.0070068385,9.67E-05,0.38159412,0.46982324,2.60E-08,5.03E-16,0.34851477,0.4641461,0.00011444258,1.11E-08,0.38961926,0.4486558,0.00019583556,3.69E-08,0.43765217,0.46403483,2.62E-22,1.09E-12,0.5520135,9.98E-05,0.19463691,8.70E-05,0.00034211393,0.43570697,0,0.4486267,0,0,0.009929078,0,0.58125275,0.47003502,3
0.39238667,0.40879014,0.18349883,0.13425489,0.38159412,0.46982324,0,0,0.34851477,0.4641461,0,0,0.38961926,0.4486558,0,0,0.43765217,0.46403483,0,0,0,0,0,0.9826671,0,0.43570697,0,0.4486267,0,0,2.08E-17,0,0.58125275,0.47003502,5
0.43156165,0.44864368,0.21298662,0.13160871,0.38159412,0.46982324,0,0,0.34851477,0.4641461,0,0,0.38961926,0.4486558,0,0,0.43765217,0.46403483,0,0,0,0,0,0.9826649,0,0.43570697,0,0.4486267,0,0,2.08E-17,0,0.58125275,0.47003502,4
0.7234893,0.93581337,0.24514356,0.12110598,0.38159412,0.46982324,0.009610113,6.88E-05,0.34851477,0.4641461,0.010079062,8.64E-05,0.38961926,0.4486558,0.0070765014,4.81E-05,0.43765217,0.46403483,1.22E-22,1.71E-22,0.5997003,2.95E-14,0.8344667,2.28E-06,8.97E-06,0.43570697,0,0.4486267,0,0,0.3503546,0,0.58125275,0.47003502,4
0.7166328,0.951553,0.24485157,0.1212378,0.38159412,0.46982324,3.97E-07,1.17E-13,0.34851477,0.4641461,0.0037171647,1.18E-05,0.38961926,0.4486558,0.006348973,3.87E-05,0.43765217,0.46403483,1.48E-22,1.45E-22,0.5877879,4.00E-15,0.84747595,1.83E-06,7.22E-06,0.43570697,0,0.4486267,0,0,0.3503546,0,0.58125275,0.47003502,4
0.2276317,0.14843322,7.82E-05,4.09E-06,0.38159412,0.46982324,0,0,0.34851477,0.4641461,0,0,0.38961926,0.4486558,0,0,0.43765217,0.46403483,0,0,0,0,0,0.98266286,0,0.43570697,0,0.4486267,0,0,2.08E-17,0,0.58125275,0.47003502,2
0.2574219,0.27683982,1.54E-05,1.47E-06,0.38159412,0.46982324,0,0,0.34851477,0.4641461,0,0,0.38961926,0.4486558,0,0,0.43765217,0.46403483,0,0,0,0,0,0.982663,0,0.43570697,0,0.4486267,0,0,2.08E-17,0,0.58125275,0.47003502,2
0.7661355,0.72739834,0.0080806725,7.86E-05,0.38159412,0.46982324,4.89E-08,1.78E-15,0.34851477,0.4641461,0.00014370162,1.76E-08,0.38961926,0.4486558,0.00025577736,6.29E-08,0.43765217,0.46403483,1.74E-22,1.01E-22,0.73325276,5.81E-09,0.7508129,8.75E-06,3.44E-05,0.43570697,0,0.4486267,0,0,0.009929078,0,0.58125275,0.47003502,3
0.0016259335,0.0016537296,0.008365464,0.00086255657,0.38159412,0.46982324,0.0007705815,4.42E-07,0.34851477,0.4641461,0.011676473,0.00012538001,0.38961372,0.42258367,0.010832047,0.0001574468,0.4376497,0.46075574,5.92E-26,4.97E-20,0.00013655031,2.15E-17,0.00037812808,4.87E-09,5.15E-17,0.43570697,0.00013529479,0.42255625,0.0013109695,0.01079125,0.028675433,0.00015741622,0.5812507,0.4667927,0
0.0008196305,0.001608051,0.008832171,0.0009126696,0.38159412,0.46982324,0.004525315,1.53E-05,0.34851477,0.46431372,0.03582191,0.0011658985,0.38965943,0.4695871,0.032986097,0.0012693544,0.4379243,0.5101359,9.98E-25,6.89E-19,0.00085221103,2.80E-17,0.0017426362,7.53E-10,1.65E-17,0.43570697,0.00033508032,0.4486267,0.0014634724,0.00013073644,0.038294364,0.00056553964,0.58125275,0.46946582,0
0.43328795,0.51140994,0.21281995,0.13164282,0.38159412,0.46982324,0,0,0.34851477,0.4641461,0,0,0.38961926,0.4486558,0,0,0.43765217,0.46403483,0,0,0,0,0,0.9826649,0,0.43570697,0,0.4486267,0,0,2.08E-17,0,0.58125275,0.47003502,4
0.7072073,0.88829046,0.24433878,0.121467955,0.38159412,0.46982324,2.69E-07,5.40E-14,0.34851477,0.4641461,0.0036008174,1.10E-05,0.38961926,0.4486558,0.00633878,3.86E-05,0.43765217,0.46403483,1.28E-22,1.66E-22,0.5829215,1.11E-12,0.7894766,3.45E-06,1.36E-05,0.43570697,0,0.4486267,0,0,0.3503546,0,0.58125275,0.47003502,4
0.71547055,0.89411217,0.24413863,0.12155641,0.38159412,0.46982324,0,0,0.34851477,0.4641461,0,0,0.38961926,0.4486558,0,0,0.43765217,0.46403483,0,0,0,0,0,0.98266494,0,0.43570697,0,0.4486267,0,0,2.08E-17,0,0.58125275,0.47003502,4
0.71339816,0.9958687,0.24415448,0.12154968,0.38159412,0.46982324,0.00013661245,1.39E-08,0.34851477,0.4641461,0.006906178,4.06E-05,0.38961926,0.4486558,0.0072498526,5.05E-05,0.43765217,0.46403483,7.84E-23,1.82E-22,0.5844338,9.16E-20,0.8844407,6.03E-07,2.37E-06,0.43570697,0,0.4486267,0,0,0.3503546,0,0.58125275,0.47003502,4
0.001337801,0.00075750024,0.017198706,0.0020580536,0.4214596,0.7394828,0.07140332,0.58408666,0.3841931,0.70900047,0.06742308,0.6066729,0.42639607,0.7131395,0.045435816,0.4376285,0.51390654,0.8443758,4.03E-17,4.06E-17,0.0007020741,4.76E-17,0.00031578558,6.07E-09,2.04E-16,0.7153364,0.7587502,0.7176244,0.00030026116,0.07180334,0.4419286,0.79416305,0.67286825,0.7281932,0
0.22395933,0.19938421,7.76E-05,3.93E-06,0.38159412,0.46982324,0,0,0.34851477,0.4641461,0,0,0.38961926,0.4486558,0,0,0.43765217,0.46403483,0,0,0,0,0,0.9826629,0,0.43570697,0,0.4486267,0,0,2.08E-17,0,0.58125275,0.47003502,2
0.44436064,0.59422535,0.21464992,0.131261,0.38159412,0.46982324,7.67E-05,4.38E-09,0.34851477,0.4641461,0.009698619,8.00E-05,0.38961926,0.4486558,0.012645164,0.00015365829,0.43765217,0.46403483,1.17E-21,1.00E-21,0.317741,6.75E-15,0.46398735,3.32E-06,1.31E-05,0.43570697,0,0.4486267,0,0,0.3503546,0,0.58125275,0.47003502,4
0.69160736,0.28491932,0.008043375,8.00E-05,0.38159412,0.46982324,0.00026156774,5.10E-08,0.34851477,0.4641461,0.00035763995,1.09E-07,0.38961926,0.4486558,0.0003287866,1.04E-07,0.43765217,0.46403483,7.60E-23,9.92E-17,0.6525728,3.35E-05,0.2927657,5.27E-05,0.0002073995,0.43570697,0,0.4486267,0,0,0.009929078,0,0.58125275,0.47003502,3
0.007902825,0.0022700198,0.06105218,0.08297917,0.38159412,0.46982324,0,0,0.34851477,0.4641461,9.93E-10,8.41E-19,0.38961926,0.4486558,1.72E-09,2.84E-18,0.43765217,0.46403483,1.30E-23,1.88E-18,0.0014323698,1.18E-13,0.00040189736,5.28E-08,2.38E-13,0.43570697,9.07E-19,0.4486267,0.0013933774,1.72E-09,2.08E-17,2.84E-18,0.58125275,0.47003502,0
0.0010099108,0.0015266293,0.008192647,0.00081730034,0.38159412,0.46969464,0.0033168187,8.26E-06,0.348515,0.49143165,0.034069717,0.0010693686,0.38980314,0.5492617,0.031555492,0.0011738138,0.43799248,0.5260393,1.58E-19,2.99E-18,0.00093627244,6.05E-18,0.0016092684,8.35E-10,6.14E-18,0.4353903,0.003084311,0.41977027,0.0012934441,0.05712584,0.044380628,0.003434049,0.5814907,0.49050692,0
0.35678008,0.41803485,0.18342884,0.13425194,0.38159412,0.46982324,0,0,0.34851477,0.4641461,0,0,0.38961926,0.4486558,0,0,0.43765217,0.46403483,0,0,0,0,0,0.9826671,0,0.43570697,0,0.4486267,0,0,2.08E-17,0,0.58125275,0.47003502,5
0.421024,0.19229385,0.20944683,0.13960777,0.38159412,0.46982324,8.99E-06,6.02E-11,0.34851477,0.4641461,0.014569728,0.00018058675,0.38961926,0.4486558,0.021547573,0.00044617348,0.43765217,0.46403483,6.28E-22,3.09E-21,0.29607525,2.37E-05,0.14310211,9.63E-05,0.00037866412,0.43570697,0,0.4486267,0,0,0.35886526,0,0.58125275,0.47003502,1
0.3578655,0.14395736,0.20370097,0.1402872,0.38159412,0.46982324,0.0015090002,1.70E-06,0.34851477,0.4641461,0.026496746,0.0005972665,0.38961926,0.4486558,0.026553111,0.0006775447,0.43765217,0.46403483,7.21E-22,5.56E-17,0.24631436,7.85E-05,0.10423133,0.00014625,0.00057524757,0.43570697,0,0.4486267,0,0,0.35886526,0,0.58125275,0.47003502,1
0.43354267,0.5114859,0.21277693,0.13165155,0.38159412,0.46982324,0,0,0.34851477,0.4641461,0,0,0.38961926,0.4486558,0,0,0.43765217,0.46403483,0,0,0,0,0,0.9826649,0,0.43570697,0,0.4486267,0,0,2.08E-17,0,0.58125275,0.47003502,4
0.36515698,0.18806373,0.18283297,0.13423789,0.38159412,0.46982324,0,0,0.34851477,0.4641461,0,0,0.38961926,0.4486558,0,0,0.43765217,0.46403483,0,0,0,0,0,0.98266697,0,0.43570697,0,0.4486267,0,0,2.08E-17,0,0.58125275,0.47003502,5
0.2510534,0.3316102,1.50E-05,1.49E-06,0.38159412,0.46982324,0,0,0.34851477,0.4641461,0,0,0.38961926,0.4486558,0,0,0.43765217,0.46403483,0,0,0,0,0,0.98266304,0,0.43570697,0,0.4486267,0,0,2.08E-17,0,0.58125275,0.47003502,2
0.7441872,0.7901858,0.0070891897,9.58E-05,0.38159412,0.46982324,9.87E-07,7.26E-13,0.34851477,0.4641461,0.0002008921,3.43E-08,0.38961926,0.4486558,0.00025229872,6.12E-08,0.43765217,0.46403483,2.61E-22,2.08E-22,0.62018615,1.06E-09,0.71843636,7.58E-06,2.98E-05,0.43570697,0,0.4486267,0,0,0.009929078,0,0.58125275,0.47003502,3
0.71267104,0.74820167,0.25016886,0.12748851,0.38159412,0.46982324,3.15E-08,7.40E-16,0.34851477,0.4641461,0.0024323165,5.03E-06,0.38961926,0.4486558,0.005836804,3.27E-05,0.43765217,0.46403483,2.02E-22,1.65E-22,0.57971734,1.29E-09,0.6646798,8.30E-06,3.27E-05,0.43570697,0,0.4486267,0,0,0.35886526,0,0.58125275,0.47003502,1
0.44422832,0.2615665,0.21416193,0.13136396,0.38159412,0.46982324,0,0,0.34851477,0.4641461,0,0,0.38961926,0.4486558,0,0,0.43765217,0.46403483,0,0,0,0,0,0.98266476,0,0.43570697,0,0.4486267,0,0,2.08E-17,0,0.58125275,0.47003502,4
0.00012209786,0.0006079384,0.040575948,0.053310268,0.38159412,0.46982324,1.39E-09,2.05E-18,0.34851477,0.4641461,9.72E-07,8.08E-13,0.38961926,0.4114448,0.007752936,5.78E-05,0.4376507,0.41321078,0,0,6.91E-06,1.31E-22,6.74E-05,2.61E-08,1.96E-16,0.43570697,8.72E-13,0.4114181,0.00023350965,0.007723736,0.033630848,5.78E-05,0.5812515,0.41978055,0
0.7184338,0.7920867,0.2442575,0.12150421,0.38159412,0.46982324,0,0,0.34851477,0.4641461,0,0,0.38961926,0.4486558,0,0,0.43765217,0.46403483,0,0,0,0,0,0.9826649,0,0.43570697,0,0.4486267,0,0,2.08E-17,0,0.58125275,0.47003502,4
0.70826495,0.7684487,0.2504077,0.12737927,0.38159412,0.46982324,0.0020558292,3.15E-06,0.34851477,0.4641461,0.008848868,6.66E-05,0.38961926,0.4486558,0.006866989,4.53E-05,0.43765217,0.46403483,1.34E-22,1.57E-22,0.58019805,5.65E-10,0.68333447,7.44E-06,2.93E-05,0.43570697,0,0.4486267,0,0,0.35886526,0,0.58125275,0.47003502,1
0.71091145,0.5816075,0.25019848,0.12747373,0.38159412,0.46982324,9.33E-06,6.49E-11,0.34851477,0.4641461,0.0051604626,2.27E-05,0.38961926,0.4486558,0.0066191433,4.21E-05,0.43765217,0.46403483,1.67E-22,1.82E-22,0.5796983,1.74E-07,0.5167492,1.74E-05,6.86E-05,0.43570697,0,0.4486267,0,0,0.35886526,0,0.58125275,0.47003502,1
0.36743572,0.259623,0.21166386,0.13927951,0.38159412,0.46982324,0,0,0.34851477,0.4641461,0,0,0.38961926,0.4486558,0,0,0.43765217,0.46403483,0,0,0,0,0,0.9826661,0,0.43570697,0,0.4486267,0,0,2.08E-17,0,0.58125275,0.47003502,1
0.22544952,0.3072014,7.46E-05,3.83E-06,0.38159412,0.46982324,0,0,0.34851477,0.4641461,0,0,0.38961926,0.4486558,0,0,0.43765217,0.46403483,0,0,0,0,0,0.98266315,0,0.43570697,0,0.4486267,0,0,2.08E-17,0,0.58125275,0.47003502,2
0.7207301,0.87696534,0.24380809,0.121703245,0.38159412,0.46982324,4.11E-05,1.26E-09,0.34851477,0.4641461,0.005942023,3.00E-05,0.38961926,0.4486558,0.0067142383,4.33E-05,0.43765217,0.46403483,2.08E-22,1.26E-22,0.5824462,3.02E-12,0.7777248,3.87E-06,1.52E-05,0.43570697,0,0.4486267,0,0,0.3503546,0,0.58125275,0.47003502,4
0.2876516,0.089308105,0.19423929,0.140858,0.38159412,0.46982324,0,0,0.34851477,0.4641461,0,0,0.38961926,0.4486558,0,0,0.43765217,0.46403483,0,0,0,0,0,0.9826661,0,0.43570697,0,0.4486267,0,0,2.08E-17,0,0.58125275,0.47003502,1
0.7106053,0.36336255,0.25012973,0.12750694,0.38159412,0.46982324,0,0,0.34851477,0.4641461,0,0,0.38961926,0.4486558,0,0,0.43765217,0.46403483,0,0,0,0,0,0.9826661,0,0.43570697,0,0.4486267,0,0,2.08E-17,0,0.58125275,0.47003502,1
0.74815667,0.6841402,0.0070890547,9.57E-05,0.38159412,0.46982324,0.00011807317,1.04E-08,0.34851477,0.4641461,0.000279146,6.63E-08,0.38961926,0.4486558,0.00025927904,6.46E-08,0.43765217,0.46403483,7.55E-23,9.28E-23,0.62886953,2.76E-08,0.62207353,1.21E-05,4.78E-05,0.43570697,0,0.4486267,0,0,0.009929078,0,0.58125275,0.47003502,3
0.3202669,0.39368245,0.18351482,0.13425417,0.38159412,0.46982324,0,0,0.34851477,0.4641461,0,0,0.38961926,0.4486558,0,0,0.43765217,0.46403483,0,0,0,0,0,0.9826671,0,0.43570697,0,0.4486267,0,0,2.08E-17,0,0.58125275,0.47003502,5
0.45045775,0.48324874,0.21350083,0.13150412,0.38159412,0.46982324,0,0,0.34851477,0.4641461,0,0,0.38961926,0.4486558,0,0,0.43765217,0.46403483,0,0,0,0,0,0.9826649,0,0.43570697,0,0.4486267,0,0,2.08E-17,0,0.58125275,0.47003502,4
0.41566947,0.43729168,0.21715201,0.13828863,0.38159412,0.46982324,0,0,0.34851477,0.4641461,0,0,0.38961926,0.4486558,0,0,0.43765217,0.46403483,0,0,0,0,0,0.9826662,0,0.43570697,0,0.4486267,0,0,2.08E-17,0,0.58125275,0.47003502,1
0.37932503,0.5964147,0.21360728,0.13148077,0.38159412,0.46982324,0,0,0.34851477,0.4641461,0,0,0.38961926,0.4486558,0,0,0.43765217,0.46403483,0,0,0,0,0,0.98266506,0,0.43570697,0,0.4486267,0,0,2.08E-17,0,0.58125275,0.47003502,4
0.66710085,0.24376275,0.24910721,0.12796937,0.38159412,0.46982324,5.79E-08,2.50E-15,0.34851477,0.4641461,0.003182008,8.61E-06,0.38961926,0.4486558,0.006544374,4.12E-05,0.43765217,0.46403483,3.54E-22,8.05E-15,0.54152817,6.21E-05,0.21563162,7.47E-05,0.00029392916,0.43570697,0,0.4486267,0,0,0.35886526,0,0.58125275,0.47003502,1
0.4188317,0.40049323,0.0058394438,0.000107141845,0.38159412,0.46982324,5.57E-09,2.31E-17,0.34851477,0.4641461,0.00024885626,5.27E-08,0.38961926,0.4486558,0.0006139762,3.62E-07,0.43765217,0.46403483,1.03E-21,2.14E-21,0.30516303,1.12E-08,0.2983852,2.15E-05,8.47E-05,0.43570697,0,0.4486267,0,0,0.009929078,0,0.58125275,0.47003502,3
0.7598796,0.46841753,0.008086455,7.86E-05,0.38159412,0.46982324,3.97E-06,1.18E-11,0.34851477,0.4641461,0.00018998986,3.07E-08,0.38961926,0.4486558,0.00025924933,6.46E-08,0.43765217,0.46403483,7.13E-23,8.14E-23,0.73294514,2.10E-06,0.4844018,2.44E-05,9.61E-05,0.43570697,0,0.4486267,0,0,0.009929078,0,0.58125275,0.47003502,3
0.0009951442,0.0016049661,0.013101075,0.0018525796,0.38159412,0.46972528,0.034508742,0.0009047477,0.34848887,0.4430508,0.053015042,0.0024734098,0.38960934,0.44584146,0.046738554,0.0022264626,0.4374121,0.4357653,4.73E-21,1.83E-18,0.0010816104,5.47E-18,0.0017554632,7.31E-10,8.38E-14,0.43570697,0.0004760027,0.4486267,0.0014064437,0.0006620411,0.038912985,0.0005301431,0.58125186,0.46003562,0
0.3616164,0.2960615,0.21184337,0.13924977,0.38159412,0.46982324,0.06075334,0.0027497697,0.34851477,0.4641461,0.02824522,0.00067869236,0.38961926,0.4486558,0.02798054,0.0007523488,0.43765217,0.46403483,1.35E-21,2.09E-21,0.24495055,6.33E-07,0.22298203,4.22E-05,0.00016598984,0.43570697,0,0.4486267,0,0,0.35886526,0,0.58125275,0.47003502,1
0.4455007,0.4934845,0.21314815,0.13157694,0.38159412,0.46982324,2.58E-05,4.95E-10,0.34851477,0.4641461,0.008613929,6.31E-05,0.38961926,0.4486558,0.013911113,0.00018596485,0.43765217,0.46403483,2.19E-21,3.17E-21,0.31874302,8.87E-10,0.38265145,1.31E-05,5.15E-05,0.43570697,0,0.4486267,0,0,0.3503546,0,0.58125275,0.47003502,4
0.40538162,0.42977598,0.005932714,0.000106675856,0.38159412,0.46982324,6.46E-06,3.11E-11,0.34851477,0.4641461,0.0007293231,4.53E-07,0.38961926,0.4486558,0.00075354154,5.46E-07,0.43765217,0.46403483,8.98E-22,2.35E-21,0.3176218,1.14E-09,0.32559732,1.58E-05,6.20E-05,0.43570697,0,0.4486267,0,0,0.009929078,0,0.58125275,0.47003502,3
0.00023155795,0.00039040027,0.011380788,0.00045586264,0.38159412,0.46982324,2.41E-09,4.58E-18,0.34851477,0.4641461,9.67E-05,7.99E-09,0.38961926,0.44865468,0.011379778,0.00012444778,0.43765122,0.45112646,0,0,6.97E-06,3.74E-20,7.78E-05,2.32E-08,3.83E-16,0.43570697,8.62E-09,0.44862556,0.0002696692,0.011336918,0.033006806,0.00012442359,0.581252,0.4572713,0
0.44244975,0.60497665,0.21202768,0.13179876,0.38159412,0.46982324,0.00026420146,5.20E-08,0.34851477,0.4641461,0.012305704,0.00012882377,0.38961926,0.4486558,0.013435371,0.00017346283,0.43765217,0.46403483,3.25E-22,4.18E-22,0.30777317,5.62E-20,0.46662253,1.02E-06,4.01E-06,0.43570697,0,0.4486267,0,0,0.3503546,0,0.58125275,0.47003502,4
0.3861199,0.5968244,0.21368769,0.13146456,0.38159412,0.46982324,0,0,0.34851477,0.4641461,0,0,0.38961926,0.4486558,0,0,0.43765217,0.46403483,0,0,0,0,0,0.98266506,0,0.43570697,0,0.4486267,0,0,2.08E-17,0,0.58125275,0.47003502,4
0.3698389,0.32292762,0.005483061,0.00010818375,0.38159412,0.46982324,0,0,0.34851477,0.4641461,0,0,0.38961926,0.4486558,0,0,0.43765217,0.46403483,0,0,0,0,0,0.98266554,0,0.43570697,0,0.4486267,0,0,2.08E-17,0,0.58125275,0.47003502,3
0.7669174,0.925839,0.24473727,0.121289365,0.38159412,0.46982324,5.46E-06,2.22E-11,0.34851477,0.4641461,0.0046276227,1.82E-05,0.38961926,0.4486558,0.0064977068,4.06E-05,0.43765217,0.46403483,2.55E-22,1.47E-22,0.63565487,1.00E-13,0.82419276,2.62E-06,1.03E-05,0.43570697,0,0.4486267,0,0,0.3503546,0,0.58125275,0.47003502,4
0.22433852,0.31271726,7.38E-05,3.66E-06,0.38159412,0.46982324,0,0,0.34851477,0.4641461,0,0,0.38961926,0.4486558,0,0,0.43765217,0.46403483,0,0,0,0,0,0.9826632,0,0.43570697,0,0.4486267,0,0,2.08E-17,0,0.58125275,0.47003502,2
0.7023172,0.24818249,0.0070370696,9.63E-05,0.38159412,0.46982324,0.0006069252,2.74E-07,0.34851477,0.4641461,0.0003192257,8.67E-08,0.38961926,0.4486558,0.0002699925,7.01E-08,0.43765217,0.46403483,6.05E-22,2.61E-14,0.583493,6.55E-05,0.22402582,7.29E-05,0.00028657904,0.43570697,0,0.4486267,0,0,0.009929078,0,0.58125275,0.47003502,3
0.7194275,0.98124295,0.24440059,0.121440046,0.38159412,0.46982324,0,0,0.34851477,0.4641461,0,0,0.38961926,0.4486558,0,0,0.43765217,0.46403483,0,0,0,0,0,0.98266506,0,0.43570697,0,0.4486267,0,0,2.08E-17,0,0.58125275,0.47003502,4
0.7143096,0.8410401,0.24446078,0.12141283,0.38159412,0.46982324,3.76E-06,1.05E-11,0.34851477,0.4641461,0.00464297,1.83E-05,0.38961926,0.4486558,0.006457726,4.01E-05,0.43765217,0.46403483,1.00E-22,1.45E-22,0.5908854,2.67E-11,0.7478557,5.02E-06,1.97E-05,0.43570697,0,0.4486267,0,0,0.3503546,0,0.58125275,0.47003502,4
0.408777,0.59408265,0.21366493,0.13146962,0.38159412,0.46982324,0.00016082355,1.93E-08,0.34851477,0.4641461,0.011258981,0.000107840344,0.38961926,0.4486558,0.012774604,0.0001568202,0.43765217,0.46403483,6.49E-22,1.73E-21,0.29004988,4.14E-16,0.46174818,2.50E-06,9.84E-06,0.43570697,0,0.4486267,0,0,0.3503546,0,0.58125275,0.47003502,4
0.42073685,0.60222316,0.21201777,0.13180092,0.38159412,0.46982324,1.13E-05,9.52E-11,0.34851477,0.4641461,0.009139671,7.11E-05,0.38961926,0.4486558,0.013043733,0.00016349742,0.43765217,0.46403483,4.48E-22,6.30E-22,0.2947768,3.12E-20,0.4644682,9.61E-07,3.78E-06,0.43570697,0,0.4486267,0,0,0.3503546,0,0.58125275,0.47003502,4
0.00055768853,0.0004947048,0.0146563165,0.0046919608,0.38159412,0.46982324,0.0021903582,4.27E-05,0.34851477,0.4643596,0.009643743,0.00040921743,0.3896214,0.45285928,0.11030963,0.03522207,0.44826302,0.5431509,6.04E-24,4.89E-20,0.00020694749,2.30E-16,0.00022221972,8.87E-09,4.39E-16,0.43570697,0,0.4486267,0,0,0.009219858,0,0.58125275,0.47003502,0
0.6974932,0.2705453,0.008055787,7.99E-05,0.38159412,0.46982324,0.0007180573,3.84E-07,0.34851477,0.4641461,0.00039555226,1.33E-07,0.38961926,0.4486558,0.00034079867,1.12E-07,0.43765217,0.46403483,4.36E-23,7.48E-16,0.6602822,4.10E-05,0.27836025,5.66E-05,0.00022283413,0.43570697,0,0.4486267,0,0,0.009929078,0,0.58125275,0.47003502,3
0.44560018,0.29699385,0.005603537,0.00010791861,0.38159412,0.46982324,0,0,0.34851477,0.4641461,0,0,0.38961926,0.4486558,0,0,0.43765217,0.46403483,0,0,0,0,0,0.98266554,0,0.43570697,0,0.4486267,0,0,2.08E-17,0,0.58125275,0.47003502,3
0.7390218,0.51346815,0.0070825187,9.58E-05,0.38159412,0.46982324,2.86E-06,6.11E-12,0.34851477,0.4641461,0.00023753151,4.80E-08,0.38961926,0.4486558,0.00024158234,5.61E-08,0.43765217,0.46403483,1.68E-22,1.80E-22,0.6188271,1.16E-06,0.4664237,2.35E-05,9.25E-05,0.43570697,0,0.4486267,0,0,0.009929078,0,0.58125275,0.47003502,3
0.74627864,0.74618256,0.0070947544,9.57E-05,0.38159412,0.46982324,0,0,0.34851477,0.4641461,0,0,0.38961926,0.4486558,0,0,0.43765217,0.46403483,0,0,0,0,0,0.9826656,0,0.43570697,0,0.4486267,0,0,2.08E-17,0,0.58125275,0.47003502,3
0.48677894,0.5885514,0.21512131,0.13115743,0.38159412,0.46982324,0.0018415302,2.53E-06,0.34851477,0.4641461,0.011482417,0.00011216301,0.38961926,0.4486558,0.012789919,0.00015719642,0.43765217,0.46403483,8.75E-22,9.26E-22,0.35801178,3.01E-14,0.46056864,3.93E-06,1.55E-05,0.43570697,0,0.4486267,0,0,0.3503546,0,0.58125275,0.47003502,4
0.0010501337,0.0015503619,0.008196712,0.0008567024,0.38159412,0.46982324,2.72E-06,3.72E-07,0.34851477,0.4641461,0.0069849305,9.17E-05,0.3896219,0.46454558,0.009987917,0.00014654713,0.43766016,0.4753973,1.16E-30,1.31E-21,0.00012777375,3.92E-17,0.00035313395,5.23E-09,5.00E-17,0.43570697,9.90E-05,0.46451542,0.0012243148,0.009950299,0.027880562,0.00014651865,0.58125925,0.48127016,0
0.39980423,0.43324858,0.215686,0.13857616,0.38159412,0.46982324,0.00017189965,2.20E-08,0.34851477,0.4641461,0.021530842,0.00039437113,0.38961926,0.4486558,0.027086964,0.0007050627,0.43765217,0.46403483,3.03E-21,3.00E-21,0.29180416,3.10E-10,0.33219934,1.35E-05,5.29E-05,0.43570697,0,0.4486267,0,0,0.35886526,0,0.58125275,0.47003502,1
0.7454773,0.6306396,0.007084162,9.57E-05,0.38159412,0.46982324,3.22E-06,7.70E-12,0.34851477,0.4641461,0.00024190356,4.98E-08,0.38961926,0.4486558,0.00025622649,6.31E-08,0.43765217,0.46403483,6.49E-23,9.17E-23,0.62441206,1.04E-07,0.57303846,1.50E-05,5.92E-05,0.43570697,0,0.4486267,0,0,0.009929078,0,0.58125275,0.47003502,3
0.42311415,0.52450615,0.21286732,0.13163252,0.38159412,0.46982324,0.008544931,5.44E-05,0.34851477,0.4641461,0.015341384,0.00020022217,0.38961926,0.4486558,0.0143424915,0.00019767707,0.43765217,0.46403483,3.76E-21,1.35E-21,0.2997785,4.21E-11,0.40617755,9.04E-06,3.55E-05,0.43570697,0,0.4486267,0,0,0.3503546,0,0.58125275,0.47003502,4
0.39183047,0.30427665,0.20977432,0.13956441,0.38159412,0.46982324,0.07120273,0.0037770204,0.34851477,0.4641461,0.03914215,0.0013033841,0.38961926,0.4486558,0.03022208,0.00087771966,0.43765217,0.46403483,1.09E-21,2.59E-21,0.2534703,5.09E-07,0.22698434,4.07E-05,0.00016010208,0.43570697,0,0.4486267,0,0,0.35886526,0,0.58125275,0.47003502,1
0.39352712,0.42888784,0.0059486553,0.000106594176,0.38159412,0.46982324,5.89E-06,2.58E-11,0.34851477,0.4641461,0.0007145047,4.34E-07,0.38961926,0.4486558,0.00075119775,5.42E-07,0.43765217,0.46403483,6.30E-21,3.20E-21,0.31294635,1.10E-09,0.3258077,1.57E-05,6.17E-05,0.43570697,0,0.4486267,0,0,0.009929078,0,0.58125275,0.47003502,3
0.39411175,0.56531113,0.21371116,0.13145831,0.38159412,0.46982324,0,0,0.34851477,0.4641461,0,0,0.38961926,0.4486558,0,0,0.43765217,0.46403483,0,0,0,0,0,0.98266494,0,0.43570697,0,0.4486267,0,0,2.08E-17,0,0.58125275,0.47003502,4
0.0052047907,0.003726176,0.052683793,0.08135141,0.3355008,0.3786219,0.35341743,0.30350652,0.29965204,0.3678122,0.35741785,0.33855256,0.35536662,0.38473856,0.3515205,0.30070147,0.4160826,0.44653285,2.10E-17,2.22E-17,0.004336284,2.60E-17,0.0030420027,2.98E-10,4.99E-17,0.58075887,0.29935092,0.58823496,0.0003002584,0.5251277,0.19695109,0.31331924,0.73930043,0.6040245,0
0.44056594,0.444386,0.21207069,0.1317933,0.38159412,0.46982324,0,0,0.34851477,0.4641461,0,0,0.38961926,0.4486558,0,0,0.43765217,0.46403483,0,0,0,0,0,0.9826649,0,0.43570697,0,0.4486267,0,0,2.08E-17,0,0.58125275,0.47003502,4
0.0010818705,0.001797981,0.04332945,0.12018346,0.38159412,0.46982324,3.54E-06,3.16E-07,0.34851477,0.4641461,0.0070595937,9.06E-05,0.38962197,0.46477306,0.010055506,0.0001443848,0.4376542,0.4669286,1.21E-30,1.33E-21,0.00012603577,3.79E-17,0.0003561356,5.18E-09,4.66E-17,0.43570697,9.78E-05,0.46474287,0.0012347215,0.010017633,0.027816536,0.00014435675,0.58125436,0.47289637,0
0.71114624,0.88140935,0.24426685,0.12149983,0.38159412,0.46982324,0,0,0.34851477,0.4641461,0,0,0.38961926,0.4486558,0,0,0.43765217,0.46403483,0,0,0,0,0,0.98266494,0,0.43570697,0,0.4486267,0,0,2.08E-17,0,0.58125275,0.47003502,4
0.26063466,0.3276333,1.53E-05,1.48E-06,0.38159412,0.46982324,0,0,0.34851477,0.4641461,0,0,0.38961926,0.4486558,0,0,0.43765217,0.46403483,0,0,0,0,0,0.98266304,0,0.43570697,0,0.4486267,0,0,2.08E-17,0,0.58125275,0.47003502,2
0.32345924,0.17023294,0.0053203655,0.00010828179,0.38159412,0.46982324,3.05E-05,6.93E-10,0.34851477,0.4641461,0.0009707098,8.02E-07,0.38961926,0.4486558,0.0009432586,8.55E-07,0.43765217,0.46403483,2.08E-21,2.90E-20,0.20624973,4.14E-05,0.115602694,0.0001215215,0.00047799465,0.43570697,0,0.4486267,0,0,0.009929078,0,0.58125275,0.47003502,3
0.21811023,0.24604192,7.45E-05,3.80E-06,0.38159412,0.46982324,0,0,0.34851477,0.4641461,0,0,0.38961926,0.4486558,0,0,0.43765217,0.46403483,0,0,0,0,0,0.982663,0,0.43570697,0,0.4486267,0,0,2.08E-17,0,0.58125275,0.47003502,2
0.7202971,0.6739229,0.25035974,0.12740123,0.38159412,0.46982324,0,0,0.34851477,0.4641461,0,0,0.38961926,0.4486558,0,0,0.43765217,0.46403483,0,0,0,0,0,0.98266613,0,0.43570697,0,0.4486267,0,0,2.08E-17,0,0.58125275,0.47003502,1
0.719433,0.8387079,0.24422286,0.12151876,0.38159412,0.46982324,8.68E-06,5.62E-11,0.34851477,0.4641461,0.005047137,2.17E-05,0.38961926,0.4486558,0.0065239067,4.09E-05,0.43765217,0.46403483,7.05E-23,1.51E-22,0.59059244,3.16E-11,0.7450569,5.12E-06,2.01E-05,0.43570697,0,0.4486267,0,0,0.3503546,0,0.58125275,0.47003502,4
0.7081385,0.7700894,0.25034276,0.12740904,0.38159412,0.46982324,0.001459292,1.59E-06,0.34851477,0.4641461,0.008553937,6.22E-05,0.38961926,0.4486558,0.0068366206,4.49E-05,0.43765217,0.46403483,9.45E-23,1.27E-22,0.578969,5.28E-10,0.68461543,7.37E-06,2.90E-05,0.43570697,0,0.4486267,0,0,0.35886526,0,0.58125275,0.47003502,1
0.2275906,0.2758253,7.39E-05,3.83E-06,0.38159412,0.46982324,0,0,0.34851477,0.4641461,0,0,0.38961926,0.4486558,0,0,0.43765217,0.46403483,0,0,0,0,0,0.982663,0,0.43570697,0,0.4486267,0,0,2.08E-17,0,0.58125275,0.47003502,2
0.0008990529,0.0014640593,0.009074409,0.0023667498,0.3815965,0.48148394,0.052937597,0.0020882105,0.34858924,0.5450121,0.044507947,0.0017050386,0.38979954,0.5436738,0.03518159,0.002411652,0.43790707,0.48774695,2.14E-18,9.27E-18,0.0009371779,1.27E-17,0.0015350707,3.06E-05,0.00012257534,0.43570697,5.13E-18,0.4486267,0.0013045949,0.005761456,0.044618797,0.0016032684,0.5812531,0.47033036,0
0.3818486,0.3860378,0.21310365,0.13903925,0.38159412,0.46982324,0.01606934,0.0001923765,0.34851477,0.4641461,0.031625506,0.00085085974,0.38961926,0.4486558,0.028276594,0.0007683539,0.43765217,0.46403483,3.94E-22,9.13E-22,0.2682098,7.59E-09,0.29248786,2.09E-05,8.21E-05,0.43570697,0,0.4486267,0,0,0.35886526,0,0.58125275,0.47003502,1
0.00089359627,0.0015130129,0.008205437,0.0008145714,0.38159412,0.46982324,0.0034952585,9.30E-06,0.34851477,0.46443355,0.03368971,0.001092546,0.389666,0.4718248,0.031168073,0.0011661922,0.4378605,0.5019339,1.11E-19,1.80E-18,0.00095892977,6.04E-18,0.001638735,8.13E-10,6.21E-18,0.43570608,0.0030811003,0.41567788,0.0012812434,0.05712735,0.04441494,0.0034349025,0.5815404,0.49476433,0
0.709359,0.52185756,0.2505839,0.1272979,0.38159412,0.46982324,0.006345698,3.00E-05,0.34851477,0.4641461,0.009890854,8.32E-05,0.38961926,0.4486558,0.0074535077,5.34E-05,0.43765217,0.46403483,7.63E-23,1.17E-22,0.58256376,6.41E-07,0.4643863,2.21E-05,8.70E-05,0.43570697,0,0.4486267,0,0,0.35886526,0,0.58125275,0.47003502,1
0.7182946,0.9720259,0.24440397,0.1214383,0.38159412,0.46982324,0.0072927666,3.96E-05,0.34851477,0.4641461,0.0099452,8.41E-05,0.38961926,0.4486558,0.0071165,4.87E-05,0.43765217,0.46403483,1.20E-22,1.50E-22,0.58687156,1.27E-16,0.86414385,1.27E-06,5.01E-06,0.43570697,0,0.4486267,0,0,0.3503546,0,0.58125275,0.47003502,4
0.25816283,0.30562356,1.63E-05,1.64E-06,0.38159412,0.46982324,0,0,0.34851477,0.4641461,0,0,0.38961926,0.4486558,0,0,0.43765217,0.46403483,0,0,0,0,0,0.982663,0,0.43570697,0,0.4486267,0,0,2.08E-17,0,0.58125275,0.47003502,2
0.42669308,0.5920069,0.21486396,0.131215,0.38159412,0.46982324,3.69E-05,1.02E-09,0.34851477,0.4641461,0.0091258995,7.08E-05,0.38961926,0.4486558,0.012566408,0.00015175024,0.43765217,0.46403483,1.41E-21,1.74E-21,0.30813423,5.97E-15,0.46271527,3.28E-06,1.29E-05,0.43570697,0,0.4486267,0,0,0.3503546,0,0.58125275,0.47003502,4
0.0010549802,0.0015528209,0.009849219,0.0022508902,0.38159412,0.46982324,0.0007006299,5.73E-07,0.34851477,0.4641453,0.009777306,0.00014047793,0.3896099,0.4148572,0.010488458,0.00016120542,0.4376694,0.48635262,1.54E-25,1.62E-19,0.00020622398,3.72E-17,0.0003914203,4.70E-09,5.31E-17,0.4357061,0.00015158662,0.41483027,0.0013570535,0.010448955,0.02893615,0.0001611741,0.5812668,0.4921027,0
0.0010123831,0.0015945407,0.009366285,0.0042330627,0.38159412,0.46982324,3.77E-06,3.72E-07,0.34851477,0.46414724,0.0071512745,0.00010562252,0.38962504,0.47978443,0.00999632,0.00015068962,0.43767592,0.49706954,1.16E-30,1.29E-21,0.000121670986,3.63E-17,0.00034834348,1.50E-08,3.81E-08,0.43570814,0.00011397493,0.4797533,0.0012077064,0.0099586705,0.028094798,0.00015066034,0.5812722,0.50269955,0
0.46967056,0.58487207,0.21539289,0.1310964,0.38159412,0.46982324,0.003760246,1.05E-05,0.34851477,0.4641461,0.012361721,0.00012999929,0.38961926,0.4486558,0.012902526,0.00015997665,0.43765217,0.46403483,7.85E-22,1.11E-21,0.35010964,3.49E-14,0.45826834,4.00E-06,1.57E-05,0.43570697,0,0.4486267,0,0,0.3503546,0,0.58125275,0.47003502,4
0.38661438,0.32844162,0.20941277,0.13961378,0.38159412,0.46982324,0.0008006742,4.78E-07,0.34851477,0.4641461,0.023903072,0.00048606066,0.38961926,0.4486558,0.02773418,0.00073915883,0.43765217,0.46403483,9.55E-21,4.09E-21,0.2564351,1.90E-07,0.2445238,3.43E-05,0.0001347934,0.43570697,0,0.4486267,0,0,0.35886526,0,0.58125275,0.47003502,1
0.00531936,0.0026130665,0.049777478,0.070322946,0.3402175,0.3687149,0.23121594,0.44180995,0.30902755,0.36772716,0.30828142,0.32686228,0.380441,0.42867604,0.3278265,0.25616455,0.4263022,0.4533145,6.93E-17,7.12E-17,0.0041652005,3.34E-17,0.0021298681,6.17E-10,4.73E-14,0.5730248,0.118791714,0.5812242,0.00030025732,0.33424214,0.16343133,0.1243489,0.639714,0.59733737,0
0.0012974849,0.0015968422,0.008066258,0.00071604317,0.38159412,0.4698466,0.008601199,5.52E-05,0.34851488,0.46779916,0.015264222,0.00038132712,0.38961756,0.44633648,0.029395042,0.0010492251,0.43764186,0.46195897,1.64E-17,1.68E-17,0.0012852786,1.86E-17,0.0016950897,7.86E-10,1.70E-17,0.4371449,0.00025116777,0.48219374,0.0015112761,0.0046261107,0.040002353,0.00047307424,0.5812721,0.50480574,0
0.7119697,0.76844573,0.25011733,0.12751183,0.38159412,0.46982324,0.0023391761,4.08E-06,0.34851477,0.4641461,0.008963068,6.83E-05,0.38961926,0.4486558,0.0068785367,4.55E-05,0.43765217,0.46403483,2.45E-22,1.93E-22,0.5780645,5.80E-10,0.68253946,7.46E-06,2.94E-05,0.43570697,0,0.4486267,0,0,0.35886526,0,0.58125275,0.47003502,1
0.25641555,0.2779114,1.51E-05,1.45E-06,0.38159412,0.46982324,0,0,0.34851477,0.4641461,0,0,0.38961926,0.4486558,0,0,0.43765217,0.46403483,0,0,0,0,0,0.982663,0,0.43570697,0,0.4486267,0,0,2.08E-17,0,0.58125275,0.47003502,2
0.74119705,0.7918679,0.007090144,9.58E-05,0.38159412,0.46982324,6.70E-07,3.34E-13,0.34851477,0.4641461,0.00019333822,3.18E-08,0.38961926,0.4486558,0.0002510149,6.05E-08,0.43765217,0.46403483,1.70E-22,1.91E-22,0.61851084,9.81E-10,0.72006774,7.51E-06,2.95E-05,0.43570697,0,0.4486267,0,0,0.009929078,0,0.58125275,0.47003502,3
0.72675186,0.97259724,0.24394946,0.12164029,0.38159412,0.46982324,0.013639131,0.0001385892,0.34851477,0.4641461,0.010581042,9.52E-05,0.38961926,0.4486558,0.007162853,4.93E-05,0.43765217,0.46403483,2.89E-22,2.05E-22,0.58286995,1.43E-16,0.86304456,1.29E-06,5.08E-06,0.43570697,0,0.4486267,0,0,0.3503546,0,0.58125275,0.47003502,4
0.443604,0.5616624,0.21328424,0.13154766,0.38159412,0.46982324,0.013615492,0.00013810922,0.34851477,0.4641461,0.0142587,0.0001729589,0.38961926,0.4486558,0.013318978,0.00017047038,0.43765217,0.46403483,3.75E-21,2.02E-21,0.3145747,8.97E-13,0.43578133,5.76E-06,2.27E-05,0.43570697,0,0.4486267,0,0,0.3503546,0,0.58125275,0.47003502,4
0.4285475,0.40376225,0.21275832,0.13909772,0.38159412,0.46982324,0.0011509197,9.87E-07,0.34851477,0.4641461,0.022738859,0.00043986598,0.38961926,0.4486558,0.026916262,0.0006962041,0.43765217,0.46403483,8.05E-22,1.33E-21,0.29778284,3.92E-09,0.30538058,1.89E-05,7.43E-05,0.43570697,0,0.4486267,0,0,0.35886526,0,0.58125275,0.47003502,1
0.24884383,0.3492271,1.49E-05,1.51E-06,0.38159412,0.46982324,0,0,0.34851477,0.4641461,0,0,0.38961926,0.4486558,0,0,0.43765217,0.46403483,0,0,0,0,0,0.9826631,0,0.43570697,0,0.4486267,0,0,2.08E-17,0,0.58125275,0.47003502,2
0.48557127,0.5847957,0.21482989,0.13122061,0.38159412,0.46982324,0.012144516,0.00010987944,0.34851477,0.4641461,0.0138434395,0.00016303133,0.38961926,0.4486558,0.01307791,0.00016435531,0.43765217,0.46403483,1.36E-21,1.86E-21,0.35584348,4.38E-14,0.45701486,4.11E-06,1.62E-05,0.43570697,0,0.4486267,0,0,0.3503546,0,0.58125275,0.47003502,4
0.722158,0.7277933,0.24339244,0.12188608,0.38159412,0.46982324,4.17E-08,1.30E-15,0.34851477,0.4641461,0.0030311071,7.82E-06,0.38961926,0.4486558,0.006011585,3.47E-05,0.43765217,0.46403483,5.25E-22,2.57E-22,0.5855844,3.34E-09,0.64432085,9.43E-06,3.71E-05,0.43570697,0,0.4486267,0,0,0.3503546,0,0.58125275,0.47003502,4
0.38250795,0.24920677,0.18375766,0.13426027,0.38159412,0.46982324,0,0,0.34851477,0.4641461,0,0,0.38961926,0.4486558,0,0,0.43765217,0.46403483,0,0,0,0,0,0.982667,0,0.43570697,0,0.4486267,0,0,2.08E-17,0,0.58125275,0.47003502,5
0.7399658,0.41437304,0.0070793214,9.59E-05,0.38159412,0.46982324,0,0,0.34851477,0.4641461,0,0,0.38961926,0.4486558,0,0,0.43765217,0.46403483,0,0,0,0,0,0.98266554,0,0.43570697,0,0.4486267,0,0,2.08E-17,0,0.58125275,0.47003502,3
0.0012301991,0.0015553639,0.008086261,0.0007877197,0.38159412,0.46983147,0.0028514871,0.00054527126,0.34851593,0.4706692,0.030700326,0.0010156847,0.38981605,0.545608,0.030749556,0.0011493205,0.43789452,0.5085716,3.43E-19,3.83E-18,0.0012014937,5.81E-18,0.001667459,7.91E-10,6.21E-18,0.4357061,0.0030870817,0.41462502,0.0012638236,0.05715241,0.04443051,0.0034375978,0.5815307,0.49391413,0
0.2592721,0.33799577,1.50E-05,1.47E-06,0.38159412,0.46982324,0,0,0.34851477,0.4641461,0,0,0.38961926,0.4486558,0,0,0.43765217,0.46403483,0,0,0,0,0,0.98266304,0,0.43570697,0,0.4486267,0,0,2.08E-17,0,0.58125275,0.47003502,2
0.72035366,0.8644312,0.2439444,0.12164308,0.38159412,0.46982324,0.0030721906,7.03E-06,0.34851477,0.4641461,0.009136589,7.10E-05,0.38961926,0.4486558,0.007059376,4.79E-05,0.43765217,0.46403483,1.75E-22,1.48E-22,0.58465147,7.13E-12,0.76704484,4.28E-06,1.68E-05,0.43570697,0,0.4486267,0,0,0.3503546,0,0.58125275,0.47003502,4
0.72487193,0.88895714,0.00742768,9.05E-05,0.38159412,0.46982324,1.09E-07,8.87E-15,0.34851477,0.4641461,0.00012442912,1.32E-08,0.38961926,0.4486558,0.00023449826,5.28E-08,0.43765217,0.46403483,5.49E-23,3.49E-23,0.7778337,3.85E-12,0.84699225,3.75E-06,1.48E-05,0.43570697,0,0.4486267,0,0,0.009929078,0,0.58125275,0.47003502,3
0.71588486,0.5522067,0.24992874,0.12759729,0.38159412,0.46982324,0.0002761159,5.68E-08,0.34851477,0.4641461,0.007241199,4.46E-05,0.38961926,0.4486558,0.0070311623,4.75E-05,0.43765217,0.46403483,1.57E-22,1.20E-22,0.58020526,3.44E-07,0.4901038,1.97E-05,7.74E-05,0.43570697,0,0.4486267,0,0,0.35886526,0,0.58125275,0.47003502,1
0.0010929818,0.0016842944,0.007929381,0.0007143968,0.38159412,0.46982324,0,7.23E-19,0.34851477,0.4641461,9.93E-10,2.66E-18,0.38961926,0.4486558,1.41E-09,1.90E-18,0.43765217,0.46403483,0,1.27E-23,4.25E-05,9.86E-17,0.00013547677,1.38E-08,2.32E-16,0.43570697,2.87E-18,0.4486267,0.00046969778,1.40E-09,0.017626109,1.90E-18,0.58125275,0.47003502,0
0.0013171643,0.0016963898,0.007715474,0.00071316084,0.38159412,0.46982324,9.38E-06,0.00054357544,0.34851477,0.4641592,0.01737728,0.00067788915,0.38962734,0.45564994,0.029423624,0.0010835063,0.4376593,0.4654099,1.53E-17,1.90E-17,0.0014093173,1.69E-17,0.0017754326,7.32E-10,1.66E-17,0.43570697,0.0018629256,0.47337627,0.0013002425,0.055977322,0.04299906,0.0032983217,0.58161277,0.50225776,0
0.0006171493,0.0005773566,0.015900513,0.002505719,0.38159412,0.46982324,0,0,0.34851477,0.4641461,0.00041755318,1.48E-07,0.38961926,0.4486558,0.06055129,0.006080807,0.43762106,0.46293968,1.82E-21,2.39E-18,0.00036225576,4.78E-16,0.00024277183,9.68E-09,2.00E-15,0.43570697,1.81E-18,0.4486267,0.0002165334,1.40E-09,0.009929078,1.90E-18,0.58125275,0.47003502,0
0.0012480984,0.0016341765,0.007819381,0.00074470934,0.38159412,0.46982324,8.09E-05,3.44E-06,0.34851477,0.46413082,0.022697045,0.000719137,0.38960308,0.4373766,0.029954309,0.0011177502,0.43774873,0.48215097,3.43E-17,3.46E-17,0.0011602062,2.52E-17,0.0017181946,7.71E-10,1.75E-17,0.43570697,0.0005147406,0.44637623,0.0015329676,0.003265757,0.03856555,0.000559739,0.5812555,0.47652563,0
0.25716636,0.35546,1.58E-05,1.60E-06,0.38159412,0.46982324,0,0,0.34851477,0.4641461,0,0,0.38961926,0.4486558,0,0,0.43765217,0.46403483,0,0,0,0,0,0.98266315,0,0.43570697,0,0.4486267,0,0,2.08E-17,0,0.58125275,0.47003502,2
0.7130893,0.78199905,0.25000328,0.12756395,0.38159412,0.46982324,0.0001270465,1.20E-08,0.34851477,0.4641461,0.006709302,3.83E-05,0.38961926,0.4486558,0.0066248616,4.22E-05,0.43765217,0.46403483,6.68E-22,4.38E-22,0.57686657,3.25E-10,0.6942574,6.92E-06,2.72E-05,0.43570697,0,0.4486267,0,0,0.35886526,0,0.58125275,0.47003502,1
0.42869422,0.14204277,0.21717997,0.1306929,0.38159412,0.46982324,0,0,0.34851477,0.4641461,0,0,0.38961926,0.4486558,0,0,0.43765217,0.46403483,0,0,0,0,0,0.98266476,0,0.43570697,0,0.4486267,0,0,2.08E-17,0,0.58125275,0.47003502,4
0.20887057,0.20289153,8.11E-05,4.08E-06,0.38159412,0.46982324,0,0,0.34851477,0.4641461,0,0,0.38961926,0.4486558,0,0,0.43765217,0.46403483,0,0,0,0,0,0.9826629,0,0.43570697,0,0.4486267,0,0,2.08E-17,0,0.58125275,0.47003502,2
0.4141043,0.6020327,0.2125487,0.13169597,0.38159412,0.46982324,0,0,0.34851477,0.4641461,0,0,0.38961926,0.4486558,0,0,0.43765217,0.46403483,0,0,0,0,0,0.98266506,0,0.43570697,0,0.4486267,0,0,2.08E-17,0,0.58125275,0.47003502,4
0.2292864,0.1845624,7.93E-05,4.11E-06,0.38159412,0.46982324,0,0,0.34851477,0.4641461,0,0,0.38961926,0.4486558,0,0,0.43765217,0.46403483,0,0,0,0,0,0.9826629,0,0.43570697,0,0.4486267,0,0,2.08E-17,0,0.58125275,0.47003502,2
0.35838777,0.35077238,0.18408884,0.13426533,0.38159412,0.46982324,0,0,0.34851477,0.4641461,0,0,0.38961926,0.4486558,0,0,0.43765217,0.46403483,0,0,0,0,0,0.982667,0,0.43570697,0,0.4486267,0,0,2.08E-17,0,0.58125275,0.47003502,5
0.3821591,0.43256783,0.0060195914,0.00010620417,0.38159412,0.46982324,0,0,0.34851477,0.4641461,0,0,0.38961926,0.4486558,0,0,0.43765217,0.46403483,0,0,0,0,0,0.9826656,0,0.43570697,0,0.4486267,0,0,2.08E-17,0,0.58125275,0.47003502,3
0.41425768,0.19166483,0.21613419,0.13092878,0.38159412,0.46982324,0.0064578615,3.11E-05,0.34851477,0.4641461,0.013541837,0.00015600491,0.38961926,0.4486558,0.013538058,0.00017612454,0.43765217,0.46403483,3.56E-21,1.09E-17,0.2983269,5.39E-05,0.15069164,9.93E-05,0.00039068816,0.43570697,0,0.4486267,0,0,0.3503546,0,0.58125275,0.47003502,4
0.35790434,0.4316779,0.0060163178,0.00010622485,0.38159412,0.46982324,0,0,0.34851477,0.4641461,0,0,0.38961926,0.4486558,0,0,0.43765217,0.46403483,0,0,0,0,0,0.9826656,0,0.43570697,0,0.4486267,0,0,2.08E-17,0,0.58125275,0.47003502,3
0.454752,0.48597115,0.21275559,0.13165733,0.38159412,0.46982324,0.0004526196,1.53E-07,0.34851477,0.4641461,0.011384985,0.000110267625,0.38961926,0.4486558,0.014429799,0.00020009105,0.43765217,0.46403483,2.66E-21,2.04E-21,0.31967938,1.55E-09,0.3761423,1.41E-05,5.54E-05,0.43570697,0,0.4486267,0,0,0.3503546,0,0.58125275,0.47003502,4
0.0002538372,0.0005357814,0.03456071,0.04082512,0.38159412,0.46982324,0,1.44E-18,0.34851477,0.4641461,1.99E-05,3.38E-10,0.38961926,0.44865578,0.010060782,9.73E-05,0.4376514,0.4483757,0,3.86E-31,6.80E-06,1.94E-21,7.27E-05,2.45E-08,3.17E-16,0.43570697,3.65E-10,0.44862664,0.00025198277,0.010022889,0.033250626,9.73E-05,0.5812521,0.45455137,0
0.4483497,0.58453906,0.21524426,0.13112979,0.38159412,0.46982324,0.00092354766,6.35E-07,0.34851477,0.4641461,0.010911564,0.000101287784,0.38961926,0.4486558,0.012715303,0.00015536763,0.43765217,0.46403483,1.72E-21,2.62E-21,0.3312079,2.72E-14,0.4576878,3.89E-06,1.53E-05,0.43570697,0,0.4486267,0,0,0.3503546,0,0.58125275,0.47003502,4
0.7088653,0.9729334,0.24436748,0.12145493,0.38159412,0.46982324,0,0,0.34851477,0.4641461,0,0,0.38961926,0.4486558,0,0,0.43765217,0.46403483,0,0,0,0,0,0.982665,0,0.43570697,0,0.4486267,0,0,2.08E-17,0,0.58125275,0.47003502,4
0.7417911,0.45465645,0.008038975,7.97E-05,0.38159412,0.46982324,1.15E-05,9.79E-11,0.34851477,0.4641461,0.00021368465,3.88E-08,0.38961926,0.4486558,0.00026640212,6.82E-08,0.43765217,0.46403483,9.85E-23,8.24E-23,0.6980873,2.65E-06,0.4673637,2.58E-05,0.00010149105,0.43570697,0,0.4486267,0,0,0.009929078,0,0.58125275,0.47003502,3
0.356718,0.3675879,0.18419853,0.13426536,0.38159412,0.46982324,0,0,0.34851477,0.4641461,0,0,0.38961926,0.4486558,0,0,0.43765217,0.46403483,0,0,0,0,0,0.9826671,0,0.43570697,0,0.4486267,0,0,2.08E-17,0,0.58125275,0.47003502,5
0.72304696,0.9444753,0.24501966,0.12116231,0.38159412,0.46982324,0,0,0.34851477,0.4641461,0,0,0.38961926,0.4486558,0,0,0.43765217,0.46403483,0,0,0,0,0,0.982665,0,0.43570697,0,0.4486267,0,0,2.08E-17,0,0.58125275,0.47003502,4
0.40531188,0.43035048,0.21607684,0.13850026,0.38159412,0.46982324,0,0,0.34851477,0.4641461,0,0,0.38961926,0.4486558,0,0,0.43765217,0.46403483,0,0,0,0,0,0.9826662,0,0.43570697,0,0.4486267,0,0,2.08E-17,0,0.58125275,0.47003502,1
0.42349577,0.4770153,0.0059318766,0.00010669211,0.38159412,0.46982324,0,0,0.34851477,0.4641461,0,0,0.38961926,0.4486558,0,0,0.43765217,0.46403483,0,0,0,0,0,0.98266566,0,0.43570697,0,0.4486267,0,0,2.08E-17,0,0.58125275,0.47003502,3
0.22938383,0.3074055,7.55E-05,3.88E-06,0.38159412,0.46982324,0,0,0.34851477,0.4641461,0,0,0.38961926,0.4486558,0,0,0.43765217,0.46403483,0,0,0,0,0,0.98266315,0,0.43570697,0,0.4486267,0,0,2.08E-17,0,0.58125275,0.47003502,2
0.0009705532,0.0015560604,0.0092349965,0.0041515203,0.38159412,0.46982324,0.0020182016,0.00013966286,0.34851483,0.4654255,0.032438263,0.001135923,0.3896668,0.46958002,0.071607575,0.0058352044,0.43784586,0.4712879,6.14E-19,2.37E-18,0.0009832121,5.96E-18,0.0016686247,7.91E-10,6.81E-18,0.43570697,0.0005037124,0.4484549,0.0014229578,0.012400995,0.04100186,0.009682142,0.5812564,0.4705746,0
0.70323664,0.32869163,0.24396256,0.12163565,0.38159412,0.46982324,0.009543278,6.79E-05,0.34851477,0.4641461,0.010140151,8.75E-05,0.38961926,0.4486558,0.008103792,6.31E-05,0.43765217,0.46403483,1.27E-22,1.45E-19,0.5772273,1.97E-05,0.2916877,4.96E-05,0.00019493372,0.43570697,0,0.4486267,0,0,0.3503546,0,0.58125275,0.47003502,4
0.37642828,0.26871058,0.005344389,0.00010831894,0.38159412,0.46982324,0,0,0.34851477,0.4641461,0,0,0.38961926,0.4486558,0,0,0.43765217,0.46403483,0,0,0,0,0,0.98266554,0,0.43570697,0,0.4486267,0,0,2.08E-17,0,0.58125275,0.47003502,3
0.0012607231,0.0016304943,0.010208859,0.001307134,0.381594,0.46756,0.02738945,0.00058894366,0.3484746,0.42384335,0.045544814,0.0018495367,0.3896426,0.45687357,0.03972221,0.0016841902,0.43756968,0.45253453,1.63E-18,1.95E-18,0.0013730495,5.11E-18,0.0017406289,7.42E-10,6.85E-18,0.43570697,0.00010202679,0.4486267,0.0014348027,0.00031489434,0.03943823,0.0004880266,0.5812525,0.46391812,0
0.899054,0.91961235,0.008164244,7.66E-05,0.38159412,0.46982324,0,0,0.34851477,0.4641461,0,0,0.38961926,0.4486558,0,0,0.43765217,0.46403483,0,0,0,0,0,0.98266566,0,0.43570697,0,0.4486267,0,0,2.08E-17,0,0.58125275,0.47003502,3
0.22699632,0.30100775,7.36E-05,3.69E-06,0.38159412,0.46982324,0,0,0.34851477,0.4641461,1.99E-09,3.36E-18,0.38961926,0.4486558,1.41E-09,1.90E-18,0.43765217,0.46403483,0,0,2.29E-05,3.20E-13,0.00024696562,0.00395422,0.015492794,0.43570697,0,0.4486267,0,0,0.009929078,0,0.58125275,0.47003502,2
0.4301304,0.18711837,0.21485892,0.13121355,0.38159412,0.46982324,0.0141567765,0.00014930857,0.34851477,0.4641461,0.01456786,0.00018054048,0.38961926,0.4486558,0.013854139,0.00018444467,0.43765217,0.46403483,3.86E-21,5.26E-17,0.30330893,6.24E-05,0.14625101,0.000104016915,0.00040914904,0.43570697,0,0.4486267,0,0,0.3503546,0,0.58125275,0.47003502,4
0.40543243,0.39857876,0.2130734,0.1315907,0.38159412,0.46982324,0,0,0.34851477,0.4641461,0,0,0.38961926,0.4486558,0,0,0.43765217,0.46403483,0,0,0,0,0,0.9826648,0,0.43570697,0,0.4486267,0,0,2.08E-17,0,0.58125275,0.47003502,4
0.7286511,0.8280912,0.24380648,0.12170402,0.38159412,0.46982324,0.0001874958,2.62E-08,0.34851477,0.4641461,0.006863461,4.01E-05,0.38961926,0.4486558,0.006776368,4.41E-05,0.43765217,0.46403483,2.02E-22,2.53E-22,0.59072703,5.84E-11,0.7343775,5.53E-06,2.17E-05,0.43570697,0,0.4486267,0,0,0.3503546,0,0.58125275,0.47003502,4
0.7102531,0.426286,0.24963202,0.1277327,0.38159412,0.46982324,2.22E-06,3.67E-12,0.34851477,0.4641461,0.004470829,1.70E-05,0.38961926,0.4486558,0.0066994154,4.31E-05,0.43765217,0.46403483,2.63E-22,2.02E-22,0.5736126,3.94E-06,0.37789172,3.26E-05,0.00012804731,0.43570697,0,0.4486267,0,0,0.35886526,0,0.58125275,0.47003502,1
0.7020127,0.7681727,0.25070572,0.12724254,0.38159412,0.46982324,0.0018024802,2.42E-06,0.34851477,0.4641461,0.008733063,6.49E-05,0.38961926,0.4486558,0.0068551456,4.52E-05,0.43765217,0.46403483,7.86E-23,1.28E-22,0.5802693,5.51E-10,0.68390185,7.41E-06,2.92E-05,0.43570697,0,0.4486267,0,0,0.35886526,0,0.58125275,0.47003502,1
0.0005316229,0.00048974843,0.015948175,0.010985692,0.38159412,0.46982324,0.009410621,6.60E-05,0.34851477,0.4641461,0.008478236,7.13E-05,0.389618,0.43929702,0.1664596,0.08208103,0.4438485,0.4840626,1.42E-17,2.37E-16,0.00039290392,5.47E-16,0.00023847776,8.35E-09,4.79E-16,0.43570697,0,0.4486267,0,0,0.009219858,0,0.58125275,0.47003502,0
0.70949227,0.5803161,0.24985372,0.12763047,0.38159412,0.46982324,0,0,0.34851477,0.4641461,0,0,0.38961926,0.4486558,0,0,0.43765217,0.46403483,0,0,0,0,0,0.98266613,0,0.43570697,0,0.4486267,0,0,2.08E-17,0,0.58125275,0.47003502,1
0.0010652706,0.0015432592,0.008157616,0.0008208398,0.38159412,0.46982324,0.0010363815,0.00024143283,0.34851477,0.46437466,0.03009886,0.0010314139,0.38973185,0.5026091,0.031683598,0.0011802142,0.4379449,0.51715153,2.62E-18,2.88E-18,0.001069865,5.00E-18,0.0016174512,8.28E-10,5.95E-18,0.43570697,8.22E-05,0.4238133,0.0013145361,0.0027730484,0.040567208,0.0004068001,0.5812278,0.38965958,0
0.14971799,0.027544975,0.17287505,0.13359068,0.38159412,0.46982324,0.0076126107,4.32E-05,0.34851477,0.4641461,0.032051407,0.00087393116,0.38961926,0.4486558,0.0353912,0.0012036428,0.43765217,0.46403483,9.12E-09,0.00016746885,0.086069226,0.003656212,0.017346954,0.0011605718,0.004560177,0.43570697,1.16E-16,0.4486267,0.05999927,1.58E-08,0.3503546,2.43E-16,0.58125275,0.47003502,5
0.21787119,0.28522402,7.38E-05,3.75E-06,0.38159412,0.46982324,0,0,0.34851477,0.4641461,0,0,0.38961926,0.4486558,0,0,0.43765217,0.46403483,0,0,0,0,0,0.98266304,0,0.43570697,0,0.4486267,0,0,2.08E-17,0,0.58125275,0.47003502,2
0.45899093,0.54871935,0.21338865,0.1315281,0.38159412,0.46982324,0.00030039134,6.72E-08,0.34851477,0.4641461,0.010188205,8.83E-05,0.38961926,0.4486558,0.013382952,0.0001721119,0.43765217,0.46403483,4.90E-22,7.70E-22,0.33119845,3.54E-12,0.42595157,6.79E-06,2.67E-05,0.43570697,0,0.4486267,0,0,0.3503546,0,0.58125275,0.47003502,4
0.22302034,0.3175712,7.40E-05,3.70E-06,0.38159412,0.46982324,0,0,0.34851477,0.4641461,0,0,0.38961926,0.4486558,0,0,0.43765217,0.46403483,0,0,0,0,0,0.9826633,0,0.43570697,0,0.4486267,0,0,2.08E-17,0,0.58125275,0.47003502,2
0.44812307,0.3043432,0.005726667,0.00010755595,0.38159412,0.46982324,5.08E-06,1.93E-11,0.34851477,0.4641461,0.0005187624,2.29E-07,0.38961926,0.4486558,0.00073717645,5.22E-07,0.43765217,0.46403483,5.43E-22,1.13E-21,0.33893016,8.30E-07,0.22245573,4.49E-05,0.0001766071,0.43570697,0,0.4486267,0,0,0.009929078,0,0.58125275,0.47003502,3
0.34628534,0.16448049,0.0052191885,0.00010826204,0.38159412,0.46982324,0.00012137186,1.10E-08,0.34851477,0.4641461,0.0011190869,1.07E-06,0.38961926,0.4486558,0.0009828021,9.28E-07,0.43765217,0.46403483,3.45E-21,3.78E-19,0.20712876,5.51E-05,0.10959381,0.00013194777,0.0005189999,0.43570697,0,0.4486267,0,0,0.009929078,0,0.58125275,0.47003502,3
0.22534424,0.26306593,7.58E-05,3.81E-06,0.38159412,0.46982324,0,0,0.34851477,0.4641461,0,0,0.38961926,0.4486558,0,0,0.43765217,0.46403483,0,0,0,0,0,0.982663,0,0.43570697,0,0.4486267,0,0,2.08E-17,0,0.58125275,0.47003502,2
0.00095722644,0.0014827581,0.008602303,0.0009299101,0.38159412,0.46982324,0.014738034,0.00021064226,0.34851536,0.46550506,0.04039997,0.001505428,0.3897933,0.5161159,0.033601593,0.001287577,0.4379257,0.5103824,9.96E-22,1.35E-18,0.0008662462,8.17E-18,0.0015765543,8.63E-10,7.92E-18,0.43570697,0.00015778,0.4486267,0.0012878942,3.91E-06,0.04010005,0.00043589214,0.58125275,0.470018,0
0.0008475116,0.0015140224,0.008218831,0.0008122231,0.38159412,0.46982324,0.0005802675,3.91E-05,0.34851474,0.46370804,0.030476809,0.00090532,0.3896432,0.46276695,0.031168628,0.0011545303,0.43777564,0.4868189,7.70E-18,8.06E-18,0.00089532515,1.30E-17,0.001634498,8.29E-10,1.62E-17,0.43570697,0.00016267669,0.44637662,0.0014299527,0.0033442401,0.039641865,0.00048642568,0.5812546,0.47462904,0
0.44327867,0.4496891,0.0060973535,0.00010572236,0.38159412,0.46982324,0,0,0.34851477,0.4641461,0,0,0.38961926,0.4486558,0,0,0.43765217,0.46403483,0,0,0,0,0,0.98266566,0,0.43570697,0,0.4486267,0,0,2.08E-17,0,0.58125275,0.47003502,3
0.2246177,0.29671082,7.53E-05,3.77E-06,0.38159412,0.46982324,0,0,0.34851477,0.4641461,0,0,0.38961926,0.4486558,0,0,0.43765217,0.46403483,0,0,0,0,0,0.9826631,0,0.43570697,0,0.4486267,0,0,2.08E-17,0,0.58125275,0.47003502,2
0.3469609,0.4366116,0.20208776,0.14043753,0.38159412,0.46982324,0.0043732515,1.42E-05,0.34851477,0.4641461,0.027392453,0.0006383294,0.38961926,0.4486558,0.027566597,0.00073025306,0.43765217,0.46403483,7.78E-22,1.80E-20,0.1694196,1.57E-10,0.31367677,1.26E-05,4.96E-05,0.43570697,0,0.4486267,0,0,0.35886526,0,0.58125275,0.47003502,1
0.7149513,0.85130805,0.24439374,0.12144328,0.38159412,0.46982324,2.18E-07,3.52E-14,0.34851477,0.4641461,0.0034938604,1.04E-05,0.38961926,0.4486558,0.006238815,3.74E-05,0.43765217,0.46403483,9.61E-23,1.24E-22,0.5894004,1.51E-11,0.7567757,4.68E-06,1.84E-05,0.43570697,0,0.4486267,0,0,0.3503546,0,0.58125275,0.47003502,4
0.00030664477,0.0009649153,0.030231569,0.039334342,0.38159412,0.46982324,6.86E-06,3.51E-11,0.34851477,0.4641461,0.015958238,0.00021664714,0.38961926,0.4486558,0.019166974,0.0003530321,0.43765217,0.46403483,0,1.46E-23,2.55E-05,7.77E-17,7.41E-05,2.40E-08,2.16E-16,0.43570697,0.00023377914,0.4486267,0.0002568934,0.019094786,0.01594121,0.0003529635,0.58125275,0.47003502,0
0.00035715828,0.00078492356,0.028214943,0.027294341,0.38159412,0.46982324,0.00028872225,6.22E-08,0.34851477,0.4641461,0.009273038,0.0005226174,0.38960725,0.4271328,0.25733918,0.1753527,0.44907895,0.48050323,5.58E-28,1.40E-20,0.00010251023,4.86E-17,0.0003936854,4.92E-09,7.05E-12,0.43570697,0,0.4486267,0,0,0.009929078,0,0.58125275,0.47003502,0
0.7128584,0.864906,0.24421409,0.12152346,0.38159412,0.46982324,0.0018450703,2.54E-06,0.34851477,0.4641461,0.0086921835,6.43E-05,0.38961926,0.4486558,0.0070180874,4.73E-05,0.43765217,0.46403483,1.61E-22,1.62E-22,0.5840333,6.46E-12,0.76831394,4.23E-06,1.67E-05,0.43570697,0,0.4486267,0,0,0.3503546,0,0.58125275,0.47003502,4
0.4395466,0.6055477,0.21440578,0.13131206,0.38159412,0.46982324,0,0,0.34851477,0.4641461,0,0,0.38961926,0.4486558,0,0,0.43765217,0.46403483,0,0,0,0,0,0.98266506,0,0.43570697,0,0.4486267,0,0,2.08E-17,0,0.58125275,0.47003502,4
0.43248802,0.605264,0.21286076,0.13163349,0.38159412,0.46982324,0,0,0.34851477,0.4641461,0,0,0.38961926,0.4486558,0,0,0.43765217,0.46403483,0,0,0,0,0,0.98266506,0,0.43570697,0,0.4486267,0,0,2.08E-17,0,0.58125275,0.47003502,4
0.45423794,0.5577203,0.21342,0.13152051,0.38159412,0.46982324,6.58E-06,3.23E-11,0.34851477,0.4641461,0.006854957,4.00E-05,0.38961926,0.4486558,0.012748075,0.00015616951,0.43765217,0.46403483,6.75E-21,6.05E-21,0.325973,1.60E-12,0.43298736,6.16E-06,2.43E-05,0.43570697,0,0.4486267,0,0,0.3503546,0,0.58125275,0.47003502,4
0.005408448,0.0031164212,0.056400787,0.08422881,0.3339283,0.37428877,0.36862826,0.27759612,0.30151603,0.37022978,0.3657641,0.3082521,0.36167413,0.39474574,0.34785068,0.26687992,0.42190138,0.45018435,1.34E-17,3.04E-17,0.0047388203,3.96E-17,0.002713128,3.92E-10,6.08E-17,0.58109957,0.2262652,0.58833027,0.0003002656,0.4182318,0.17917994,0.23681483,0.70777625,0.6040937,0
0.44469872,0.50749665,0.21274981,0.13165782,0.38159412,0.46982324,0,0,0.34851477,0.4641461,0,0,0.38961926,0.4486558,0,0,0.43765217,0.46403483,0,0,0,0,0,0.9826649,0,0.43570697,0,0.4486267,0,0,2.08E-17,0,0.58125275,0.47003502,4
0.38618273,0.43144462,0.00602853,0.00010616118,0.38159412,0.46982324,1.09E-06,8.87E-13,0.34851477,0.4641461,0.0005937555,3.00E-07,0.38961926,0.4486558,0.0007311446,5.14E-07,0.43765217,0.46403483,1.15E-21,2.47E-21,0.32011035,7.58E-10,0.33218592,1.48E-05,5.84E-05,0.43570697,0,0.4486267,0,0,0.009929078,0,0.58125275,0.47003502,3
0.37324253,0.30865437,0.005406172,0.00010827096,0.38159412,0.46982324,0,0,0.34851477,0.4641461,0,0,0.38961926,0.4486558,0,0,0.43765217,0.46403483,0,0,0,0,0,0.98266554,0,0.43570697,0,0.4486267,0,0,2.08E-17,0,0.58125275,0.47003502,3
0.45240885,0.20627372,0.2162624,0.13089839,0.38159412,0.46982324,0,0,0.34851477,0.4641461,0,0,0.38961926,0.4486558,0,0,0.43765217,0.46403483,0,0,0,0,0,0.98266476,0,0.43570697,0,0.4486267,0,0,2.08E-17,0,0.58125275,0.47003502,4
0.45877123,0.56862605,0.21392085,0.13141517,0.38159412,0.46982324,0,0,0.34851477,0.4641461,0,0,0.38961926,0.4486558,0,0,0.43765217,0.46403483,0,0,0,0,0,0.98266494,0,0.43570697,0,0.4486267,0,0,2.08E-17,0,0.58125275,0.47003502,4
0.7466286,0.8210953,0.0070914696,9.57E-05,0.38159412,0.46982324,0,0,0.34851477,0.4641461,0,0,0.38961926,0.4486558,0,0,0.43765217,0.46403483,0,0,0,0,0,0.9826656,0,0.43570697,0,0.4486267,0,0,2.08E-17,0,0.58125275,0.47003502,3
0.0009568876,0.0015279645,0.007826731,0.00073328736,0.38159412,0.46982324,1.11E-05,0.0004478043,0.34851477,0.46414703,0.0195466,0.0006867204,0.3896923,0.50603193,0.029759914,0.0011033778,0.43792832,0.5165273,4.20E-19,2.08E-18,0.000966491,6.80E-18,0.0016228127,8.26E-10,6.99E-18,0.43570697,0.00045678712,0.4486267,0.0014072185,0.0008160119,0.038943972,0.0005240926,0.5812524,0.46662277,0
0.0009086966,0.0012612565,0.008461825,0.00089837535,0.38159412,0.46982324,0.00076278555,4.33E-07,0.34851477,0.4641461,0.011702095,0.00012439885,0.38961416,0.4237019,0.010719568,0.00014849495,0.4376465,0.45605558,5.53E-26,4.84E-20,0.00013357628,2.70E-08,0.00028796584,0.011225041,0.043537416,0.43570697,0.00013423605,0.4236744,0.0009983771,0.010679194,0.028009195,0.0001484661,0.5812481,0.46214518,0
0.22223304,0.3026883,7.49E-05,3.79E-06,0.38159412,0.46982324,0,0,0.34851477,0.4641461,0,0,0.38961926,0.4486558,0,0,0.43765217,0.46403483,0,0,0,0,0,0.9826631,0,0.43570697,0,0.4486267,0,0,2.08E-17,0,0.58125275,0.47003502,2
0.39024875,0.27047473,0.22184445,0.13726646,0.38159412,0.46982324,0.00012126123,1.10E-08,0.34851477,0.4641461,0.023305483,0.000462061,0.38961926,0.4486558,0.028531073,0.0007822459,0.43765217,0.46403483,2.61E-21,1.33E-21,0.335121,1.93E-06,0.21334398,5.09E-05,0.0002000942,0.43570697,0,0.4486267,0,0,0.35886526,0,0.58125275,0.47003502,1
0.00040725214,0.0013643822,0.061956286,0.08658319,0.38159412,0.46982324,0,1.44E-18,0.34851477,0.4641461,3.41E-06,9.98E-12,0.38961926,0.4486558,0.008743798,7.35E-05,0.43765175,0.4524521,0,7.74E-31,6.23E-06,6.28E-21,6.75E-05,2.61E-08,2.60E-16,0.43570697,1.08E-11,0.4486267,0.00023387419,0.008710867,0.033483356,7.35E-05,0.5812524,0.45858207,0
0.69939196,0.8134125,0.25034165,0.12740982,0.38159412,0.46982324,1.93E-08,2.78E-16,0.34851477,0.4641461,0.0030567807,7.95E-06,0.38961926,0.4486558,0.0059980107,3.46E-05,0.43765217,0.46403483,8.15E-23,1.27E-22,0.5719157,6.74E-11,0.7231139,5.67E-06,2.23E-05,0.43570697,0,0.4486267,0,0,0.35886526,0,0.58125275,0.47003502,1
0.78314626,0.78751105,0.008079566,7.85E-05,0.38159412,0.46982324,3.87E-06,1.12E-11,0.34851477,0.4641461,0.00022116213,4.16E-08,0.38961926,0.4486558,0.0002650261,6.75E-08,0.43765217,0.46403483,6.98E-23,6.06E-23,0.7456818,9.16E-10,0.8135128,6.72E-06,2.64E-05,0.43570697,0,0.4486267,0,0,0.009929078,0,0.58125275,0.47003502,3
0.40923238,0.6001674,0.21183452,0.13183732,0.38159412,0.46982324,0.022945091,0.00039222528,0.34851477,0.4641461,0.016461961,0.00023053995,0.38961926,0.4486558,0.013662268,0.0001793712,0.43765217,0.46403483,2.67E-21,2.04E-21,0.28668812,1.96E-20,0.46249777,9.17E-07,3.61E-06,0.43570697,0,0.4486267,0,0,0.3503546,0,0.58125275,0.47003502,4
0.0011876298,0.0028726184,0.10173055,0.27940536,0.38159412,0.46982324,0.00017229552,3.14E-06,0.34851477,0.46309617,0.10828908,0.14452472,0.39565495,0.5040921,0.18350062,0.58932453,0.4354702,0.4617109,2.19E-23,1.28E-18,0.0009911545,7.87E-14,0.0011876698,2.99E-08,2.85E-13,0.4319696,0.1464294,0.55452794,0.0009632783,0.10559762,0.2624836,0.5992264,0.6180543,0.5512178,0
0.22891173,0.30840462,7.45E-05,3.78E-06,0.38159412,0.46982324,0,0,0.34851477,0.4641461,0,0,0.38961926,0.4486558,0,0,0.43765217,0.46403483,0,0,0,0,0,0.98266315,0,0.43570697,0,0.4486267,0,0,2.08E-17,0,0.58125275,0.47003502,2
0.77132744,0.92246556,0.24534468,0.12101506,0.38159412,0.46982324,1.32E-05,1.30E-10,0.34851477,0.4641461,0.0051295953,2.24E-05,0.38961926,0.4486558,0.006579331,4.16E-05,0.43765217,0.46403483,2.96E-23,7.59E-23,0.65634227,1.23E-13,0.8232291,2.69E-06,1.06E-05,0.43570697,0,0.4486267,0,0,0.3503546,0,0.58125275,0.47003502,4
0.48550117,0.5907174,0.21536565,0.13110298,0.38159412,0.46982324,0.0003844373,1.10E-07,0.34851477,0.4641461,0.0099115595,8.36E-05,0.38961926,0.4486558,0.012574899,0.00015195539,0.43765217,0.46403483,4.09E-22,7.73E-22,0.35911307,2.25E-14,0.46278346,3.80E-06,1.49E-05,0.43570697,0,0.4486267,0,0,0.3503546,0,0.58125275,0.47003502,4
0.00053003186,0.0004984752,0.013562795,0.0013234945,0.38159412,0.46982324,1.39E-09,1.44E-18,0.34851477,0.4641461,4.13E-06,1.45E-11,0.38961926,0.4486558,0.008818581,7.47E-05,0.43765172,0.45229322,0,3.86E-31,6.76E-06,1.28E-21,6.89E-05,2.56E-08,2.54E-16,0.43570697,1.57E-11,0.4486267,0.00023904891,0.008785367,0.033471026,7.47E-05,0.58125234,0.45842502,0
0.40523854,0.44773734,0.0061191297,0.00010557729,0.38159412,0.46982324,0.0020882352,3.25E-06,0.34851477,0.4641461,0.000975861,8.10E-07,0.38961926,0.4486558,0.0007769414,5.80E-07,0.43765217,0.46403483,2.05E-20,8.07E-21,0.32524964,2.26E-10,0.35009447,1.25E-05,4.92E-05,0.43570697,0,0.4486267,0,0,0.009929078,0,0.58125275,0.47003502,3
0.34996378,0.39247382,0.1841303,0.13426566,0.38159412,0.46982324,0,0,0.34851477,0.4641461,0,0,0.38961926,0.4486558,0,0,0.43765217,0.46403483,0,0,0,0,0,0.9826671,0,0.43570697,0,0.4486267,0,0,2.08E-17,0,0.58125275,0.47003502,5
0.7122775,0.54129285,0.24969344,0.12770404,0.38159412,0.46982324,0.000876836,5.73E-07,0.34851477,0.4641461,0.008145881,5.64E-05,0.38961926,0.4486558,0.0071854703,4.96E-05,0.43765217,0.46403483,1.35E-22,1.21E-22,0.5742878,4.35E-07,0.47996694,2.06E-05,8.09E-05,0.43570697,0,0.4486267,0,0,0.35886526,0,0.58125275,0.47003502,1
0.7549707,0.46421522,0.007079579,9.58E-05,0.38159412,0.46982324,0.0002374253,4.20E-08,0.34851477,0.4641461,0.00036724703,1.15E-07,0.38961926,0.4486558,0.00026573866,6.79E-08,0.43765217,0.46403483,2.55E-22,2.16E-22,0.6333599,2.77E-06,0.421551,2.84E-05,0.00011191127,0.43570697,0,0.4486267,0,0,0.009929078,0,0.58125275,0.47003502,3
0.44485503,0.44955143,0.006106924,0.000105663,0.38159412,0.46982324,0,0,0.34851477,0.4641461,0,0,0.38961926,0.4486558,0,0,0.43765217,0.46403483,0,0,0,0,0,0.98266566,0,0.43570697,0,0.4486267,0,0,2.08E-17,0,0.58125275,0.47003502,3
0.70312065,0.39394367,0.25062487,0.12727942,0.38159412,0.46982324,0,0,0.34851477,0.4641461,0,0,0.38961926,0.4486558,0,0,0.43765217,0.46403483,0,0,0,0,0,0.9826661,0,0.43570697,0,0.4486267,0,0,2.08E-17,0,0.58125275,0.47003502,1
0.36527663,0.35009247,0.1839027,0.13426137,0.38159412,0.46982324,0,0,0.34851477,0.4641461,0,0,0.38961926,0.4486558,0,0,0.43765217,0.46403483,0,0,0,0,0,0.982667,0,0.43570697,0,0.4486267,0,0,2.08E-17,0,0.58125275,0.47003502,5
0.7281446,0.81016105,0.24384494,0.12168668,0.38159412,0.46982324,0.013757333,0.00014100174,0.34851477,0.4641461,0.010540166,9.45E-05,0.38961926,0.4486558,0.007151803,4.92E-05,0.43765217,0.46403483,1.68E-22,1.39E-22,0.5926493,1.38E-10,0.718596,6.16E-06,2.42E-05,0.43570697,0,0.4486267,0,0,0.3503546,0,0.58125275,0.47003502,4
0.3452847,0.24847594,0.2088377,0.13969415,0.38159412,0.46982324,0.0036503915,9.93E-06,0.34851477,0.4641461,0.036865547,0.0011561774,0.38961926,0.4486558,0.031568922,0.0009576937,0.43765217,0.46403483,5.83E-21,6.34E-21,0.23820646,4.83E-06,0.18455511,6.23E-05,0.00024505073,0.43570697,0,0.4486267,0,0,0.35886526,0,0.58125275,0.47003502,1
0.393752,0.33138445,0.20919067,0.1396442,0.38159412,0.46982324,0.00043542348,1.41E-07,0.34851477,0.4641461,0.022720074,0.00043913958,0.38961926,0.4486558,0.02750559,0.00072702445,0.43765217,0.46403483,1.54E-21,2.08E-21,0.26010203,1.71E-07,0.24644685,3.37E-05,0.00013257762,0.43570697,0,0.4486267,0,0,0.35886526,0,0.58125275,0.47003502,1
0.0030548687,0.0023461706,0.021335002,0.013587782,0.44458658,0.72968507,0.121159345,0.6170274,0.42221057,0.75416315,0.121922106,0.75053215,0.4357289,0.61353344,0.121154994,0.8341624,0.5526044,0.6197887,3.10E-17,4.05E-17,0.0016449492,2.43E-14,0.0006282128,5.35E-06,2.09E-05,0.7407831,0.7821827,0.76189435,0.00037502995,0.12341018,0.60279036,0.81952834,0.7687588,0.7726773,0
0.7567418,0.4923314,0.008098992,7.83E-05,0.38159412,0.46982324,0,0,0.34851477,0.4641461,0,0,0.38961926,0.4486558,0,0,0.43765217,0.46403483,0,0,0,0,0,0.98266554,0,0.43570697,0,0.4486267,0,0,2.08E-17,0,0.58125275,0.47003502,3
0.24960089,0.34004575,1.49E-05,1.51E-06,0.38159412,0.46982324,0,0,0.34851477,0.4641461,0,0,0.38961926,0.4486558,0,0,0.43765217,0.46403483,0,0,0,0,0,0.9826631,0,0.43570697,0,0.4486267,0,0,2.08E-17,0,0.58125275,0.47003502,2
0.32284644,0.090004824,0.0054955576,0.00010791223,0.38159412,0.46982324,0,0,0.34851477,0.4641461,0,0,0.38961926,0.4486558,0,0,0.43765217,0.46403483,0,0,0,0,0,0.9826655,0,0.43570697,0,0.4486267,0,0,2.08E-17,0,0.58125275,0.47003502,3
0.71004635,0.7622927,0.25040036,0.12738234,0.38159412,0.46982324,0,0,0.34851477,0.4641461,0,0,0.38961926,0.4486558,0,0,0.43765217,0.46403483,0,0,0,0,0,0.9826662,0,0.43570697,0,0.4486267,0,0,2.08E-17,0,0.58125275,0.47003502,1
0.0008656774,0.0015071592,0.008146931,0.00078367424,0.38159412,0.4698242,0.00027177818,8.33E-06,0.34851477,0.4661457,0.02702791,0.0008412151,0.38974288,0.5211908,0.030765414,0.0011359755,0.43787736,0.50609857,2.88E-22,4.91E-19,0.0008961005,6.86E-18,0.001606374,8.37E-10,6.22E-18,0.43570697,0.00047016123,0.4486195,0.001416452,0.0029464965,0.039549377,0.0004901456,0.5812493,0.46047658,0
0.22275114,0.1971411,7.85E-05,3.95E-06,0.38159412,0.46982324,0,0,0.34851477,0.4641461,0,0,0.38961926,0.4486558,0,0,0.43765217,0.46403483,0,0,0,0,0,0.9826629,0,0.43570697,0,0.4486267,0,0,2.08E-17,0,0.58125275,0.47003502,2
0.42720246,0.4032136,0.21234903,0.13916531,0.38159412,0.46982324,0,0,0.34851477,0.4641461,0,0,0.38961926,0.4486558,0,0,0.43765217,0.46403483,0,0,0,0,0,0.98266613,0,0.43570697,0,0.4486267,0,0,2.08E-17,0,0.58125275,0.47003502,1
0.90322465,0.90250224,0.0081685055,7.63E-05,0.38159412,0.46982324,1.10E-06,9.02E-13,0.34851477,0.4641461,0.00016352681,2.27E-08,0.38961926,0.4486558,0.00024467462,5.75E-08,0.43765217,0.46403483,2.08E-23,3.46E-23,0.90086263,2.77E-11,0.94369173,4.16E-06,1.64E-05,0.43570697,0,0.4486267,0,0,0.009929078,0,0.58125275,0.47003502,3
0.71037745,0.46726516,0.24337181,0.12189574,0.38159412,0.46982324,0,0,0.34851477,0.4641461,0,0,0.38961926,0.4486558,0,0,0.43765217,0.46403483,0,0,0,0,0,0.9826648,0,0.43570697,0,0.4486267,0,0,2.08E-17,0,0.58125275,0.47003502,4
0.39834532,0.10954079,0.21769713,0.1305708,0.38159412,0.46982324,0,0,0.34851477,0.4641461,0,0,0.38961926,0.4486558,0,0,0.43765217,0.46403483,0,0,0,0,0,0.98266476,0,0.43570697,0,0.4486267,0,0,2.08E-17,0,0.58125275,0.47003502,4
0.44844764,0.6010627,0.21325745,0.13155334,0.38159412,0.46982324,1.71E-05,2.17E-10,0.34851477,0.4641461,0.008589594,6.28E-05,0.38961926,0.4486558,0.012422623,0.00014829746,0.43765217,0.46403483,1.70E-21,1.22E-21,0.31418118,2.41E-16,0.46627322,2.36E-06,9.30E-06,0.43570697,0,0.4486267,0,0,0.3503546,0,0.58125275,0.47003502,4
0.75623107,0.70318973,0.0070802714,9.58E-05,0.38159412,0.46982324,1.06E-05,8.40E-11,0.34851477,0.4641461,0.00021923642,4.09E-08,0.38961926,0.4486558,0.0002498107,6.00E-08,0.43765217,0.46403483,1.73E-22,1.59E-22,0.62974817,1.70E-08,0.63860697,1.13E-05,4.44E-05,0.43570697,0,0.4486267,0,0,0.009929078,0,0.58125275,0.47003502,3
0.42758566,0.52632684,0.21265411,0.13167585,0.38159412,0.46982324,0,0,0.34851477,0.4641461,0,0,0.38961926,0.4486558,0,0,0.43765217,0.46403483,0,0,0,0,0,0.9826649,0,0.43570697,0,0.4486267,0,0,2.08E-17,0,0.58125275,0.47003502,4
0.0009025085,0.0015574221,0.008105137,0.00080848276,0.38159412,0.46982324,3.75E-06,3.69E-07,0.34851477,0.4641461,0.0071480116,9.32E-05,0.38962215,0.4654133,0.010028358,0.00014676328,0.43765852,0.47305638,1.06E-30,1.29E-21,0.0001224642,3.68E-17,0.00036175636,5.10E-09,5.07E-17,0.43570697,0.0001005947,0.46538308,0.0012542087,0.009990588,0.02794311,0.00014673476,0.58125794,0.47895548,0
0.3752481,0.4430792,0.20233297,0.14041744,0.38159412,0.46982324,0,0,0.34851477,0.4641461,0,0,0.38961926,0.4486558,0,0,0.43765217,0.46403483,0,0,0,0,0,0.9826662,0,0.43570697,0,0.4486267,0,0,2.08E-17,0,0.58125275,0.47003502,1
0.34666705,0.429794,0.006033968,0.00010611062,0.38159412,0.46982324,1.33E-07,1.31E-14,0.34851477,0.4641461,0.0005047677,2.17E-07,0.38961926,0.4486558,0.00071537186,4.92E-07,0.43765217,0.46403483,5.00E-21,5.99E-21,0.27825296,5.47E-10,0.33124626,1.42E-05,5.59E-05,0.43570697,0,0.4486267,0,0,0.009929078,0,0.58125275,0.47003502,3
0.22919507,0.18337703,7.90E-05,4.07E-06,0.38159412,0.46982324,0,0,0.34851477,0.4641461,0,0,0.38961926,0.4486558,0,0,0.43765217,0.46403483,0,0,0,0,0,0.9826629,0,0.43570697,0,0.4486267,0,0,2.08E-17,0,0.58125275,0.47003502,2
0.00042325098,0.00053139916,0.018126944,0.011890794,0.38159412,0.46982324,0,0.007429931,0.34851477,0.4641461,2.13E-05,0.008667997,0.38961926,0.4486558,0.026397383,0.0097976215,0.43780902,0.47304407,3.78E-17,8.51E-17,0.0002489755,2.41E-15,0.00018318143,1.56E-08,5.86E-15,0.43570697,3.63E-18,0.4486267,7.46E-05,1.98E-09,0.009929078,3.80E-18,0.58125275,0.47003502,0
0.4079963,0.32219142,0.20942,0.13961224,0.38159412,0.46982324,0,0,0.34851477,0.4641461,0,0,0.38961926,0.4486558,0,0,0.43765217,0.46403483,0,0,0,0,0,0.98266613,0,0.43570697,0,0.4486267,0,0,2.08E-17,0,0.58125275,0.47003502,1
0.70750177,0.47801697,0.24373591,0.12173539,0.38159412,0.46982324,3.52E-08,9.25E-16,0.34851477,0.4641461,0.0029426808,7.37E-06,0.38961926,0.4486558,0.005942796,3.39E-05,0.43765217,0.46403483,9.80E-23,1.46E-22,0.5807907,1.66E-06,0.42378652,2.66E-05,0.00010482801,0.43570697,0,0.4486267,0,0,0.3503546,0,0.58125275,0.47003502,4
0.4515026,0.2819344,0.21345763,0.13151334,0.38159412,0.46982324,8.40E-06,5.25E-11,0.34851477,0.4641461,0.009920709,8.37E-05,0.38961926,0.4486558,0.013785906,0.00018263234,0.43765217,0.46403483,1.44E-21,1.92E-21,0.31533846,6.50E-06,0.2189262,5.56E-05,0.00021887255,0.43570697,0,0.4486267,0,0,0.3503546,0,0.58125275,0.47003502,4
0.0001405433,0.00036499518,0.016254306,0.008999143,0.38159412,0.46982324,1.39E-09,1.62E-18,0.34851477,0.4641461,3.11E-06,2.31E-11,0.38961926,0.4486558,0.008687564,7.25E-05,0.43765125,0.4443222,0,0,5.99E-06,5.63E-22,6.64E-05,2.65E-08,2.62E-16,0.43570697,2.49E-11,0.4486267,0.00023022763,0.008654844,0.033517674,7.25E-05,0.581252,0.4505433,0
0.0011063437,0.0014964605,0.008413962,0.0010747776,0.38159412,0.46982324,3.84E-06,3.70E-07,0.34851477,0.46414718,0.0071597816,0.000105603016,0.38962507,0.47981036,0.009992174,0.00015229359,0.43767676,0.49794492,1.06E-30,1.29E-21,0.00012185537,3.65E-17,0.0003557345,5.20E-09,5.18E-17,0.4357081,0.00011395387,0.4797792,0.0012333309,0.00995454,0.02818211,0.00015226401,0.58127284,0.5035651,0
0.73454523,0.5100813,0.0070921076,9.57E-05,0.38159412,0.46982324,0,0,0.34851477,0.4641461,0,0,0.38961926,0.4486558,0,0,0.43765217,0.46403483,0,0,0,0,0,0.98266554,0,0.43570697,0,0.4486267,0,0,2.08E-17,0,0.58125275,0.47003502,3
0.4360617,0.39889252,0.21297191,0.13161136,0.38159412,0.46982324,1.22E-05,1.12E-10,0.34851477,0.4641461,0.008329401,5.90E-05,0.38961926,0.4486558,0.013290892,0.00016975218,0.43765217,0.46403483,1.01E-21,1.22E-21,0.30932283,1.28E-07,0.30903503,2.66E-05,0.00010445495,0.43570697,0,0.4486267,0,0,0.3503546,0,0.58125275,0.47003502,4
0.00094146363,0.0015592455,0.00796445,0.00075606786,0.38159412,0.46982324,7.66E-05,1.05E-06,0.34851477,0.4613008,0.025739864,0.00068354927,0.38968468,0.49746546,0.03048869,0.0011228982,0.4379222,0.5149401,1.31E-21,1.24E-18,0.0007882372,8.06E-18,0.0016180065,8.29E-10,7.12E-18,0.43570697,0.00017345126,0.44862583,0.001382866,0.0013346684,0.03932258,0.00049852626,0.5812517,0.46367177,0
0.21510167,0.20846342,7.90E-05,3.97E-06,0.38159412,0.46982324,0,0,0.34851477,0.4641461,0,0,0.38961926,0.4486558,0,0,0.43765217,0.46403483,0,0,0,0,0,0.9826629,0,0.43570697,0,0.4486267,0,0,2.08E-17,0,0.58125275,0.47003502,2
0.4945412,0.5570462,0.21324769,0.13155706,0.38159412,0.46982324,7.36E-05,4.04E-09,0.34851477,0.4641461,0.008582025,6.27E-05,0.38961926,0.4486558,0.013103884,0.00016500881,0.43765217,0.46403483,5.98E-22,6.43E-22,0.35360357,2.51E-12,0.4321236,6.51E-06,2.56E-05,0.43570697,0,0.4486267,0,0,0.3503546,0,0.58125275,0.47003502,4
0.22534847,0.315159,7.18E-05,3.64E-06,0.38159412,0.46982324,0,0,0.34851477,0.4641461,0,0,0.38961926,0.4486558,0,0,0.43765217,0.46403483,0,0,0,0,0,0.9826632,0,0.43570697,0,0.4486267,0,0,2.08E-17,0,0.58125275,0.47003502,2
0.4597008,0.5589699,0.21374106,0.13145395,0.38159412,0.46982324,4.59E-06,1.57E-11,0.34851477,0.4641461,0.0066100806,3.72E-05,0.38961926,0.4486558,0.012693508,0.00015483543,0.43765217,0.46403483,1.65E-21,3.04E-21,0.33400825,1.49E-12,0.43460986,6.11E-06,2.40E-05,0.43570697,0,0.4486267,0,0,0.3503546,0,0.58125275,0.47003502,4
0.7072485,0.6104892,0.2497563,0.12767567,0.38159412,0.46982324,2.58E-07,4.94E-14,0.34851477,0.4641461,0.0036241035,1.12E-05,0.38961926,0.4486558,0.006237504,3.74E-05,0.43765217,0.46403483,1.98E-22,1.71E-22,0.57160646,8.61E-08,0.5414487,1.55E-05,6.10E-05,0.43570697,0,0.4486267,0,0,0.35886526,0,0.58125275,0.47003502,1
0.71213377,0.7945316,0.25014606,0.12749824,0.38159412,0.46982324,0,0,0.34851477,0.4641461,0,0,0.38961926,0.4486558,0,0,0.43765217,0.46403483,0,0,0,0,0,0.9826662,0,0.43570697,0,0.4486267,0,0,2.08E-17,0,0.58125275,0.47003502,1
0.3602993,0.13495561,0.19993278,0.14059444,0.38159412,0.46982324,0,0,0.34851477,0.4641461,0,0,0.38961926,0.4486558,0,0,0.43765217,0.46403483,0,0,0,0,0,0.9826661,0,0.43570697,0,0.4486267,0,0,2.08E-17,0,0.58125275,0.47003502,1
0.74418825,0.8026524,0.0070841494,9.58E-05,0.38159412,0.46982324,0,0,0.34851477,0.4641461,0,0,0.38961926,0.4486558,0,0,0.43765217,0.46403483,0,0,0,0,0,0.9826656,0,0.43570697,0,0.4486267,0,0,2.08E-17,0,0.58125275,0.47003502,3
0.481604,0.32301402,0.21408005,0.13138229,0.38159412,0.46982324,0,0,0.34851477,0.4641461,0,0,0.38961926,0.4486558,0,0,0.43765217,0.46403483,0,0,0,0,0,0.9826648,0,0.43570697,0,0.4486267,0,0,2.08E-17,0,0.58125275,0.47003502,4
0.34688866,0.13289101,0.18205217,0.13422343,0.38159412,0.46982324,0.00083031174,5.14E-07,0.34851477,0.4641461,0.017277123,0.00025393695,0.38961926,0.4486558,0.02076891,0.00041450953,0.43765217,0.46403483,5.00E-22,8.77E-15,0.2106501,0.00014637678,0.088040106,0.0001814191,0.0007135536,0.43570697,1.39E-15,0.4486267,0.30498633,4.19E-08,0.3503546,1.70E-15,0.58125275,0.47003502,5
0.35152048,0.13870686,0.20087186,0.14052834,0.38159412,0.46982324,0.002964413,6.55E-06,0.34851477,0.4641461,0.028878605,0.0007094724,0.38961926,0.4486558,0.02739965,0.0007214349,0.43765217,0.46403483,8.94E-22,2.15E-16,0.23322517,9.32E-05,0.09904113,0.00015573668,0.00061255577,0.43570697,0,0.4486267,0,0,0.35886526,0,0.58125275,0.47003502,1
0.7672894,0.8820822,0.007156978,9.47E-05,0.38159412,0.46982324,4.87E-06,1.77E-11,0.34851477,0.4641461,0.0001929191,3.17E-08,0.38961926,0.4486558,0.00024908152,5.96E-08,0.43765217,0.46403483,1.61E-23,4.22E-23,0.6899544,9.25E-12,0.809758,4.23E-06,1.67E-05,0.43570697,0,0.4486267,0,0,0.009929078,0,0.58125275,0.47003502,3
0.17351097,0.027874786,0.22302009,0.12918392,0.38159412,0.46982324,0.040266547,0.0012079384,0.34851477,0.4641461,0.032939855,0.00092305243,0.38961926,0.4486558,0.03169733,0.0009655003,0.43765217,0.46403483,7.65E-07,0.00033024416,0.12815535,0.0029728843,0.022642719,0.0009064945,0.0035627582,0.43570697,0,0.4486267,0,0,0.3503546,0,0.58125275,0.47003502,4
0.70507896,0.7633372,0.25070676,0.12724183,0.38159412,0.46982324,0,0,0.34851477,0.4641461,0,0,0.38961926,0.4486558,0,0,0.43765217,0.46403483,0,0,0,0,0,0.9826662,0,0.43570697,0,0.4486267,0,0,2.08E-17,0,0.58125275,0.47003502,1
0.74805486,0.4861492,0.0070914626,9.56E-05,0.38159412,0.46982324,3.54E-05,9.33E-10,0.34851477,0.4641461,0.00030335147,7.83E-08,0.38961926,0.4486558,0.00025450005,6.22E-08,0.43765217,0.46403483,1.05E-22,1.31E-22,0.63106894,1.89E-06,0.44220814,2.61E-05,0.000102644364,0.43570697,0,0.4486267,0,0,0.009929078,0,0.58125275,0.47003502,3
0.30596176,0.08783753,0.1847193,0.13429587,0.38159412,0.46982324,0.03590977,0.0009606854,0.34851477,0.4641461,0.022240635,0.00042080163,0.38961926,0.4486558,0.022788739,0.0004990541,0.43765217,0.46403483,3.48E-21,5.25E-10,0.19187486,0.0004895,0.059052818,0.00030230917,0.0011888883,0.43570697,1.04E-15,0.4486267,0.20453522,6.53E-08,0.3503546,4.13E-15,0.58125275,0.47003502,5
0.2628153,0.34588128,1.50E-05,1.50E-06,0.38159412,0.46982324,0,0,0.34851477,0.4641461,0,0,0.38961926,0.4486558,0,0,0.43765217,0.46403483,0,0,0,0,0,0.9826631,0,0.43570697,0,0.4486267,0,0,2.08E-17,0,0.58125275,0.47003502,2
0.25885868,0.34152249,1.53E-05,1.51E-06,0.38159412,0.46982324,0,0,0.34851477,0.4641461,0,0,0.38961926,0.4486558,0,0,0.43765217,0.46403483,0,0,0,0,0,0.9826631,0,0.43570697,0,0.4486267,0,0,2.08E-17,0,0.58125275,0.47003502,2
0.0012001448,0.0016923627,0.008065462,0.00075697765,0.38159412,0.4964788,0.00063112454,2.61E-06,0.34851485,0.5059566,0.023000782,0.0006453039,0.38961953,0.44885182,0.030364435,0.0011141513,0.43767014,0.46744555,2.93E-17,2.93E-17,0.0012251014,2.04E-17,0.001768184,7.38E-10,1.76E-17,0.43655002,0.00025531583,0.51164687,0.0015648132,0.005319995,0.040013738,0.0004826702,0.5812803,0.5125936,0
0.7191422,0.67934966,0.24308567,0.12202059,0.38159412,0.46982324,0,0,0.34851477,0.4641461,0,0,0.38961926,0.4486558,0,0,0.43765217,0.46403483,0,0,0,0,0,0.9826648,0,0.43570697,0,0.4486267,0,0,2.08E-17,0,0.58125275,0.47003502,4
0.41572362,0.60146785,0.21216404,0.13177204,0.38159412,0.46982324,6.08E-06,2.75E-11,0.34851477,0.4641461,0.008617312,6.32E-05,0.38961926,0.4486558,0.012968848,0.0001616255,0.43765217,0.46403483,5.20E-22,5.33E-22,0.29384613,2.78E-20,0.46420392,9.50E-07,3.74E-06,0.43570697,0,0.4486267,0,0,0.3503546,0,0.58125275,0.47003502,4
0.00028606993,0.0003764158,0.011947577,0.00044910942,0.38159412,0.46982324,4.31E-07,2.64E-12,0.34851477,0.4723536,0.0054758997,0.00047576267,0.38964584,0.5327254,0.009299147,0.0015280511,0.43796396,0.5927209,0,1.24E-23,4.69E-05,1.23E-16,0.00014323108,1.34E-08,4.57E-16,0.43570697,2.03E-18,0.4486267,0.0003175178,1.72E-09,0.017626109,4.03E-18,0.58125275,0.47003502,0
0.7149181,0.8839241,0.24401131,0.12161349,0.38159412,0.46982324,0,0,0.34851477,0.4641461,0,0,0.38961926,0.4486558,0,0,0.43765217,0.46403483,0,0,0,0,0,0.98266494,0,0.43570697,0,0.4486267,0,0,2.08E-17,0,0.58125275,0.47003502,4
0.36735156,0.474246,0.0060258587,0.00010618303,0.38159412,0.46982324,0,0,0.34851477,0.4641461,0,0,0.38961926,0.4486558,0,0,0.43765217,0.46403483,0,0,0,0,0,0.98266566,0,0.43570697,0,0.4486267,0,0,2.08E-17,0,0.58125275,0.47003502,3
0.23013869,0.2534848,7.55E-05,3.85E-06,0.38159412,0.46982324,0,0,0.34851477,0.4641461,0,0,0.38961926,0.4486558,0,0,0.43765217,0.46403483,0,0,0,0,0,0.982663,0,0.43570697,0,0.4486267,0,0,2.08E-17,0,0.58125275,0.47003502,2
0.459553,0.47944248,0.21330489,0.1315444,0.38159412,0.46982324,0.004510858,1.52E-05,0.34851477,0.4641461,0.014047427,0.00016787136,0.38961926,0.4486558,0.014839399,0.00021161171,0.43765217,0.46403483,6.56E-22,7.30E-22,0.32953668,2.36E-09,0.3720547,1.49E-05,5.86E-05,0.43570697,0,0.4486267,0,0,0.3503546,0,0.58125275,0.47003502,4
0.73770857,0.42069823,0.008057115,7.93E-05,0.38159412,0.46982324,0,0,0.34851477,0.4641461,0,0,0.38961926,0.4486558,0,0,0.43765217,0.46403483,0,0,0,0,0,0.98266554,0,0.43570697,0,0.4486267,0,0,2.08E-17,0,0.58125275,0.47003502,3
0.74826896,0.4422717,0.0070892833,9.57E-05,0.38159412,0.46982324,0.0005699105,2.42E-07,0.34851477,0.4641461,0.0003022626,7.77E-08,0.38961926,0.4486558,0.0002314581,5.15E-08,0.43765217,0.46403483,1.23E-22,1.35E-22,0.63222134,3.91E-06,0.4021573,3.09E-05,0.00012139936,0.43570697,0,0.4486267,0,0,0.009929078,0,0.58125275,0.47003502,3
0.7585995,0.43023947,0.00807553,7.89E-05,0.38159412,0.46982324,0,0,0.34851477,0.4641461,0,0,0.38961926,0.4486558,0,0,0.43765217,0.46403483,0,0,0,0,0,0.98266554,0,0.43570697,0,0.4486267,0,0,2.08E-17,0,0.58125275,0.47003502,3
0.41678584,0.3690594,0.0056625367,0.0001078207,0.38159412,0.46982324,9.92E-06,7.33E-11,0.34851477,0.4641461,0.00055174064,2.59E-07,0.38961926,0.4486558,0.00070256565,4.74E-07,0.43765217,0.46403483,2.59E-21,3.30E-21,0.29896507,5.49E-08,0.26660895,2.82E-05,0.00011090173,0.43570697,0,0.4486267,0,0,0.009929078,0,0.58125275,0.47003502,3
0.2642941,0.27082673,1.53E-05,1.56E-06,0.38159412,0.46982324,0,0,0.34851477,0.4641461,0,0,0.38961926,0.4486558,0,0,0.43765217,0.46403483,0,0,0,0,0,0.9826629,0,0.43570697,0,0.4486267,0,0,2.08E-17,0,0.58125275,0.47003502,2
0.8597315,0.9037943,0.008141838,7.71E-05,0.38159412,0.46982324,0.00062426215,2.90E-07,0.34851477,0.4641461,0.00030231348,7.77E-08,0.38961926,0.4486558,0.0002615407,6.57E-08,0.43765217,0.46403483,3.06E-22,1.71E-21,0.8307517,2.38E-11,0.9409542,4.08E-06,1.60E-05,0.43570697,0,0.4486267,0,0,0.009929078,0,0.58125275,0.47003502,3
0.00028828013,0.0009278609,0.037993763,0.051070623,0.38159412,0.46982324,3.73E-07,0.00050244754,0.34851477,0.46414796,0.005559349,0.0044666585,0.38968188,0.51229745,0.30120948,0.2165033,0.44330826,0.47035867,0,9.74E-24,4.73E-05,1.17E-16,0.00061959546,6.77E-06,2.71E-05,0.43570697,9.07E-19,0.4486267,0.00032651916,0,0.017626109,1.90E-18,0.58125275,0.47003502,0
0.46040797,0.10048482,0.008027303,7.96E-05,0.38159412,0.46982324,0.00042189652,1.33E-07,0.34851477,0.4641461,0.000417335,1.48E-07,0.38961926,0.4486558,0.00041242913,1.63E-07,0.43765217,0.46403483,1.12E-15,2.97E-07,0.43489102,0.00044471907,0.10299887,0.00018632787,0.0007328559,0.43570697,0,0.4486267,0,0,0.009929078,0,0.58125275,0.47003502,3
0.23184662,0.3183916,7.24E-05,3.67E-06,0.38159412,0.46982324,0,0,0.34851477,0.4641461,0,0,0.38961926,0.4486558,0,0,0.43765217,0.46403483,0,0,0,0,0,0.9826633,0,0.43570697,0,0.4486267,0,0,2.08E-17,0,0.58125275,0.47003502,2
0.42629707,0.40337995,0.0058454317,0.00010712393,0.38159412,0.46982324,0.0009694429,7.00E-07,0.34851477,0.4641461,0.00048513248,2.00E-07,0.38961926,0.4486558,0.00063311396,3.85E-07,0.43765217,0.46403483,8.11E-22,1.23E-21,0.31016135,1.00E-08,0.30084562,2.12E-05,8.32E-05,0.43570697,0,0.4486267,0,0,0.009929078,0,0.58125275,0.47003502,3
0.7295402,0.96834433,0.24402675,0.12160657,0.38159412,0.46982324,7.87E-07,4.61E-13,0.34851477,0.4641461,0.0039975643,1.36E-05,0.38961926,0.4486558,0.0064487457,4.00E-05,0.43765217,0.46403483,3.92E-22,4.53E-22,0.58365095,3.16E-16,0.8595286,1.40E-06,5.52E-06,0.43570697,0,0.4486267,0,0,0.3503546,0,0.58125275,0.47003502,4
0.7216829,0.38505492,0.008043914,7.97E-05,0.38159412,0.46982324,2.04E-07,3.11E-14,0.34851477,0.4641461,0.00017264561,2.54E-08,0.38961926,0.4486558,0.00026347625,6.67E-08,0.43765217,0.46403483,5.43E-23,1.45E-22,0.68145144,7.81E-06,0.39584517,3.39E-05,0.00013317764,0.43570697,0,0.4486267,0,0,0.009929078,0,0.58125275,0.47003502,3
0.0012038341,0.0016124403,0.007912224,0.00069571694,0.38159412,0.4699426,0.00062302896,4.04E-05,0.34851485,0.4724931,0.016971499,0.00060458813,0.38964894,0.47674504,0.028884871,0.0010597912,0.43784186,0.50143194,8.19E-18,8.38E-18,0.0011897378,1.58E-17,0.0017225397,7.67E-10,1.74E-17,0.49590313,0.0004546455,0.5480379,0.001563679,0.004858758,0.039531898,0.0005111948,0.5812917,0.5339421,0
0.4043743,0.16811384,0.2095839,0.13958372,0.38159412,0.46982324,0.00013720301,1.40E-08,0.34851477,0.4641461,0.019273082,0.00031599874,0.38961926,0.4486558,0.023669185,0.00053836114,0.43765217,0.46403483,2.21E-21,4.61E-19,0.29153004,4.15E-05,0.1252081,0.00011617637,0.00045697286,0.43570697,0,0.4486267,0,0,0.35886526,0,0.58125275,0.47003502,1
0.32988822,0.3951201,0.1839811,0.13426463,0.38159412,0.46982324,0.00019206257,2.75E-08,0.34851477,0.4641461,0.012785662,0.00013906872,0.38961926,0.4486558,0.016754007,0.00026973942,0.43765217,0.46403483,4.53E-21,1.07E-20,0.20271519,7.83E-10,0.26447535,1.79E-05,7.03E-05,0.43570697,3.37E-15,0.4486267,0.9164499,9.83E-08,0.3503546,9.36E-15,0.58125275,0.47003502,5
0.3033194,0.10522136,0.0055266414,0.000107899716,0.38159412,0.46982324,1.24E-07,1.14E-14,0.34851477,0.4641461,0.00020812773,3.69E-08,0.38961926,0.4486558,0.00031988067,9.83E-08,0.43765217,0.46403483,2.71E-20,2.21E-12,0.19862418,0.00025951848,0.07421096,0.00022656615,0.0008910822,0.43570697,0,0.4486267,0,0,0.009929078,0,0.58125275,0.47003502,3
0.8036047,0.85392416,0.0081040505,7.78E-05,0.38159412,0.46982324,0,0,0.34851477,0.4641461,0,0,0.38961926,0.4486558,0,0,0.43765217,0.46403483,0,0,0,0,0,0.98266566,0,0.43570697,0,0.4486267,0,0,2.08E-17,0,0.58125275,0.47003502,3
0.30614427,0.095670395,0.0054402943,0.00010797035,0.38159412,0.46982324,5.00E-07,1.87E-13,0.34851477,0.4641461,0.00024332154,5.04E-08,0.38961926,0.4486558,0.00034305864,1.13E-07,0.43765217,0.46403483,5.21E-21,3.63E-11,0.19446647,0.0003547113,0.06642483,0.00026059823,0.0010248943,0.43570697,0,0.4486267,0,0,0.009929078,0,0.58125275,0.47003502,3
0.0012393343,0.0021515691,0.06374379,0.09223139,0.38159412,0.46982324,1.39E-09,0.0074961167,0.34851477,0.4641461,7.04E-05,0.008672098,0.38961926,0.44866315,0.048920088,0.00997017,0.4401562,0.54194474,1.81E-21,2.38E-18,0.0003628142,1.10E-15,0.00026144844,1.06E-08,3.69E-15,0.43570697,1.81E-18,0.4486267,0.0002165353,1.40E-09,0.009929078,1.90E-18,0.58125275,0.47003502,0
0.70960015,0.5074204,0.24332023,0.12191742,0.38159412,0.46982324,0.017115526,0.0002182411,0.34851477,0.4641461,0.010775895,9.88E-05,0.38961926,0.4486558,0.0075290385,5.45E-05,0.43765217,0.46403483,1.46E-22,1.94E-22,0.57807815,9.46E-07,0.44910446,2.38E-05,9.35E-05,0.43570697,0,0.4486267,0,0,0.3503546,0,0.58125275,0.47003502,4
0.4344705,0.43925127,0.21191908,0.1318222,0.38159412,0.46982324,0,0,0.34851477,0.4641461,0,0,0.38961926,0.4486558,0,0,0.43765217,0.46403483,0,0,0,0,0,0.9826649,0,0.43570697,0,0.4486267,0,0,2.08E-17,0,0.58125275,0.47003502,4
0.0011757626,0.0016330614,0.007980197,0.0007536816,0.38159412,0.46982324,8.53E-06,3.83E-05,0.34851477,0.46421504,0.019303693,0.000581202,0.38959223,0.42468044,0.030395862,0.0011360045,0.43778628,0.48888168,8.56E-18,8.73E-18,0.0010620558,9.44E-18,0.0017063034,7.66E-10,8.13E-18,0.43570697,0.0017656651,0.47090322,0.0013484326,0.055931944,0.04292592,0.0032925012,0.58160317,0.50146633,0
0.4237457,0.4388718,0.21578094,0.13855645,0.38159412,0.46982324,0,0,0.34851477,0.4641461,0,0,0.38961926,0.4486558,0,0,0.43765217,0.46403483,0,0,0,0,0,0.9826662,0,0.43570697,0,0.4486267,0,0,2.08E-17,0,0.58125275,0.47003502,1
0.2267497,0.2666947,7.52E-05,3.80E-06,0.38159412,0.46982324,0,0,0.34851477,0.4641461,0,0,0.38961926,0.4486558,0,0,0.43765217,0.46403483,0,0,0,0,0,0.982663,0,0.43570697,0,0.4486267,0,0,2.08E-17,0,0.58125275,0.47003502,2
0.7645096,0.49117965,0.008085062,7.86E-05,0.38159412,0.46982324,0.00047430798,1.68E-07,0.34851477,0.4641461,0.00039669097,1.34E-07,0.38961926,0.4486558,0.00031205188,9.36E-08,0.43765217,0.46403483,1.40E-22,1.29E-22,0.7346069,1.46E-06,0.5079504,2.25E-05,8.84E-05,0.43570697,0,0.4486267,0,0,0.009929078,0,0.58125275,0.47003502,3
0.44083995,0.19890022,0.20946269,0.13960665,0.38159412,0.46982324,0.038433786,0.0011004804,0.34851477,0.4641461,0.020810738,0.00036843258,0.38961926,0.4486558,0.02292811,0.000505177,0.43765217,0.46403483,5.51E-22,1.53E-21,0.30891836,2.07E-05,0.14804696,9.22E-05,0.0003626125,0.43570697,0,0.4486267,0,0,0.35886526,0,0.58125275,0.47003502,1
0.42532438,0.60240537,0.21159168,0.13188505,0.38159412,0.46982324,0,0,0.34851477,0.4641461,0,0,0.38961926,0.4486558,0,0,0.43765217,0.46403483,0,0,0,0,0,0.9826651,0,0.43570697,0,0.4486267,0,0,2.08E-17,0,0.58125275,0.47003502,4
0.4397241,0.5730513,0.21440351,0.13131233,0.38159412,0.46982324,7.21E-06,3.87E-11,0.34851477,0.4641461,0.0077547906,5.12E-05,0.38961926,0.4486558,0.012597677,0.00015250639,0.43765217,0.46403483,4.81E-22,1.03E-21,0.32289246,8.56E-14,0.44693616,4.45E-06,1.75E-05,0.43570697,0,0.4486267,0,0,0.3503546,0,0.58125275,0.47003502,4
0.001387739,0.0015604646,0.008160894,0.0007472392,0.38159412,0.46982324,0.000551148,2.35E-06,0.34851477,0.46376738,0.018404132,0.0005453166,0.38961592,0.44546866,0.030056719,0.0010804997,0.43769857,0.4731555,1.88E-17,2.47E-17,0.0013863525,1.59E-17,0.0016547407,8.14E-10,1.66E-17,0.43570697,0.0018377311,0.47149795,0.001283874,0.05566901,0.043264654,0.0032771819,0.58159983,0.5009896,0
0.71754473,0.7309503,0.25028354,0.12743619,0.38159412,0.46982324,1.36E-07,1.39E-14,0.34851477,0.4641461,0.0033671493,9.65E-06,0.38961926,0.4486558,0.0061020902,3.58E-05,0.43765217,0.46403483,1.32E-22,1.18E-22,0.5855074,2.47E-09,0.64965546,9.08E-06,3.57E-05,0.43570697,0,0.4486267,0,0,0.35886526,0,0.58125275,0.47003502,1
0.41423166,0.5116562,0.21297915,0.13160998,0.38159412,0.46982324,0.013319292,0.00013216554,0.34851477,0.4641461,0.015843945,0.00021355494,0.38961926,0.4486558,0.014464159,0.00020104507,0.43765217,0.46403483,2.31E-21,2.48E-21,0.2966147,1.64E-10,0.39643747,1.06E-05,4.17E-05,0.43570697,0,0.4486267,0,0,0.3503546,0,0.58125275,0.47003502,4
0.43144453,0.5238972,0.21300985,0.13160352,0.38159412,0.46982324,0.021658985,0.0003494879,0.34851477,0.4641461,0.016810536,0.0002404065,0.38961926,0.4486558,0.014496759,0.00020195235,0.43765217,0.46403483,4.27E-22,6.13E-22,0.30774707,5.06E-11,0.405981,9.23E-06,3.63E-05,0.43570697,0,0.4486267,0,0,0.3503546,0,0.58125275,0.47003502,4
0.7175694,0.6454005,0.24298486,0.12206459,0.38159412,0.46982324,0,0,0.34851477,0.4641461,0,0,0.38961926,0.4486558,0,0,0.43765217,0.46403483,0,0,0,0,0,0.9826648,0,0.43570697,0,0.4486267,0,0,2.08E-17,0,0.58125275,0.47003502,4
0.4035533,0.6011035,0.21358849,0.13148415,0.38159412,0.46982324,0.0012289659,1.13E-06,0.34851477,0.4641461,0.014449266,0.00017761295,0.38961926,0.4486558,0.013414187,0.00017291626,0.43765217,0.46403483,1.82E-21,1.70E-21,0.28780478,9.00E-19,0.46705043,1.34E-06,5.26E-06,0.43570697,0,0.4486267,0,0,0.3503546,0,0.58125275,0.47003502,4
7.67E-05,0.00039133636,0.010551797,0.0004797672,0.38159412,0.46982324,0,0,0.34851477,0.4641461,9.65E-05,7.96E-09,0.38961926,0.4271641,0.011379325,0.00012443692,0.43765238,0.4669885,0,3.86E-31,6.96E-06,3.74E-20,7.78E-05,2.32E-08,3.83E-16,0.43570697,8.59E-09,0.42713636,0.00026975595,0.011336466,0.03299012,0.00012441273,0.5812529,0.4729556,0
0.7123568,0.5737208,0.24324512,0.12195102,0.38159412,0.46982324,0,0,0.34851477,0.4641461,0,0,0.38961926,0.4486558,0,0,0.43765217,0.46403483,0,0,0,0,0,0.9826648,0,0.43570697,0,0.4486267,0,0,2.08E-17,0,0.58125275,0.47003502,4
0.0007315379,0.00045801015,0.010985646,0.00045633837,0.38159412,0.46982324,1.97E-09,2.97E-18,0.34851477,0.4641461,0.00044349977,1.68E-07,0.38961926,0.44863206,0.0127281,0.0001556828,0.43765098,0.44867966,0,3.86E-31,7.00E-06,7.88E-19,8.39E-05,2.18E-08,4.52E-16,0.43570697,1.81E-07,0.44860294,0.00029082326,0.012680161,0.032646794,0.00015565255,0.58125174,0.45485193,0
0.0012499464,0.0015740686,0.007999136,0.0007346373,0.38159412,0.46982324,6.23E-05,1.03E-06,0.34851477,0.464144,0.022149982,0.0005539878,0.38963482,0.4625549,0.030065853,0.0010795478,0.43788424,0.5097379,2.47E-17,2.49E-17,0.0012198192,2.46E-17,0.0016302865,8.36E-10,1.91E-17,0.43570697,0.00018913877,0.44840908,0.0014723104,0.0031720756,0.03992489,0.00046319183,0.58124906,0.46037322,0
0.35204577,0.13878521,0.20097607,0.14052047,0.38159412,0.46982324,0.0029274265,6.38E-06,0.34851477,0.4641461,0.028835407,0.0007073514,0.38961926,0.4486558,0.02738471,0.0007206483,0.43765217,0.46403483,8.57E-22,2.09E-16,0.23390217,9.30E-05,0.09914838,0.00015556667,0.00061188714,0.43570697,0,0.4486267,0,0,0.35886526,0,0.58125275,0.47003502,1
0.72821337,0.7468279,0.008069125,7.88E-05,0.38159412,0.46982324,0.0008985132,6.01E-07,0.34851477,0.4641461,0.000391808,1.31E-07,0.38961926,0.4486558,0.0002872821,7.93E-08,0.43765217,0.46403483,7.20E-23,1.23E-22,0.6881958,2.87E-09,0.77003604,7.90E-06,3.11E-05,0.43570697,0,0.4486267,0,0,0.009929078,0,0.58125275,0.47003502,3
0.1776809,0.028330863,0.006431287,0.000102768834,0.38159412,0.46982324,0.00086850685,5.62E-07,0.34851477,0.4641461,0.00065703574,3.67E-07,0.38961926,0.4486558,0.00062756956,3.78E-07,0.43765217,0.46403483,4.84E-08,0.00010939721,0.13645042,0.0025871482,0.023342438,0.00087265216,0.00342987,0.43570697,0,0.4486267,0,0,0.009929078,0,0.58125275,0.47003502,3
0.74002796,0.44857144,0.008039417,7.96E-05,0.38159412,0.46982324,1.94E-05,2.79E-10,0.34851477,0.4641461,0.00022465574,4.29E-08,0.38961926,0.4486558,0.0002695136,6.98E-08,0.43765217,0.46403483,1.08E-22,8.73E-23,0.69675726,2.93E-06,0.4611407,2.64E-05,0.00010387601,0.43570697,0,0.4486267,0,0,0.009929078,0,0.58125275,0.47003502,3
0.22090404,0.30080643,7.39E-05,3.70E-06,0.38159412,0.46982324,0,0,0.34851477,0.4641461,0,0,0.38961926,0.4486558,0,0,0.43765217,0.46403483,0,0,0,0,0,0.9826631,0,0.43570697,0,0.4486267,0,0,2.08E-17,0,0.58125275,0.47003502,2
0.23983054,0.043683086,0.006946549,9.72E-05,0.38159412,0.46982324,0,0,0.34851477,0.4641461,0,0,0.38961926,0.4486558,0,0,0.43765217,0.46403483,0,0,0,0,0,0.9826655,0,0.43570697,0,0.4486267,0,0,2.08E-17,0,0.58125275,0.47003502,3
0.44530088,0.5621801,0.21402355,0.1313934,0.38159412,0.46982324,0,0,0.34851477,0.4641461,0,0,0.38961926,0.4486558,0,0,0.43765217,0.46403483,0,0,0,0,0,0.98266494,0,0.43570697,0,0.4486267,0,0,2.08E-17,0,0.58125275,0.47003502,4
0.42442673,0.60230744,0.21207602,0.13179064,0.38159412,0.46982324,0,0,0.34851477,0.4641461,0,0,0.38961926,0.4486558,0,0,0.43765217,0.46403483,0,0,0,0,0,0.9826651,0,0.43570697,0,0.4486267,0,0,2.08E-17,0,0.58125275,0.47003502,4
0.7380079,0.93297523,0.2450847,0.12113303,0.38159412,0.46982324,7.72E-08,4.44E-15,0.34851477,0.4641461,0.0031120882,8.24E-06,0.38961926,0.4486558,0.0062049185,3.70E-05,0.43765217,0.46403483,1.91E-22,2.11E-22,0.61207736,4.54E-14,0.83171916,2.39E-06,9.41E-06,0.43570697,0,0.4486267,0,0,0.3503546,0,0.58125275,0.47003502,4
0.71947867,0.9867391,0.24390276,0.12166108,0.38159412,0.46982324,0,0,0.34851477,0.4641461,0,0,0.38961926,0.4486558,0,0,0.43765217,0.46403483,0,0,0,0,0,0.98266506,0,0.43570697,0,0.4486267,0,0,2.08E-17,0,0.58125275,0.47003502,4
0.0008856144,0.001577032,0.008208335,0.0008576471,0.38159412,0.49104694,0.002508677,4.70E-06,0.34851483,0.48293945,0.035239995,0.0011259619,0.389584,0.42950314,0.032705303,0.0012430212,0.43758827,0.4529522,1.07E-21,1.22E-18,0.0008150667,8.41E-18,0.0016184121,8.30E-10,8.09E-18,0.43570697,0.0001689505,0.44862637,0.0013949095,0.0012805212,0.039165013,0.0005097205,0.5812503,0.45507786,0
0.7271131,0.68869627,0.0080673965,7.91E-05,0.38159412,0.46982324,7.36E-06,4.04E-11,0.34851477,0.4641461,0.00024401121,5.07E-08,0.38961926,0.4486558,0.00027652818,7.35E-08,0.43765217,0.46403483,7.45E-23,7.22E-23,0.6860361,1.67E-08,0.7093631,1.02E-05,4.02E-05,0.43570697,0,0.4486267,0,0,0.009929078,0,0.58125275,0.47003502,3
0.90393454,0.9203578,0.0081643425,7.66E-05,0.38159412,0.46982324,0.00013101424,1.28E-08,0.34851477,0.4641461,0.00025209258,5.41E-08,0.38961926,0.4486558,0.00025498564,6.25E-08,0.43765217,0.46403483,6.59E-23,1.40E-22,0.8879675,1.66E-11,0.96101254,3.88E-06,1.53E-05,0.43570697,0,0.4486267,0,0,0.009929078,0,0.58125275,0.47003502,3
0.25836915,0.33619496,1.52E-05,1.55E-06,0.38159412,0.46982324,0,0,0.34851477,0.4641461,0,0,0.38961926,0.4486558,0,0,0.43765217,0.46403483,0,0,0,0,0,0.98266304,0,0.43570697,0,0.4486267,0,0,2.08E-17,0,0.58125275,0.47003502,2
0.22052199,0.27392507,7.31E-05,3.76E-06,0.38159412,0.46982324,0,0,0.34851477,0.4641461,0,0,0.38961926,0.4486558,0,0,0.43765217,0.46403483,0,0,0,0,0,0.982663,0,0.43570697,0,0.4486267,0,0,2.08E-17,0,0.58125275,0.47003502,2
0.00044973302,0.0004132858,0.015955115,0.008182984,0.38159412,0.46982324,1.39E-09,1.62E-18,0.34851477,0.4641461,4.30E-06,1.58E-11,0.38961926,0.4486558,0.008845043,7.52E-05,0.43765172,0.45229077,0,3.86E-31,6.77E-06,1.88E-22,6.93E-05,2.55E-08,2.52E-16,0.43570697,1.70E-11,0.4486267,0.0002403494,0.00881173,0.03346665,7.52E-05,0.58125234,0.45842257,0
0.27915406,0.06913449,0.23454396,0.13361716,0.38159412,0.46982324,0.00066139176,3.26E-07,0.34851477,0.4641461,0.016949698,0.0002444033,0.38961926,0.4486558,0.019546714,0.00036715937,0.43765217,0.46403483,1.43E-21,1.93E-09,0.2221482,0.0005171786,0.057600483,0.00031623413,0.001243632,0.43570697,0,0.4486267,0,0,0.35886526,0,0.58125275,0.47003502,1
0.00032249963,0.00041142036,0.01078401,0.0006189208,0.38159412,0.46983176,0.0032287398,0.00016116428,0.34851566,0.47248888,0.008884685,0.0013851103,0.3896677,0.50399506,0.024772795,0.0025853128,0.437786,0.4801782,1.10E-22,7.62E-18,0.00018121969,6.61E-16,0.00017673662,1.12E-08,3.41E-10,0.43570697,1.28E-18,0.4486267,0.00038685722,9.90E-10,0.017626109,1.34E-18,0.58125275,0.47003502,0
0.21804449,0.30272266,7.52E-05,3.81E-06,0.38159412,0.46982324,0,0,0.34851477,0.4641461,0,0,0.38961926,0.4486558,0,0,0.43765217,0.46403483,0,0,0,0,0,0.9826631,0,0.43570697,0,0.4486267,0,0,2.08E-17,0,0.58125275,0.47003502,2
0.3475799,0.4338367,0.20880716,0.13969533,0.38159412,0.46982324,0,0,0.34851477,0.4641461,0,0,0.38961926,0.4486558,0,0,0.43765217,0.46403483,0,0,0,0,0,0.9826662,0,0.43570697,0,0.4486267,0,0,2.08E-17,0,0.58125275,0.47003502,1
0.41588372,0.34848326,0.0055547063,0.000108071836,0.38159412,0.46982324,0.001027325,7.86E-07,0.34851477,0.4641461,0.00089626363,6.83E-07,0.38961926,0.4486558,0.00076389423,5.61E-07,0.43765217,0.46403483,2.88E-21,2.57E-21,0.28089994,1.45E-07,0.24692947,3.33E-05,0.00013113563,0.43570697,0,0.4486267,0,0,0.009929078,0,0.58125275,0.47003502,3
0.37272924,0.4291761,0.00601782,0.00010622513,0.38159412,0.46982324,0,0,0.34851477,0.4641461,0,0,0.38961926,0.4486558,0,0,0.43765217,0.46403483,0,0,0,0,0,0.9826656,0,0.43570697,0,0.4486267,0,0,2.08E-17,0,0.58125275,0.47003502,3
0.38647094,0.44963244,0.005913638,0.00010675412,0.38159412,0.46982324,0,0,0.34851477,0.4641461,0,0,0.38961926,0.4486558,0,0,0.43765217,0.46403483,0,0,0,0,0,0.98266566,0,0.43570697,0,0.4486267,0,0,2.08E-17,0,0.58125275,0.47003502,3
0.35864353,0.31797075,0.18341777,0.13425292,0.38159412,0.46982324,1.20E-05,1.07E-10,0.34851477,0.4641461,0.009466087,7.62E-05,0.38961926,0.4486558,0.016611261,0.00026516264,0.43765217,0.46403483,7.91E-22,1.01E-21,0.219406,1.98E-07,0.21217975,3.91E-05,0.00015361515,0.43570697,8.13E-16,0.4486267,0.73524374,1.39E-07,0.3503546,1.87E-14,0.58125275,0.47003502,5
0.43715304,0.5978904,0.21394734,0.13141212,0.38159412,0.46982324,0.012433899,0.00011517829,0.34851477,0.4641461,0.016714608,0.0002376706,0.38961926,0.4486558,0.013282287,0.00016953243,0.43765217,0.46403483,3.43E-22,4.27E-22,0.31002852,9.12E-16,0.46533662,2.70E-06,1.06E-05,0.43570697,0,0.4486267,0,0,0.3503546,0,0.58125275,0.47003502,4
0.4144131,0.6019279,0.21253769,0.13169707,0.38159412,0.46982324,0,0,0.34851477,0.4641461,0,0,0.38961926,0.4486558,0,0,0.43765217,0.46403483,0,0,0,0,0,0.98266506,0,0.43570697,0,0.4486267,0,0,2.08E-17,0,0.58125275,0.47003502,4
0.48662275,0.33611473,0.21398047,0.13140345,0.38159412,0.46982324,0,0,0.34851477,0.4641461,0,0,0.38961926,0.4486558,0,0,0.43765217,0.46403483,0,0,0,0,0,0.9826648,0,0.43570697,0,0.4486267,0,0,2.08E-17,0,0.58125275,0.47003502,4
0.29363516,0.0720506,0.18307874,0.13426252,0.38159412,0.46982324,0,0,0.34851477,0.4641461,0,0,0.38961926,0.4486558,0,0,0.43765217,0.46403483,0,0,0,0,0,0.98266697,0,0.43570697,0,0.4486267,0,0,2.08E-17,0,0.58125275,0.47003502,5
0.35158682,0.4651399,0.0058707995,0.00010697825,0.38159412,0.46982324,0,0,0.34851477,0.4641461,0,0,0.38961926,0.4486558,0,0,0.43765217,0.46403483,0,0,0,0,0,0.98266566,0,0.43570697,0,0.4486267,0,0,2.08E-17,0,0.58125275,0.47003502,3
0.7219984,0.8423074,0.24396752,0.12163229,0.38159412,0.46982324,0,0,0.34851477,0.4641461,0,0,0.38961926,0.4486558,0,0,0.43765217,0.46403483,0,0,0,0,0,0.9826649,0,0.43570697,0,0.4486267,0,0,2.08E-17,0,0.58125275,0.47003502,4
0.4224612,0.41877025,0.0058642467,0.000107021035,0.38159412,0.46982324,0,0,0.34851477,0.4641461,0,0,0.38961926,0.4486558,0,0,0.43765217,0.46403483,0,0,0,0,0,0.9826656,0,0.43570697,0,0.4486267,0,0,2.08E-17,0,0.58125275,0.47003502,3
0.2532951,0.17089221,1.68E-05,1.69E-06,0.38159412,0.46982324,0,0,0.34851477,0.4641461,0,0,0.38961926,0.4486558,0,0,0.43765217,0.46403483,0,0,0,0,0,0.98266286,0,0.43570697,0,0.4486267,0,0,2.08E-17,0,0.58125275,0.47003502,2
0.4154595,0.39087346,0.0058217216,0.00010723101,0.38159412,0.46982324,4.93E-08,1.81E-15,0.34851477,0.4641461,0.00031654662,8.52E-08,0.38961926,0.4486558,0.0006380766,3.91E-07,0.43765217,0.46403483,7.83E-22,6.54E-22,0.31011835,1.80E-08,0.29033798,2.32E-05,9.15E-05,0.43570697,0,0.4486267,0,0,0.009929078,0,0.58125275,0.47003502,3
0.45881593,0.48525771,0.21319711,0.13156691,0.38159412,0.46982324,0.00059950235,2.68E-07,0.34851477,0.4641461,0.011707996,0.00011661332,0.38961926,0.4486558,0.014483446,0.00020158161,0.43765217,0.46403483,1.07E-21,1.47E-21,0.32755852,1.64E-09,0.37637022,1.42E-05,5.58E-05,0.43570697,0,0.4486267,0,0,0.3503546,0,0.58125275,0.47003502,4
0.71689767,0.98871416,0.24381301,0.12170105,0.38159412,0.46982324,0,0,0.34851477,0.4641461,0,0,0.38961926,0.4486558,0,0,0.43765217,0.46403483,0,0,0,0,0,0.98266506,0,0.43570697,0,0.4486267,0,0,2.08E-17,0,0.58125275,0.47003502,4
0.007117614,0.0014529154,0.059749678,0.08194891,0.36801365,0.43059698,0.3397774,0.1773082,0.32789952,0.40644115,0.33890975,0.2091992,0.36651263,0.38878712,0.32363778,0.21775436,0.43863478,0.46507064,3.11E-18,3.82E-18,0.008330649,1.26E-17,0.0014597382,1.09E-09,1.09E-16,0.60964423,0.20583028,0.61653787,0.00022518975,0.41417646,0.21538855,0.21542858,0.7184262,0.6312362,0
0.7193369,0.66769654,0.008080589,7.89E-05,0.38159412,0.46982324,0.00015278626,1.74E-08,0.34851477,0.4641461,0.00032788306,9.15E-08,0.38961926,0.4486558,0.00028902094,8.03E-08,0.43765217,0.46403483,7.78E-23,8.78E-23,0.68246466,3.02E-08,0.6885274,1.12E-05,4.39E-05,0.43570697,0,0.4486267,0,0,0.009929078,0,0.58125275,0.47003502,3
0.0010566798,0.0017191544,0.013249757,0.0073806853,0.38161686,0.5183548,0.056227744,0.0023562843,0.34864008,0.56691134,0.04467471,0.0017819256,0.3896673,0.46612057,0.080721065,0.11398756,0.44199798,0.48795915,2.58E-18,5.91E-18,0.0009996464,6.24E-10,0.0015766715,0.0017204242,0.006747891,0.43570697,0.00033393566,0.4486093,0.0013623,0.042495687,0.06787813,0.10740085,0.58260685,0.48756757,0
0.25863433,0.3414906,1.53E-05,1.51E-06,0.38159412,0.46982324,0,0,0.34851477,0.4641461,0,0,0.38961926,0.4486558,0,0,0.43765217,0.46403483,0,0,0,0,0,0.9826631,0,0.43570697,0,0.4486267,0,0,2.08E-17,0,0.58125275,0.47003502,2
0.45748958,0.6048819,0.2135883,0.13148457,0.38159412,0.46982324,0,0,0.34851477,0.4641461,0,0,0.38961926,0.4486558,0,0,0.43765217,0.46403483,0,0,0,0,0,0.98266506,0,0.43570697,0,0.4486267,0,0,2.08E-17,0,0.58125275,0.47003502,4
0.7107444,0.6542994,0.250339,0.12741005,0.38159412,0.46982324,0,0,0.34851477,0.4641461,0,0,0.38961926,0.4486558,0,0,0.43765217,0.46403483,0,0,0,0,0,0.98266613,0,0.43570697,0,0.4486267,0,0,2.08E-17,0,0.58125275,0.47003502,1
0.0028156198,0.0035255207,0.07469486,0.11063308,0.38159412,0.46982324,1.97E-09,2.89E-18,0.34851477,0.4641461,5.99E-05,3.05E-09,0.38961926,0.4486558,0.011182475,0.00012016638,0.43765217,0.46403483,0,0,5.14E-06,2.48E-20,7.15E-05,2.51E-08,4.34E-16,0.43570697,3.29E-09,0.4486267,0.00024780183,0.011140359,0.019815601,0.000120143035,0.58125275,0.47003502,0
0.43346933,0.53206533,0.21333228,0.13153844,0.38159412,0.46982324,0.00013419005,1.34E-08,0.34851477,0.4641461,0.010108593,8.69E-05,0.38961926,0.4486558,0.013673317,0.00017966142,0.43765217,0.46403483,6.32E-22,9.05E-22,0.31302482,1.83E-11,0.41291857,8.21E-06,3.23E-05,0.43570697,0,0.4486267,0,0,0.3503546,0,0.58125275,0.47003502,4
0.64920425,0.8378653,0.007078235,9.59E-05,0.38159412,0.46982324,4.52E-07,1.52E-13,0.34851477,0.4641461,0.00021100542,3.79E-08,0.38961926,0.4486558,0.0002555472,6.28E-08,0.43765217,0.46403483,8.31E-22,6.42E-21,0.5328614,6.54E-11,0.7606932,5.34E-06,2.10E-05,0.43570697,0,0.4486267,0,0,0.009929078,0,0.58125275,0.47003502,3
0.7212468,0.7839665,0.24398638,0.121624626,0.38159412,0.46982324,0,0,0.34851477,0.4641461,0,0,0.38961926,0.4486558,0,0,0.43765217,0.46403483,0,0,0,0,0,0.9826649,0,0.43570697,0,0.4486267,0,0,2.08E-17,0,0.58125275,0.47003502,4
0.7226324,0.36042374,0.008042416,7.98E-05,0.38159412,0.46982324,0,0,0.34851477,0.4641461,0,0,0.38961926,0.4486558,0,0,0.43765217,0.46403483,0,0,0,0,0,0.98266554,0,0.43570697,0,0.4486267,0,0,2.08E-17,0,0.58125275,0.47003502,3
0.74412334,0.515972,0.007060996,9.61E-05,0.38159412,0.46982324,0,0,0.34851477,0.4641461,0,0,0.38961926,0.4486558,0,0,0.43765217,0.46403483,0,0,0,0,0,0.98266554,0,0.43570697,0,0.4486267,0,0,2.08E-17,0,0.58125275,0.47003502,3
0.25243396,0.35849273,1.54E-05,1.57E-06,0.38159412,0.46982324,0,0,0.34851477,0.4641461,0,0,0.38961926,0.4486558,0,0,0.43765217,0.46403483,0,0,0,0,0,0.9826632,0,0.43570697,0,0.4486267,0,0,2.08E-17,0,0.58125275,0.47003502,2
0.00046366264,0.00058709685,0.016221343,0.0018523992,0.38159412,0.46982324,2.41E-09,4.58E-18,0.34851477,0.4641461,0.0020335086,3.53E-06,0.38961926,0.44820556,0.014090377,0.00019079127,0.43765363,0.47949058,0,7.74E-31,7.71E-06,1.63E-17,9.22E-05,2.01E-08,5.15E-16,0.43570697,3.81E-06,0.44817647,0.00031962717,0.014037308,0.032257188,0.00019075419,0.58125395,0.48531756,0
0.054262485,0.009018029,0.9853593,0.22847635,0.38159412,0.4699881,0.13635918,0.013852392,0.34851444,0.45905942,0.1777404,0.026875423,0.3895573,0.19260675,0.18612021,0.033288494,0.43739894,0.123474605,2.00E-06,0.0007352347,0.06529073,0.0057858676,0.011594912,0.0017655438,0.0069237584,0.43035674,0.029000673,0.19259425,0.04019954,0.18541922,0.97589093,0.033282027,0.5810453,0.13329138,0
0.4401878,0.5094389,0.2124358,0.13172093,0.38159412,0.46982324,0.00019190073,2.74E-08,0.34851477,0.4641461,0.010119391,8.71E-05,0.38961926,0.4486558,0.013897991,0.00018561418,0.43765217,0.46403483,1.70E-21,1.44E-21,0.30726555,2.82E-10,0.39370197,1.13E-05,4.45E-05,0.43570697,0,0.4486267,0,0,0.3503546,0,0.58125275,0.47003502,4
0.0010979025,0.002820484,0.07784452,0.19878383,0.38159412,0.46982324,0.0008028241,4.80E-07,0.34851477,0.4641461,0.01715452,0.00026929044,0.38961366,0.4362696,0.038797744,0.0014954304,0.43823946,0.58053887,7.93E-26,5.65E-20,0.00014241994,3.59E-17,0.00036570462,5.18E-09,1.60E-16,0.43570697,0.0002901888,0.4364947,0.0006407653,0.050914433,0.0360235,0.0025891925,0.58191156,0.56243396,0
0.0004639216,0.0005534157,0.0149313,0.0028989296,0.38159412,0.46982324,1.97E-09,2.89E-18,0.34851477,0.4641461,9.79E-07,8.15E-13,0.38961926,0.4486558,0.0077591036,5.79E-05,0.43765217,0.46403483,0,1.16E-30,6.88E-06,4.27E-23,6.74E-05,2.61E-08,1.97E-16,0.43570697,8.79E-13,0.4486267,0.00023359434,0.00772988,0.02059999,5.78E-05,0.58125275,0.47003502,0
0.23220801,0.31703523,7.39E-05,3.75E-06,0.38159412,0.46982324,0,0,0.34851477,0.4641461,0,0,0.38961926,0.4486558,0,0,0.43765217,0.46403483,0,0,0,0,0,0.9826632,0,0.43570697,0,0.4486267,0,0,2.08E-17,0,0.58125275,0.47003502,2
0.71135837,0.50218797,0.24302836,0.12204475,0.38159412,0.46982324,0,0,0.34851477,0.4641461,0,0,0.38961926,0.4486558,0,0,0.43765217,0.46403483,0,0,0,0,0,0.9826648,0,0.43570697,0,0.4486267,0,0,2.08E-17,0,0.58125275,0.47003502,4
0.00116941,0.001491997,0.008557113,0.00088805804,0.38159412,0.46938694,0.026345965,0.00051807676,0.34851325,0.4603022,0.039246965,0.0013895804,0.38980293,0.53083885,0.03276875,0.0012123656,0.43793792,0.51585096,2.51E-18,2.52E-18,0.0012055064,4.87E-18,0.0015926698,8.48E-10,5.98E-18,0.43570697,4.28E-05,0.44677836,0.0013808903,0.0031815362,0.041019194,0.00037015456,0.5812527,0.46991187,0
0.29524228,0.06041542,0.21971633,0.13005812,0.38159412,0.46982324,0,0,0.34851477,0.4641461,0,0,0.38961926,0.4486558,0,0,0.43765217,0.46403483,0,0,0,0,0,0.98266476,0,0.43570697,0,0.4486267,0,0,2.08E-17,0,0.58125275,0.47003502,4