H_L0.1_weight,H_L0.01_weight,H_L0.01_mean,H_L0.01_variance,HH_L3_covariance,HH_L3_pcc,HH_L1_std,HH_L1_radius,HH_L1_covariance,HH_L1_pcc,HH_L0.1_std,HH_L0.1_radius,HH_L0.1_covariance,HH_L0.1_pcc,HH_L0.01_std,HH_L0.01_radius,HH_L0.01_covariance,HH_L0.01_pcc,HH_jit_L3_variance,HH_jit_L1_variance,HH_jit_L0.1_weight,HH_jit_L0.1_variance,HH_jit_L0.01_weight,HH_jit_L0.01_mean,HH_jit_L0.01_variance,HpHp_L1_pcc,HpHp_L0.1_radius,HpHp_L0.1_pcc,HpHp_L0.01_weight,HpHp_L0.01_std,HpHp_L0.01_magnitude,HpHp_L0.01_radius,HpHp_L0.01_covariance,HpHp_L0.01_pcc,type
0.38149533,0.13322134,0.19711782,0.14075395,0.38159412,0.46982324,0,0,0.34851477,0.4641461,0,0,0.38961926,0.4486558,0,0,0.43765217,0.46403483,0,0,0,0,0,0.9826661,0,0.43570697,0,0.4486267,0,0,2.08E-17,0,0.58125275,0.47003502,1
0.7215541,0.7567926,0.24381906,0.12169863,0.38159412,0.46982324,0.0005972881,2.66E-07,0.34851477,0.4641461,0.007677999,5.02E-05,0.38961926,0.4486558,0.006859475,4.52E-05,0.43765217,0.46403483,2.53E-22,1.85E-22,0.5903856,1.18E-09,0.6711834,8.17E-06,3.21E-05,0.43570697,0,0.4486267,0,0,0.3503546,0,0.58125275,0.47003502,4
0.7164945,0.90815616,0.24437639,0.12145094,0.38159412,0.46982324,0.0003072587,7.03E-08,0.34851477,0.4641461,0.007184499,4.39E-05,0.38961926,0.4486558,0.006835527,4.49E-05,0.43765217,0.46403483,4.65E-23,1.05E-22,0.5905659,2.42E-13,0.8072662,2.90E-06,1.14E-05,0.43570697,0,0.4486267,0,0,0.3503546,0,0.58125275,0.47003502,4
0.005292949,0.0034085952,0.052511472,0.08114119,0.33972242,0.38360608,0.34638888,0.2938947,0.30389026,0.37296423,0.3536482,0.33219257,0.35713464,0.38681588,0.35054472,0.29209632,0.41592908,0.4460607,2.08E-17,2.20E-17,0.004424054,2.83E-17,0.002791975,3.69E-10,5.90E-17,0.43570697,0,0.4486267,0,0,0.009929078,0,0.58125275,0.47003502,0
0.35965088,0.3783777,0.2118552,0.13924465,0.38159412,0.46982324,0.028424684,0.0006019318,0.34851477,0.4641461,0.03444909,0.001009575,0.38961926,0.4486558,0.028380565,0.0007740146,0.43765217,0.46403483,9.57E-21,3.76E-21,0.24032658,1.18E-08,0.28500646,2.21E-05,8.70E-05,0.43570697,0,0.4486267,0,0,0.35886526,0,0.58125275,0.47003502,1
0.7327665,0.6487297,0.008075939,7.91E-05,0.38159412,0.46982324,0,0,0.34851477,0.4641461,9.94E-10,8.40E-19,0.38961926,0.4486558,1.99E-09,3.80E-18,0.43765217,0.46403483,0,3.87E-31,1.45E-05,0.00027716902,4.97E-05,0.116013534,0.40250355,0.43570697,9.07E-19,0.4486267,0.00017222042,1.98E-09,3.47E-17,3.80E-18,0.58125275,0.47003502,3
0.44980028,0.6020921,0.21379161,0.13144155,0.38159412,0.46982324,5.37E-06,2.15E-11,0.34851477,0.4641461,0.00759805,4.91E-05,0.38961926,0.4486558,0.01226233,0.00014449509,0.43765217,0.46403483,7.09E-22,7.84E-22,0.32296568,1.88E-16,0.4682374,2.30E-06,9.06E-06,0.43570697,0,0.4486267,0,0,0.3503546,0,0.58125275,0.47003502,4
0.44221625,0.561464,0.21331,0.13154233,0.38159412,0.46982324,0,0,0.34851477,0.4641461,0,0,0.38961926,0.4486558,0,0,0.43765217,0.46403483,0,0,0,0,0,0.98266494,0,0.43570697,0,0.4486267,0,0,2.08E-17,0,0.58125275,0.47003502,4
0.36598763,0.41701186,0.0057830284,0.0001073668,0.38159412,0.46982324,0.00047927894,1.71E-07,0.34851477,0.4641461,0.0012281506,1.28E-06,0.38961926,0.4486558,0.0008046343,6.22E-07,0.43765217,0.46403483,1.57E-21,2.89E-21,0.23721056,3.25E-09,0.30782962,1.80E-05,7.08E-05,0.43570697,0,0.4486267,0,0,0.009929078,0,0.58125275,0.47003502,3
0.7152265,0.9587347,0.24488044,0.121225186,0.38159412,0.46982324,0.00073555135,4.03E-07,0.34851477,0.4641461,0.007915085,5.33E-05,0.38961926,0.4486558,0.006929956,4.61E-05,0.43765217,0.46403483,1.09E-22,1.94E-22,0.58865225,1.24E-15,0.85398626,1.62E-06,6.37E-06,0.43570697,0,0.4486267,0,0,0.3503546,0,0.58125275,0.47003502,4
0.32743582,0.11901736,0.18291016,0.13425535,0.38159412,0.46982324,0.0038809509,1.12E-05,0.34851477,0.4641461,0.020613454,0.0003614803,0.38961926,0.4486558,0.022232495,0.00047498898,0.43765217,0.46403483,3.88E-21,1.92E-13,0.20152235,0.00020841442,0.079230376,0.00020791405,0.0008177406,0.43570697,2.09E-15,0.4486267,0.2744352,5.71E-08,0.3503546,3.16E-15,0.58125275,0.47003502,5
0.3076786,0.0960171,0.0054273927,0.00010798429,0.38159412,0.46982324,4.90E-07,1.79E-13,0.34851477,0.4641461,0.00024288305,5.02E-08,0.38961926,0.4486558,0.00034277944,1.13E-07,0.43765217,0.46403483,4.62E-21,3.48E-11,0.19443445,0.00035343392,0.06650803,0.00026017416,0.001023227,0.43570697,0,0.4486267,0,0,0.009929078,0,0.58125275,0.47003502,3
0.4198772,0.5324922,0.21326795,0.13155182,0.38159412,0.46982324,1.36E-05,1.39E-10,0.34851477,0.4641461,0.008259792,5.80E-05,0.38961926,0.4486558,0.013372867,0.00017185263,0.43765217,0.46403483,3.68E-22,7.96E-22,0.3020629,1.22E-11,0.41311902,7.85E-06,3.09E-05,0.43570697,0,0.4486267,0,0,0.3503546,0,0.58125275,0.47003502,4
0.43561634,0.37556475,0.005695131,0.00010771349,0.38159412,0.46982324,3.48E-06,9.04E-12,0.34851477,0.4641461,0.000491296,2.05E-07,0.38961926,0.4486558,0.00068854325,4.56E-07,0.43765217,0.46403483,3.53E-21,4.35E-21,0.31809476,4.35E-08,0.27290687,2.71E-05,0.00010651419,0.43570697,0,0.4486267,0,0,0.009929078,0,0.58125275,0.47003502,3
0.7403438,0.7901532,0.0070958,9.57E-05,0.38159412,0.46982324,8.88E-07,5.87E-13,0.34851477,0.4641461,0.00019877154,3.36E-08,0.38961926,0.4486558,0.0002519418,6.10E-08,0.43765217,0.46403483,1.63E-22,1.76E-22,0.6213254,1.04E-09,0.719078,7.56E-06,2.97E-05,0.43570697,0,0.4486267,0,0,0.009929078,0,0.58125275,0.47003502,3
0.22448915,0.22680545,7.48E-05,3.75E-06,0.38159412,0.46982324,0,0,0.34851477,0.4641461,0,0,0.38961926,0.4486558,0,0,0.43765217,0.46403483,0,0,0,0,0,0.9826629,0,0.43570697,0,0.4486267,0,0,2.08E-17,0,0.58125275,0.47003502,2
0.32787102,0.15298156,0.0051167114,0.00010812735,0.38159412,0.46982324,0.00053463696,2.13E-07,0.34851477,0.4641461,0.0013732606,1.60E-06,0.38961926,0.4486558,0.0010431658,1.05E-06,0.43765217,0.46403483,1.04E-20,7.25E-18,0.18062285,8.30E-05,0.099948965,0.00014869706,0.00058487087,0.43570697,0,0.4486267,0,0,0.009929078,0,0.58125275,0.47003502,3
0.7195007,0.9581647,0.24439155,0.12144439,0.38159412,0.46982324,0,0,0.34851477,0.4641461,0,0,0.38961926,0.4486558,0,0,0.43765217,0.46403483,0,0,0,0,0,0.982665,0,0.43570697,0,0.4486267,0,0,2.08E-17,0,0.58125275,0.47003502,4
0.7201262,0.6722436,0.24318,0.121979184,0.38159412,0.46982324,0.0003467841,8.96E-08,0.34851477,0.4641461,0.0072690453,4.50E-05,0.38961926,0.4486558,0.006828039,4.48E-05,0.43765217,0.46403483,5.22E-22,4.52E-22,0.58279556,1.92E-08,0.5946342,1.22E-05,4.79E-05,0.43570697,0,0.4486267,0,0,0.3503546,0,0.58125275,0.47003502,4
0.0013733442,0.0018022887,0.036740474,0.100135826,0.38158575,0.43482396,0.011484709,0.00012013173,0.34850323,0.41893968,0.011782115,0.00015169744,0.38965306,0.5596913,0.010824387,0.0001585108,0.43770275,0.5303515,1.35E-17,2.25E-17,0.000406562,5.30E-17,0.00039545688,4.65E-09,5.34E-17,0.38815847,0.00016369336,0.55965495,0.0013710484,0.010783618,0.02871894,0.00015848,0.5812942,0.53560853,0
0.0011833531,0.0015020514,0.007807698,0.0007290611,0.38159412,0.46982324,4.21E-06,0.00019246996,0.34851477,0.46415362,0.016789906,0.00057687645,0.38967618,0.50454754,0.029720128,0.0010742634,0.4379153,0.51575875,1.75E-18,2.19E-18,0.0012324409,5.96E-18,0.0015929192,8.48E-10,6.19E-18,0.43570697,1.35E-05,0.44860932,0.0013871143,0.002011302,0.040372994,0.00041837606,0.58125055,0.4605233,0
0.43048725,0.60521585,0.21330267,0.1315439,0.38159412,0.46982324,0,0,0.34851477,0.4641461,0,0,0.38961926,0.4486558,0,0,0.43765217,0.46403483,0,0,0,0,0,0.98266506,0,0.43570697,0,0.4486267,0,0,2.08E-17,0,0.58125275,0.47003502,4
0.40813518,0.2277795,0.0057343896,0.00010751232,0.38159412,0.46982324,0,0,0.34851477,0.4641461,0,0,0.38961926,0.4486558,0,0,0.43765217,0.46403483,0,0,0,0,0,0.98266554,0,0.43570697,0,0.4486267,0,0,2.08E-17,0,0.58125275,0.47003502,3
0.43178314,0.6051854,0.21285763,0.13163425,0.38159412,0.46982324,0.00016355627,1.99E-08,0.34851477,0.4641461,0.011690869,0.0001162724,0.38961926,0.4486558,0.013137581,0.00016585857,0.43765217,0.46403483,5.58E-22,5.74E-22,0.29961458,5.89E-19,0.4686059,1.28E-06,5.05E-06,0.43570697,0,0.4486267,0,0,0.3503546,0,0.58125275,0.47003502,4
0.79892445,0.84630346,0.008112864,7.76E-05,0.38159412,0.46982324,7.71E-06,4.43E-11,0.34851477,0.4641461,0.0001916926,3.13E-08,0.38961926,0.4486558,0.0002510834,6.06E-08,0.43765217,0.46403483,6.14E-23,8.05E-23,0.77528274,1.25E-10,0.87866336,5.12E-06,2.01E-05,0.43570697,0,0.4486267,0,0,0.009929078,0,0.58125275,0.47003502,3
0.711522,0.9939212,0.24434705,0.12146417,0.38159412,0.46982324,0.0046859905,1.64E-05,0.34851477,0.4641461,0.009808162,8.18E-05,0.38961926,0.4486558,0.0075151618,5.43E-05,0.43765217,0.46403483,7.59E-23,9.90E-23,0.5877182,1.85E-19,0.8834145,6.48E-07,2.55E-06,0.43570697,0,0.4486267,0,0,0.3503546,0,0.58125275,0.47003502,4
0.25479802,0.33663592,1.52E-05,1.52E-06,0.38159412,0.46982324,0,0,0.34851477,0.4641461,0,0,0.38961926,0.4486558,0,0,0.43765217,0.46403483,0,0,0,0,0,0.98266304,0,0.43570697,0,0.4486267,0,0,2.08E-17,0,0.58125275,0.47003502,2
0.7147514,0.6518932,0.24353024,0.12182505,0.38159412,0.46982324,0.00542105,2.19E-05,0.34851477,0.4641461,0.00956663,7.79E-05,0.38961926,0.4486558,0.0071231406,4.88E-05,0.43765217,0.46403483,8.38E-23,1.16E-22,0.58511764,3.33E-08,0.57746685,1.32E-05,5.21E-05,0.43570697,0,0.4486267,0,0,0.3503546,0,0.58125275,0.47003502,4
0.22755466,0.3090629,7.30E-05,3.70E-06,0.38159412,0.46982324,0,0,0.34851477,0.4641461,0,0,0.38961926,0.4486558,0,0,0.43765217,0.46403483,0,0,0,0,0,0.98266315,0,0.43570697,0,0.4486267,0,0,2.08E-17,0,0.58125275,0.47003502,2
0.47029477,0.34616396,0.21427244,0.13134116,0.38159412,0.46982324,0.0003615813,9.74E-08,0.34851477,0.4641461,0.01313816,0.00014684263,0.38961926,0.4486558,0.014308655,0.00019674546,0.43765217,0.46403483,5.79E-22,1.43E-21,0.33929268,9.32E-07,0.26983684,3.74E-05,0.00014730524,0.43570697,0,0.4486267,0,0,0.3503546,0,0.58125275,0.47003502,4
0.2179588,0.28691617,7.57E-05,3.79E-06,0.38159412,0.46982324,0,0,0.34851477,0.4641461,0,0,0.38961926,0.4486558,0,0,0.43765217,0.46403483,0,0,0,0,0,0.98266304,0,0.43570697,0,0.4486267,0,0,2.08E-17,0,0.58125275,0.47003502,2
0.4407839,0.44557014,0.21225901,0.1317555,0.38159412,0.46982324,0.0021344621,3.39E-06,0.34851477,0.4641461,0.01730614,0.00025479065,0.38961926,0.4486558,0.015538797,0.00023202879,0.43765217,0.46403483,8.66E-22,9.32E-22,0.31316283,1.19E-08,0.3440861,1.88E-05,7.41E-05,0.43570697,0,0.4486267,0,0,0.3503546,0,0.58125275,0.47003502,4
0.4592741,0.22309916,0.20984057,0.13955274,0.38159412,0.46982324,0,0,0.34851477,0.4641461,0,0,0.38961926,0.4486558,0,0,0.43765217,0.46403483,0,0,0,0,0,0.9826661,0,0.43570697,0,0.4486267,0,0,2.08E-17,0,0.58125275,0.47003502,1
0.41366026,0.60222745,0.21258605,0.13168797,0.38159412,0.46982324,7.45E-06,4.14E-11,0.34851477,0.4641461,0.008729552,6.48E-05,0.38961926,0.4486558,0.0127709415,0.0001567303,0.43765217,0.46403483,3.67E-22,4.04E-22,0.28672612,3.29E-19,0.46571025,1.21E-06,4.77E-06,0.43570697,0,0.4486267,0,0,0.3503546,0,0.58125275,0.47003502,4
0.68295133,0.23039924,0.007042352,9.62E-05,0.38159412,0.46982324,9.13E-09,6.22E-17,0.34851477,0.4641461,0.00010389789,9.18E-09,0.38961926,0.4486558,0.0001878621,3.39E-08,0.43765217,0.46403483,2.79E-22,1.91E-13,0.5691248,8.23E-05,0.20809674,8.00E-05,0.0003148226,0.43570697,0,0.4486267,0,0,0.009929078,0,0.58125275,0.47003502,3
0.38000938,0.121984966,0.0056236903,0.00010764833,0.38159412,0.46982324,0,0,0.34851477,0.4641461,0,0,0.38961926,0.4486558,0,0,0.43765217,0.46403483,0,0,0,0,0,0.9826655,0,0.43570697,0,0.4486267,0,0,2.08E-17,0,0.58125275,0.47003502,3
0.743903,0.65882015,0.0070863897,9.58E-05,0.38159412,0.46982324,0,0,0.34851477,0.4641461,0,0,0.38961926,0.4486558,0,0,0.43765217,0.46403483,0,0,0,0,0,0.9826656,0,0.43570697,0,0.4486267,0,0,2.08E-17,0,0.58125275,0.47003502,3
0.21382192,0.2834356,7.40E-05,3.78E-06,0.38159412,0.46982324,0,0,0.34851477,0.4641461,0,0,0.38961926,0.4486558,0,0,0.43765217,0.46403483,0,0,0,0,0,0.98266304,0,0.43570697,0,0.4486267,0,0,2.08E-17,0,0.58125275,0.47003502,2
0.003060168,0.0010214526,0.04422555,0.0445047,0.33654127,0.36403978,0.315243,0.26936045,0.3020049,0.35557425,0.31339562,0.30463925,0.3425886,0.34394473,0.27682158,0.2734365,0.43123618,0.45726356,1.27E-17,1.33E-17,0.0034519455,2.54E-17,0.0007310958,2.52E-09,1.60E-16,0.43570697,0.16930623,0.4486267,0.00015013383,0.4278237,0.16010904,0.1771862,0.58125275,0.47003502,0
0.71769303,0.38957816,0.24317005,0.121984236,0.38159412,0.46982324,0.00010153125,7.68E-09,0.34851477,0.4641461,0.0064111697,3.50E-05,0.38961926,0.4486558,0.0071248948,4.88E-05,0.43765217,0.46403483,1.12E-22,1.56E-22,0.5821959,7.86E-06,0.34458825,3.83E-05,0.00015068158,0.43570697,0,0.4486267,0,0,0.3503546,0,0.58125275,0.47003502,4
0.70363694,0.3671994,0.24391355,0.121657416,0.38159412,0.46982324,0.0005250831,2.05E-07,0.34851477,0.4641461,0.0075684427,4.87E-05,0.38961926,0.4486558,0.0074468856,5.33E-05,0.43765217,0.46403483,1.23E-22,5.86E-22,0.5771133,1.10E-05,0.3257895,4.18E-05,0.00016460949,0.43570697,0,0.4486267,0,0,0.3503546,0,0.58125275,0.47003502,4
0.7299429,0.9396774,0.24465655,0.12132548,0.38159412,0.46982324,0,0,0.34851477,0.4641461,0,0,0.38961926,0.4486558,0,0,0.43765217,0.46403483,0,0,0,0,0,0.982665,0,0.43570697,0,0.4486267,0,0,2.08E-17,0,0.58125275,0.47003502,4
0.44965547,0.42586648,0.21209025,0.13178773,0.38159412,0.46982324,0,0,0.34851477,0.4641461,0,0,0.38961926,0.4486558,0,0,0.43765217,0.46403483,0,0,0,0,0,0.9826648,0,0.43570697,0,0.4486267,0,0,2.08E-17,0,0.58125275,0.47003502,4
0.25112316,0.24774212,1.63E-05,1.65E-06,0.38159412,0.46982324,0,0,0.34851477,0.4641461,0,0,0.38961926,0.4486558,0,0,0.43765217,0.46403483,0,0,0,0,0,0.9826629,0,0.43570697,0,0.4486267,0,0,2.08E-17,0,0.58125275,0.47003502,2
0.00056476856,0.00063920155,0.016825728,0.009827234,0.38159412,0.46982324,0,5.63E-11,0.34851477,0.4641461,7.03E-06,5.22E-05,0.38961926,0.44865584,0.043354176,0.0043869857,0.43795776,0.4807476,1.79E-21,2.38E-18,0.00036166544,1.31E-15,0.0002106722,0.0019378051,0.0075979084,0.43570697,1.81E-18,0.4486267,0.00021651691,1.40E-09,0.009929078,1.90E-18,0.58125275,0.47003502,0
0.2509913,0.29042897,1.51E-05,1.46E-06,0.38159412,0.46982324,0,0,0.34851477,0.4641461,0,0,0.38961926,0.4486558,0,0,0.43765217,0.46403483,0,0,0,0,0,0.982663,0,0.43570697,0,0.4486267,0,0,2.08E-17,0,0.58125275,0.47003502,2
0.4712573,0.3831927,0.21290296,0.13162492,0.38159412,0.46982324,0.00077745947,4.50E-07,0.34851477,0.4641461,0.012174897,0.00012609956,0.38961926,0.4486558,0.01413378,0.00019196574,0.43765217,0.46403483,4.42E-22,5.35E-22,0.33061817,2.72E-07,0.29678786,3.00E-05,0.00011812853,0.43570697,0,0.4486267,0,0,0.3503546,0,0.58125275,0.47003502,4
0.45923027,0.2228029,0.21004248,0.1395233,0.38159412,0.46982324,0.021613747,0.00034802954,0.34851477,0.4641461,0.030793184,0.00080666324,0.38961926,0.4486558,0.026924966,0.00069665443,0.43765217,0.46403483,5.53E-22,7.73E-22,0.32156426,1.22E-05,0.16635856,7.81E-05,0.00030729562,0.43570697,0,0.4486267,0,0,0.35886526,0,0.58125275,0.47003502,1
0.3284697,0.41107225,0.21398057,0.1388883,0.38159412,0.46982324,0.022950964,0.00039242607,0.34851477,0.4641461,0.040020894,0.0013625631,0.38961926,0.4486558,0.02936397,0.00082858413,0.43765217,0.46403483,6.25E-22,3.02E-21,0.2323448,1.07E-09,0.31277448,1.58E-05,6.22E-05,0.43570697,0,0.4486267,0,0,0.35886526,0,0.58125275,0.47003502,1
0.0010773984,0.0015749986,0.008398808,0.0032808878,0.38159412,0.46982324,0.0004892888,9.48E-05,0.34851477,0.46413147,0.009494786,0.00013415268,0.3896085,0.40786055,0.0102154445,0.00015487144,0.43765494,0.46777788,1.29E-25,1.50E-19,0.0002213217,3.59E-17,0.00037278855,4.94E-09,4.90E-17,0.43569157,0.00014476117,0.40783405,0.0012924573,0.01017697,0.028314589,0.00015484134,0.581255,0.47373614,0
0.0026050746,0.0008689177,0.037459984,0.037779126,0.33450416,0.3539609,0.29531792,0.27912626,0.29886284,0.34329525,0.29216063,0.31532905,0.34197977,0.3374863,0.25318345,0.2824819,0.43833306,0.46480268,1.49E-17,1.60E-17,0.002914262,7.83E-17,0.00064281345,3.00E-09,2.60E-16,0.63066244,0.13428278,0.63618743,0.00022519736,0.36140528,0.17686927,0.14054841,0.6706343,0.65003943,0
0.45454362,0.60092086,0.21372099,0.13145773,0.38159412,0.46982324,0,0,0.34851477,0.4641461,0,0,0.38961926,0.4486558,0,0,0.43765217,0.46403483,0,0,0,0,0,0.982665,0,0.43570697,0,0.4486267,0,0,2.08E-17,0,0.58125275,0.47003502,4
0.21603581,0.29697937,7.42E-05,3.73E-06,0.38159412,0.46982324,0,0,0.34851477,0.4641461,0,0,0.38961926,0.4486558,0,0,0.43765217,0.46403483,0,0,0,0,0,0.9826631,0,0.43570697,0,0.4486267,0,0,2.08E-17,0,0.58125275,0.47003502,2
0.395408,0.33668748,0.2098699,0.13954782,0.38159412,0.46982324,0.0001231965,1.13E-08,0.34851477,0.4641461,0.019980662,0.00033962744,0.38961926,0.4486558,0.02693524,0.0006971863,0.43765217,0.46403483,1.06E-21,1.16E-21,0.2675356,1.32E-07,0.2511901,3.23E-05,0.00012712949,0.43570697,0,0.4486267,0,0,0.35886526,0,0.58125275,0.47003502,1
0.74255097,0.40546486,0.008052755,7.95E-05,0.38159412,0.46982324,0.00059024454,2.60E-07,0.34851477,0.4641461,0.00031593558,8.49E-08,0.38961926,0.4486558,0.0002932895,8.27E-08,0.43765217,0.46403483,1.61E-22,1.26E-22,0.7043027,5.80E-06,0.41732556,3.13E-05,0.00012301508,0.43570697,0,0.4486267,0,0,0.009929078,0,0.58125275,0.47003502,3
0.76753455,0.48906744,0.00806365,7.91E-05,0.38159412,0.46982324,0.0006227474,2.89E-07,0.34851477,0.4641461,0.00040681654,1.41E-07,0.38961926,0.4486558,0.0003138119,9.46E-08,0.43765217,0.46403483,1.96E-22,1.31E-22,0.7288184,1.53E-06,0.50440735,2.27E-05,8.94E-05,0.43570697,0,0.4486267,0,0,0.009929078,0,0.58125275,0.47003502,3
0.71577567,0.9889448,0.24404852,0.121596895,0.38159412,0.46982324,0,0,0.34851477,0.4641461,0,0,0.38961926,0.4486558,0,0,0.43765217,0.46403483,0,0,0,0,0,0.98266506,0,0.43570697,0,0.4486267,0,0,2.08E-17,0,0.58125275,0.47003502,4
0.39378998,0.12582204,0.21965785,0.13008557,0.38159412,0.46982324,8.19E-06,4.99E-11,0.34851477,0.4641461,0.0092206765,7.23E-05,0.38961926,0.4486558,0.013809266,0.00018325179,0.43765217,0.46403483,4.94E-22,1.36E-11,0.28963196,0.0002326733,0.10053886,0.00017178731,0.0006756752,0.43570697,0,0.4486267,0,0,0.3503546,0,0.58125275,0.47003502,4
0.4655075,0.58741724,0.21534288,0.13110752,0.38159412,0.46982324,0.0005492458,2.25E-07,0.34851477,0.4641461,0.01036862,9.15E-05,0.38961926,0.4486558,0.012641742,0.00015357514,0.43765217,0.46403483,5.61E-22,1.17E-21,0.34461805,2.46E-14,0.46015,3.84E-06,1.51E-05,0.43570697,0,0.4486267,0,0,0.3503546,0,0.58125275,0.47003502,4
0.7137242,0.75980175,0.25023952,0.12745573,0.38159412,0.46982324,0.0142399315,0.00015106775,0.34851477,0.4641461,0.010705996,9.75E-05,0.38961926,0.4486558,0.007042085,4.77E-05,0.43765217,0.46403483,1.10E-22,1.22E-22,0.5817509,8.27E-10,0.6751935,7.82E-06,3.08E-05,0.43570697,0,0.4486267,0,0,0.35886526,0,0.58125275,0.47003502,1
0.42383966,0.6040273,0.21327622,0.13154864,0.38159412,0.46982324,0,0,0.34851477,0.4641461,0,0,0.38961926,0.4486558,0,0,0.43765217,0.46403483,0,0,0,0,0,0.98266506,0,0.43570697,0,0.4486267,0,0,2.08E-17,0,0.58125275,0.47003502,4
0.22458905,0.2619986,7.41E-05,3.74E-06,0.38159412,0.46982324,0,0,0.34851477,0.4641461,0,0,0.38961926,0.4486558,0,0,0.43765217,0.46403483,0,0,0,0,0,0.982663,0,0.43570697,0,0.4486267,0,0,2.08E-17,0,0.58125275,0.47003502,2
0.6682659,0.84144723,0.007083553,9.58E-05,0.38159412,0.46982324,0,0,0.34851477,0.4641461,0,0,0.38961926,0.4486558,0,0,0.43765217,0.46403483,0,0,0,0,0,0.98266566,0,0.43570697,0,0.4486267,0,0,2.08E-17,0,0.58125275,0.47003502,3
0.0043360097,0.001977379,0.1029964,0.3138152,0.46713558,0.5484929,0.92688346,0.714539,0.46448252,0.5472799,0.88351214,0.7492849,0.61957127,0.61550677,0.61077374,0.38615653,0.8111626,0.706012,1.51E-19,4.02E-19,0.0048441226,3.06E-18,0.0021616304,8.69E-05,0.00034780952,0.28788874,0.8166935,0.12877654,0.0025240579,0.9075841,0.31841168,0.7973964,0.5213118,0.07511609,0
0.7227223,0.9391959,0.24515437,0.121101394,0.38159412,0.46982324,0.0015302604,1.74E-06,0.34851477,0.4641461,0.008420011,6.03E-05,0.38961926,0.4486558,0.0069372044,4.62E-05,0.43765217,0.46403483,6.05E-23,1.24E-22,0.598859,2.06E-14,0.8375175,2.19E-06,8.62E-06,0.43570697,0,0.4486267,0,0,0.3503546,0,0.58125275,0.47003502,4
0.0028985816,0.003439213,0.047419757,0.07233578,0.38159412,0.46982324,1.39E-09,1.44E-18,0.34851477,0.4641461,9.93E-10,8.41E-19,0.38961926,0.4486558,2.82E-09,7.60E-18,0.43765217,0.46403483,5.50E-22,9.74E-22,0.0018931135,1.56E-16,0.0016119789,7.45E-09,3.40E-14,0.43570697,9.07E-19,0.4486267,0.005588728,2.80E-09,2.08E-17,7.60E-18,0.58125275,0.47003502,0
0.31657943,0.11222049,0.18095085,0.13418172,0.38159412,0.46982324,0,0,0.34851477,0.4641461,0,0,0.38961926,0.4486558,0,0,0.43765217,0.46403483,0,0,0,0,0,0.98266697,0,0.43570697,0,0.4486267,0,0,2.08E-17,0,0.58125275,0.47003502,5
0.4226937,0.5152726,0.21313368,0.1315784,0.38159412,0.46982324,0.00165597,2.04E-06,0.34851477,0.4641461,0.013064006,0.0001451897,0.38961926,0.4486558,0.01415291,0.00019248574,0.43765217,0.46403483,2.99E-21,4.02E-21,0.3051266,1.11E-10,0.3995225,1.01E-05,3.99E-05,0.43570697,0,0.4486267,0,0,0.3503546,0,0.58125275,0.47003502,4
0.34347305,0.13720435,0.18358931,0.13426697,0.38159412,0.46982324,0.0003986178,1.18E-07,0.34851477,0.4641461,0.01603304,0.00021868291,0.38961926,0.4486558,0.020215796,0.0003927252,0.43765217,0.46403483,2.48E-21,2.02E-15,0.21325096,0.00012604611,0.09166156,0.00017187733,0.00067603076,0.43570697,1.04E-15,0.4486267,0.31754526,7.26E-08,0.3503546,5.10E-15,0.58125275,0.47003502,5
0.3572925,0.089788765,0.21965916,0.13008326,0.38159412,0.46982324,0.00024397954,4.43E-08,0.34851477,0.4641461,0.013740391,0.0001606132,0.38961926,0.4486558,0.016920688,0.00027513324,0.43765217,0.46403483,2.95E-20,1.21E-08,0.26100853,0.0005167403,0.07175663,0.00025796733,0.0010145494,0.43570697,0,0.4486267,0,0,0.3503546,0,0.58125275,0.47003502,4
0.36039707,0.32355934,0.1832434,0.13424894,0.38159412,0.46982324,0.014675003,0.0001604399,0.34851477,0.4641461,0.018058639,0.00027742976,0.38961926,0.4486558,0.017758759,0.0003030626,0.43765217,0.46403483,1.95E-21,1.43E-21,0.21943493,1.48E-07,0.21572025,3.73E-05,0.00014675342,0.43570697,4.64E-16,0.4486267,0.7474566,1.40E-07,0.3503546,1.91E-14,0.58125275,0.47003502,5
0.22195834,0.29748937,7.46E-05,3.76E-06,0.38159412,0.46982324,0,0,0.34851477,0.4641461,0,0,0.38961926,0.4486558,0,0,0.43765217,0.46403483,0,0,0,0,0,0.9826631,0,0.43570697,0,0.4486267,0,0,2.08E-17,0,0.58125275,0.47003502,2
0.381057,0.40924188,0.18395737,0.13426456,0.38159412,0.46982324,0.056600094,0.0023866585,0.34851477,0.4641461,0.019968672,0.00033921996,0.38961926,0.4486558,0.017291076,0.00028731028,0.43765217,0.46403483,4.50E-22,5.97E-22,0.23443094,4.00E-10,0.27390277,1.64E-05,6.44E-05,0.43570697,1.97E-15,0.4486267,0.9490846,1.02E-07,0.3503546,1.01E-14,0.58125275,0.47003502,5
0.35279074,0.35798812,0.18420075,0.13426706,0.38159412,0.46982324,0.043582533,0.0014150798,0.34851477,0.4641461,0.019970592,0.00033928524,0.38961926,0.4486558,0.01772415,0.00030188248,0.43765217,0.46403483,9.90E-22,8.26E-22,0.22030428,1.65E-08,0.23991948,2.69E-05,0.000105977066,0.43570697,1.86E-15,0.4486267,0.8313073,1.34E-07,0.3503546,1.74E-14,0.58125275,0.47003502,5
0.00032572454,0.000480215,0.012758851,0.00030239313,0.38159412,0.46982324,1.97E-09,2.89E-18,0.34851477,0.4641461,8.49E-07,6.15E-13,0.38961926,0.4486558,0.0076853638,5.68E-05,0.43765187,0.45363328,0,0,6.59E-06,1.10E-21,6.62E-05,2.65E-08,1.99E-16,0.43570697,6.64E-13,0.4486267,0.00022960905,0.007656418,0.03364239,5.67E-05,0.58125246,0.45975006,0
0.40929833,0.3954105,0.005843561,0.00010713737,0.38159412,0.46982324,0,0,0.34851477,0.4641461,0,0,0.38961926,0.4486558,0,0,0.43765217,0.46403483,0,0,0,0,0,0.9826656,0,0.43570697,0,0.4486267,0,0,2.08E-17,0,0.58125275,0.47003502,3
0.00019623955,0.00041735888,0.01120546,0.0006713326,0.38159412,0.46982324,0,0,0.34851477,0.4641461,0.00043601444,1.62E-07,0.38961926,0.4486558,0.012721295,0.0001555142,0.4376518,0.45420748,0,3.86E-31,6.92E-06,7.67E-19,8.36E-05,2.19E-08,4.56E-16,0.43570697,1.75E-07,0.4486267,0.00028983466,0.012673382,0.032574356,0.00015548397,0.5812523,0.45445707,0
0.33531454,0.14945248,0.005089567,0.0001080939,0.38159412,0.46982324,0.0009923759,7.34E-07,0.34851477,0.4641461,0.0014800417,1.86E-06,0.38961926,0.4486558,0.0010656706,1.09E-06,0.43765217,0.46403483,5.95E-21,2.50E-17,0.17906424,9.65E-05,0.09712859,0.00015519957,0.0006104431,0.43570697,0,0.4486267,0,0,0.009929078,0,0.58125275,0.47003502,3
0.71713597,0.9925301,0.24419837,0.12153031,0.38159412,0.46982324,0,0,0.34851477,0.4641461,0,0,0.38961926,0.4486558,0,0,0.43765217,0.46403483,0,0,0,0,0,0.98266506,0,0.43570697,0,0.4486267,0,0,2.08E-17,0,0.58125275,0.47003502,4
0.0010130084,0.0015409401,0.0078309085,0.0007563837,0.38159412,0.46982324,1.94E-05,0.00011475354,0.34851477,0.46414346,0.021283347,0.0007423803,0.38961524,0.44581953,0.03067161,0.0011399665,0.4378419,0.49921983,1.77E-21,3.97E-19,0.00090571714,7.61E-18,0.0015776091,8.61E-10,7.01E-18,0.43566516,0.001836178,0.48382494,0.0012648777,0.055989433,0.04303025,0.00330038,0.5816338,0.504105,0
0.7164524,0.8742699,0.24383834,0.12168975,0.38159412,0.46982324,0,0,0.34851477,0.4641461,0,0,0.38961926,0.4486558,0,0,0.43765217,0.46403483,0,0,0,0,0,0.98266494,0,0.43570697,0,0.4486267,0,0,2.08E-17,0,0.58125275,0.47003502,4
0.4336865,0.6052895,0.21343426,0.13151655,0.38159412,0.46982324,0,0,0.34851477,0.4641461,0,0,0.38961926,0.4486558,0,0,0.43765217,0.46403483,0,0,0,0,0,0.98266506,0,0.43570697,0,0.4486267,0,0,2.08E-17,0,0.58125275,0.47003502,4
0.00021381627,0.000390625,0.0105588855,0.0004781056,0.38159412,0.46982324,1.39E-09,1.44E-18,0.34851477,0.4641461,9.98E-07,8.50E-13,0.38961926,0.4486558,0.0077655003,5.80E-05,0.43765122,0.43990284,0,0,6.97E-06,6.09E-24,6.76E-05,2.60E-08,1.96E-16,0.43570697,9.17E-13,0.4486267,0.00023429129,0.0077362526,0.03366103,5.79E-05,0.5812517,0.43929935,0
0.00016065934,0.0009925389,0.055817798,0.077246554,0.38159412,0.46982324,2.41E-09,4.34E-18,0.34851477,0.4641461,9.67E-05,7.95E-09,0.38961926,0.4486558,0.011379577,0.00012443982,0.43765214,0.46076038,0,3.86E-31,6.96E-06,3.75E-20,7.78E-05,2.32E-08,3.83E-16,0.43570697,8.58E-09,0.4486267,0.00026967263,0.011336719,0.032904282,0.00012441564,0.5812527,0.4649083,0
0.72026515,0.90268177,0.244487,0.121401705,0.38159412,0.46982324,0,0,0.34851477,0.4641461,0,0,0.38961926,0.4486558,0,0,0.43765217,0.46403483,0,0,0,0,0,0.98266494,0,0.43570697,0,0.4486267,0,0,2.08E-17,0,0.58125275,0.47003502,4
0.005966623,0.002287034,0.058110666,0.079663254,0.38159412,0.46982324,0,0,0.34851477,0.4641461,2.43E-09,5.05E-18,0.38961926,0.4486558,0,0,0.43765217,0.46403483,1.65E-18,1.56E-18,0.0013828486,8.97E-14,0.00041600448,4.98E-08,2.26E-13,0.43570697,0,0.4486267,0,0,0.009929078,0,0.58125275,0.47003502,0
0.70624197,0.4782329,0.24389127,0.12166676,0.38159412,0.46982324,3.86E-08,1.11E-15,0.34851477,0.4641461,0.0029299366,7.30E-06,0.38961926,0.4486558,0.0059373365,3.39E-05,0.43765217,0.46403483,7.96E-23,1.35E-22,0.5814791,1.64E-06,0.42424816,2.66E-05,0.00010463549,0.43570697,0,0.4486267,0,0,0.3503546,0,0.58125275,0.47003502,4
0.40409648,0.35421687,0.21052073,0.13945223,0.38159412,0.46982324,6.22E-06,2.88E-11,0.34851477,0.4641461,0.014106343,0.00016928243,0.38961926,0.4486558,0.025382476,0.0006191203,0.43765217,0.46403483,2.17E-20,6.35E-21,0.27976513,6.60E-08,0.26504973,2.87E-05,0.00011287831,0.43570697,0,0.4486267,0,0,0.35886526,0,0.58125275,0.47003502,1
0.41565296,0.60269004,0.21269709,0.13166615,0.38159412,0.46982324,0,0,0.34851477,0.4641461,0,0,0.38961926,0.4486558,0,0,0.43765217,0.46403483,0,0,0,0,0,0.98266506,0,0.43570697,0,0.4486267,0,0,2.08E-17,0,0.58125275,0.47003502,4
0.49873042,0.25903782,0.005719426,0.00010756719,0.38159412,0.46982324,0,0,0.34851477,0.4641461,0,0,0.38961926,0.4486558,0,0,0.43765217,0.46403483,0,0,0,0,0,0.98266554,0,0.43570697,0,0.4486267,0,0,2.08E-17,0,0.58125275,0.47003502,3
0.00062601664,0.00044501832,0.011553211,0.00046175363,0.38159406,0.46073905,0.012146755,0.00010993145,0.3485113,0.37982175,0.020077743,0.00034294074,0.38960707,0.28003627,0.016660236,0.00026673288,0.43765473,0.4825341,8.54E-19,6.60E-17,0.00024317317,2.95E-16,0.000115481445,1.66E-08,6.13E-16,0.34701392,0.00037005977,0.2800181,0.00040037397,0.016597487,0.03135523,0.00026668105,0.58125484,0.488327,0
0.22623357,0.22481722,7.52E-05,3.75E-06,0.38159412,0.46982324,0,0,0.34851477,0.4641461,0,0,0.38961926,0.4486558,0,0,0.43765217,0.46403483,0,0,0,0,0,0.9826629,0,0.43570697,0,0.4486267,0,0,2.08E-17,0,0.58125275,0.47003502,2
0.42676404,0.6017697,0.21242005,0.1317206,0.38159412,0.46982324,0.001779129,2.36E-06,0.34851477,0.4641461,0.015324234,0.00019977475,0.38961926,0.4486558,0.013741325,0.00018145306,0.43765217,0.46403483,7.37E-22,1.06E-21,0.30079377,8.69E-20,0.46501452,1.07E-06,4.20E-06,0.43570697,0,0.4486267,0,0,0.3503546,0,0.58125275,0.47003502,4
0.008270228,0.0016238865,0.058469616,0.08176763,0.36786357,0.42949772,0.33928204,0.17294264,0.32814342,0.40612236,0.33957127,0.20483741,0.36417252,0.3819158,0.32523438,0.21415226,0.4340511,0.46021143,3.53E-18,4.47E-18,0.009227995,9.74E-18,0.0016044202,9.44E-10,9.18E-17,0.5492518,0.18866025,0.55814385,0.00030026273,0.38298997,0.20111766,0.19747262,0.66397786,0.5751668,0
0.7100841,0.956315,0.24503994,0.12115336,0.38159412,0.46982324,0.0028751474,6.16E-06,0.34851477,0.4641461,0.00907654,7.01E-05,0.38961926,0.4486558,0.0070315697,4.75E-05,0.43765217,0.46403483,1.01E-22,1.59E-22,0.5877957,1.63E-15,0.8523882,1.67E-06,6.56E-06,0.43570697,0,0.4486267,0,0,0.3503546,0,0.58125275,0.47003502,4
0.30943868,0.068622455,0.2215283,0.1295893,0.38159412,0.46982324,0.0018314198,2.50E-06,0.34851477,0.4641461,0.017765658,0.00026850085,0.38961926,0.4486558,0.01963998,0.0003706715,0.43765217,0.46403483,2.88E-15,6.81E-07,0.22849989,0.00086397625,0.055315737,0.00034761027,0.0013669771,0.43570697,0,0.4486267,0,0,0.3503546,0,0.58125275,0.47003502,4
0.4257711,0.5114433,0.21297346,0.13161181,0.38159412,0.46982324,0.037999306,0.0010757401,0.34851477,0.4641461,0.017361375,0.00025641965,0.38961926,0.4486558,0.014618726,0.00020536488,0.43765217,0.46403483,5.46E-22,4.83E-22,0.3042301,1.96E-10,0.39626616,1.08E-05,4.26E-05,0.43570697,0,0.4486267,0,0,0.3503546,0,0.58125275,0.47003502,4
0.22290406,0.31222817,7.42E-05,3.65E-06,0.38159412,0.46982324,0,0,0.34851477,0.4641461,0,0,0.38961926,0.4486558,0,0,0.43765217,0.46403483,0,0,0,0,0,0.9826632,0,0.43570697,0,0.4486267,0,0,2.08E-17,0,0.58125275,0.47003502,2
0.7388515,0.4027289,0.007063049,9.61E-05,0.38159412,0.46982324,1.33E-08,1.32E-16,0.34851477,0.4641461,0.00010664821,9.68E-09,0.38961926,0.4486558,0.00019013327,3.47E-08,0.43765217,0.46403483,4.33E-22,3.33E-22,0.61591834,7.31E-06,0.36479515,3.61E-05,0.00014211371,0.43570697,0,0.4486267,0,0,0.009929078,0,0.58125275,0.47003502,3
0.7422919,0.5201842,0.00805585,7.96E-05,0.38159412,0.46982324,3.13E-05,7.31E-10,0.34851477,0.4641461,0.0003079791,8.07E-08,0.38961926,0.4486558,0.0002955833,8.40E-08,0.43765217,0.46403483,9.90E-23,1.00E-22,0.69276386,8.79E-07,0.5350411,2.02E-05,7.93E-05,0.43570697,0,0.4486267,0,0,0.009929078,0,0.58125275,0.47003502,3
0.000998627,0.0016052241,0.008205928,0.00078013237,0.38159412,0.46982324,0.00020656627,5.70E-06,0.34851477,0.46580386,0.026965816,0.00081337575,0.38972786,0.5148441,0.031285685,0.0011694017,0.43786275,0.5023144,1.30E-22,3.02E-19,0.0008460407,7.18E-18,0.0016245793,8.23E-10,6.43E-18,0.43570697,0.00047754156,0.44862276,0.0014091771,0.0012907191,0.03902028,0.00051992154,0.5812471,0.4353927,0
0.76339054,0.77294815,0.008077505,7.86E-05,0.38159412,0.46982324,2.78E-05,5.75E-10,0.34851477,0.4641461,0.00027070945,6.23E-08,0.38961926,0.4486558,0.00027267015,7.14E-08,0.43765217,0.46403483,1.54E-22,9.86E-23,0.72622883,1.37E-09,0.7981331,7.12E-06,2.80E-05,0.43570697,0,0.4486267,0,0,0.009929078,0,0.58125275,0.47003502,3
0.42335087,0.60418564,0.21330313,0.13154367,0.38159412,0.46982324,0.0009205013,6.31E-07,0.34851477,0.4641461,0.012995072,0.00014366151,0.38961926,0.4486558,0.013138022,0.0001658697,0.43765217,0.46403483,7.51E-21,4.59E-21,0.30095115,1.00E-17,0.468812,1.70E-06,6.70E-06,0.43570697,0,0.4486267,0,0,0.3503546,0,0.58125275,0.47003502,4
0.31779078,0.10194662,0.19841965,0.14068839,0.38159412,0.46982324,0,0,0.34851477,0.4641461,0,0,0.38961926,0.4486558,0,0,0.43765217,0.46403483,0,0,0,0,0,0.9826661,0,0.43570697,0,0.4486267,0,0,2.08E-17,0,0.58125275,0.47003502,1
0.7128283,0.73081404,0.2505051,0.12733482,0.38159412,0.46982324,1.25E-07,1.17E-14,0.34851477,0.4641461,0.0033362717,9.47E-06,0.38961926,0.4486558,0.0060942685,3.57E-05,0.43765217,0.46403483,8.27E-23,1.01E-22,0.5853637,2.43E-09,0.65010923,9.05E-06,3.56E-05,0.43570697,0,0.4486267,0,0,0.35886526,0,0.58125275,0.47003502,1
0.47931182,0.5864691,0.2147069,0.1312474,0.38159412,0.46982324,0,0,0.34851477,0.4641461,0,0,0.38961926,0.4486558,0,0,0.43765217,0.46403483,0,0,0,0,0,0.982665,0,0.43570697,0,0.4486267,0,0,2.08E-17,0,0.58125275,0.47003502,4
0.43740338,0.33988842,0.0055204835,0.00010811901,0.38159412,0.46982324,0.0013172544,1.29E-06,0.34851477,0.4641461,0.0006836878,3.98E-07,0.38961926,0.4486558,0.0007155519,4.92E-07,0.43765217,0.46403483,6.24E-22,8.08E-22,0.28908354,2.20E-07,0.2393354,3.60E-05,0.00014148018,0.43570697,0,0.4486267,0,0,0.009929078,0,0.58125275,0.47003502,3
0.26469135,0.3599361,1.63E-05,1.66E-06,0.38159412,0.46982324,0,0,0.34851477,0.4641461,0,0,0.38961926,0.4486558,0,0,0.43765217,0.46403483,0,0,0,0,0,0.9826632,0,0.43570697,0,0.4486267,0,0,2.08E-17,0,0.58125275,0.47003502,2
0.7287903,0.3770715,0.007046629,9.62E-05,0.38159412,0.46982324,9.40E-08,6.58E-15,0.34851477,0.4641461,0.00012977442,1.43E-08,0.38961926,0.4486558,0.0002003922,3.86E-08,0.43765217,0.46403483,5.00E-22,9.09E-22,0.6027684,1.08E-05,0.3408069,4.01E-05,0.00015786421,0.43570697,0,0.4486267,0,0,0.009929078,0,0.58125275,0.47003502,3
0.0012324636,0.0016238318,0.0082818065,0.00077091885,0.38159412,0.4698148,0.000693709,0.000101713675,0.3485146,0.45557624,0.009700434,0.00013568357,0.3896082,0.40754768,0.010307128,0.00015432505,0.4376552,0.46812776,1.56E-25,1.67E-19,0.00021271635,3.58E-17,0.0003761678,4.90E-09,4.89E-17,0.4266931,0.00014641313,0.40752122,0.0013041731,0.010268307,0.0283358,0.00015429506,0.5812552,0.47408208,0
0.00091790216,0.0025581676,0.07050993,0.17575029,0.38159412,0.46982324,0.0007603159,4.31E-07,0.34851477,0.4641461,0.012293482,0.00013897577,0.38961646,0.43674356,0.03507032,0.0012261339,0.43809712,0.5693277,5.41E-26,4.79E-20,0.00013299637,2.10E-17,0.00035935137,5.25E-09,1.38E-16,0.43570697,0.00014987413,0.4366592,0.0007538282,0.042820577,0.033446547,0.0018354862,0.5817126,0.55961525,0
0.72824174,0.35100627,0.0070575266,9.61E-05,0.38159412,0.46982324,0,0,0.34851477,0.4641461,0,0,0.38961926,0.4486558,0,0,0.43765217,0.46403483,0,0,0,0,0,0.98266554,0,0.43570697,0,0.4486267,0,0,2.08E-17,0,0.58125275,0.47003502,3
0.007163877,0.0014528806,0.05945823,0.08194295,0.36340165,0.41782382,0.34329703,0.17885685,0.32339078,0.39471444,0.3412563,0.21163648,0.36090106,0.37516323,0.32531422,0.2187638,0.42742628,0.4533269,1.94E-18,2.55E-18,0.008156981,1.08E-17,0.0014382385,1.12E-09,1.16E-16,0.43570697,0.18731026,0.4486267,0.00015012918,0.44997594,0.16742843,0.19601028,0.58125275,0.47003502,0
0.71718377,0.6981234,0.24311514,0.12200759,0.38159412,0.46982324,6.45E-06,3.10E-11,0.34851477,0.4641461,0.004894399,2.04E-05,0.38961926,0.4486558,0.0064390376,3.98E-05,0.43765217,0.46403483,2.42E-22,1.67E-22,0.5786352,8.72E-09,0.617356,1.08E-05,4.26E-05,0.43570697,0,0.4486267,0,0,0.3503546,0,0.58125275,0.47003502,4
0.3984145,0.29590827,0.21352606,0.13149817,0.38159412,0.46982324,0,0,0.34851477,0.4641461,0,0,0.38961926,0.4486558,0,0,0.43765217,0.46403483,0,0,0,0,0,0.9826648,0,0.43570697,0,0.4486267,0,0,2.08E-17,0,0.58125275,0.47003502,4
0.7166198,0.8561563,0.24418882,0.121534504,0.38159412,0.46982324,0.034470696,0.00088522997,0.34851477,0.4641461,0.011629281,0.00011505056,0.38961926,0.4486558,0.0072642835,5.07E-05,0.43765217,0.46403483,5.73E-23,9.64E-23,0.58677167,1.16E-11,0.7604672,4.53E-06,1.78E-05,0.43570697,0,0.4486267,0,0,0.3503546,0,0.58125275,0.47003502,4
0.70697767,0.5878709,0.25040114,0.12738138,0.38159412,0.46982324,4.15E-06,1.28E-11,0.34851477,0.4641461,0.004762255,1.93E-05,0.38961926,0.4486558,0.006528351,4.10E-05,0.43765217,0.46403483,5.52E-23,1.31E-22,0.5794422,1.49E-07,0.52273655,1.70E-05,6.68E-05,0.43570697,0,0.4486267,0,0,0.35886526,0,0.58125275,0.47003502,1
0.07696936,0.012012104,0.1690807,0.13315196,0.38159412,0.46982324,0,0,0.34851477,0.4641461,0,0,0.38961926,0.4486558,0,0,0.43765217,0.46403483,0,0,0,0,0,0.98266697,0,0.43570697,0,0.4486267,0,0,2.08E-17,0,0.58125275,0.47003502,5
0.8525221,0.87625253,0.008128574,7.72E-05,0.38159412,0.46982324,3.11E-05,7.21E-10,0.34851477,0.4641461,0.00023163791,4.56E-08,0.38961926,0.4486558,0.00025669747,6.33E-08,0.43765217,0.46403483,1.10E-22,7.59E-23,0.83111954,5.56E-11,0.9118141,4.58E-06,1.80E-05,0.43570697,0,0.4486267,0,0,0.009929078,0,0.58125275,0.47003502,3
0.41472405,0.3970152,0.0058546728,0.00010708571,0.38159412,0.46982324,9.13E-09,6.22E-17,0.34851477,0.4641461,0.00026698352,6.06E-08,0.38961926,0.4486558,0.0006208123,3.70E-07,0.43765217,0.46403483,8.46E-22,2.57E-21,0.3113275,1.28E-08,0.29657,2.20E-05,8.66E-05,0.43570697,0,0.4486267,0,0,0.009929078,0,0.58125275,0.47003502,3
0.6969229,0.2639961,0.008050775,8.00E-05,0.38159412,0.46982324,0,0,0.34851477,0.4641461,0,0,0.38961926,0.4486558,0,0,0.43765217,0.46403483,0,0,0,0,0,0.98266554,0,0.43570697,0,0.4486267,0,0,2.08E-17,0,0.58125275,0.47003502,3
0.00058714877,0.00046420842,0.012301486,0.006126972,0.38159412,0.46982324,0.02190849,0.0003575863,0.34851477,0.4641461,0.022035187,0.00041306324,0.38961926,0.4486558,0.018063175,0.00031354168,0.43765217,0.46403483,2.76E-16,2.76E-16,0.00016506259,4.08E-16,9.05E-05,0.0012932817,0.0050740987,0.43570697,0.0004457274,0.4486267,0.0002952162,0.018232953,0.030321361,0.00032182093,0.58125275,0.47003502,0
0.24747539,0.35937667,1.53E-05,1.53E-06,0.38159412,0.46982324,0.00026552673,5.25E-08,0.34851477,0.4641461,0.021844001,0.00040592658,0.38961926,0.4486558,0.025692277,0.00063432567,0.43765217,0.46403483,4.74E-30,5.34E-21,0.00017497307,4.89E-17,0.00048104642,0.00039143354,0.001539224,0.43570697,0,0.4486267,0,0,0.010638298,0,0.58125275,0.47003502,2
0.43981797,0.44218996,0.21245305,0.13171668,0.38159412,0.46982324,0.0049907495,1.86E-05,0.34851477,0.4641461,0.01890073,0.00030390662,0.38961926,0.4486558,0.015731888,0.00023783118,0.43765217,0.46403483,1.01E-21,1.20E-21,0.31436196,1.43E-08,0.34179163,1.93E-05,7.60E-05,0.43570697,0,0.4486267,0,0,0.3503546,0,0.58125275,0.47003502,4
0.35020265,0.38915154,0.18438935,0.13426933,0.38159412,0.46982324,0.013319689,0.00013217343,0.34851477,0.4641461,0.018902684,0.0003039695,0.38961926,0.4486558,0.017597634,0.00029758815,0.43765217,0.46403483,8.32E-22,9.40E-22,0.21767771,1.71E-09,0.26106966,1.97E-05,7.76E-05,0.43570697,2.67E-15,0.4486267,0.90459913,9.70E-08,0.3503546,9.11E-15,0.58125275,0.47003502,5
0.41984138,0.6023076,0.21238083,0.1317292,0.38159412,0.46982324,0.0134974625,0.00013572513,0.34851477,0.4641461,0.015705237,0.00020983214,0.38961926,0.4486558,0.013415099,0.00017293978,0.43765217,0.46403483,6.21E-22,9.53E-22,0.29102215,2.05E-19,0.4653377,1.16E-06,4.56E-06,0.43570697,0,0.4486267,0,0,0.3503546,0,0.58125275,0.47003502,4
0.37456986,0.2501038,0.18465441,0.13427731,0.38159412,0.46982324,0.055410657,0.0022874025,0.34851477,0.4641461,0.022977572,0.00044914993,0.38961926,0.4486558,0.019864203,0.00037918345,0.43765217,0.46403483,1.36E-21,1.29E-21,0.23466215,3.95E-06,0.16805363,6.69E-05,0.00026333786,0.43570697,0,0.4486267,0.5822077,1.14E-07,0.3503546,1.26E-14,0.58125275,0.47003502,5
0.7397828,0.83044124,0.0071024634,9.56E-05,0.38159412,0.46982324,0.00029662525,6.55E-08,0.34851477,0.4641461,0.00037125757,1.17E-07,0.38961926,0.4486558,0.000273355,7.18E-08,0.43765217,0.46403483,1.10E-22,1.47E-22,0.6263316,2.02E-10,0.7564692,6.11E-06,2.40E-05,0.43570697,0,0.4486267,0,0,0.009929078,0,0.58125275,0.47003502,3
0.44505388,0.5621129,0.2139544,0.131408,0.38159412,0.46982324,0.009445672,6.65E-05,0.34851477,0.4641461,0.013805027,0.00016212782,0.38961926,0.4486558,0.013270226,0.0001692247,0.43765217,0.46403483,8.91E-22,1.15E-21,0.324388,8.41E-13,0.43750083,5.72E-06,2.25E-05,0.43570697,0,0.4486267,0,0,0.3503546,0,0.58125275,0.47003502,4
0.0013011148,0.0015765822,0.007823594,0.0007093635,0.38159412,0.46982324,1.08E-05,3.49E-08,0.34851477,0.46414578,0.01869457,0.0004875867,0.38959998,0.428828,0.029329505,0.0010580368,0.4377761,0.4886805,2.37E-17,2.57E-17,0.0012177483,1.92E-17,0.0016653284,8.07E-10,1.69E-17,0.43570697,0.0002846956,0.4505301,0.0015223358,0.0038129678,0.0397982,0.0004790456,0.5812732,0.51428485,0
0.47983855,0.594631,0.2145593,0.13128075,0.38159412,0.46982324,0,0,0.34851477,0.4641461,0,0,0.38961926,0.4486558,0,0,0.43765217,0.46403483,0,0,0,0,0,0.982665,0,0.43570697,0,0.4486267,0,0,2.08E-17,0,0.58125275,0.47003502,4
0.4633547,0.21005389,0.20971414,0.1395708,0.38159412,0.46982324,0.05656421,0.0023836335,0.34851477,0.4641461,0.031829074,0.00086184876,0.38961926,0.4486558,0.026766982,0.0006885031,0.43765217,0.46403483,4.35E-22,8.40E-22,0.324752,1.63E-05,0.15659113,8.55E-05,0.00033648507,0.43570697,0,0.4486267,0,0,0.35886526,0,0.58125275,0.47003502,1
0.0012102699,0.001567373,0.008089683,0.00085393357,0.381599,0.50014603,0.044491902,0.0014758079,0.3486013,0.56159335,0.041034196,0.0015538807,0.3896436,0.45778036,0.032432564,0.0012232664,0.43780944,0.49172848,1.35E-18,4.19E-18,0.0012062028,1.45E-17,0.001623949,8.37E-10,1.66E-17,0.43570697,0.00044930002,0.4486159,0.0013902374,0.0017208171,0.039342403,0.00049845723,0.5812517,0.46517092,0
0.0009044753,0.0015126843,0.008364957,0.002079701,0.38159412,0.46982324,4.32E-05,4.42E-07,0.34851477,0.46414188,0.022915712,0.00058756635,0.3895943,0.4275751,0.05036042,0.002922956,0.4376394,0.46308592,9.01E-18,9.31E-18,0.000981733,8.25E-18,0.0016345333,8.17E-10,7.06E-18,0.43570697,0.00017035226,0.44862515,0.0014425467,0.007592923,0.040293735,0.0038979552,0.5812509,0.46933806,0
0.7249721,0.9841694,0.24413061,0.121560395,0.38159412,0.46982324,0.0009456016,6.66E-07,0.34851477,0.4641461,0.008324789,5.90E-05,0.38961926,0.4486558,0.007156211,4.92E-05,0.43765217,0.46403483,3.87E-22,2.15E-22,0.58924913,1.03E-17,0.873963,9.80E-07,3.86E-06,0.43570697,0,0.4486267,0,0,0.3503546,0,0.58125275,0.47003502,4
0.7097187,0.37346423,0.24322505,0.12196043,0.38159412,0.46982324,0,0,0.34851477,0.4641461,0,0,0.38961926,0.4486558,0,0,0.43765217,0.46403483,0,0,0,0,0,0.98266476,0,0.43570697,0,0.4486267,0,0,2.08E-17,0,0.58125275,0.47003502,4
0.7098064,0.8667745,0.24430427,0.12148257,0.38159412,0.46982324,0.00082965393,5.13E-07,0.34851477,0.4641461,0.008042615,5.50E-05,0.38961926,0.4486558,0.006954657,4.65E-05,0.43765217,0.46403483,2.14E-22,2.41E-22,0.58344376,5.53E-12,0.770255,4.16E-06,1.64E-05,0.43570697,0,0.4486267,0,0,0.3503546,0,0.58125275,0.47003502,4
0.7628719,0.92557293,0.24494512,0.1211959,0.38159412,0.46982324,4.90E-06,1.79E-11,0.34851477,0.4641461,0.004579977,1.78E-05,0.38961926,0.4486558,0.006489692,4.05E-05,0.43765217,0.46403483,1.28E-22,1.21E-22,0.6366895,9.82E-14,0.8246556,2.62E-06,1.03E-05,0.43570697,0,0.4486267,0,0,0.3503546,0,0.58125275,0.47003502,4
0.23011751,0.15706296,7.46E-05,3.93E-06,0.38159412,0.46982324,0,0,0.34851477,0.4641461,0,0,0.38961926,0.4486558,0,0,0.43765217,0.46403483,0,0,0,0,0,0.98266286,0,0.43570697,0,0.4486267,0,0,2.08E-17,0,0.58125275,0.47003502,2
0.0009996638,0.0015954459,0.008060196,0.0007363373,0.38159412,0.46982324,3.07E-06,0.00012181127,0.34851477,0.4641646,0.01876832,0.00067027,0.3896321,0.45919615,0.029913718,0.0011060165,0.43766046,0.4656047,8.93E-18,9.12E-18,0.0008209209,2.05E-17,0.0016792003,7.96E-10,1.61E-17,0.43570697,0.0003288759,0.44650915,0.0014966509,0.00443051,0.039526675,0.0005060939,0.5812516,0.4680156,0
0.36464852,0.3551687,0.005603351,0.0001079786,0.38159412,0.46982324,7.00E-05,3.65E-09,0.34851477,0.4641461,0.00068910304,4.04E-07,0.38961926,0.4486558,0.00072985946,5.12E-07,0.43765217,0.46403483,5.54E-20,2.50E-20,0.2518484,8.56E-08,0.25386992,3.04E-05,0.000119696655,0.43570697,0,0.4486267,0,0,0.009929078,0,0.58125275,0.47003502,3
0.22476146,0.29675412,7.52E-05,3.77E-06,0.38159412,0.46982324,0,0,0.34851477,0.4641461,0,0,0.38961926,0.4486558,0,0,0.43765217,0.46403483,0,0,0,0,0,0.9826631,0,0.43570697,0,0.4486267,0,0,2.08E-17,0,0.58125275,0.47003502,2
0.0010215462,0.0016643637,0.008509296,0.00086026406,0.38159412,0.46982247,0.042699266,0.0014473298,0.3484873,0.45336637,0.04632925,0.001926567,0.38936946,0.36649787,0.032261454,0.0012257636,0.43753597,0.44374746,5.66E-21,4.07E-18,0.0009856331,1.79E-17,0.0017622648,7.38E-10,1.48E-17,0.43570608,0.004063942,0.41465268,0.0013458923,0.058993615,0.04428804,0.0035919738,0.58140725,0.48341778,0
0.22244373,0.08231061,9.04E-05,4.82E-06,0.38159412,0.46982324,0,0,0.34851477,0.4641461,0,0,0.38961926,0.4486558,0,0,0.43765217,0.46403483,0,0,0,0,0,0.98266286,0,0.43570697,0,0.4486267,0,0,2.08E-17,0,0.58125275,0.47003502,2
0.3660012,0.39830858,0.183528,0.1342548,0.38159412,0.46982324,0.00058249786,2.53E-07,0.34851477,0.4641461,0.013775237,0.00016142886,0.38961926,0.4486558,0.01690288,0.00027455445,0.43765217,0.46403483,1.22E-21,1.65E-21,0.22042122,9.09E-10,0.26595542,1.82E-05,7.16E-05,0.43570697,2.67E-15,0.4486267,0.9215699,9.83E-08,0.3503546,9.36E-15,0.58125275,0.47003502,5
0.70733756,0.854933,0.007086934,9.58E-05,0.38159412,0.46982324,0,0,0.34851477,0.4641461,0,0,0.38961926,0.4486558,0,0,0.43765217,0.46403483,0,0,0,0,0,0.98266566,0,0.43570697,0,0.4486267,0,0,2.08E-17,0,0.58125275,0.47003502,3
0.19848865,0.03823671,0.18159631,0.13421468,0.38159412,0.46982324,0.002451209,4.48E-06,0.34851477,0.4641461,0.024828635,0.00052443147,0.38961926,0.4486558,0.029084232,0.00081287225,0.43765217,0.46403483,2.88E-11,1.74E-05,0.12108561,0.0021931557,0.025281044,0.0007831799,0.0030784935,0.43570697,1.16E-16,0.4486267,0.087509155,4.04E-08,0.3503546,1.58E-15,0.58125275,0.47003502,5
0.7274305,0.84715945,0.24390623,0.12165964,0.38159412,0.46982324,1.18E-06,1.04E-12,0.34851477,0.4641461,0.004131499,1.45E-05,0.38961926,0.4486558,0.0063666236,3.90E-05,0.43765217,0.46403483,3.25E-22,1.73E-22,0.59030837,2.12E-11,0.75158703,4.88E-06,1.92E-05,0.43570697,0,0.4486267,0,0,0.3503546,0,0.58125275,0.47003502,4
0.71489275,0.5316271,0.24275993,0.122162275,0.38159412,0.46982324,0.0015867458,1.88E-06,0.34851477,0.4641461,0.00849824,6.14E-05,0.38961926,0.4486558,0.007189831,4.97E-05,0.43765217,0.46403483,2.35E-22,1.58E-22,0.5756461,5.88E-07,0.46944258,2.17E-05,8.53E-05,0.43570697,0,0.4486267,0,0,0.3503546,0,0.58125275,0.47003502,4
0.004362631,0.0032772757,0.0446082,0.06436988,0.3363609,0.38178417,0.36440548,0.29908636,0.2963828,0.36330053,0.35978702,0.341778,0.34728423,0.37053096,0.35049736,0.34276408,0.39965227,0.43538204,6.76E-18,7.98E-18,0.00351443,2.13E-17,0.0021331424,5.88E-10,5.43E-17,0.5657397,0.3371399,0.5743742,0.0002251579,0.56804675,0.22129245,0.35282084,0.73531854,0.59077865,0
0.2213465,0.19476306,7.87E-05,4.00E-06,0.38159412,0.46982324,0,0,0.34851477,0.4641461,0,0,0.38961926,0.4486558,0,0,0.43765217,0.46403483,0,0,0,0,0,0.9826629,0,0.43570697,0,0.4486267,0,0,2.08E-17,0,0.58125275,0.47003502,2
0.7210135,0.9499969,0.24467137,0.121318474,0.38159412,0.46982324,1.88E-06,2.63E-12,0.34851477,0.4641461,0.0043428107,1.60E-05,0.38961926,0.4486558,0.0064557404,4.00E-05,0.43765217,0.46403483,1.26E-22,1.66E-22,0.5870341,5.47E-15,0.8454689,1.90E-06,7.46E-06,0.43570697,0,0.4486267,0,0,0.3503546,0,0.58125275,0.47003502,4
0.70411247,0.25470284,0.007050781,9.61E-05,0.38159412,0.46982324,0.0004020787,1.20E-07,0.34851477,0.4641461,0.00030504068,7.92E-08,0.38961926,0.4486558,0.0002651372,6.76E-08,0.43765217,0.46403483,1.39E-22,1.14E-14,0.5875316,5.98E-05,0.23036394,7.03E-05,0.00027636363,0.43570697,0,0.4486267,0,0,0.009929078,0,0.58125275,0.47003502,3
0.7252238,0.9988391,0.24423224,0.12151523,0.38159412,0.46982324,1.10E-05,9.06E-11,0.34851477,0.4641461,0.0053405208,2.43E-05,0.38961926,0.4486558,0.0070609464,4.79E-05,0.43765217,0.46403483,2.06E-22,2.14E-22,0.59567654,5.49E-20,0.8873571,5.72E-07,2.25E-06,0.43570697,0,0.4486267,0,0,0.3503546,0,0.58125275,0.47003502,4
0.32676283,0.16868152,0.0052888733,0.00010829906,0.38159412,0.46982324,0,0,0.34851477,0.4641461,0,0,0.38961926,0.4486558,0,0,0.43765217,0.46403483,0,0,0,0,0,0.98266554,0,0.43570697,0,0.4486267,0,0,2.08E-17,0,0.58125275,0.47003502,3
0.70042974,0.3842786,0.25094244,0.12713282,0.38159412,0.46982324,0,0,0.34851477,0.4641461,0,0,0.38961926,0.4486558,0,0,0.43765217,0.46403483,0,0,0,0,0,0.9826661,0,0.43570697,0,0.4486267,0,0,2.08E-17,0,0.58125275,0.47003502,1
0.25484237,0.32573047,1.53E-05,1.51E-06,0.38159412,0.46982324,0,0,0.34851477,0.4641461,0,0,0.38961926,0.4486558,0,0,0.43765217,0.46403483,0,0,0,0,0,0.98266304,0,0.43570697,0,0.4486267,0,0,2.08E-17,0,0.58125275,0.47003502,2
0.21967064,0.299245,7.36E-05,3.70E-06,0.38159412,0.46982324,0,0,0.34851477,0.4641461,0,0,0.38961926,0.4486558,0,0,0.43765217,0.46403483,0,0,0,0,0,0.9826631,0,0.43570697,0,0.4486267,0,0,2.08E-17,0,0.58125275,0.47003502,2
0.622573,0.17342791,0.0070087174,9.68E-05,0.38159412,0.46982324,3.13E-07,7.29E-14,0.34851477,0.4641461,0.00015254314,1.98E-08,0.38961926,0.4486558,0.00022441069,4.84E-08,0.43765217,0.46403483,6.11E-23,1.57E-10,0.5148192,0.00017732779,0.15589432,0.00011420935,0.00044923637,0.43570697,0,0.4486267,0,0,0.009929078,0,0.58125275,0.47003502,3
0.41865593,0.17776032,0.21103333,0.1393716,0.38159412,0.46982324,5.35E-05,2.14E-09,0.34851477,0.4641461,0.017195495,0.0002515431,0.38961926,0.4486558,0.022730948,0.00049652625,0.43765217,0.46403483,1.33E-21,7.09E-20,0.30485627,3.30E-05,0.13329983,0.00010714012,0.0004214333,0.43570697,0,0.4486267,0,0,0.35886526,0,0.58125275,0.47003502,1
0.37740245,0.27283424,0.22250153,0.13710865,0.38159412,0.46982324,0,0,0.34851477,0.4641461,0,0,0.38961926,0.4486558,0,0,0.43765217,0.46403483,0,0,0,0,0,0.9826661,0,0.43570697,0,0.4486267,0,0,2.08E-17,0,0.58125275,0.47003502,1
0.0010324301,0.001559073,0.008287535,0.0008219397,0.38159412,0.46982324,1.30E-06,3.59E-07,0.34851477,0.4641461,0.006604311,9.37E-05,0.38962188,0.46477884,0.009979425,0.00014871453,0.43766236,0.47838417,1.16E-30,1.29E-21,0.000112642985,2.59E-17,0.00034034796,5.43E-09,4.67E-17,0.43570697,0.00010115052,0.46474868,0.0011799858,0.00994184,0.02798929,0.00014868563,0.5812611,0.48422354,0
0.0058550714,0.0012845513,0.056297854,0.07251572,0.3590069,0.4063532,0.33212507,0.18864019,0.3204326,0.38730094,0.33233067,0.22184817,0.3567162,0.36524802,0.3122966,0.2242608,0.43267018,0.45873624,1.00E-17,1.17E-17,0.0067588994,1.69E-17,0.001227223,1.39E-09,3.34E-11,0.5491581,0.1886651,0.5581349,0.0003002647,0.38299096,0.201118,0.19747312,0.6639774,0.575166,0
0.35019875,0.3191022,0.1834053,0.13425173,0.38159412,0.46982324,0.036459994,0.000990351,0.34851477,0.4641461,0.019852944,0.0003352995,0.38961926,0.4486558,0.018023431,0.00031216344,0.43765217,0.46403483,7.16E-22,8.46E-22,0.21438356,1.79E-07,0.21293923,3.84E-05,0.0001511629,0.43570697,5.80E-16,0.4486267,0.73780733,1.38E-07,0.3503546,1.83E-14,0.58125275,0.47003502,5
0.731867,0.3896376,0.008033149,7.99E-05,0.38159412,0.46982324,1.57E-07,1.83E-14,0.34851477,0.4641461,0.00016774857,2.39E-08,0.38961926,0.4486558,0.00026147623,6.57E-08,0.43765217,0.46403483,6.80E-23,1.19E-22,0.6876604,7.38E-06,0.3999811,3.33E-05,0.0001311632,0.43570697,0,0.4486267,0,0,0.009929078,0,0.58125275,0.47003502,3
0.0010749137,0.0015510796,0.008162298,0.0007818846,0.38159412,0.4698232,0.0013716157,0.00014941962,0.3485147,0.46309355,0.03139744,0.0010084485,0.38959795,0.43782836,0.03093823,0.0011551769,0.43774036,0.48019716,3.68E-21,4.46E-19,0.00091399124,5.62E-18,0.0016262383,8.22E-10,6.23E-18,0.43570697,0.00030412787,0.44827157,0.0014318066,0.002389024,0.039125733,0.0005171462,0.58125633,0.48189175,0
0.42888266,0.14770098,0.21606763,0.13095188,0.38159412,0.46982324,1.46E-06,1.60E-12,0.34851477,0.4641461,0.007494095,4.78E-05,0.38961926,0.4486558,0.012619518,0.00015303564,0.43765217,0.46403483,7.12E-22,4.36E-13,0.30443263,0.00015368965,0.11608611,0.00014345293,0.0005642468,0.43570697,0,0.4486267,0,0,0.3503546,0,0.58125275,0.47003502,4
0.0011008212,0.0016512859,0.019407358,0.036483552,0.38159412,0.46556947,0.006315203,3.04E-05,0.3485133,0.43076783,0.05169921,0.0023695314,0.389566,0.43358448,0.21263951,0.04695615,0.43849272,0.46847624,3.40E-17,3.40E-17,0.001089544,2.02E-17,0.0017695524,7.34E-10,1.53E-17,0.43570697,0.00033581787,0.44862598,0.0014237022,0.038178798,0.056381207,0.06729077,0.5818967,0.48176095,0
0.47470054,0.24342783,0.0057829274,0.000107324755,0.38159412,0.46982324,0,0,0.34851477,0.4641461,0,0,0.38961926,0.4486558,0,0,0.43765217,0.46403483,0,0,0,0,0,0.98266554,0,0.43570697,0,0.4486267,0,0,2.08E-17,0,0.58125275,0.47003502,3
0.00023053691,0.00036173098,0.011244631,0.00042423754,0.38159412,0.46982324,0,0,0.34851477,0.4641461,1.41E-09,1.68E-18,0.38961926,0.4486558,0,0,0.43765217,0.46403483,5.45E-15,1.23E-14,0.00013073736,1.38E-14,7.07E-05,3.80E-08,8.76E-12,0.43570697,1.81E-18,0.4486267,0.00024512724,1.72E-09,2.08E-17,2.84E-18,0.58125275,0.47003502,0
0.35258052,0.17300464,0.18280463,0.13423815,0.38159412,0.46982324,0.025403688,0.00048078346,0.34851477,0.4641461,0.023480719,0.0004690356,0.38961926,0.4486558,0.022016957,0.00046582377,0.43765217,0.46403483,1.06E-21,8.26E-20,0.21593167,4.52E-05,0.11509995,0.00012368763,0.00048651453,0.43570697,3.13E-15,0.4486267,0.3986861,9.77E-08,0.3503546,9.23E-15,0.58125275,0.47003502,5
0.2324006,0.31889534,7.31E-05,3.66E-06,0.38159412,0.46982324,0,0,0.34851477,0.4641461,0,0,0.38961926,0.4486558,0,0,0.43765217,0.46403483,0,0,0,0,0,0.9826633,0,0.43570697,0,0.4486267,0,0,2.08E-17,0,0.58125275,0.47003502,2
0.7182923,0.65172744,0.24326028,0.12194343,0.38159412,0.46982324,0.006001613,2.68E-05,0.34851477,0.4641461,0.009664663,7.95E-05,0.38961926,0.4486558,0.0071345083,4.89E-05,0.43765217,0.46403483,1.24E-22,1.34E-22,0.5838713,3.40E-08,0.5766801,1.33E-05,5.23E-05,0.43570697,0,0.4486267,0,0,0.3503546,0,0.58125275,0.47003502,4
0.25547284,0.35847306,1.51E-05,1.48E-06,0.38159412,0.46982324,0,0,0.34851477,0.4641461,0,0,0.38961926,0.4486558,0,0,0.43765217,0.46403483,0,0,0,0,0,0.9826632,0,0.43570697,0,0.4486267,0,0,2.08E-17,0,0.58125275,0.47003502,2
0.20933087,0.034686606,0.2251759,0.1285342,0.38159412,0.46982324,0.027020339,0.00054392323,0.34851477,0.4641461,0.028737176,0.00070254033,0.38961926,0.4486558,0.0281903,0.0007636713,0.43765217,0.46403483,7.81E-08,0.00014845669,0.15671913,0.0022619835,0.028437082,0.0007167146,0.002817419,0.43570697,0,0.4486267,0,0,0.3503546,0,0.58125275,0.47003502,4
0.77447146,0.8813054,0.0071254848,9.52E-05,0.38159412,0.46982324,7.48E-06,4.16E-11,0.34851477,0.4641461,0.00020330562,3.52E-08,0.38961926,0.4486558,0.00025079338,6.04E-08,0.43765217,0.46403483,4.10E-23,7.82E-23,0.67569745,1.03E-11,0.8054782,4.29E-06,1.69E-05,0.43570697,0,0.4486267,0,0,0.009929078,0,0.58125275,0.47003502,3
0.3824989,0.3272938,0.0054767355,0.00010818216,0.38159412,0.46982324,1.09E-08,8.82E-17,0.34851477,0.4641461,0.00032077022,8.75E-08,0.38961926,0.4486558,0.000681565,4.46E-07,0.43765217,0.46403483,1.65E-21,3.19E-21,0.24237116,3.17E-07,0.22862627,3.84E-05,0.00015093917,0.43570697,0,0.4486267,0,0,0.009929078,0,0.58125275,0.47003502,3
0.71830845,0.833192,0.24428406,0.121492155,0.38159412,0.46982324,3.59E-05,9.59E-10,0.34851477,0.4641461,0.005811227,2.87E-05,0.38961926,0.4486558,0.0066378643,4.23E-05,0.43765217,0.46403483,8.24E-23,1.11E-22,0.59117204,4.19E-11,0.74034595,5.30E-06,2.09E-05,0.43570697,0,0.4486267,0,0,0.3503546,0,0.58125275,0.47003502,4
0.42927676,0.59434444,0.21440585,0.13131477,0.38159412,0.46982324,0,0,0.34851477,0.4641461,0,0,0.38961926,0.4486558,0,0,0.43765217,0.46403483,0,0,0,0,0,0.982665,0,0.43570697,0,0.4486267,0,0,2.08E-17,0,0.58125275,0.47003502,4
0.35884604,0.44797543,0.20377558,0.14028512,0.38159412,0.46982324,0,0,0.34851477,0.4641461,0,0,0.38961926,0.4486558,0,0,0.43765217,0.46403483,0,0,0,0,0,0.9826662,0,0.43570697,0,0.4486267,0,0,2.08E-17,0,0.58125275,0.47003502,1
0.00091942714,0.0015932162,0.010718679,0.0017800025,0.38159412,0.4698221,0.026188157,0.0010416626,0.34850124,0.4577242,0.045530297,0.0019139244,0.38936096,0.37008804,0.04676479,0.0022977637,0.43729636,0.4266117,7.98E-21,2.87E-18,0.00095246796,7.38E-18,0.0016801071,9.13E-10,5.05E-10,0.43570697,0.0002842091,0.4486267,0.0012985646,1.24E-05,0.03995782,0.00044751674,0.58125275,0.4699826,0
0.4625911,0.2860717,0.2135047,0.13150257,0.38159412,0.46982324,5.26E-06,2.06E-11,0.34851477,0.4641461,0.009452411,7.60E-05,0.38961926,0.4486558,0.013636646,0.00017869905,0.43765217,0.46403483,6.84E-22,1.06E-21,0.32387364,5.90E-06,0.22218554,5.44E-05,0.00021415736,0.43570697,0,0.4486267,0,0,0.3503546,0,0.58125275,0.47003502,4
0.22933552,0.16443186,7.71E-05,4.08E-06,0.38159412,0.46982324,0,0,0.34851477,0.4641461,0,0,0.38961926,0.4486558,0,0,0.43765217,0.46403483,0,0,0,0,0,0.98266286,0,0.43570697,0,0.4486267,0,0,2.08E-17,0,0.58125275,0.47003502,2
0.34758288,0.3725991,0.18429336,0.134268,0.38159412,0.46982324,0,0,0.34851477,0.4641461,0,0,0.38961926,0.4486558,0,0,0.43765217,0.46403483,0,0,0,0,0,0.9826671,0,0.43570697,0,0.4486267,0,0,2.08E-17,0,0.58125275,0.47003502,5
0.74425614,0.43827692,0.008057357,7.93E-05,0.38159412,0.46982324,4.57E-05,1.56E-09,0.34851477,0.4641461,0.00024390694,5.06E-08,0.38961926,0.4486558,0.00027483312,7.26E-08,0.43765217,0.46403483,8.34E-23,8.94E-23,0.7074237,3.46E-06,0.45149735,2.75E-05,0.0001080176,0.43570697,0,0.4486267,0,0,0.009929078,0,0.58125275,0.47003502,3
0.22837225,0.29579782,7.53E-05,3.75E-06,0.38159412,0.46982324,0,0,0.34851477,0.4641461,0,0,0.38961926,0.4486558,0,0,0.43765217,0.46403483,0,0,0,0,0,0.9826631,0,0.43570697,0,0.4486267,0,0,2.08E-17,0,0.58125275,0.47003502,2
0.4875516,0.55702436,0.21344742,0.13151564,0.38159412,0.46982324,0,0,0.34851477,0.4641461,0,0,0.38961926,0.4486558,0,0,0.43765217,0.46403483,0,0,0,0,0,0.98266494,0,0.43570697,0,0.4486267,0,0,2.08E-17,0,0.58125275,0.47003502,4
0.7150399,0.9820661,0.2444587,0.12141434,0.38159412,0.46982324,0.0023249998,4.03E-06,0.34851477,0.4641461,0.00910812,7.06E-05,0.38961926,0.4486558,0.0072234846,5.01E-05,0.43765217,0.46403483,4.77E-23,9.17E-23,0.58885443,1.24E-17,0.87326914,9.99E-07,3.93E-06,0.43570697,0,0.4486267,0,0,0.3503546,0,0.58125275,0.47003502,4
0.431275,0.4498273,0.21360889,0.13148087,0.38159412,0.46982324,0.000401347,1.20E-07,0.34851477,0.4641461,0.014558999,0.00018032092,0.38961926,0.4486558,0.015166904,0.00022105529,0.43765217,0.46403483,1.80E-21,1.97E-21,0.31931454,8.45E-09,0.34957585,1.80E-05,7.06E-05,0.43570697,0,0.4486267,0,0,0.3503546,0,0.58125275,0.47003502,4
0.42964506,0.59392136,0.21397063,0.13140735,0.38159412,0.46982324,3.11E-06,7.22E-12,0.34851477,0.4641461,0.007132244,4.33E-05,0.38961926,0.4486558,0.012249259,0.0001441872,0.43765217,0.46403483,2.56E-21,1.27E-21,0.2996638,3.65E-15,0.46227497,3.12E-06,1.23E-05,0.43570697,0,0.4486267,0,0,0.3503546,0,0.58125275,0.47003502,4
0.4444569,0.60034573,0.21361925,0.13147838,0.38159412,0.46982324,2.17E-05,3.52E-10,0.34851477,0.4641461,0.008774653,6.55E-05,0.38961926,0.4486558,0.012450065,0.00014895339,0.43765217,0.46403483,4.85E-22,5.76E-22,0.31624395,2.51E-16,0.46650797,2.37E-06,9.34E-06,0.43570697,0,0.4486267,0,0,0.3503546,0,0.58125275,0.47003502,4
0.34810498,0.4474524,0.20407291,0.14025544,0.38159412,0.46982324,0,0,0.34851477,0.4641461,0,0,0.38961926,0.4486558,0,0,0.43765217,0.46403483,0,0,0,0,0,0.9826662,0,0.43570697,0,0.4486267,0,0,2.08E-17,0,0.58125275,0.47003502,1
0.0011640047,0.0015359381,0.008297103,0.00086054055,0.38159412,0.46981642,0.011675508,0.000101557445,0.34851462,0.45803747,0.011393641,0.00015882461,0.38962162,0.45592093,0.010380226,0.00015660799,0.43767735,0.49759027,3.94E-17,4.00E-17,0.00027080515,5.67E-17,0.0003730616,4.95E-09,5.37E-17,0.42928183,0.00017138412,0.45589134,0.001293404,0.010341131,0.028372662,0.00015657756,0.5812734,0.5032144,0
0.717915,0.72568625,0.24366271,0.12176722,0.38159412,0.46982324,6.50E-08,3.15E-15,0.34851477,0.4641461,0.0031065252,8.21E-06,0.38961926,0.4486558,0.006032442,3.50E-05,0.43765217,0.46403483,7.40E-23,1.15E-22,0.58689195,3.51E-09,0.6431691,9.50E-06,3.74E-05,0.43570697,0,0.4486267,0,0,0.3503546,0,0.58125275,0.47003502,4
0.41147676,0.43184063,0.21600957,0.13851315,0.38159412,0.46982324,0,0,0.34851477,0.4641461,0,0,0.38961926,0.4486558,0,0,0.43765217,0.46403483,0,0,0,0,0,0.9826662,0,0.43570697,0,0.4486267,0,0,2.08E-17,0,0.58125275,0.47003502,1
0.2239989,0.31284505,7.40E-05,3.67E-06,0.38159412,0.46982324,0,0,0.34851477,0.4641461,0,0,0.38961926,0.4486558,0,0,0.43765217,0.46403483,0,0,0,0,0,0.9826632,0,0.43570697,0,0.4486267,0,0,2.08E-17,0,0.58125275,0.47003502,2
0.7230845,0.8122661,0.24396744,0.12163259,0.38159412,0.46982324,0,0,0.34851477,0.4641461,0,0,0.38961926,0.4486558,0,0,0.43765217,0.46403483,0,0,0,0,0,0.9826649,0,0.43570697,0,0.4486267,0,0,2.08E-17,0,0.58125275,0.47003502,4
0.0008803478,0.001540759,0.007962524,0.0007852767,0.38159412,0.469824,0.00025323947,1.04E-05,0.34851477,0.463932,0.027352642,0.0008226209,0.38967642,0.48322487,0.030877307,0.0011493228,0.43792626,0.51454973,1.61E-21,1.47E-18,0.0008950002,6.50E-18,0.0016287785,8.20E-10,6.25E-18,0.43791625,8.75E-05,0.47858664,0.0014367186,0.0038622487,0.039918955,0.00047026892,0.581274,0.51571953,0
0.21974711,0.20686492,7.76E-05,3.90E-06,0.38159412,0.46982324,0,0,0.34851477,0.4641461,0,0,0.38961926,0.4486558,0,0,0.43765217,0.46403483,0,0,0,0,0,0.9826629,0,0.43570697,0,0.4486267,0,0,2.08E-17,0,0.58125275,0.47003502,2
0.41906112,0.60156524,0.21187237,0.13182454,0.38159412,0.46982324,0,0,0.34851477,0.4641461,0,0,0.38961926,0.4486558,0,0,0.43765217,0.46403483,0,0,0,0,0,0.9826651,0,0.43570697,0,0.4486267,0,0,2.08E-17,0,0.58125275,0.47003502,4
0.0009222996,0.0015358287,0.008476887,0.0008755138,0.381594,0.46833846,0.065352984,0.003185867,0.34842902,0.42516574,0.046103846,0.0019069391,0.38959482,0.4405205,0.03261059,0.0012283404,0.43775687,0.48246816,8.85E-18,1.01E-17,0.0009807807,1.77E-17,0.0016272943,8.36E-10,1.72E-17,0.4029746,0.0038822666,0.47351068,0.0013239392,0.05823519,0.045108933,0.0035473816,0.5816608,0.50450104,0
0.001643468,0.001752588,0.008990895,0.0009165605,0.38160935,0.5097464,0.008707272,0.00048050852,0.3485661,0.56520396,0.024306161,0.0007639054,0.3896817,0.48908913,0.030231318,0.0011194223,0.43785483,0.502176,5.54E-19,5.18E-18,0.0018962979,1.47E-17,0.0019044073,6.54E-10,1.60E-17,0.50506943,0.0004563266,0.5272351,0.0017489975,0.006377639,0.039771173,0.000520511,0.58129656,0.5244161,0
0.4085297,0.524544,0.21290262,0.13162607,0.38159412,0.46982324,0,0,0.34851477,0.4641461,0,0,0.38961926,0.4486558,0,0,0.43765217,0.46403483,0,0,0,0,0,0.98266494,0,0.43570697,0,0.4486267,0,0,2.08E-17,0,0.58125275,0.47003502,4
0.0004933254,0.0006565236,0.011521544,0.0004038216,0.38159412,0.46982324,1.39E-09,0.007429962,0.34851477,0.4641461,1.45E-06,0.008668002,0.38961926,0.4486558,0.017506426,0.009792682,0.4379325,0.4882981,1.55E-24,1.28E-19,0.0002935112,1.32E-16,0.0002822539,9.35E-09,3.07E-15,0.43570697,0,0.4486267,0.0002758199,1.40E-09,0.009929078,1.90E-18,0.58125275,0.47003502,0
0.7193816,0.8606514,0.24396616,0.12163354,0.38159412,0.46982324,0,0,0.34851477,0.4641461,0,0,0.38961926,0.4486558,0,0,0.43765217,0.46403483,0,0,0,0,0,0.98266494,0,0.43570697,0,0.4486267,0,0,2.08E-17,0,0.58125275,0.47003502,4
0.24815977,0.32611087,1.53E-05,1.48E-06,0.38159412,0.46982324,0,0,0.34851477,0.4641461,0,0,0.38961926,0.4486558,0,0,0.43765217,0.46403483,0,0,0,0,0,0.98266304,0,0.43570697,0,0.4486267,0,0,2.08E-17,0,0.58125275,0.47003502,2
0.49126232,0.5838662,0.21519673,0.13113958,0.38159412,0.46982324,0.024923217,0.0004627689,0.34851477,0.4641461,0.01483585,0.000187244,0.38961926,0.4486558,0.013187241,0.00016711482,0.43765217,0.46403483,4.35E-22,7.87E-22,0.3664021,5.03E-14,0.45706943,4.18E-06,1.64E-05,0.43570697,0,0.4486267,0,0,0.3503546,0,0.58125275,0.47003502,4
0.70068777,0.60514927,0.25031704,0.12742047,0.38159412,0.46982324,4.49E-07,1.50E-13,0.34851477,0.4641461,0.0038263274,1.25E-05,0.38961926,0.4486558,0.0062933024,3.81E-05,0.43765217,0.46403483,7.19E-23,1.16E-22,0.57396144,9.59E-08,0.5379181,1.58E-05,6.20E-05,0.43570697,0,0.4486267,0,0,0.35886526,0,0.58125275,0.47003502,1
0.71636564,0.97562826,0.24427861,0.121494554,0.38159412,0.46982324,0,0,0.34851477,0.4641461,0,0,0.38961926,0.4486558,0,0,0.43765217,0.46403483,0,0,0,0,0,0.982665,0,0.43570697,0,0.4486267,0,0,2.08E-17,0,0.58125275,0.47003502,4
0.0011486062,0.0015905229,0.008711937,0.0008838594,0.38123134,0.37165758,0.052835226,0.0021459004,0.3481143,0.34072506,0.0410822,0.0015465032,0.38931534,0.33209524,0.032311745,0.0012185121,0.4375821,0.45167083,1.81E-17,2.01E-17,0.0012885582,2.06E-17,0.001743672,7.52E-10,1.65E-17,0.43570697,0.0040146206,0.43589842,0.0012925399,0.059338696,0.045304697,0.0036340677,0.581464,0.48811868,0
0.25604954,0.3028085,1.50E-05,1.45E-06,0.38159412,0.46982324,0,0,0.34851477,0.4641461,0,0,0.38961926,0.4486558,0,0,0.43765217,0.46403483,0,0,0,0,0,0.982663,0,0.43570697,0,0.4486267,0,0,2.08E-17,0,0.58125275,0.47003502,2
0.22218299,0.24886326,7.54E-05,3.84E-06,0.38159412,0.46982324,0,0,0.34851477,0.4641461,0,0,0.38961926,0.4486558,0,0,0.43765217,0.46403483,0,0,0,0,0,0.982663,0,0.43570697,0,0.4486267,0,0,2.08E-17,0,0.58125275,0.47003502,2
0.71322584,0.2865161,0.0070617986,9.61E-05,0.38159412,0.46982324,0,0,0.34851477,0.4641461,0,0,0.38961926,0.4486558,0,0,0.43765217,0.46403483,0,0,0,0,0,0.98266554,0,0.43570697,0,0.4486267,0,0,2.08E-17,0,0.58125275,0.47003502,3
0.22089542,0.28283206,7.59E-05,3.88E-06,0.38159412,0.46982324,0,0,0.34851477,0.4641461,0,0,0.38961926,0.4486558,0,0,0.43765217,0.46403483,0,0,0,0,0,0.98266304,0,0.43570697,0,0.4486267,0,0,2.08E-17,0,0.58125275,0.47003502,2
0.22832674,0.3182489,7.27E-05,3.65E-06,0.38159412,0.46982324,0,0,0.34851477,0.4641461,0,0,0.38961926,0.4486558,0,0,0.43765217,0.46403483,0,0,0,0,0,0.9826633,0,0.43570697,0,0.4486267,0,0,2.08E-17,0,0.58125275,0.47003502,2
0.45433402,0.6048601,0.2132635,0.13155241,0.38159412,0.46982324,0.0015817663,1.86E-06,0.34851477,0.4641461,0.011950106,0.00012148611,0.38961926,0.4486558,0.012699097,0.00015497184,0.43765217,0.46403483,2.21E-21,1.59E-21,0.3200539,8.50E-17,0.46923903,2.12E-06,8.35E-06,0.43570697,0,0.4486267,0,0,0.3503546,0,0.58125275,0.47003502,4
0.0011827186,0.0015622023,0.008154937,0.0008171576,0.38159412,0.46982354,0.006153794,2.83E-05,0.3485148,0.46540567,0.03343065,0.0010285551,0.3896341,0.45711288,0.031167936,0.0011691527,0.43792367,0.51325744,1.03E-17,1.06E-17,0.0013451797,1.28E-17,0.0017002852,7.80E-10,1.50E-17,0.43570697,0.00019490073,0.44862667,0.0014980902,0.0008417718,0.03878139,0.0005351449,0.5812501,0.4452908,0
0.46002617,0.6061162,0.21358305,0.1314864,0.38159412,0.46982324,0.00082356326,5.05E-07,0.34851477,0.4641461,0.011155937,0.00010587542,0.38961926,0.4486558,0.012606443,0.0001527187,0.43765217,0.46403483,1.27E-21,1.28E-21,0.32873562,7.41E-17,0.47091648,2.09E-06,8.22E-06,0.43570697,0,0.4486267,0,0,0.3503546,0,0.58125275,0.47003502,4
0.0008507719,0.00047257694,0.01254512,0.0006499211,0.38159412,0.46977785,0.012130399,0.000109635665,0.34851384,0.44187218,0.02007456,0.00034283198,0.3896114,0.33940503,0.016658222,0.00026666743,0.43765542,0.48901,8.37E-19,6.52E-17,0.00024324642,2.94E-16,0.00011552726,1.65E-08,6.13E-16,0.41227907,0.0003699424,0.339383,0.00040053282,0.016595481,0.031323727,0.00026661562,0.5812554,0.49473032,0
0.7547004,0.92619914,0.24501285,0.121165454,0.38159412,0.46982324,0,0,0.34851477,0.4641461,0,0,0.38961926,0.4486558,0,0,0.43765217,0.46403483,0,0,0,0,0,0.98266494,0,0.43570697,0,0.4486267,0,0,2.08E-17,0,0.58125275,0.47003502,4
0.75215364,0.7654807,0.0070897825,9.57E-05,0.38159412,0.46982324,0,0,0.34851477,0.4641461,0,0,0.38961926,0.4486558,0,0,0.43765217,0.46403483,0,0,0,0,0,0.9826656,0,0.43570697,0,0.4486267,0,0,2.08E-17,0,0.58125275,0.47003502,3
0.00015884366,0.000401959,0.012674291,0.0009447275,0.38159412,0.46982324,1.39E-09,4.94E-07,0.34851477,0.4641461,0.0020070223,3.77E-06,0.38961926,0.44734004,0.01412412,0.0001917096,0.43764973,0.44300342,0,1.94E-30,7.60E-06,1.60E-17,9.11E-05,2.08E-08,1.75E-09,0.43570697,4.07E-06,0.4484583,0.00031567464,0.014034516,0.03233979,0.00019068178,0.5812507,0.4489984,0
0.0002447109,0.00044288742,0.018695347,0.01785664,0.38159412,0.46982324,1.39E-09,1.44E-18,0.34851477,0.4641461,9.98E-07,1.87E-12,0.38961926,0.4486558,0.0077656037,5.80E-05,0.4376518,0.45319557,0,0,6.97E-06,4.35E-24,6.76E-05,2.60E-08,1.96E-16,0.43570697,2.01E-12,0.4486267,0.00023429288,0.0077363555,0.03364228,5.79E-05,0.58125246,0.45931724,0
0.49826893,0.47621477,0.21333909,0.13153768,0.38159412,0.46982324,0.034578867,0.0008907944,0.34851477,0.4641461,0.016724173,0.00023794267,0.38961926,0.4486558,0.015213836,0.00022242549,0.43765217,0.46403483,5.69E-22,6.74E-22,0.35838872,3.34E-09,0.3696174,1.57E-05,6.16E-05,0.43570697,0,0.4486267,0,0,0.3503546,0,0.58125275,0.47003502,4
0.7418664,0.45965677,0.008066655,7.90E-05,0.38159412,0.46982324,7.13E-06,3.79E-11,0.34851477,0.4641461,0.00020335913,3.52E-08,0.38961926,0.4486558,0.00026337497,6.67E-08,0.43765217,0.46403483,1.62E-22,1.19E-22,0.7086708,2.40E-06,0.47417015,2.52E-05,9.92E-05,0.43570697,0,0.4486267,0,0,0.009929078,0,0.58125275,0.47003502,3
0.7131949,0.6972187,0.24336368,0.12189888,0.38159412,0.46982324,0,0,0.34851477,0.4641461,0,0,0.38961926,0.4486558,0,0,0.43765217,0.46403483,0,0,0,0,0,0.9826649,0,0.43570697,0,0.4486267,0,0,2.08E-17,0,0.58125275,0.47003502,4
0.4624787,0.5727759,0.21363842,0.13147503,0.38159412,0.46982324,0,0,0.34851477,0.4641461,0,0,0.38961926,0.4486558,0,0,0.43765217,0.46403483,0,0,0,0,0,0.98266494,0,0.43570697,0,0.4486267,0,0,2.08E-17,0,0.58125275,0.47003502,4
0.43252817,0.59434474,0.21419151,0.13136019,0.38159412,0.46982324,2.69E-06,5.40E-12,0.34851477,0.4641461,0.0070451344,4.22E-05,0.38961926,0.4486558,0.0122340815,0.00014383011,0.43765217,0.46403483,1.23E-21,1.01E-21,0.30486658,3.56E-15,0.46308142,3.11E-06,1.22E-05,0.43570697,0,0.4486267,0,0,0.3503546,0,0.58125275,0.47003502,4
0.22157376,0.29856518,7.46E-05,3.76E-06,0.38159412,0.46982324,0,0,0.34851477,0.4641461,0,0,0.38961926,0.4486558,0,0,0.43765217,0.46403483,0,0,0,0,0,0.9826631,0,0.43570697,0,0.4486267,0,0,2.08E-17,0,0.58125275,0.47003502,2
0.22616512,0.29547548,7.54E-05,3.76E-06,0.38159412,0.46982324,0,0,0.34851477,0.4641461,0,0,0.38961926,0.4486558,0,0,0.43765217,0.46403483,0,0,0,0,0,0.9826631,0,0.43570697,0,0.4486267,0,0,2.08E-17,0,0.58125275,0.47003502,2
0.70918995,0.6819237,0.008078726,7.88E-05,0.38159412,0.46982324,0,0,0.34851477,0.4641461,0,0,0.38961926,0.4486558,0,0,0.43765217,0.46403483,0,0,0,0,0,0.9826656,0,0.43570697,0,0.4486267,0,0,2.08E-17,0,0.58125275,0.47003502,3
0.66315925,0.20964542,0.006993734,9.69E-05,0.38159412,0.46982324,0,0,0.34851477,0.4641461,0,0,0.38961926,0.4486558,0,0,0.43765217,0.46403483,0,0,0,0,0,0.9826655,0,0.43570697,0,0.4486267,0,0,2.08E-17,0,0.58125275,0.47003502,3
0.0013291151,0.0015986263,0.00774301,0.0006945447,0.38159412,0.46982324,1.64E-05,0.00018080237,0.34851477,0.46392375,0.017017832,0.0006072304,0.38961002,0.4399456,0.029105773,0.0010665783,0.4378687,0.50652146,2.76E-18,2.99E-18,0.0012437524,6.01E-18,0.0016729654,7.87E-10,6.25E-18,0.49288914,0.0002979307,0.50216734,0.0015396987,0.0034776335,0.039402086,0.0005052294,0.58127785,0.52801037,0
0.7183904,0.99262935,0.24412702,0.121562004,0.38159412,0.46982324,8.61E-06,5.53E-11,0.34851477,0.4641461,0.0051744264,2.28E-05,0.38961926,0.4486558,0.0069193575,4.60E-05,0.43765217,0.46403483,5.17E-23,8.43E-23,0.5885742,4.20E-19,0.88145715,7.05E-07,2.78E-06,0.43570697,0,0.4486267,0,0,0.3503546,0,0.58125275,0.47003502,4
0.4233792,0.6023686,0.21139714,0.13192183,0.38159412,0.46982324,0,0,0.34851477,0.4641461,0,0,0.38961926,0.4486558,0,0,0.43765217,0.46403483,0,0,0,0,0,0.9826651,0,0.43570697,0,0.4486267,0,0,2.08E-17,0,0.58125275,0.47003502,4
0.44398794,0.6056447,0.21372148,0.13145682,0.38159412,0.46982324,0.015075077,0.00016930707,0.34851477,0.4641461,0.016179064,0.00022268444,0.38961926,0.4486558,0.013221882,0.00016799396,0.43765217,0.46403483,1.26E-21,1.31E-21,0.32003412,4.56E-17,0.4708683,1.99E-06,7.81E-06,0.43570697,0,0.4486267,0,0,0.3503546,0,0.58125275,0.47003502,4
0.70906675,0.7868854,0.25032535,0.12741707,0.38159412,0.46982324,3.63E-05,9.81E-10,0.34851477,0.4641461,0.005919761,2.98E-05,0.38961926,0.4486558,0.0065194913,4.08E-05,0.43765217,0.46403483,1.13E-22,1.33E-22,0.57968074,2.53E-10,0.6994936,6.70E-06,2.64E-05,0.43570697,0,0.4486267,0,0,0.35886526,0,0.58125275,0.47003502,1
0.22539137,0.30809283,7.37E-05,3.74E-06,0.38159412,0.46982324,0,0,0.34851477,0.4641461,0,0,0.38961926,0.4486558,0,0,0.43765217,0.46403483,0,0,0,0,0,0.98266315,0,0.43570697,0,0.4486267,0,0,2.08E-17,0,0.58125275,0.47003502,2
0.26323158,0.3612095,1.50E-05,1.47E-06,0.38159412,0.46982324,0,0,0.34851477,0.4641461,0,0,0.38961926,0.4486558,0,0,0.43765217,0.46403483,0,0,0,0,0,0.9826632,0,0.43570697,0,0.4486267,0,0,2.08E-17,0,0.58125275,0.47003502,2
0.42607954,0.17936048,0.21603975,0.13095304,0.38159412,0.46982324,0.02810918,0.0005886435,0.34851477,0.4641461,0.015792195,0.00021216222,0.38961926,0.4486558,0.014229263,0.00019456823,0.43765217,0.46403483,1.73E-21,2.08E-16,0.3047602,7.33E-05,0.14096186,0.00010972826,0.00043161196,0.43570697,0,0.4486267,0,0,0.3503546,0,0.58125275,0.47003502,4
0.5240926,0.12203463,0.008083052,7.83E-05,0.38159412,0.46982324,0.00013507684,1.36E-08,0.34851477,0.4641461,0.00035033538,1.04E-07,0.38961926,0.4486558,0.0003689275,1.31E-07,0.43765217,0.46403483,1.52E-18,3.05E-08,0.5004085,0.00031336208,0.12606302,0.00014908233,0.0005863861,0.43570697,0,0.4486267,0,0,0.009929078,0,0.58125275,0.47003502,3
0.001244702,0.0018329456,0.048140064,0.13962181,0.38159412,0.46982336,0.00068031694,9.52E-05,0.34851477,0.4654192,0.03743618,0.0013616547,0.38978878,0.5153306,0.42140508,0.18667571,0.45401973,0.4852024,4.10E-18,4.28E-18,0.001072322,5.95E-18,0.0018952625,6.46E-10,6.27E-18,0.43570697,4.30E-05,0.4486267,0.0013440171,1.65E-05,0.040570863,0.0003957516,0.58125275,0.46874484,0
0.26187703,0.3093527,1.52E-05,1.53E-06,0.38159412,0.46982324,0,0,0.34851477,0.4641461,0,0,0.38961926,0.4486558,0,0,0.43765217,0.46403483,0,0,0,0,0,0.982663,0,0.43570697,0,0.4486267,0,0,2.08E-17,0,0.58125275,0.47003502,2
0.43283632,0.605046,0.21335807,0.13153252,0.38159412,0.46982324,0,0,0.34851477,0.4641461,0,0,0.38961926,0.4486558,0,0,0.43765217,0.46403483,0,0,0,0,0,0.98266506,0,0.43570697,0,0.4486267,0,0,2.08E-17,0,0.58125275,0.47003502,4
0.35987037,0.40001148,0.18380064,0.13426098,0.38159412,0.46982324,0,0,0.34851477,0.4641461,0,0,0.38961926,0.4486558,0,0,0.43765217,0.46403483,0,0,0,0,0,0.9826671,0,0.43570697,0,0.4486267,0,0,2.08E-17,0,0.58125275,0.47003502,5
0.0012201599,0.0016364098,0.011058615,0.0014892416,0.38159412,0.469823,0.00022173126,9.97E-05,0.34851474,0.46295732,0.009139158,0.00012536459,0.38961697,0.43934482,0.01019782,0.00014917154,0.4376492,0.45986602,4.30E-28,4.98E-20,0.00020244849,6.25E-17,0.0003876979,4.75E-09,5.37E-17,0.43445662,0.00013527815,0.4393163,0.001344148,0.0101594115,0.028023982,0.00014914255,0.5812503,0.46591294,0
0.36279556,0.466568,0.0058728503,0.000106969404,0.38159412,0.46982324,0,0,0.34851477,0.4641461,0,0,0.38961926,0.4486558,0,0,0.43765217,0.46403483,0,0,0,0,0,0.98266566,0,0.43570697,0,0.4486267,0,0,2.08E-17,0,0.58125275,0.47003502,3
0.43784657,0.45247892,0.21340501,0.13152343,0.38159412,0.46982324,0.00022531538,3.78E-08,0.34851477,0.4641461,0.01374453,0.00016070997,0.38961926,0.4486558,0.015046316,0.0002175542,0.43765217,0.46403483,1.55E-21,2.54E-21,0.3207944,7.53E-09,0.35129866,1.77E-05,6.95E-05,0.43570697,0,0.4486267,0,0,0.3503546,0,0.58125275,0.47003502,4
0.38298497,0.47101808,0.0059161726,0.00010677515,0.38159412,0.46982324,2.26E-06,3.79E-12,0.34851477,0.4641461,0.0006586241,3.69E-07,0.38961926,0.4486558,0.0007930248,6.04E-07,0.43765217,0.46403483,2.78E-21,5.56E-21,0.26276314,1.91E-11,0.35586256,9.40E-06,3.70E-05,0.43570697,0,0.4486267,0,0,0.009929078,0,0.58125275,0.47003502,3
0.72198594,0.800967,0.24375266,0.121728,0.38159412,0.46982324,0,0,0.34851477,0.4641461,0,0,0.38961926,0.4486558,0,0,0.43765217,0.46403483,0,0,0,0,0,0.9826649,0,0.43570697,0,0.4486267,0,0,2.08E-17,0,0.58125275,0.47003502,4
0.0006982844,0.0005814082,0.014905336,0.0011341956,0.38159412,0.46982324,8.47E-09,4.07E-07,0.34851477,0.4641461,0.008572462,6.25E-05,0.38961905,0.4413407,0.015432192,0.00022885909,0.4376526,0.46767098,0,1.05E-27,2.18E-05,2.22E-16,0.00010224242,1.84E-08,5.72E-16,0.43570697,6.75E-05,0.44131207,0.0003544743,0.015374069,0.03180681,0.00022881464,0.58125305,0.47363043,0
1.95E-08,1.16E-05,0.022661425,2.00E-18,0.38159412,0.46982324,0,0,0.34851477,0.4641461,0,0,0.38961926,0.4486558,1.41E-09,1.90E-18,0.43765217,0.46403483,0,0,2.43E-08,6.67E-24,1.57E-05,8.10E-08,7.76E-20,0.43570697,0,0.4486267,5.45E-05,1.40E-09,0.021276595,1.90E-18,0.58125275,0.47003502,0
0.00040453978,0.00044060466,0.013858851,0.0014161995,0.38159412,0.46982324,1.39E-09,1.44E-18,0.34851477,0.4641461,9.20E-07,7.21E-13,0.38961926,0.4486558,0.0077773887,5.81E-05,0.43765217,0.46403483,0,0,6.75E-06,1.27E-22,6.70E-05,2.62E-08,3.28E-16,0.43570697,7.78E-13,0.4486267,0.00022937886,0.007717349,0.020602256,5.77E-05,0.58125275,0.47003502,0
0.25489774,0.14376435,1.53E-05,1.56E-06,0.38159412,0.46982324,0,0,0.34851477,0.4641461,0,0,0.38961926,0.4486558,0,0,0.43765217,0.46403483,0,0,0,0,0,0.98266286,0,0.43570697,0,0.4486267,0,0,2.08E-17,0,0.58125275,0.47003502,2
0.00020407219,0.0004719835,0.021514758,0.020809308,0.38159412,0.46982324,0,0,0.34851477,0.4641461,0,0,0.38961926,0.4486558,1.41E-09,1.90E-18,0.43765217,0.46403483,0,0,2.66E-08,5.08E-18,1.20E-05,1.02E-07,5.31E-15,0.43570697,0,0.4486267,4.18E-05,1.40E-09,2.08E-17,1.90E-18,0.58125275,0.47003502,0
0.0005056374,0.00049412186,0.017495856,0.0062336,0.38159412,0.46982324,0,0,0.34851477,0.4641461,0.00012547779,1.35E-08,0.38961926,0.4486558,0.06465309,0.006784518,0.43776554,0.46758968,2.86E-20,4.10E-16,0.00028473837,9.45E-15,0.00015776105,1.84E-08,6.89E-15,0.43570697,0,0.4486267,0.00021652789,0,0.009929078,0,0.58125275,0.47003502,0
0.0011383104,0.0015184925,0.008452087,0.0008774921,0.3815923,0.4686404,0.06562038,0.003253474,0.34834927,0.42358732,0.04389286,0.0017562164,0.38936597,0.36188856,0.03260286,0.0012391132,0.43772307,0.47634238,2.24E-19,2.00E-18,0.0011333176,5.53E-18,0.0016200532,8.27E-10,1.17E-17,0.43570632,0.004075101,0.41506,0.0012431496,0.059256565,0.044469077,0.003619866,0.58139867,0.48262206,0
0.7534717,0.5698904,0.007068467,9.59E-05,0.38159412,0.46982324,0,0,0.34851477,0.4641461,0,0,0.38961926,0.4486558,0,0,0.43765217,0.46403483,0,0,0,0,0,0.98266554,0,0.43570697,0,0.4486267,0,0,2.08E-17,0,0.58125275,0.47003502,3
0.7116275,0.63062155,0.24979119,0.12766011,0.38159412,0.46982324,2.73E-08,5.55E-16,0.34851477,0.4641461,0.0027949754,6.65E-06,0.38961926,0.4486558,0.005981739,3.44E-05,0.43765217,0.46403483,1.78E-22,1.30E-22,0.57616293,5.12E-08,0.55937994,1.42E-05,5.61E-05,0.43570697,0,0.4486267,0,0,0.35886526,0,0.58125275,0.47003502,1
0.4208545,0.56972736,0.2138205,0.13143535,0.38159412,0.46982324,0,0,0.34851477,0.4641461,0,0,0.38961926,0.4486558,0,0,0.43765217,0.46403483,0,0,0,0,0,0.98266494,0,0.43570697,0,0.4486267,0,0,2.08E-17,0,0.58125275,0.47003502,4
0.7131153,0.98769665,0.2441826,0.12153737,0.38159412,0.46982324,0.023805048,0.00042217656,0.34851477,0.4641461,0.011489009,0.000112291826,0.38961926,0.4486558,0.007508338,5.42E-05,0.43765217,0.46403483,2.45E-22,2.41E-22,0.5833487,2.07E-18,0.8772908,8.30E-07,3.27E-06,0.43570697,0,0.4486267,0,0,0.3503546,0,0.58125275,0.47003502,4
0.7223157,0.8978904,0.24380511,0.121704355,0.38159412,0.46982324,0.029858038,0.0006641689,0.34851477,0.4641461,0.011399407,0.00011054715,0.38961926,0.4486558,0.007203763,4.99E-05,0.43765217,0.46403483,4.02E-22,2.42E-22,0.58415186,6.09E-13,0.7962821,3.22E-06,1.27E-05,0.43570697,0,0.4486267,0,0,0.3503546,0,0.58125275,0.47003502,4
0.2238346,0.26278597,7.60E-05,3.82E-06,0.38159412,0.46982324,0,0,0.34851477,0.4641461,0,0,0.38961926,0.4486558,0,0,0.43765217,0.46403483,0,0,0,0,0,0.982663,0,0.43570697,0,0.4486267,0,0,2.08E-17,0,0.58125275,0.47003502,2
0.7230695,0.7807864,0.24396311,0.12163482,0.38159412,0.46982324,0,0,0.34851477,0.4641461,0,0,0.38961926,0.4486558,0,0,0.43765217,0.46403483,0,0,0,0,0,0.9826649,0,0.43570697,0,0.4486267,0,0,2.08E-17,0,0.58125275,0.47003502,4
0.36016825,0.30755082,0.18335527,0.13425033,0.38159412,0.46982324,0,0,0.34851477,0.4641461,0,0,0.38961926,0.4486558,0,0,0.43765217,0.46403483,0,0,0,0,0,0.982667,0,0.43570697,0,0.4486267,0,0,2.08E-17,0,0.58125275,0.47003502,5
0.45362324,0.39092487,0.21236593,0.13173303,0.38159412,0.46982324,0.000116420466,1.01E-08,0.34851477,0.4641461,0.010299315,9.02E-05,0.38961926,0.4486558,0.013744121,0.00018152694,0.43765217,0.46403483,2.73E-21,2.19E-21,0.31437558,1.95E-07,0.3020067,2.84E-05,0.00011170277,0.43570697,0,0.4486267,0,0,0.3503546,0,0.58125275,0.47003502,4
0.2346503,0.30657852,7.57E-05,3.87E-06,0.38159412,0.46982324,0,0,0.34851477,0.4641461,0,0,0.38961926,0.4486558,0,0,0.43765217,0.46403483,0,0,0,0,0,0.9826631,0,0.43570697,0,0.4486267,0,0,2.08E-17,0,0.58125275,0.47003502,2
0.44673848,0.2601616,0.0055768457,0.000107977445,0.38159412,0.46982324,0,0,0.34851477,0.4641461,0,0,0.38961926,0.4486558,0,0,0.43765217,0.46403483,0,0,0,0,0,0.98266554,0,0.43570697,0,0.4486267,0,0,2.08E-17,0,0.58125275,0.47003502,3
0.22979166,0.30617493,7.50E-05,3.83E-06,0.38159412,0.46982324,0,0,0.34851477,0.4641461,0,0,0.38961926,0.4486558,0,0,0.43765217,0.46403483,0,0,0,0,0,0.9826631,0,0.43570697,0,0.4486267,0,0,2.08E-17,0,0.58125275,0.47003502,2
0.7253506,0.888657,0.0074185897,9.07E-05,0.38159412,0.46982324,1.25E-07,1.16E-14,0.34851477,0.4641461,0.00012627462,1.36E-08,0.38961926,0.4486558,0.00023498772,5.31E-08,0.43765217,0.46403483,2.47E-23,2.15E-23,0.7752048,3.96E-12,0.84566826,3.77E-06,1.48E-05,0.43570697,0,0.4486267,0,0,0.009929078,0,0.58125275,0.47003502,3
0.4361743,0.2930841,0.21410896,0.13137636,0.38159412,0.46982324,1.23E-06,1.13E-12,0.34851477,0.4641461,0.008269821,5.82E-05,0.38961926,0.4486558,0.013246026,0.00016860805,0.43765217,0.46403483,3.76E-21,3.10E-21,0.30997124,4.52E-06,0.22827265,5.14E-05,0.00020206068,0.43570697,0,0.4486267,0,0,0.3503546,0,0.58125275,0.47003502,4
0.35143736,0.12993152,0.005466268,0.00010798991,0.38159412,0.46982324,0,0,0.34851477,0.4641461,0,0,0.38961926,0.4486558,0,0,0.43765217,0.46403483,0,0,0,0,0,0.98266554,0,0.43570697,0,0.4486267,0,0,2.08E-17,0,0.58125275,0.47003502,3
0.44233835,0.41069844,0.21208225,0.13178942,0.38159412,0.46982324,0.017098146,0.00021779805,0.34851477,0.4641461,0.020111455,0.00034408842,0.38961926,0.4486558,0.015299072,0.00022492475,0.43765217,0.46403483,1.54E-21,1.36E-21,0.30771008,7.69E-08,0.31688645,2.46E-05,9.68E-05,0.43570697,0,0.4486267,0,0,0.3503546,0,0.58125275,0.47003502,4
0.00063204224,0.00045592504,0.01273861,0.0015614122,0.38159406,0.4607852,0.012052893,0.000108239394,0.34851134,0.38001147,0.020074746,0.00034283835,0.3896105,0.32699552,0.01666791,0.0002669777,0.437655,0.4858217,8.06E-19,6.52E-17,0.0002425846,2.96E-16,0.00011515573,1.66E-08,6.18E-16,0.34721348,0.0003699493,0.3269743,0.00039924475,0.016605133,0.031319827,0.0002669258,0.581255,0.49157774,0
0.00095091935,0.0016355097,0.008378206,0.00083059724,0.38159412,0.4990267,0.0045024953,1.53E-05,0.3485153,0.4917761,0.035111476,0.0011946923,0.38964367,0.45962754,0.031634014,0.0011917524,0.4378507,0.49949774,1.47E-24,1.20E-18,0.00093690865,2.34E-17,0.001745692,7.52E-10,1.76E-17,0.43570697,0.0004984196,0.44661924,0.0015092451,0.0033640312,0.038849596,0.0005423125,0.5812557,0.47686523,0
0.35953164,0.27429858,0.18414335,0.13426659,0.38159412,0.46982324,0.00040996127,1.25E-07,0.34851477,0.4641461,0.01443919,0.0001773653,0.38961926,0.4486558,0.018080913,0.00031415772,0.43765217,0.46403483,5.53E-22,6.76E-22,0.22131898,1.56E-06,0.1837767,5.55E-05,0.00021815303,0.43570697,0,0.4486267,0.6367604,1.28E-07,0.3503546,1.58E-14,0.58125275,0.47003502,5
0.7200887,0.9842531,0.24413672,0.121557824,0.38159412,0.46982324,0,0,0.34851477,0.4641461,0,0,0.38961926,0.4486558,0,0,0.43765217,0.46403483,0,0,0,0,0,0.98266506,0,0.43570697,0,0.4486267,0,0,2.08E-17,0,0.58125275,0.47003502,4
0.00093894236,0.0015310642,0.008066677,0.0007837625,0.38159412,0.46982324,4.59E-06,4.47E-05,0.34851477,0.46419555,0.019208584,0.0007139616,0.3896942,0.5068476,0.03093893,0.001229059,0.43791905,0.50932574,3.86E-18,6.43E-18,0.00089829095,1.65E-17,0.0016046934,1.94E-06,7.63E-06,0.43570697,0.00044467172,0.4428041,0.0013696323,0.0035245873,0.040041264,0.0005865287,0.5812597,0.48479867,0
0.25077084,0.35769188,1.50E-05,1.49E-06,0.38159412,0.46982324,0,0,0.34851477,0.4641461,0,0,0.38961926,0.4486558,0,0,0.43765217,0.46403483,0,0,0,0,0,0.9826632,0,0.43570697,0,0.4486267,0,0,2.08E-17,0,0.58125275,0.47003502,2
0.0013063537,0.001724805,0.013927755,0.007880918,0.38159412,0.4698229,0.001378315,0.00041669427,0.3485146,0.46193284,0.037928186,0.001379446,0.38958424,0.43483368,0.0995908,0.010083026,0.43728358,0.4543612,1.26E-18,2.41E-18,0.0012059987,5.14E-18,0.0018074588,6.98E-10,2.41E-13,0.43761167,8.83E-05,0.4740977,0.0015319951,0.01330767,0.04176584,0.010656083,0.5822501,0.6009568,0
0.43340474,0.59507185,0.21436676,0.13132259,0.38159412,0.46982324,0.0465962,0.0016175474,0.34851477,0.4641461,0.016619155,0.00023496377,0.38961926,0.4486558,0.013023409,0.0001629883,0.43765217,0.46403483,2.85E-22,4.41E-22,0.30915064,2.59E-15,0.46404463,3.01E-06,1.18E-05,0.43570697,0,0.4486267,0.0004397865,1.40E-09,1.39E-17,1.90E-18,0.58125275,0.47003502,4
0.25004372,0.35546294,1.50E-05,1.47E-06,0.38159412,0.46982324,0,0,0.34851477,0.4641461,0,0,0.38961926,0.4486558,0,0,0.43765217,0.46403483,0,0,0,0,0,0.98266315,0,0.43570697,0,0.4486267,0,0,2.08E-17,0,0.58125275,0.47003502,2
0.7437946,0.53595847,0.007068523,9.60E-05,0.38159412,0.46982324,3.55E-07,9.39E-14,0.34851477,0.4641461,0.00019343269,3.18E-08,0.38961926,0.4486558,0.00023184337,5.17E-08,0.43765217,0.46403483,3.31E-22,2.39E-22,0.6170484,7.68E-07,0.48591682,2.17E-05,8.52E-05,0.43570697,0,0.4486267,0,0,0.009929078,0,0.58125275,0.47003502,3
0.0011661683,0.0015398478,0.008034924,0.0008005147,0.38159412,0.46982324,0.00065825216,0.00010639832,0.34851474,0.46363756,0.029078197,0.000844909,0.38967577,0.48350337,0.03156388,0.0011501828,0.4378249,0.49652722,3.92E-18,4.16E-18,0.0010775656,5.79E-18,0.0015767209,8.61E-10,6.62E-18,0.43570697,8.11E-05,0.4485644,0.0013620296,0.0018953758,0.040642705,0.0003943828,0.5812508,0.46075085,0
1.90E-08,1.15E-05,0.022661425,4.01E-18,0.38159412,0.46982324,0,0,0.34851477,0.4641461,1.99E-09,3.36E-18,0.38961926,0.4486558,1.99E-09,3.80E-18,0.43765217,0.46403483,0,0,2.37E-08,6.09E-23,1.57E-05,8.12E-08,3.62E-17,0.43570697,3.63E-18,0.4486267,5.43E-05,1.98E-09,0.021276595,3.80E-18,0.58125275,0.47003502,0
0.7075113,0.3720772,0.25041375,0.12737751,0.38159412,0.46982324,0,0,0.34851477,0.4641461,0,0,0.38961926,0.4486558,0,0,0.43765217,0.46403483,0,0,0,0,0,0.9826661,0,0.43570697,0,0.4486267,0,0,2.08E-17,0,0.58125275,0.47003502,1
0.46782818,0.47991112,0.21284865,0.13163812,0.38159412,0.46982324,0.0056123636,2.35E-05,0.34851477,0.4641461,0.01430778,0.00017415165,0.38961926,0.4486558,0.014876997,0.00021268538,0.43765217,0.46403483,1.49E-21,9.39E-22,0.33028844,2.45E-09,0.37162295,1.50E-05,5.89E-05,0.43570697,0,0.4486267,0,0,0.3503546,0,0.58125275,0.47003502,4
0.71997744,0.97786933,0.24419233,0.12153299,0.38159412,0.46982324,1.70E-05,2.14E-10,0.34851477,0.4641461,0.005423844,2.50E-05,0.38961926,0.4486558,0.006680576,4.29E-05,0.43765217,0.46403483,1.89E-22,1.92E-22,0.5865928,3.77E-17,0.8685773,1.12E-06,4.42E-06,0.43570697,0,0.4486267,0,0,0.3503546,0,0.58125275,0.47003502,4
0.25056547,0.35826248,1.53E-05,1.56E-06,0.38159412,0.46982324,0,0,0.34851477,0.4641461,0,0,0.38961926,0.4486558,0,0,0.43765217,0.46403483,0,0,0,0,0,0.9826632,0,0.43570697,0,0.4486267,0,0,2.08E-17,0,0.58125275,0.47003502,2
0.0011571851,0.0015548808,0.008055445,0.0008051802,0.38159412,0.46982446,0.0013189416,0.00034117693,0.34851506,0.46889433,0.029429281,0.0010214878,0.38983124,0.55093235,0.031378433,0.0011831099,0.43801293,0.5287052,1.26E-21,9.58E-19,0.0011197528,5.00E-18,0.0016291122,8.19E-10,5.99E-18,0.43570697,0.00028511565,0.4486267,0.001316329,0.000677612,0.03975537,0.00046419143,0.5812525,0.46709427,0
0.22051784,0.31712142,7.26E-05,3.65E-06,0.38159412,0.46982324,0,0,0.34851477,0.4641461,0,0,0.38961926,0.4486558,0,0,0.43765217,0.46403483,0,0,0,0,0,0.9826633,0,0.43570697,0,0.4486267,0,0,2.08E-17,0,0.58125275,0.47003502,2
0.43438873,0.60544735,0.21280351,0.13164577,0.38159412,0.46982324,0.00045984998,1.58E-07,0.34851477,0.4641461,0.012972569,0.0001431644,0.38961926,0.4486558,0.013273278,0.00016930254,0.43765217,0.46403483,7.66E-22,7.39E-22,0.29941648,7.26E-19,0.46869355,1.31E-06,5.15E-06,0.43570697,0,0.4486267,0,0,0.3503546,0,0.58125275,0.47003502,4
0.36598745,0.19623026,0.18440686,0.13427283,0.38159412,0.46982324,0.0007999707,4.77E-07,0.34851477,0.4641461,0.01630997,0.00022630251,0.38961926,0.4486558,0.01991563,0.0003811493,0.43765217,0.46403483,9.68E-22,1.74E-21,0.230823,2.18E-05,0.13167511,0.000101187536,0.0003980218,0.43570697,2.32E-15,0.4486267,0.4561756,8.53E-08,0.3503546,7.05E-15,0.58125275,0.47003502,5
0.3805903,0.4706762,0.0059130574,0.000106790525,0.38159412,0.46982324,2.31E-06,3.98E-12,0.34851477,0.4641461,0.00066233764,3.73E-07,0.38961926,0.4486558,0.00079353113,6.05E-07,0.43765217,0.46403483,3.01E-21,5.84E-21,0.2598707,1.93E-11,0.35541472,9.42E-06,3.70E-05,0.43570697,0,0.4486267,0,0,0.009929078,0,0.58125275,0.47003502,3
0.7341459,0.9355063,0.2448796,0.1212257,0.38159412,0.46982324,0.023317736,0.00040506874,0.34851477,0.4641461,0.0109771155,0.00010250842,0.38961926,0.4486558,0.00714424,4.90E-05,0.43765217,0.46403483,1.84E-22,1.40E-22,0.6031885,3.49E-14,0.83329785,2.32E-06,9.14E-06,0.43570697,0,0.4486267,0,0,0.3503546,0,0.58125275,0.47003502,4
0.72046494,0.34005573,0.008098972,7.86E-05,0.38159412,0.46982324,6.07E-06,2.75E-11,0.34851477,0.4641461,0.0002400198,4.90E-08,0.38961926,0.4486558,0.000289002,8.03E-08,0.43765217,0.46403483,6.37E-23,5.35E-20,0.69561493,1.51E-05,0.35213056,4.07E-05,0.00016023646,0.43570697,0,0.4486267,0,0,0.009929078,0,0.58125275,0.47003502,3
0.43314603,0.6051605,0.21350648,0.13150215,0.38159412,0.46982324,0.021303,0.00033809408,0.34851477,0.4641461,0.015595258,0.00020690367,0.38961926,0.4486558,0.013190145,0.00016718844,0.43765217,0.46403483,1.12E-21,8.31E-22,0.30583155,2.49E-18,0.4700183,1.48E-06,5.83E-06,0.43570697,0,0.4486267,0,0,0.3503546,0,0.58125275,0.47003502,4
0.26195043,0.32885727,1.48E-05,1.43E-06,0.38159412,0.46982324,0,0,0.34851477,0.4641461,0,0,0.38961926,0.4486558,0,0,0.43765217,0.46403483,0,0,0,0,0,0.98266304,0,0.43570697,0,0.4486267,0,0,2.08E-17,0,0.58125275,0.47003502,2
0.23056944,0.29469883,7.61E-05,3.74E-06,0.38159412,0.46982324,0,0,0.34851477,0.4641461,0,0,0.38961926,0.4486558,0,0,0.43765217,0.46403483,0,0,0,0,0,0.98266304,0,0.43570697,0,0.4486267,0,0,2.08E-17,0,0.58125275,0.47003502,2
0.41059744,0.60139483,0.21268655,0.13166708,0.38159412,0.46982324,0.040807955,0.0012406397,0.34851477,0.4641461,0.017507333,0.00026074922,0.38961926,0.4486558,0.013554217,0.00017654522,0.43765217,0.46403483,6.76E-22,7.96E-22,0.2876371,2.55E-19,0.4653034,1.18E-06,4.66E-06,0.43570697,0,0.4486267,0,0,0.3503546,0,0.58125275,0.47003502,4
0.71328306,0.24443227,0.008065239,7.99E-05,0.38159412,0.46982324,0,0,0.34851477,0.4641461,0,0,0.38961926,0.4486558,0,0,0.43765217,0.46403483,0,0,0,0,0,0.9826655,0,0.43570697,0,0.4486267,0,0,2.08E-17,0,0.58125275,0.47003502,3
0.35223302,0.15024592,0.18244089,0.13423193,0.38159412,0.46982324,0.043741122,0.001425397,0.34851477,0.4641461,0.02257705,0.00043362807,0.38961926,0.4486558,0.021848049,0.00045870387,0.43765217,0.46403483,7.03E-22,7.77E-17,0.21442233,8.95E-05,0.09975867,0.0001526954,0.000600596,0.43570697,2.09E-15,0.4486267,0.34555143,8.61E-08,0.3503546,7.17E-15,0.58125275,0.47003502,5
0.3589202,0.3806398,0.21229438,0.13917434,0.38159412,0.46982324,0,0,0.34851477,0.4641461,0,0,0.38961926,0.4486558,0,0,0.43765217,0.46403483,0,0,0,0,0,0.98266613,0,0.43570697,0,0.4486267,0,0,2.08E-17,0,0.58125275,0.47003502,1
0.44327423,0.40283698,0.21263908,0.1391177,0.38159412,0.46982324,0.0021048354,3.30E-06,0.34851477,0.4641461,0.024090234,0.0004937022,0.38961926,0.4486558,0.02715149,0.0007084259,0.43765217,0.46403483,6.91E-22,7.30E-22,0.30696782,4.40E-09,0.30451706,1.92E-05,7.56E-05,0.43570697,0,0.4486267,0,0,0.35886526,0,0.58125275,0.47003502,1
0.38939404,0.26259655,0.18524735,0.13428515,0.38159412,0.46982324,0,0,0.34851477,0.4641461,0,0,0.38961926,0.4486558,0,0,0.43765217,0.46403483,0,0,0,0,0,0.982667,0,0.43570697,0,0.4486267,0,0,2.08E-17,0,0.58125275,0.47003502,5
0.38571435,0.31643972,0.005442138,0.000108225875,0.38159412,0.46982324,1.28E-07,1.22E-14,0.34851477,0.4641461,0.00042277583,1.52E-07,0.38961926,0.4486558,0.00071313325,4.89E-07,0.43765217,0.46403483,1.53E-21,4.12E-20,0.23115765,5.51E-07,0.2196279,4.20E-05,0.00016526169,0.43570697,0,0.4486267,0,0,0.009929078,0,0.58125275,0.47003502,3
0.7390782,0.9343604,0.24485604,0.12123617,0.38159412,0.46982324,0,0,0.34851477,0.4641461,0,0,0.38961926,0.4486558,0,0,0.43765217,0.46403483,0,0,0,0,0,0.98266494,0,0.43570697,0,0.4486267,0,0,2.08E-17,0,0.58125275,0.47003502,4
0.7176692,0.75434107,0.25008088,0.12752777,0.38159412,0.46982324,1.93E-08,2.78E-16,0.34851477,0.4641461,0.002187836,4.07E-06,0.38961926,0.4486558,0.005753999,3.18E-05,0.43765217,0.46403483,3.71E-22,2.20E-22,0.58218265,1.04E-09,0.6698955,8.07E-06,3.17E-05,0.43570697,0,0.4486267,0,0,0.35886526,0,0.58125275,0.47003502,1
0.47263277,0.24301596,0.0057922346,0.00010728956,0.38159412,0.46982324,0,0,0.34851477,0.4641461,0,0,0.38961926,0.4486558,0,0,0.43765217,0.46403483,0,0,0,0,0,0.98266554,0,0.43570697,0,0.4486267,0,0,2.08E-17,0,0.58125275,0.47003502,3
0.42338696,0.6021787,0.21165961,0.13186598,0.38159412,0.46982324,0,0,0.34851477,0.4641461,0,0,0.38961926,0.4486558,0,0,0.43765217,0.46403483,0,0,0,0,0,0.9826651,0,0.43570697,0,0.4486267,0,0,2.08E-17,0,0.58125275,0.47003502,4
0.32713485,0.09138091,0.005464338,0.00010795559,0.38159412,0.46982324,0,0,0.34851477,0.4641461,0,0,0.38961926,0.4486558,0,0,0.43765217,0.46403483,0,0,0,0,0,0.9826655,0,0.43570697,0,0.4486267,0,0,2.08E-17,0,0.58125275,0.47003502,3
0.0011594068,0.0015804335,0.008752696,0.00090194494,0.38159412,0.46578267,0.024459202,0.000445994,0.3485194,0.48189154,0.03969148,0.0014195677,0.38987878,0.5628001,0.03333084,0.0012660869,0.43795586,0.5163908,5.21E-18,5.13E-18,0.0010630314,6.20E-18,0.0016462824,8.07E-10,3.60E-17,0.43570697,0.00029706996,0.448623,0.0013632049,0.0017382745,0.039645478,0.00047585196,0.5812518,0.4655987,0
0.0010683037,0.0015687557,0.008295357,0.0008533846,0.38159412,0.46982318,0.0005745577,1.65E-05,0.34851474,0.46274263,0.009536536,0.0001413366,0.38961592,0.43646267,0.010190201,0.00015654236,0.43766806,0.48528033,8.06E-26,1.66E-19,0.00023060018,4.26E-17,0.00040671747,4.52E-09,5.75E-17,0.43423077,0.0001525132,0.43643433,0.0014100889,0.010151821,0.02840185,0.00015651195,0.58126575,0.49104244,0
0.0066785687,0.002315502,0.05625122,0.07994948,0.38159412,0.46982324,0,0,0.34851477,0.4641461,2.05E-05,3.60E-10,0.38961926,0.44865578,0.010075393,9.76E-05,0.43765157,0.45212233,0,3.86E-31,6.90E-06,1.95E-21,7.31E-05,2.44E-08,3.15E-16,0.43570697,3.89E-10,0.44862664,0.00025332096,0.010037446,0.033247706,9.75E-05,0.5812522,0.45825604,0
0.4324583,0.400467,0.21313938,0.13903372,0.38159412,0.46982324,0.0024940781,4.63E-06,0.34851477,0.4641461,0.024661845,0.00051740924,0.38961926,0.4486558,0.02725108,0.00071363227,0.43765217,0.46403483,4.65E-22,7.47E-22,0.3042078,4.61E-09,0.303441,1.94E-05,7.62E-05,0.43570697,0,0.4486267,0,0,0.35886526,0,0.58125275,0.47003502,1
0.2279767,0.29661974,7.59E-05,3.80E-06,0.38159412,0.46982324,0,0,0.34851477,0.4641461,0,0,0.38961926,0.4486558,0,0,0.43765217,0.46403483,0,0,0,0,0,0.9826631,0,0.43570697,0,0.4486267,0,0,2.08E-17,0,0.58125275,0.47003502,2
0.0009449931,0.0015175194,0.007990261,0.0007400766,0.38159412,0.46982324,0.0044882298,1.50E-05,0.34851477,0.46414545,0.011776798,0.00012718803,0.38961205,0.41509706,0.010543339,0.00015286097,0.43765834,0.47242135,1.17E-20,6.77E-18,0.00019695963,4.46E-17,0.00037809307,4.87E-09,5.14E-17,0.43570626,0.00013724579,0.4150701,0.0013108482,0.010503629,0.02818049,0.00015283127,0.58125776,0.47832757,0
0.36789906,0.27666628,0.18324256,0.13424733,0.38159412,0.46982324,0.00031953215,7.61E-08,0.34851477,0.4641461,0.014107645,0.0001693137,0.38961926,0.4486558,0.018003486,0.00031147292,0.43765217,0.46403483,4.75E-22,5.90E-22,0.22075893,1.49E-06,0.18445568,5.50E-05,0.00021628763,0.43570697,6.97E-16,0.4486267,0.6391163,1.29E-07,0.3503546,1.60E-14,0.58125275,0.47003502,5
0.48584774,0.2484774,0.21530928,0.13111635,0.38159412,0.46982324,0,0,0.34851477,0.4641461,0,0,0.38961926,0.4486558,0,0,0.43765217,0.46403483,0,0,0,0,0,0.98266476,0,0.43570697,0,0.4486267,0,0,2.08E-17,0,0.58125275,0.47003502,4
0.7192047,0.9768236,0.24419457,0.1215321,0.38159412,0.46982324,4.99E-05,1.85E-09,0.34851477,0.4641461,0.0060491394,3.11E-05,0.38961926,0.4486558,0.006756993,4.39E-05,0.43765217,0.46403483,2.16E-22,1.86E-22,0.58581424,4.69E-17,0.86765826,1.15E-06,4.52E-06,0.43570697,0,0.4486267,0,0,0.3503546,0,0.58125275,0.47003502,4
0.0008751294,0.0015096964,0.008105836,0.00078073534,0.38159412,0.46880606,0.011641535,0.00010170924,0.34851152,0.43435642,0.011169107,0.00015878121,0.3896272,0.47334012,0.010386548,0.00015958908,0.4376829,0.50427544,8.91E-18,1.33E-17,0.0003223111,5.59E-17,0.00037500443,4.92E-09,5.23E-17,0.4046411,0.00017133729,0.4730044,0.0013001382,0.01034743,0.028555093,0.00015955808,0.58127505,0.50531155,0
0.0011913648,0.0022793144,0.04272253,0.091234356,0.38159412,0.46982324,5.77E-05,6.92E-07,0.34851477,0.46414623,0.07516422,0.0061337613,0.3896318,0.44967553,0.3665889,0.30767033,0.42086408,0.4510427,1.40E-17,2.12E-17,0.0012403405,4.94E-07,0.0019455741,0.002777483,0.010882211,0.43570697,0.00030623798,0.44862214,0.0013758864,0.05930077,0.10187516,0.22652315,0.60079294,0.5948737,0
0.00081590575,0.0004982028,0.011648061,0.0012106556,0.38159412,0.46982324,0.012197974,0.00011084891,0.34851477,0.46415976,0.020080943,0.00034304638,0.38962358,0.5326848,0.016666587,0.00026693862,0.43766457,0.54489315,8.89E-19,6.70E-17,0.00024340344,2.96E-16,0.00011557017,1.65E-08,6.12E-16,0.4357213,0.00037017374,0.53265023,0.00040061143,0.016599122,0.03144149,0.00026673588,0.5812629,0.5499833,0
0.72824556,0.80849135,0.24376653,0.121721245,0.38159412,0.46982324,0.020115696,0.0003014575,0.34851477,0.4641461,0.010963536,0.00010225494,0.38961926,0.4486558,0.0071878107,4.96E-05,0.43765217,0.46403483,1.48E-22,1.38E-22,0.5913655,1.49E-10,0.71688485,6.22E-06,2.45E-05,0.43570697,0,0.4486267,0,0,0.3503546,0,0.58125275,0.47003502,4
0.007004698,0.0024113136,0.058767837,0.0775062,0.38159412,0.46982324,0.000117953714,1.04E-08,0.34851477,0.4641461,0.05065768,0.0021831,0.38961926,0.44865593,0.07593507,0.0076908846,0.43746257,0.4589088,1.56E-24,1.24E-19,0.00032915463,4.55E-17,0.00037722656,6.77E-09,2.14E-15,0.43570697,3.63E-18,0.4486267,0.0002758474,1.40E-09,0.009929078,1.90E-18,0.58125275,0.47003502,0
0.7458127,0.4521975,0.007081613,9.58E-05,0.38159412,0.46982324,0,0,0.34851477,0.4641461,0,0,0.38961926,0.4486558,0,0,0.43765217,0.46403483,0,0,0,0,0,0.98266554,0,0.43570697,0,0.4486267,0,0,2.08E-17,0,0.58125275,0.47003502,3
0.384608,0.5983379,0.21329464,0.13154562,0.38159412,0.46982324,0.00031912248,7.59E-08,0.34851477,0.4641461,0.011773203,0.000117915886,0.38961926,0.4486558,0.013008715,0.00016262072,0.43765217,0.46403483,1.60E-20,1.33E-20,0.2728306,8.24E-18,0.46425325,1.67E-06,6.57E-06,0.43570697,0,0.4486267,0,0,0.3503546,0,0.58125275,0.47003502,4
0.7215707,0.84359753,0.24392699,0.1216503,0.38159412,0.46982324,0,0,0.34851477,0.4641461,0,0,0.38961926,0.4486558,0,0,0.43765217,0.46403483,0,0,0,0,0,0.9826649,0,0.43570697,0,0.4486267,0,0,2.08E-17,0,0.58125275,0.47003502,4
0.24887535,0.3530688,1.52E-05,1.54E-06,0.38159412,0.46982324,0,0,0.34851477,0.4641461,0,0,0.38961926,0.4486558,0,0,0.43765217,0.46403483,0,0,0,0,0,0.98266315,0,0.43570697,0,0.4486267,0,0,2.08E-17,0,0.58125275,0.47003502,2
0.43986198,0.5980733,0.21393462,0.13141479,0.38159412,0.46982324,0,0,0.34851477,0.4641461,0,0,0.38961926,0.4486558,0,0,0.43765217,0.46403483,0,0,0,0,0,0.982665,0,0.43570697,0,0.4486267,0,0,2.08E-17,0,0.58125275,0.47003502,4
0.39679876,0.4170371,0.0058184233,0.000107231135,0.38159412,0.46982324,0,0,0.34851477,0.4641461,0,0,0.38961926,0.4486558,0,0,0.43765217,0.46403483,0,0,0,0,0,0.9826656,0,0.43570697,0,0.4486267,0,0,2.08E-17,0,0.58125275,0.47003502,3
0.35306534,0.3929572,0.18396768,0.13426259,0.38159412,0.46982324,0,0,0.34851477,0.4641461,0,0,0.38961926,0.4486558,0,0,0.43765217,0.46403483,0,0,0,0,0,0.9826671,0,0.43570697,0,0.4486267,0,0,2.08E-17,0,0.58125275,0.47003502,5
0.41603875,0.46906385,0.005949561,0.000106589454,0.38159412,0.46982324,0,0,0.34851477,0.4641461,0,0,0.38961926,0.4486558,0,0,0.43765217,0.46403483,0,0,0,0,0,0.98266566,0,0.43570697,0,0.4486267,0,0,2.08E-17,0,0.58125275,0.47003502,3
0.7411336,0.59226596,0.008079321,7.93E-05,0.38159412,0.46982324,2.68E-06,5.35E-12,0.34851477,0.4641461,0.00021947699,4.10E-08,0.38961926,0.4486558,0.0002822008,7.65E-08,0.43765217,0.46403483,5.23E-23,5.63E-23,0.70116526,1.98E-07,0.60945773,1.53E-05,6.01E-05,0.43570697,0,0.4486267,0,0,0.009929078,0,0.58125275,0.47003502,3
0.7167124,0.6714222,0.24333031,0.12191341,0.38159412,0.46982324,0,0,0.34851477,0.4641461,0,0,0.38961926,0.4486558,0,0,0.43765217,0.46403483,0,0,0,0,0,0.9826648,0,0.43570697,0,0.4486267,0,0,2.08E-17,0,0.58125275,0.47003502,4
0.21921065,0.13749523,7.92E-05,4.08E-06,0.38159412,0.46982324,0,0,0.34851477,0.4641461,0,0,0.38961926,0.4486558,0,0,0.43765217,0.46403483,0,0,0,0,0,0.98266286,0,0.43570697,0,0.4486267,0,0,2.08E-17,0,0.58125275,0.47003502,2
0.59137565,0.16962436,0.25107977,0.12707086,0.38159412,0.46982324,5.73E-06,2.45E-11,0.34851477,0.4641461,0.0052686525,2.36E-05,0.38961926,0.4486558,0.008176876,6.43E-05,0.43765217,0.46403483,6.74E-23,6.64E-11,0.48971206,0.00017020808,0.1512414,0.00011665655,0.00045886138,0.43570697,0,0.4486267,0,0,0.35886526,0,0.58125275,0.47003502,1
0.378347,0.26982138,0.18447144,0.13427547,0.38159412,0.46982324,0,0,0.34851477,0.4641461,0,0,0.38961926,0.4486558,0,0,0.43765217,0.46403483,0,0,0,0,0,0.982667,0,0.43570697,0,0.4486267,0,0,2.08E-17,0,0.58125275,0.47003502,5
0.009852983,0.0018260239,0.06615024,0.09257327,0.3707272,0.43616983,0.3394619,0.16192637,0.33069724,0.4110963,0.33972114,0.19212306,0.36753452,0.3882404,0.32899234,0.2051143,0.4318556,0.4577525,1.03E-18,1.49E-18,0.012023269,6.39E-18,0.0020381676,6.55E-10,7.35E-17,0.43570697,0,0.4486267,0,0,0.009929078,0,0.58125275,0.47003502,0
0.43196332,0.59278405,0.21472609,0.13124515,0.38159412,0.46982324,3.35E-05,8.34E-10,0.34851477,0.4641461,0.009033622,6.94E-05,0.38961926,0.4486558,0.012553197,0.00015143135,0.43765217,0.46403483,1.10E-21,1.51E-21,0.3099843,5.85E-15,0.46302527,3.27E-06,1.29E-05,0.43570697,0,0.4486267,0,0,0.3503546,0,0.58125275,0.47003502,4
0.63044435,0.83483857,0.0070807296,9.58E-05,0.38159412,0.46982324,6.16E-07,2.83E-13,0.34851477,0.4641461,0.0002191938,4.09E-08,0.38961926,0.4486558,0.0002565942,6.33E-08,0.43765217,0.46403483,2.27E-21,1.16E-20,0.5186225,7.06E-11,0.75820863,5.38E-06,2.12E-05,0.43570697,0,0.4486267,0,0,0.009929078,0,0.58125275,0.47003502,3
0.0009845394,0.0016028215,0.008298677,0.0007647263,0.38159412,0.4698227,0.0014438431,3.60E-05,0.34851465,0.459365,0.018231587,0.0004901739,0.38961053,0.43959403,0.030381259,0.0011011696,0.437673,0.4680549,1.29E-23,3.53E-19,0.0010302268,1.76E-17,0.0016946592,3.02E-06,1.19E-05,0.43569437,0.00024319522,0.46296743,0.0014857567,0.0041315043,0.039611217,0.00049648096,0.5812756,0.51475316,0
0.43578508,0.39758474,0.21240248,0.13172618,0.38159412,0.46982324,0,0,0.34851477,0.4641461,0,0,0.38961926,0.4486558,0,0,0.43765217,0.46403483,0,0,0,0,0,0.9826648,0,0.43570697,0,0.4486267,0,0,2.08E-17,0,0.58125275,0.47003502,4
0.25888792,0.047395296,0.22710563,0.12796375,0.38159412,0.46982324,0.012774621,0.00012157718,0.34851477,0.4641461,0.023407137,0.0004661006,0.38961926,0.4486558,0.023802415,0.00054443884,0.43765217,0.46403483,6.31E-10,3.31E-05,0.19625458,0.0015002202,0.039177842,0.00051074155,0.0020081564,0.43570697,0,0.4486267,0,0,0.3503546,0,0.58125275,0.47003502,4
0.7163876,0.58798623,0.24301843,0.12204909,0.38159412,0.46982324,3.16E-06,7.44E-12,0.34851477,0.4641461,0.0045525655,1.76E-05,0.38961926,0.4486558,0.0064221434,3.96E-05,0.43765217,0.46403483,1.62E-22,1.45E-22,0.5802266,1.69E-07,0.5197515,1.73E-05,6.80E-05,0.43570697,0,0.4486267,0,0,0.3503546,0,0.58125275,0.47003502,4
0.73121,0.935287,0.24508725,0.1211321,0.38159412,0.46982324,0.020816263,0.0003228208,0.34851477,0.4641461,0.010856966,0.00010027669,0.38961926,0.4486558,0.007135432,4.89E-05,0.43765217,0.46403483,1.17E-22,1.21E-22,0.6052865,3.42E-14,0.83380884,2.32E-06,9.12E-06,0.43570697,0,0.4486267,0,0,0.3503546,0,0.58125275,0.47003502,4
0.72450465,0.9948474,0.24386503,0.12167821,0.38159412,0.46982324,0.026210945,0.00051182485,0.34851477,0.4641461,0.011654726,0.00011555458,0.38961926,0.4486558,0.00764967,5.62E-05,0.43765217,0.46403483,2.23E-22,1.77E-22,0.58735144,2.61E-19,0.8824967,6.71E-07,2.64E-06,0.43570697,0,0.4486267,0,0,0.3503546,0,0.58125275,0.47003502,4
0.36350837,0.11646784,0.0056807576,0.00010749767,0.38159412,0.46982324,4.47E-08,1.49E-15,0.34851477,0.4641461,0.00017816141,2.70E-08,0.38961926,0.4486558,0.00029877113,8.58E-08,0.43765217,0.46403483,5.76E-22,2.87E-13,0.25198188,0.00019016546,0.08445361,0.00019764363,0.0007773534,0.43570697,0,0.4486267,0,0,0.009929078,0,0.58125275,0.47003502,3
0.43091705,0.5924658,0.2148869,0.13120954,0.38159412,0.46982324,0,0,0.34851477,0.4641461,0,0,0.38961926,0.4486558,0,0,0.43765217,0.46403483,0,0,0,0,0,0.982665,0,0.43570697,0,0.4486267,0,0,2.08E-17,0,0.58125275,0.47003502,4
0.46906734,0.57785505,0.21482922,0.1312195,0.38159412,0.46982324,4.05E-06,1.22E-11,0.34851477,0.4641461,0.007121199,4.31E-05,0.38961926,0.4486558,0.012473906,0.00014952438,0.43765217,0.46403483,2.44E-22,4.78E-22,0.3484669,7.21E-14,0.45157415,4.36E-06,1.72E-05,0.43570697,0,0.4486267,0,0,0.3503546,0,0.58125275,0.47003502,4
0.7144945,0.8948021,0.24436375,0.12145625,0.38159412,0.46982324,0,0,0.34851477,0.4641461,0,0,0.38961926,0.4486558,0,0,0.43765217,0.46403483,0,0,0,0,0,0.98266494,0,0.43570697,0,0.4486267,0,0,2.08E-17,0,0.58125275,0.47003502,4
0.7468457,0.76666415,0.0071079186,9.55E-05,0.38159412,0.46982324,6.22E-05,2.88E-09,0.34851477,0.4641461,0.00030168061,7.74E-08,0.38961926,0.4486558,0.00026673483,6.84E-08,0.43765217,0.46403483,1.57E-22,1.88E-22,0.63580894,2.39E-09,0.6989615,8.48E-06,3.33E-05,0.43570697,0,0.4486267,0,0,0.009929078,0,0.58125275,0.47003502,3
0.76268953,0.8826645,0.0071793883,9.44E-05,0.38159412,0.46982324,3.59E-06,9.60E-12,0.34851477,0.4641461,0.00018589014,2.94E-08,0.38961926,0.4486558,0.0002478615,5.90E-08,0.43765217,0.46403483,1.79E-23,3.08E-23,0.6996408,8.59E-12,0.8128344,4.19E-06,1.65E-05,0.43570697,0,0.4486267,0,0,0.009929078,0,0.58125275,0.47003502,3
0.17858778,0.029059747,0.22924212,0.12727308,0.38159412,0.46982324,0.036223464,0.0009775432,0.34851477,0.4641461,0.031629108,0.00085105357,0.38961926,0.4486558,0.030593248,0.00089941116,0.43765217,0.46403483,4.46E-07,0.0002670996,0.13617413,0.0027407215,0.024260854,0.0008443342,0.0033186623,0.43570697,0,0.4486267,0,0,0.3503546,0,0.58125275,0.47003502,4
0.0010382157,0.0015904878,0.008187591,0.0008532237,0.38159412,0.46982324,9.84E-10,7.23E-19,0.34851477,0.4641461,1.41E-09,1.68E-18,0.38961926,0.4486558,1.99E-09,3.90E-18,0.43765217,0.46403483,0,3.25E-28,3.01E-05,4.23E-20,0.000103570215,1.75E-08,2.87E-17,0.43570697,1.81E-18,0.4486267,0.00035907776,1.98E-09,0.017626109,3.90E-18,0.58125275,0.47003502,0
0.46333858,0.22190744,0.21004766,0.13952215,0.38159412,0.46982324,0.024374446,0.00044261434,0.34851477,0.4641461,0.031175941,0.00082684134,0.38961926,0.4486558,0.0270251,0.00070184574,0.43765217,0.46403483,6.12E-22,8.54E-22,0.3246845,1.25E-05,0.16569541,7.87E-05,0.00030958836,0.43570697,0,0.4486267,0,0,0.35886526,0,0.58125275,0.47003502,1
0.7084571,0.24297112,0.008114972,7.88E-05,0.38159412,0.46982324,0,0,0.34851477,0.4641461,0,0,0.38961926,0.4486558,0,0,0.43765217,0.46403483,0,0,0,0,0,0.9826655,0,0.43570697,0,0.4486267,0,0,2.08E-17,0,0.58125275,0.47003502,3
0.23368025,0.31842855,7.36E-05,3.73E-06,0.38159412,0.46982324,0,0,0.34851477,0.4641461,0,0,0.38961926,0.4486558,0,0,0.43765217,0.46403483,0,0,0,0,0,0.9826633,0,0.43570697,0,0.4486267,0,0,2.08E-17,0,0.58125275,0.47003502,2
0.39299655,0.33490673,0.2103588,0.13947552,0.38159412,0.46982324,0,0,0.34851477,0.4641461,0,0,0.38961926,0.4486558,0,0,0.43765217,0.46403483,0,0,0,0,0,0.98266613,0,0.43570697,0,0.4486267,0,0,2.08E-17,0,0.58125275,0.47003502,1
0.4541149,0.53957814,0.21323667,0.131558,0.38159412,0.46982324,0,0,0.34851477,0.4641461,0,0,0.38961926,0.4486558,0,0,0.43765217,0.46403483,0,0,0,0,0,0.98266494,0,0.43570697,0,0.4486267,0,0,2.08E-17,0,0.58125275,0.47003502,4
0.00045534127,0.00022009441,0.008099903,0.00040244233,0.38159412,0.4698319,0.0032401644,0.00016229821,0.3485157,0.47257903,0.009034146,0.0014320747,0.38967142,0.50628126,0.009317698,0.0017205165,0.43784198,0.5376977,3.30E-22,9.15E-19,0.000161373,0.019897958,6.89E-05,0.14978246,0.49829933,0.43570697,9.07E-19,0.4486267,0.00011839224,1.72E-09,0.017626109,3.01E-18,0.58125275,0.47003502,0
0.7141887,0.99506557,0.24424393,0.12150959,0.38159412,0.46982324,0,0,0.34851477,0.4641461,0,0,0.38961926,0.4486558,0,0,0.43765217,0.46403483,0,0,0,0,0,0.98266506,0,0.43570697,0,0.4486267,0,0,2.08E-17,0,0.58125275,0.47003502,4
0.5100638,0.2522927,0.0058259103,0.000107190564,0.38159412,0.46982324,6.53E-09,3.18E-17,0.34851477,0.4641461,0.00032542925,9.01E-08,0.38961926,0.4486558,0.0006847784,4.51E-07,0.43765217,0.46403483,1.08E-21,1.00E-21,0.38171414,4.64E-06,0.18762927,6.40E-05,0.0002516841,0.43570697,0,0.4486267,0,0,0.009929078,0,0.58125275,0.47003502,3
0.6270683,0.18833639,0.0079847155,8.03E-05,0.38159412,0.46982324,0,0,0.34851477,0.4641461,0,0,0.38961926,0.4486558,0,0,0.43765217,0.46403483,0,0,0,0,0,0.9826655,0,0.43570697,0,0.4486267,0,0,2.08E-17,0,0.58125275,0.47003502,3
0.4177156,0.60190797,0.21229532,0.13174552,0.38159412,0.46982324,0.0077488283,4.47E-05,0.34851477,0.4641461,0.014794602,0.00018620427,0.38961926,0.4486558,0.013337924,0.00017095571,0.43765217,0.46403483,5.36E-22,6.52E-22,0.2890954,1.82E-19,0.46483877,1.15E-06,4.51E-06,0.43570697,0,0.4486267,0,0,0.3503546,0,0.58125275,0.47003502,4
0.22761281,0.115408264,7.65E-05,4.03E-06,0.38159412,0.46982324,0,0,0.34851477,0.4641461,0,0,0.38961926,0.4486558,0,0,0.43765217,0.46403483,0,0,0,0,0,0.98266286,0,0.43570697,0,0.4486267,0,0,2.08E-17,0,0.58125275,0.47003502,2
0.4198535,0.60326856,0.21235093,0.13173564,0.38159412,0.46982324,1.50E-05,1.68E-10,0.34851477,0.4641461,0.009325286,7.40E-05,0.38961926,0.4486558,0.012851576,0.0001587157,0.43765217,0.46403483,6.23E-22,5.68E-22,0.28676507,3.75E-19,0.46600223,1.23E-06,4.83E-06,0.43570697,0,0.4486267,0,0,0.3503546,0,0.58125275,0.47003502,4
0.42300844,0.1329735,0.21932448,0.13016865,0.38159412,0.46982324,5.11E-06,1.95E-11,0.34851477,0.4641461,0.00862251,6.32E-05,0.38961926,0.4486558,0.013398991,0.00017252468,0.43765217,0.46403483,3.34E-22,5.30E-12,0.3100332,0.00020346182,0.10608966,0.00016172788,0.000636116,0.43570697,0,0.4486267,0,0,0.3503546,0,0.58125275,0.47003502,4
0.35295203,0.2973594,0.21140274,0.13932034,0.38159412,0.46982324,0.036556028,0.0009955751,0.34851477,0.4641461,0.02700356,0.00062033325,0.38961926,0.4486558,0.0277774,0.00074146426,0.43765217,0.46403483,4.17E-21,5.96E-21,0.23695622,5.78E-07,0.2234897,4.16E-05,0.00016358515,0.43570697,0,0.4486267,0,0,0.35886526,0,0.58125275,0.47003502,1
0.24125601,0.04576155,0.0065966006,0.00010124561,0.38159412,0.46982324,0,0,0.34851477,0.4641461,0,0,0.38961926,0.4486558,0,0,0.43765217,0.46403483,0,0,0,0,0,0.9826655,0,0.43570697,0,0.4486267,0,0,2.08E-17,0,0.58125275,0.47003502,3
0.7150491,0.9678339,0.24436674,0.12145528,0.38159412,0.46982324,2.14E-07,3.41E-14,0.34851477,0.4641461,0.0035160186,1.05E-05,0.38961926,0.4486558,0.0063623446,3.89E-05,0.43765217,0.46403483,6.43E-22,4.72E-22,0.581059,2.45E-16,0.8602705,1.36E-06,5.37E-06,0.43570697,0,0.4486267,0,0,0.3503546,0,0.58125275,0.47003502,4
0.38535213,0.44991523,0.0059235673,0.00010670393,0.38159412,0.46982324,0.0014205261,1.50E-06,0.34851477,0.4641461,0.0010330605,9.08E-07,0.38961926,0.4486558,0.0007878281,5.96E-07,0.43765217,0.46403483,5.46E-20,1.85E-19,0.2375144,1.99E-10,0.34038812,1.23E-05,4.84E-05,0.43570697,0,0.4486267,0,0,0.009929078,0,0.58125275,0.47003502,3
0.000998419,0.0015052225,0.008345879,0.0012400103,0.38159412,0.46982324,9.84E-10,1.02E-18,0.34851477,0.4641461,9.93E-10,1.89E-18,0.38961926,0.4486558,0.00043250053,3.88E-06,0.43765217,0.46420345,0,1.16E-25,2.24E-05,1.33E-17,0.00011026267,1.65E-08,2.34E-17,0.43570697,2.03E-18,0.4486267,0.00038212666,1.40E-09,0.017626109,1.90E-18,0.58125275,0.47003502,0
0.38232434,0.4469882,0.20291363,0.14036535,0.38159412,0.46982324,0.007039815,3.69E-05,0.34851477,0.4641461,0.029811753,0.00075606315,0.38961926,0.4486558,0.028226184,0.0007656167,0.43765217,0.46403483,1.36E-21,1.16E-21,0.22795622,5.92E-11,0.32246655,1.15E-05,4.51E-05,0.43570697,0,0.4486267,0,0,0.35886526,0,0.58125275,0.47003502,1
0.22140363,0.3030974,7.53E-05,3.82E-06,0.38159412,0.46982324,0,0,0.34851477,0.4641461,0,0,0.38961926,0.4486558,0,0,0.43765217,0.46403483,0,0,0,0,0,0.9826631,0,0.43570697,0,0.4486267,0,0,2.08E-17,0,0.58125275,0.47003502,2
0.4047995,0.31479397,0.20979175,0.13956116,0.38159412,0.46982324,0,0,0.34851477,0.4641461,0,0,0.38961926,0.4486558,0,0,0.43765217,0.46403483,0,0,0,0,0,0.98266613,0,0.43570697,0,0.4486267,0,0,2.08E-17,0,0.58125275,0.47003502,1
0.2606432,0.05329983,0.18514349,0.13429976,0.38159412,0.46982324,0,0,0.34851477,0.4641461,0,0,0.38961926,0.4486558,0,0,0.43765217,0.46403483,0,0,0,0,0,0.98266697,0,0.43570697,0,0.4486267,0,0,2.08E-17,0,0.58125275,0.47003502,5
0.25993067,0.23619209,1.56E-05,1.52E-06,0.38159412,0.46982324,0,0,0.34851477,0.4641461,0,0,0.38961926,0.4486558,0,0,0.43765217,0.46403483,0,0,0,0,0,0.9826629,0,0.43570697,0,0.4486267,0,0,2.08E-17,0,0.58125275,0.47003502,2
0.7173812,0.7325719,0.25001073,0.12756057,0.38159412,0.46982324,1.07E-07,8.51E-15,0.34851477,0.4641461,0.0032839503,9.17E-06,0.38961926,0.4486558,0.0060808957,3.55E-05,0.43765217,0.46403483,4.27E-22,1.93E-22,0.5806656,2.35E-09,0.65038675,9.01E-06,3.55E-05,0.43570697,0,0.4486267,0,0,0.35886526,0,0.58125275,0.47003502,1
0.0029298794,0.0020310674,0.18967167,0.565487,0.38159412,0.47072375,0.009402398,0.0033023644,0.34849793,0.45247796,0.0136814965,0.08010342,0.38866636,0.3557157,0.0121674845,0.0463349,0.43873975,0.5262884,8.79E-20,8.39E-17,0.0003169266,6.12E-16,0.0001916291,1.01E-08,4.84E-14,0.43570697,1.81E-18,0.4486267,0.00034200604,0,0.017626109,0,0.58125275,0.47003502,0
0.00090059655,0.0015100634,0.008429121,0.00087424245,0.38159412,0.46982324,0.024036046,0.0004589129,0.3485135,0.46261004,0.042327136,0.0016633063,0.38962734,0.45144993,0.032602374,0.0012369463,0.43789572,0.5064304,2.30E-21,1.39E-18,0.00085776317,1.60E-17,0.0015986937,8.58E-10,1.77E-17,0.43570697,0.00047411156,0.4475908,0.0013701115,0.0033914133,0.040109377,0.0004514567,0.5812622,0.49363643,0
0.36206484,0.3492291,0.18407764,0.13426456,0.38159412,0.46982324,3.95E-05,1.16E-09,0.34851477,0.4641461,0.012106186,0.00012468026,0.38961926,0.4486558,0.017078822,0.00028029992,0.43765217,0.46403483,1.45E-21,1.67E-21,0.22407727,3.09E-08,0.2338824,2.95E-05,0.00011596054,0.43570697,5.80E-16,0.4486267,0.81042355,1.35E-07,0.3503546,1.76E-14,0.58125275,0.47003502,5
0.7388968,0.45468712,0.0080410205,7.96E-05,0.38159412,0.46982324,1.12E-05,9.34E-11,0.34851477,0.4641461,0.00021319123,3.87E-08,0.38961926,0.4486558,0.00026626026,6.81E-08,0.43765217,0.46403483,9.04E-23,8.02E-23,0.69615513,2.64E-06,0.467516,2.58E-05,0.00010138299,0.43570697,0,0.4486267,0,0,0.009929078,0,0.58125275,0.47003502,3
0.3736327,0.40341043,0.18432966,0.13427052,0.38159412,0.46982324,5.58E-05,2.32E-09,0.34851477,0.4641461,0.010830883,9.98E-05,0.38961926,0.4486558,0.016406726,0.00025867292,0.43765217,0.46403483,9.78E-22,1.97E-21,0.23299466,5.62E-10,0.27052993,1.71E-05,6.74E-05,0.43570697,2.90E-15,0.4486267,0.93745035,1.08E-07,0.3503546,1.13E-14,0.58125275,0.47003502,5
0.00046443185,0.00040411504,0.010603091,0.0006913747,0.38159412,0.46982324,0.021908488,0.00035758622,0.34851477,0.4641461,0.022033298,0.00041299243,0.38961926,0.4486546,0.017812187,0.00030488896,0.43765178,0.45753545,2.75E-16,2.75E-16,0.00016538097,3.80E-16,9.62E-05,1.94E-08,5.35E-16,0.43570697,0.00044565098,0.44862548,0.00033344072,0.0177451,0.030619264,0.0003048297,0.5812524,0.4636085,0
0.25038174,0.25916973,1.54E-05,1.48E-06,0.38159412,0.46982324,0,0,0.34851477,0.4641461,0,0,0.38961926,0.4486558,0,0,0.43765217,0.46403483,0,0,0,0,0,0.9826629,0,0.43570697,0,0.4486267,0,0,2.08E-17,0,0.58125275,0.47003502,2
0.25908163,0.30895242,1.52E-05,1.54E-06,0.38159412,0.46982324,0,0,0.34851477,0.4641461,0,0,0.38961926,0.4486558,0,0,0.43765217,0.46403483,0,0,0,0,0,0.982663,0,0.43570697,0,0.4486267,0,0,2.08E-17,0,0.58125275,0.47003502,2
0.7498131,0.39711818,0.008044312,7.97E-05,0.38159412,0.46982324,0,0,0.34851477,0.4641461,0,0,0.38961926,0.4486558,0,0,0.43765217,0.46403483,0,0,0,0,0,0.98266554,0,0.43570697,0,0.4486267,0,0,2.08E-17,0,0.58125275,0.47003502,3
0.70916843,0.5384377,0.250115,0.12751263,0.38159412,0.46982324,0.0011091257,9.16E-07,0.34851477,0.4641461,0.008341054,5.92E-05,0.38961926,0.4486558,0.007217191,5.01E-05,0.43765217,0.46403483,1.32E-22,1.37E-22,0.5770154,4.56E-07,0.4782417,2.07E-05,8.16E-05,0.43570697,0,0.4486267,0,0,0.35886526,0,0.58125275,0.47003502,1
0.001130533,0.001607732,0.008570357,0.0008757136,0.38159412,0.46982324,1.67E-05,0.0005309249,0.34851477,0.4641141,0.025147056,0.0008376767,0.38963464,0.45776534,0.032491308,0.0012455448,0.4378185,0.49258047,3.76E-18,5.63E-18,0.0011511693,7.59E-18,0.0017230974,7.54E-10,7.23E-18,0.43570697,0.00045694486,0.44862562,0.0013968543,0.0021276812,0.039400116,0.0004960866,0.58125067,0.4621503,0
0.22241694,0.2390642,7.46E-05,3.75E-06,0.38159412,0.46982324,0,0,0.34851477,0.4641461,0,0,0.38961926,0.4486558,0,0,0.43765217,0.46403483,0,0,0,0,0,0.9826629,0,0.43570697,0,0.4486267,0,0,2.08E-17,0,0.58125275,0.47003502,2
0.5977492,0.17111894,0.24891916,0.128053,0.38159412,0.46982324,0,0,0.34851477,0.4641461,0,0,0.38961926,0.4486558,0,0,0.43765217,0.46403483,0,0,0,0,0,0.9826661,0,0.43570697,0,0.4486267,0,0,2.08E-17,0,0.58125275,0.47003502,1
0.24837765,0.3234622,1.54E-05,1.55E-06,0.38159412,0.46982324,0,0,0.34851477,0.4641461,0,0,0.38961926,0.4486558,0,0,0.43765217,0.46403483,0,0,0,0,0,0.98266304,0,0.43570697,0,0.4486267,0,0,2.08E-17,0,0.58125275,0.47003502,2
0.7142385,0.85371166,0.24443042,0.12142703,0.38159412,0.46982324,1.07E-07,8.60E-15,0.34851477,0.4641461,0.003243747,8.95E-06,0.38961926,0.4486558,0.006183528,3.67E-05,0.43765217,0.46403483,6.78E-23,1.18E-22,0.58952224,1.31E-11,0.75902563,4.60E-06,1.81E-05,0.43570697,0,0.4486267,0,0,0.3503546,0,0.58125275,0.47003502,4
0.28700185,0.06754218,0.18235919,0.13423792,0.38159412,0.46982324,0,0,0.34851477,0.4641461,0,0,0.38961926,0.4486558,0,0,0.43765217,0.46403483,0,0,0,0,0,0.98266697,0,0.43570697,0,0.4486267,0,0,2.08E-17,0,0.58125275,0.47003502,5
0.7466962,0.62960243,0.008085129,7.90E-05,0.38159412,0.46982324,4.15E-08,1.28E-15,0.34851477,0.4641461,0.00014374522,1.76E-08,0.38961926,0.4486558,0.0002622772,6.61E-08,0.43765217,0.46403483,8.95E-23,8.63E-23,0.70864415,8.50E-08,0.64900756,1.32E-05,5.19E-05,0.43570697,0,0.4486267,0,0,0.009929078,0,0.58125275,0.47003502,3
0.36477718,0.20859027,0.18444769,0.13427378,0.38159412,0.46982324,0.00012588875,1.18E-08,0.34851477,0.4641461,0.013428028,0.0001533937,0.38961926,0.4486558,0.01893824,0.00034465638,0.43765217,0.46403483,1.42E-21,1.94E-21,0.22947952,1.48E-05,0.13999075,9.15E-05,0.00035989116,0.43570697,6.97E-16,0.4486267,0.48501912,8.46E-08,0.3503546,6.93E-15,0.58125275,0.47003502,5
0.3171877,0.43090394,0.20489147,0.1401698,0.38159412,0.46982324,0,0,0.34851477,0.4641461,0,0,0.38961926,0.4486558,0,0,0.43765217,0.46403483,0,0,0,0,0,0.9826662,0,0.43570697,0,0.4486267,0,0,2.08E-17,0,0.58125275,0.47003502,1
0.0012255049,0.0016093758,0.008457723,0.00080732006,0.38159412,0.4699649,0.023811143,0.00042274903,0.34851924,0.48108175,0.038539533,0.001383028,0.38980454,0.5252251,0.031440783,0.0011666046,0.43806255,0.5392283,5.52E-18,5.46E-18,0.001137307,6.34E-18,0.0016831063,7.81E-10,6.59E-18,0.43570697,0.0005040647,0.44556853,0.0015477508,0.004622093,0.03943709,0.00051483116,0.5812765,0.5108618,0
0.72422093,0.7845314,0.24366897,0.12176489,0.38159412,0.46982324,0,0,0.34851477,0.4641461,0,0,0.38961926,0.4486558,0,0,0.43765217,0.46403483,0,0,0,0,0,0.9826649,0,0.43570697,0,0.4486267,0,0,2.08E-17,0,0.58125275,0.47003502,4
0.71492785,0.72414273,0.25011697,0.1275119,0.38159412,0.46982324,4.20E-07,1.31E-13,0.34851477,0.4641461,0.0037818353,1.22E-05,0.38961926,0.4486558,0.006201897,3.70E-05,0.43765217,0.46403483,2.76E-22,1.91E-22,0.58083946,3.12E-09,0.6431775,9.38E-06,3.69E-05,0.43570697,0,0.4486267,0,0,0.35886526,0,0.58125275,0.47003502,1
0.0010909555,0.0015965743,0.008453126,0.00082778395,0.38159412,0.46982324,0.00091018475,6.17E-07,0.34851477,0.46414563,0.011739225,0.00012526057,0.38961583,0.43207377,0.010541388,0.00015231194,0.4376599,0.47457156,1.94E-25,8.34E-20,0.000141953,2.34E-17,0.0003759454,7.68E-09,1.09E-08,0.43570647,0.00013516592,0.43204573,0.0013034021,0.010501686,0.028134353,0.00015228236,0.5812591,0.48045367,0
0.71037686,0.86702466,0.2442079,0.12152549,0.38159412,0.46982324,0,0,0.34851477,0.4641461,0,0,0.38961926,0.4486558,0,0,0.43765217,0.46403483,0,0,0,0,0,0.98266494,0,0.43570697,0,0.4486267,0,0,2.08E-17,0,0.58125275,0.47003502,4
0.4286556,0.3560816,0.0055801747,0.00010801114,0.38159412,0.46982324,0,0,0.34851477,0.4641461,0,0,0.38961926,0.4486558,0,0,0.43765217,0.46403483,0,0,0,0,0,0.9826656,0,0.43570697,0,0.4486267,0,0,2.08E-17,0,0.58125275,0.47003502,3
0.00013855302,0.00043232404,0.013497564,0.0007944495,0.38159412,0.46982324,1.39E-09,1.44E-18,0.34851477,0.4641461,9.02E-07,6.91E-13,0.38961926,0.4486558,0.0077161132,5.72E-05,0.43765217,0.46403483,0,3.86E-31,6.75E-06,2.08E-22,6.67E-05,2.63E-08,1.98E-16,0.43570697,7.46E-13,0.4486267,0.0002313672,0.007687052,0.020607717,5.72E-05,0.58125275,0.47003502,0
0.35636318,0.36596525,0.18419005,0.13426551,0.38159412,0.46982324,0.003853583,1.11E-05,0.34851477,0.4641461,0.015530599,0.00020519157,0.38961926,0.4486558,0.017099982,0.0002809949,0.43765217,0.46403483,4.68E-22,4.93E-22,0.22143199,9.95E-09,0.24524029,2.51E-05,9.86E-05,0.43570697,9.29E-16,0.4486267,0.8497785,1.27E-07,0.3503546,1.57E-14,0.58125275,0.47003502,5
0.7482292,0.92732614,0.24502648,0.12115942,0.38159412,0.46982324,0,0,0.34851477,0.4641461,0,0,0.38961926,0.4486558,0,0,0.43765217,0.46403483,0,0,0,0,0,0.98266494,0,0.43570697,0,0.4486267,0,0,2.08E-17,0,0.58125275,0.47003502,4
0.7120524,0.4247377,0.24334688,0.12190606,0.38159412,0.46982324,5.34E-06,2.13E-11,0.34851477,0.4641461,0.0047758003,1.94E-05,0.38961926,0.4486558,0.0066216663,4.21E-05,0.43765217,0.46403483,1.12E-22,1.24E-22,0.57932425,4.36E-06,0.3759554,3.31E-05,0.00013014709,0.43570697,0,0.4486267,0,0,0.3503546,0,0.58125275,0.47003502,4
0.42398643,0.41587427,0.005889353,0.00010691689,0.38159412,0.46982324,0,0,0.34851477,0.4641461,0,0,0.38961926,0.4486558,0,0,0.43765217,0.46403483,0,0,0,0,0,0.9826656,0,0.43570697,0,0.4486267,0,0,2.08E-17,0,0.58125275,0.47003502,3
0.73289794,0.3618495,0.0070371144,9.63E-05,0.38159412,0.46982324,3.05E-07,6.94E-14,0.34851477,0.4641461,0.00014599269,1.81E-08,0.38961926,0.4486558,0.00020714183,4.12E-08,0.43765217,0.46403483,5.05E-22,6.85E-21,0.6034417,1.37E-05,0.3265936,4.29E-05,0.00016867832,0.43570697,0,0.4486267,0,0,0.009929078,0,0.58125275,0.47003502,3
0.76311636,0.8826723,0.0071785287,9.44E-05,0.38159412,0.46982324,3.63E-06,9.82E-12,0.34851477,0.4641461,0.00018615098,2.95E-08,0.38961926,0.4486558,0.0002479077,5.91E-08,0.43765217,0.46403483,1.71E-23,3.08E-23,0.6995107,8.61E-12,0.8127441,4.19E-06,1.65E-05,0.43570697,0,0.4486267,0,0,0.009929078,0,0.58125275,0.47003502,3
0.262524,0.3294486,1.63E-05,1.65E-06,0.38159412,0.46982324,0,0,0.34851477,0.4641461,0,0,0.38961926,0.4486558,0,0,0.43765217,0.46403483,0,0,0,0,0,0.98266304,0,0.43570697,0,0.4486267,0,0,2.08E-17,0,0.58125275,0.47003502,2
0.24932624,0.35875183,1.61E-05,1.63E-06,0.38159412,0.46982324,0,0,0.34851477,0.4641461,0,0,0.38961926,0.4486558,0,0,0.43765217,0.46403483,0,0,0,0,0,0.9826632,0,0.43570697,0,0.4486267,0,0,2.08E-17,0,0.58125275,0.47003502,2
0.22636934,0.2642377,7.41E-05,3.72E-06,0.38159412,0.46982324,0,0,0.34851477,0.4641461,0,0,0.38961926,0.4486558,0,0,0.43765217,0.46403483,0,0,0,0,0,0.982663,0,0.43570697,0,0.4486267,0,0,2.08E-17,0,0.58125275,0.47003502,2
0.44707024,0.455705,0.21359721,0.1314844,0.38159412,0.46982324,0,0,0.34851477,0.4641461,0,0,0.38961926,0.4486558,0,0,0.43765217,0.46403483,0,0,0,0,0,0.9826649,0,0.43570697,0,0.4486267,0,0,2.08E-17,0,0.58125275,0.47003502,4
0.70799345,0.69836766,0.24379967,0.121707104,0.38159412,0.46982324,4.89E-06,1.78E-11,0.34851477,0.4641461,0.004759804,1.93E-05,0.38961926,0.4486558,0.006413049,3.95E-05,0.43765217,0.46403483,5.40E-23,9.97E-23,0.58240503,8.25E-09,0.6193107,1.07E-05,4.22E-05,0.43570697,0,0.4486267,0,0,0.3503546,0,0.58125275,0.47003502,4
0.0011631098,0.0016044984,0.0082072895,0.0008151752,0.38159412,0.46982324,9.75E-06,0.0002931376,0.34851477,0.46415922,0.01895591,0.00057206827,0.38960776,0.43823373,0.03139862,0.0011755577,0.43764403,0.46256065,7.72E-18,2.12E-17,0.0011421458,1.92E-17,0.001707422,7.76E-10,1.62E-17,0.43570697,0.0002977339,0.44869098,0.0014632801,0.003102804,0.039492454,0.0004955476,0.5812605,0.4902804,0
0.4566773,0.6011178,0.21369372,0.13146333,0.38159412,0.46982324,5.20E-05,2.01E-09,0.34851477,0.4641461,0.009683945,7.98E-05,0.38961926,0.4486558,0.012580655,0.00015209452,0.43765217,0.46403483,2.32E-22,5.44E-22,0.32520562,3.06E-16,0.46727455,2.42E-06,9.54E-06,0.43570697,0,0.4486267,0,0,0.3503546,0,0.58125275,0.47003502,4
0.3960339,0.3383416,0.2092959,0.13963027,0.38159412,0.46982324,0,0,0.34851477,0.4641461,0,0,0.38961926,0.4486558,0,0,0.43765217,0.46403483,0,0,0,0,0,0.98266613,0,0.43570697,0,0.4486267,0,0,2.08E-17,0,0.58125275,0.47003502,1
0.44769034,0.23815136,0.005760998,0.00010742693,0.38159412,0.46982324,1.32E-08,1.30E-16,0.34851477,0.4641461,0.00037107515,1.17E-07,0.38961926,0.4486558,0.0007128676,4.88E-07,0.43765217,0.46403483,9.76E-22,2.33E-21,0.33012736,6.04E-06,0.17516218,6.93E-05,0.00027277917,0.43570697,0,0.4486267,0,0,0.009929078,0,0.58125275,0.47003502,3
0.22864893,0.3124953,7.34E-05,3.60E-06,0.38159412,0.46982324,0,0,0.34851477,0.4641461,0,0,0.38961926,0.4486558,0,0,0.43765217,0.46403483,0,0,0,0,0,0.98266315,0,0.43570697,0,0.4486267,0,0,2.08E-17,0,0.58125275,0.47003502,2
0.60451734,0.83085847,0.007105202,9.55E-05,0.38159412,0.46982324,0,0,0.34851477,0.4641461,0,0,0.38961926,0.4486558,0,0,0.43765217,0.46403483,0,0,0,0,0,0.98266566,0,0.43570697,0,0.4486267,0,0,2.08E-17,0,0.58125275,0.47003502,3
0.45441195,0.20625646,0.21642977,0.1308599,0.38159412,0.46982324,0,0,0.34851477,0.4641461,0,0,0.38961926,0.4486558,0,0,0.43765217,0.46403483,0,0,0,0,0,0.98266476,0,0.43570697,0,0.4486267,0,0,2.08E-17,0,0.58125275,0.47003502,4
0.00083530054,0.0005462238,0.018609453,0.0022595755,0.38159412,0.46982324,0,0.001552174,0.34851477,0.4641461,0.0026428816,0.007056978,0.38961926,0.4486558,0.08570565,0.010909297,0.43726808,0.45666793,0,0,3.06E-08,2.41E-18,0.00013019117,1.87E-08,4.29E-15,0.43570697,0,0.4486267,0,0,0.009929078,0,0.58125275,0.47003502,0
0.2298963,0.24659283,7.43E-05,3.81E-06,0.38159412,0.46982324,0,0,0.34851477,0.4641461,0,0,0.38961926,0.4486558,0,0,0.43765217,0.46403483,0,0,0,0,0,0.982663,0,0.43570697,0,0.4486267,0,0,2.08E-17,0,0.58125275,0.47003502,2
0.41765174,0.17726624,0.21522066,0.13113967,0.38159412,0.46982324,0,0,0.34851477,0.4641461,0,0,0.38961926,0.4486558,0,0,0.43765217,0.46403483,0,0,0,0,0,0.98266476,0,0.43570697,0,0.4486267,0,0,2.08E-17,0,0.58125275,0.47003502,4
0.36338517,0.41211137,0.1839706,0.13426459,0.38159412,0.46982324,0,0,0.34851477,0.4641461,0,0,0.38961926,0.4486558,0,0,0.43765217,0.46403483,0,0,0,0,0,0.9826671,0,0.43570697,0,0.4486267,0,0,2.08E-17,0,0.58125275,0.47003502,5
0.0002173382,0.0005187603,0.0115664685,0.00035952634,0.38159412,0.46982324,6.33E-06,2.99E-11,0.34851477,0.4641461,0.015863176,0.00021407373,0.38961926,0.4486558,0.019152293,0.00035249148,0.43765217,0.46403483,0,1.25E-23,2.51E-05,7.74E-17,7.42E-05,2.39E-08,2.23E-16,0.43570697,0.00023100222,0.4486267,0.00025735368,0.019080158,0.015953476,0.000352423,0.58125275,0.47003502,0
0.41675067,0.1366334,0.21849222,0.13037422,0.38159412,0.46982324,0,0,0.34851477,0.4641461,0,0,0.38961926,0.4486558,0,0,0.43765217,0.46403483,0,0,0,0,0,0.98266476,0,0.43570697,0,0.4486267,0,0,2.08E-17,0,0.58125275,0.47003502,4
0.6993204,0.30848643,0.24934366,0.12786244,0.38159412,0.46982324,0,0,0.34851477,0.4641461,0,0,0.38961926,0.4486558,0,0,0.43765217,0.46403483,0,0,0,0,0,0.9826661,0,0.43570697,0,0.4486267,0,0,2.08E-17,0,0.58125275,0.47003502,1
0.0003821945,0.00045546514,0.010753401,0.0004719548,0.38159412,0.46982324,0.00023037805,0.00016173077,0.34851477,0.46529832,0.0077161584,0.0015380828,0.38971177,0.56413406,0.012422909,0.0017894416,0.4380336,0.57303756,1.36E-24,1.98E-19,0.00014942487,1.73E-16,0.0001696435,1.13E-08,3.25E-16,0.43570697,0,0.4486267,0.00038471768,1.40E-09,0.017626109,3.42E-18,0.58125275,0.47003502,0
0.71286964,0.8093067,0.25043046,0.12736893,0.38159412,0.46982324,2.12E-07,3.34E-14,0.34851477,0.4641461,0.0035275638,1.06E-05,0.38961926,0.4486558,0.0061053354,3.58E-05,0.43765217,0.46403483,3.52E-22,2.74E-22,0.5841659,8.98E-11,0.7197201,5.88E-06,2.31E-05,0.43570697,0,0.4486267,0,0,0.35886526,0,0.58125275,0.47003502,1
0.42068517,0.5688672,0.2136507,0.13147184,0.38159412,0.46982324,0.00035721317,9.51E-08,0.34851477,0.4641461,0.011668647,0.00011583079,0.38961926,0.4486558,0.013148811,0.00016614224,0.43765217,0.46403483,1.18E-21,2.46E-21,0.3013918,1.94E-13,0.44212657,4.85E-06,1.91E-05,0.43570697,0,0.4486267,0,0,0.3503546,0,0.58125275,0.47003502,4
0.0011559194,0.0015731041,0.0080278935,0.0007725473,0.38159412,0.46982324,0.00076689036,4.38E-07,0.34851477,0.4641461,0.011692392,0.00012574774,0.3896164,0.43527713,0.010585148,0.00015442612,0.4376562,0.46943662,5.73E-26,4.92E-20,0.00013259031,1.96E-17,0.00036108468,5.11E-09,4.88E-17,0.43570697,0.0001356916,0.43524888,0.0012518801,0.010545281,0.02833743,0.00015439611,0.58125603,0.47537628,0
0.7509664,0.78282225,0.0070871376,9.57E-05,0.38159412,0.46982324,4.63E-06,1.60E-11,0.34851477,0.4641461,0.00023322234,4.63E-08,0.38961926,0.4486558,0.0002574107,6.37E-08,0.43765217,0.46403483,2.05E-22,1.84E-22,0.62455636,1.43E-09,0.7115907,7.89E-06,3.11E-05,0.43570697,0,0.4486267,0,0,0.009929078,0,0.58125275,0.47003502,3
0.00078350795,0.00076662464,0.022327157,0.020641236,0.38159412,0.46982324,0,0,0.34851477,0.4641461,9.93E-10,8.41E-19,0.38961926,0.4486558,9.93E-10,9.50E-19,0.43765217,0.46403483,0,0,2.98E-08,3.10E-20,1.35E-05,9.78E-08,9.63E-15,0.43570697,9.07E-19,0.4486267,4.70E-05,9.90E-10,2.08E-17,9.50E-19,0.58125275,0.47003502,0
0.25776944,0.35757658,1.50E-05,1.49E-06,0.38159412,0.46982324,0,0,0.34851477,0.4641461,0,0,0.38961926,0.4486558,0,0,0.43765217,0.46403483,0,0,0,0,0,0.9826632,0,0.43570697,0,0.4486267,0,0,2.08E-17,0,0.58125275,0.47003502,2
0.39973566,0.11020914,0.21782768,0.13053967,0.38159412,0.46982324,5.64E-05,2.37E-09,0.34851477,0.4641461,0.01114999,0.00010576257,0.38961926,0.4486558,0.015095354,0.00021897457,0.43765217,0.46403483,1.26E-21,6.46E-10,0.28786927,0.00034024369,0.087334216,0.00020528972,0.0008074193,0.43570697,0,0.4486267,0,0,0.3503546,0,0.58125275,0.47003502,4
0.4269943,0.60295105,0.212391,0.13172671,0.38159412,0.46982324,0,0,0.34851477,0.4641461,0,0,0.38961926,0.4486558,0,0,0.43765217,0.46403483,0,0,0,0,0,0.9826651,0,0.43570697,0,0.4486267,0,0,2.08E-17,0,0.58125275,0.47003502,4
0.4088373,0.36330602,0.2137286,0.13145483,0.38159412,0.46982324,0,0,0.34851477,0.4641461,0,0,0.38961926,0.4486558,0,0,0.43765217,0.46403483,0,0,0,0,0,0.9826648,0,0.43570697,0,0.4486267,0,0,2.08E-17,0,0.58125275,0.47003502,4
0.010477649,0.0035076605,0.06942927,0.09970367,0.4188016,0.7242232,0.2229059,0.5356505,0.35784522,0.4855906,0.3483606,0.30931467,0.37624824,0.42181072,0.3430117,0.29842916,0.42810884,0.45609793,2.67E-18,2.10E-18,0.012418073,2.66E-18,0.0038835248,1.32E-10,3.20E-17,0.713884,0.75874454,0.7158312,0.00037533994,0.06712045,0.44151384,0.7941591,0.6663097,0.7264343,0
0.7429635,0.8321207,0.007095724,9.57E-05,0.38159412,0.46982324,0.00022805858,3.87E-08,0.34851477,0.4641461,0.00036198308,1.11E-07,0.38961926,0.4486558,0.00027247646,7.13E-08,0.43765217,0.46403483,1.43E-22,1.70E-22,0.6244387,1.92E-10,0.75728303,6.07E-06,2.39E-05,0.43570697,0,0.4486267,0,0,0.009929078,0,0.58125275,0.47003502,3
0.34515452,0.16246568,0.18371885,0.13426375,0.38159412,0.46982324,0,0,0.34851477,0.4641461,0,0,0.38961926,0.4486558,0,0,0.43765217,0.46403483,0,0,0,0,0,0.98266697,0,0.43570697,0,0.4486267,0,0,2.08E-17,0,0.58125275,0.47003502,5
0.38752893,0.31441206,0.0054284567,0.0001082508,0.38159412,0.46982324,1.91E-07,2.72E-14,0.34851477,0.4641461,0.00044757497,1.70E-07,0.38961926,0.4486558,0.0007197567,4.98E-07,0.43765217,0.46403483,8.78E-21,9.12E-20,0.22687213,6.18E-07,0.21766496,4.28E-05,0.0001683494,0.43570697,0,0.4486267,0,0,0.009929078,0,0.58125275,0.47003502,3
0.7353984,0.3921499,0.008056962,7.94E-05,0.38159412,0.46982324,1.29E-07,1.23E-14,0.34851477,0.4641461,0.0001638614,2.28E-08,0.38961926,0.4486558,0.00025984744,6.49E-08,0.43765217,0.46403483,4.37E-23,8.93E-23,0.6988052,7.04E-06,0.40376592,3.29E-05,0.00012953399,0.43570697,0,0.4486267,0,0,0.009929078,0,0.58125275,0.47003502,3
0.6757687,0.26757282,0.25043243,0.12736729,0.38159412,0.46982324,2.73E-08,5.55E-16,0.34851477,0.4641461,0.0026720306,6.07E-06,0.38961926,0.4486558,0.0061302045,3.61E-05,0.43765217,0.46403483,6.59E-23,3.05E-16,0.5560811,4.38E-05,0.23795024,6.56E-05,0.00025790295,0.43570697,0,0.4486267,0,0,0.35886526,0,0.58125275,0.47003502,1
0.22325732,0.2384035,7.55E-05,3.80E-06,0.38159412,0.46982324,0,0,0.34851477,0.4641461,0,0,0.38961926,0.4486558,0,0,0.43765217,0.46403483,0,0,0,0,0,0.9826629,0,0.43570697,0,0.4486267,0,0,2.08E-17,0,0.58125275,0.47003502,2
0.001059582,0.0016231781,0.008267995,0.0007567116,0.38159412,0.46982324,0.00055869296,3.45E-05,0.34851474,0.4636655,0.030237412,0.00090032606,0.38959327,0.43340066,0.030156294,0.0011080856,0.43765974,0.46547696,8.75E-18,8.94E-18,0.00090467284,1.33E-17,0.0017343924,7.57E-10,1.54E-17,0.43570697,0.00019361697,0.44378328,0.0015799413,0.004869008,0.039399758,0.0005206406,0.58125454,0.4729449,0
0.25966865,0.23250853,1.55E-05,1.56E-06,0.38159412,0.46982324,0,0,0.34851477,0.4641461,0,0,0.38961926,0.4486558,0,0,0.43765217,0.46403483,0,0,0,0,0,0.9826629,0,0.43570697,0,0.4486267,0,0,2.08E-17,0,0.58125275,0.47003502,2
0.72188896,0.7568402,0.24382722,0.12169502,0.38159412,0.46982324,0.00059518,2.64E-07,0.34851477,0.4641461,0.0076752673,5.01E-05,0.38961926,0.4486558,0.0068591433,4.52E-05,0.43765217,0.46403483,2.48E-22,1.84E-22,0.5908046,1.18E-09,0.6712482,8.17E-06,3.21E-05,0.43570697,0,0.4486267,0,0,0.3503546,0,0.58125275,0.47003502,4
0.3222979,0.13235028,0.0053207427,0.00010814502,0.38159412,0.46982324,0,0,0.34851477,0.4641461,0,0,0.38961926,0.4486558,0,0,0.43765217,0.46403483,0,0,0,0,0,0.98266554,0,0.43570697,0,0.4486267,0,0,2.08E-17,0,0.58125275,0.47003502,3
0.37531596,0.20555608,0.18360116,0.13425642,0.38159412,0.46982324,0.00023968953,4.28E-08,0.34851477,0.4641461,0.014344585,0.00017504876,0.38961926,0.4486558,0.019260336,0.0003564797,0.43765217,0.46403483,9.21E-22,1.71E-21,0.23250628,1.68E-05,0.13732369,9.46E-05,0.00037224454,0.43570697,1.97E-15,0.4486267,0.4757676,8.53E-08,0.3503546,7.05E-15,0.58125275,0.47003502,5
0.38550633,0.43138602,0.0060293707,0.000106156294,0.38159412,0.46982324,1.08E-06,8.74E-13,0.34851477,0.4641461,0.00059310626,2.99E-07,0.38961926,0.4486558,0.00073102565,5.14E-07,0.43765217,0.46403483,1.12E-21,2.44E-21,0.31978488,7.56E-10,0.33218765,1.48E-05,5.84E-05,0.43570697,0,0.4486267,0,0,0.009929078,0,0.58125275,0.47003502,3
0.69961345,0.29447663,0.008006979,8.08E-05,0.38159412,0.46982324,0.00013843327,1.43E-08,0.34851477,0.4641461,0.00033667905,9.64E-08,0.38961926,0.4486558,0.00032215283,9.97E-08,0.43765217,0.46403483,7.16E-23,2.78E-17,0.65222925,2.97E-05,0.30127248,5.06E-05,0.00019911314,0.43570697,0,0.4486267,0,0,0.009929078,0,0.58125275,0.47003502,3
0.3788541,0.4281918,0.0059906407,0.0001063697,0.38159412,0.46982324,4.17E-06,1.29E-11,0.34851477,0.4641461,0.0006767505,3.90E-07,0.38961926,0.4486558,0.000745071,5.33E-07,0.43765217,0.46403483,9.20E-21,3.32E-21,0.31281784,9.84E-10,0.32760134,1.54E-05,6.07E-05,0.43570697,0,0.4486267,0,0,0.009929078,0,0.58125275,0.47003502,3
0.37374625,0.44366422,0.2027114,0.14038414,0.38159412,0.46982324,0,0,0.34851477,0.4641461,0,0,0.38961926,0.4486558,0,0,0.43765217,0.46403483,0,0,0,0,0,0.9826662,0,0.43570697,0,0.4486267,0,0,2.08E-17,0,0.58125275,0.47003502,1
0.2508239,0.36045557,1.50E-05,1.49E-06,0.38159412,0.46982324,0,0,0.34851477,0.4641461,0,0,0.38961926,0.4486558,0,0,0.43765217,0.46403483,0,0,0,0,0,0.9826633,0,0.43570697,0,0.4486267,0,0,2.08E-17,0,0.58125275,0.47003502,2
0.51478726,0.11756932,0.008044163,7.91E-05,0.38159412,0.46982324,0,0,0.34851477,0.4641461,0,0,0.38961926,0.4486558,0,0,0.43765217,0.46403483,0,0,0,0,0,0.9826655,0,0.43570697,0,0.4486267,0,0,2.08E-17,0,0.58125275,0.47003502,3
0.7167119,0.7135702,0.24360459,0.12179254,0.38159412,0.46982324,0,0,0.34851477,0.4641461,0,0,0.38961926,0.4486558,0,0,0.43765217,0.46403483,0,0,0,0,0,0.9826649,0,0.43570697,0,0.4486267,0,0,2.08E-17,0,0.58125275,0.47003502,4
0.75565344,0.7991047,0.0080765495,7.85E-05,0.38159412,0.46982324,2.97E-07,6.59E-14,0.34851477,0.4641461,0.00017343173,2.56E-08,0.38961926,0.4486558,0.00025629145,6.31E-08,0.43765217,0.46403483,6.51E-23,9.84E-23,0.7169857,5.63E-10,0.8253839,6.29E-06,2.47E-05,0.43570697,0,0.4486267,0,0,0.009929078,0,0.58125275,0.47003502,3
0.25122768,0.21142715,1.54E-05,1.52E-06,0.38159412,0.46982324,0,0,0.34851477,0.4641461,0,0,0.38961926,0.4486558,0,0,0.43765217,0.46403483,0,0,0,0,0,0.9826629,0,0.43570697,0,0.4486267,0,0,2.08E-17,0,0.58125275,0.47003502,2
0.2306389,0.3159278,7.14E-05,3.62E-06,0.38159412,0.46982324,0,0,0.34851477,0.4641461,0,0,0.38961926,0.4486558,0,0,0.43765217,0.46403483,0,0,0,0,0,0.9826632,0,0.43570697,0,0.4486267,0,0,2.08E-17,0,0.58125275,0.47003502,2
0.0011008965,0.0016765028,0.009230618,0.0013019718,0.38159412,0.46968836,0.009364554,6.54E-05,0.34851426,0.45215756,0.037266724,0.0012283967,0.38978285,0.5390541,0.039783288,0.0017896328,0.43782538,0.48528683,1.31E-17,1.31E-17,0.0010797739,1.45E-17,0.0017880287,7.24E-10,1.28E-11,0.48878348,8.90E-05,0.48003435,0.0015090364,0.0053804335,0.040607583,0.00043656235,0.5812843,0.52068996,0
0.70643044,0.8149442,0.24977024,0.12766953,0.38159412,0.46982324,1.58E-08,1.85E-16,0.34851477,0.4641461,0.0030253553,7.79E-06,0.38961926,0.4486558,0.0059904717,3.45E-05,0.43765217,0.46403483,2.90E-22,1.92E-22,0.5670521,6.61E-11,0.7228211,5.66E-06,2.23E-05,0.43570697,0,0.4486267,0,0,0.35886526,0,0.58125275,0.47003502,1
0.41644302,0.60287195,0.21278137,0.13164952,0.38159412,0.46982324,2.02E-05,3.05E-10,0.34851477,0.4641461,0.009582235,7.81E-05,0.38961926,0.4486558,0.012885024,0.0001595429,0.43765217,0.46403483,6.29E-22,4.92E-22,0.29003394,3.96E-19,0.46664116,1.23E-06,4.86E-06,0.43570697,0,0.4486267,0,0,0.3503546,0,0.58125275,0.47003502,4
0.41379726,0.6026717,0.21322256,0.13156009,0.38159412,0.46982324,0.0016063523,1.92E-06,0.34851477,0.4641461,0.0147661995,0.00018549002,0.38961926,0.4486558,0.013441882,0.00017363101,0.43765217,0.46403483,3.67E-21,2.00E-21,0.28976226,9.40E-19,0.46746743,1.34E-06,5.29E-06,0.43570697,0,0.4486267,0,0,0.3503546,0,0.58125275,0.47003502,4
0.22003272,0.12385318,8.01E-05,4.11E-06,0.38159412,0.46982324,0,0,0.34851477,0.4641461,0,0,0.38961926,0.4486558,0,0,0.43765217,0.46403483,0,0,0,0,0,0.98266286,0,0.43570697,0,0.4486267,0,0,2.08E-17,0,0.58125275,0.47003502,2
0.00045432046,0.00044007422,0.012388215,0.000593036,0.38159412,0.46982324,0,0.007442831,0.34851477,0.4641461,4.88E-05,0.008669489,0.38961926,0.4486558,0.03168573,0.009836037,0.43781564,0.47185096,3.13E-20,4.54E-16,0.00028461678,1.05E-14,0.00015798028,1.91E-08,7.72E-15,0.43570697,0,0.4486267,0.00021651872,1.98E-09,0.009929078,3.80E-18,0.58125275,0.47003502,0
0.21755506,0.3170566,7.19E-05,3.59E-06,0.38159412,0.46982324,0,0,0.34851477,0.4641461,0,0,0.38961926,0.4486558,0,0,0.43765217,0.46403483,0,0,0,0,0,0.9826633,0,0.43570697,0,0.4486267,0,0,2.08E-17,0,0.58125275,0.47003502,2
0.4333646,0.54444563,0.21346338,0.1315123,0.38159412,0.46982324,0,0,0.34851477,0.4641461,0,0,0.38961926,0.4486558,0,0,0.43765217,0.46403483,0,0,0,0,0,0.98266494,0,0.43570697,0,0.4486267,0,0,2.08E-17,0,0.58125275,0.47003502,4
0.22388911,0.31227663,7.41E-05,3.65E-06,0.38159412,0.46982324,0,0,0.34851477,0.4641461,0,0,0.38961926,0.4486558,0,0,0.43765217,0.46403483,0,0,0,0,0,0.9826632,0,0.43570697,0,0.4486267,0,0,2.08E-17,0,0.58125275,0.47003502,2
0.21419975,0.30629915,7.46E-05,3.80E-06,0.38159412,0.46982324,0,0,0.34851477,0.4641461,0,0,0.38961926,0.4486558,0,0,0.43765217,0.46403483,0,0,0,0,0,0.98266315,0,0.43570697,0,0.4486267,0,0,2.08E-17,0,0.58125275,0.47003502,2
0.00089437154,0.0015494756,0.00775581,0.000721009,0.38159412,0.46982324,7.95E-06,0.00015939937,0.34851477,0.46413952,0.019935604,0.0006319523,0.38960865,0.43994987,0.029691247,0.0010860948,0.4378475,0.5018653,6.17E-22,2.72E-19,0.0008315514,5.75E-18,0.0016163302,8.29E-10,6.19E-18,0.43570697,0.00030041553,0.44731385,0.0014311485,0.0026616452,0.03925938,0.00050932344,0.5812533,0.47168058,0
0.36230597,0.39688653,0.18382645,0.13426125,0.38159412,0.46982324,0.00080657523,4.85E-07,0.34851477,0.4641461,0.014293411,0.00017380202,0.38961926,0.4486558,0.016983561,0.00027718174,0.43765217,0.46403483,2.32E-21,2.18E-21,0.22084948,9.79E-10,0.26543808,1.84E-05,7.23E-05,0.43570697,2.09E-15,0.4486267,0.9197724,9.96E-08,0.3503546,9.60E-15,0.58125275,0.47003502,5
0.3888542,0.37707695,0.0058243577,0.00010722629,0.38159412,0.46982324,0,0,0.34851477,0.4641461,0,0,0.38961926,0.4486558,0,0,0.43765217,0.46403483,0,0,0,0,0,0.9826656,0,0.43570697,0,0.4486267,0,0,2.08E-17,0,0.58125275,0.47003502,3
0.0010707325,0.0015862731,0.012209427,0.016362336,0.38159412,0.46982387,0.00031238675,1.27E-05,0.34851477,0.46602303,0.027587619,0.000842819,0.38961136,0.44399223,0.14471854,0.021803772,0.43810856,0.4691972,1.62E-17,1.61E-17,0.0009873731,1.36E-17,0.0016462947,8.18E-10,1.50E-17,0.43570697,0.00028787018,0.4486267,0.0014000372,0.00029582944,0.038985234,0.0005206167,0.5812527,0.46864724,0
0.49624497,0.25586933,0.005826325,0.00010717397,0.38159412,0.46982324,0,0,0.34851477,0.4641461,0,0,0.38961926,0.4486558,0,0,0.43765217,0.46403483,0,0,0,0,0,0.98266554,0,0.43570697,0,0.4486267,0,0,2.08E-17,0,0.58125275,0.47003502,3
0.38283908,0.45163316,0.005929109,0.00010668016,0.38159412,0.46982324,0.00035192483,9.23E-08,0.34851477,0.4641461,0.0009172512,7.16E-07,0.38961926,0.4486558,0.0007776187,5.81E-07,0.43765217,0.46403483,9.53E-21,1.91E-20,0.24334392,1.56E-10,0.34199688,1.20E-05,4.71E-05,0.43570697,0,0.4486267,0,0,0.009929078,0,0.58125275,0.47003502,3
0.0012898572,0.0017080642,0.008353325,0.00076442707,0.38159412,0.46982324,7.06E-05,1.15E-06,0.34851477,0.46413034,0.02263988,0.0005495661,0.38960287,0.43370205,0.030073887,0.0027661992,0.43772528,0.47114384,2.79E-17,2.82E-17,0.0011967182,2.38E-17,0.001834704,7.15E-10,8.95E-17,0.43570697,0.0001557866,0.4225356,0.0017046409,0.007986044,0.04075108,0.0022269513,0.5812648,0.4758116,0
0.41743168,0.40334427,0.00587057,0.0001070107,0.38159412,0.46982324,0,0,0.34851477,0.4641461,0,0,0.38961926,0.4486558,0,0,0.43765217,0.46403483,0,0,0,0,0,0.9826656,0,0.43570697,0,0.4486267,0,0,2.08E-17,0,0.58125275,0.47003502,3
0.0011697919,0.0016168552,0.0079778405,0.0007815833,0.38159412,0.46982324,0.0042324094,1.33E-05,0.34851477,0.4641455,0.011784294,0.00012731618,0.38961208,0.41522625,0.010514387,0.00015450458,0.43766245,0.47785193,7.70E-21,5.81E-18,0.00019023588,4.23E-17,0.0003904702,4.72E-09,5.89E-17,0.43570632,0.00013738406,0.41519928,0.0013537596,0.010474786,0.02824617,0.00015447456,0.58126116,0.48369727,0
0.72069496,0.9867088,0.24393164,0.12164825,0.38159412,0.46982324,1.32E-05,1.30E-10,0.34851477,0.4641461,0.005448338,2.53E-05,0.38961926,0.4486558,0.006848782,4.51E-05,0.43765217,0.46403483,3.53E-22,1.98E-22,0.58173704,4.43E-18,0.87549573,8.98E-07,3.53E-06,0.43570697,0,0.4486267,0,0,0.3503546,0,0.58125275,0.47003502,4
0.47817183,0.5834091,0.21506044,0.13117024,0.38159412,0.46982324,0,0,0.34851477,0.4641461,0,0,0.38961926,0.4486558,0,0,0.43765217,0.46403483,0,0,0,0,0,0.982665,0,0.43570697,0,0.4486267,0,0,2.08E-17,0,0.58125275,0.47003502,4
0.00016457333,0.00040505,0.011327176,0.00046278175,0.38159412,0.46982324,1.97E-09,2.89E-18,0.34851477,0.4641461,0.00044426462,1.69E-07,0.38961926,0.4486315,0.012728326,0.00015569107,0.437652,0.4619805,0,3.86E-31,6.99E-06,7.90E-19,8.39E-05,2.18E-08,4.53E-16,0.43570697,1.82E-07,0.44860238,0.00029077966,0.012680387,0.032702014,0.00015566082,0.5812526,0.46800372,0
0.44495642,0.48278338,0.21333499,0.13153853,0.38159412,0.46982324,0,0,0.34851477,0.4641461,0,0,0.38961926,0.4486558,0,0,0.43765217,0.46403483,0,0,0,0,0,0.9826649,0,0.43570697,0,0.4486267,0,0,2.08E-17,0,0.58125275,0.47003502,4
0.7191227,0.84133804,0.24422625,0.12151738,0.38159412,0.46982324,4.21E-06,1.32E-11,0.34851477,0.4641461,0.004696165,1.88E-05,0.38961926,0.4486558,0.006466709,4.02E-05,0.43765217,0.46403483,1.84E-22,1.78E-22,0.590273,2.74E-11,0.74740297,5.03E-06,1.98E-05,0.43570697,0,0.4486267,0,0,0.3503546,0,0.58125275,0.47003502,4
0.40795696,0.6020148,0.21361133,0.13147976,0.38159412,0.46982324,0.0011279869,9.48E-07,0.34851477,0.4641461,0.013223841,0.00014876414,0.38961926,0.4486558,0.013160514,0.00016643811,0.43765217,0.46403483,2.88E-20,6.81E-21,0.29433113,1.04E-17,0.4678032,1.71E-06,6.73E-06,0.43570697,0,0.4486267,0,0,0.3503546,0,0.58125275,0.47003502,4
0.4188026,0.51471424,0.21295016,0.13161583,0.38159412,0.46982324,0.0017460982,2.27E-06,0.34851477,0.4641461,0.013176326,0.000147697,0.38961926,0.4486558,0.014167114,0.00019287232,0.43765217,0.46403483,3.50E-21,4.47E-21,0.30012867,1.13E-10,0.39874607,1.02E-05,4.00E-05,0.43570697,0,0.4486267,0,0,0.3503546,0,0.58125275,0.47003502,4
0.41008675,0.601908,0.21295607,0.13161358,0.38159412,0.46982324,0,0,0.34851477,0.4641461,0,0,0.38961926,0.4486558,0,0,0.43765217,0.46403483,0,0,0,0,0,0.98266506,0,0.43570697,0,0.4486267,0,0,2.08E-17,0,0.58125275,0.47003502,4
0.44815546,0.34022874,0.21354103,0.13149588,0.38159412,0.46982324,0.0007348667,4.02E-07,0.34851477,0.4641461,0.014202693,0.00017160282,0.38961926,0.4486558,0.0145224035,0.00020266748,0.43765217,0.46403483,3.69E-21,4.64E-21,0.31754777,1.09E-06,0.26430807,3.86E-05,0.0001517407,0.43570697,0,0.4486267,0,0,0.3503546,0,0.58125275,0.47003502,4
0.72565895,0.96494585,0.24471593,0.12129905,0.38159412,0.46982324,6.83E-06,3.47E-11,0.34851477,0.4641461,0.004958068,2.09E-05,0.38961926,0.4486558,0.0065971813,4.18E-05,0.43765217,0.46403483,1.87E-22,3.82E-22,0.5940012,4.86E-16,0.858934,1.47E-06,5.77E-06,0.43570697,0,0.4486267,0,0,0.3503546,0,0.58125275,0.47003502,4
0.36831012,0.41632816,0.1831947,0.13424635,0.38159412,0.46982324,0.0069474275,3.60E-05,0.34851477,0.4641461,0.02039913,0.00035400255,0.38961926,0.4486558,0.017685976,0.0003005835,0.43765217,0.46403483,5.23E-22,6.56E-22,0.22087765,1.96E-10,0.27749678,1.50E-05,5.88E-05,0.43570697,1.28E-15,0.4486267,0.961513,9.03E-08,0.3503546,7.90E-15,0.58125275,0.47003502,5
0.3635296,0.41430378,0.18363026,0.13425706,0.38159412,0.46982324,0.014222239,0.0001506926,0.34851477,0.4641461,0.02177488,0.00040336166,0.38961926,0.4486558,0.017827546,0.0003054149,0.43765217,0.46403483,4.16E-22,6.15E-22,0.22176838,2.23E-10,0.2768069,1.52E-05,5.98E-05,0.43570697,1.16E-15,0.4486267,0.9591134,9.51E-08,0.3503546,8.75E-15,0.58125275,0.47003502,5
0.75509197,0.7337467,0.0070830546,9.58E-05,0.38159412,0.46982324,0.0006655641,3.30E-07,0.34851477,0.4641461,0.00032890652,9.20E-08,0.38961926,0.4486558,0.00026172717,6.58E-08,0.43765217,0.46403483,1.02E-22,1.67E-22,0.62854224,7.10E-09,0.66659516,9.90E-06,3.89E-05,0.43570697,0,0.4486267,0,0,0.009929078,0,0.58125275,0.47003502,3
0.26282454,0.16540314,1.80E-05,1.81E-06,0.38159412,0.46982324,0,0,0.34851477,0.4641461,0,0,0.38961926,0.4486558,0,0,0.43765217,0.46403483,0,0,0,0,0,0.98266286,0,0.43570697,0,0.4486267,0,0,2.08E-17,0,0.58125275,0.47003502,2
0.007295429,0.0016759019,0.051759172,0.06477856,0.36282912,0.41649812,0.3349071,0.18299808,0.32382312,0.39571622,0.33570322,0.21600668,0.3595129,0.3716726,0.31517708,0.21751639,0.44101197,0.4676497,2.02E-17,2.37E-17,0.007551534,2.66E-17,0.001376504,1.16E-09,9.79E-17,0.5491767,0.18866286,0.5581367,0.00030026672,0.38299045,0.20111798,0.19747289,0.66397744,0.57516617,0
0.37719375,0.19894035,0.0055120685,0.00010809643,0.38159412,0.46982324,0,0,0.34851477,0.4641461,0,0,0.38961926,0.4486558,0,0,0.43765217,0.46403483,0,0,0,0,0,0.98266554,0,0.43570697,0,0.4486267,0,0,2.08E-17,0,0.58125275,0.47003502,3
0.13887265,0.025817804,0.17700803,0.13396743,0.38159412,0.46982324,0,0,0.34851477,0.4641461,0,0,0.38961926,0.4486558,0,0,0.43765217,0.46403483,0,0,0,0,0,0.98266697,0,0.43570697,0,0.4486267,0,0,2.08E-17,0,0.58125275,0.47003502,5
0.37322527,0.11854691,0.0056241318,0.00010765347,0.38159412,0.46982324,0,0,0.34851477,0.4641461,0,0,0.38961926,0.4486558,0,0,0.43765217,0.46403483,0,0,0,0,0,0.9826655,0,0.43570697,0,0.4486267,0,0,2.08E-17,0,0.58125275,0.47003502,3
0.0013697353,0.0016174093,0.00995959,0.005864778,0.38159657,0.48357755,0.03956886,0.0011740101,0.34845477,0.41494024,0.039331466,0.001446466,0.38958368,0.434704,0.08618962,0.008524492,0.437586,0.46234858,7.07E-19,1.79E-18,0.0013565648,6.53E-18,0.0016921607,7.76E-10,8.06E-18,0.43570697,0.0001615493,0.4486267,0.0014001506,0.00022767649,0.03984463,0.00045664512,0.5812527,0.46896276,0
0.22482197,0.2227081,7.57E-05,3.77E-06,0.38159412,0.46982324,0,0,0.34851477,0.4641461,0,0,0.38961926,0.4486558,0,0,0.43765217,0.46403483,0,0,0,0,0,0.9826629,0,0.43570697,0,0.4486267,0,0,2.08E-17,0,0.58125275,0.47003502,2
0.22844064,0.30888504,7.34E-05,3.73E-06,0.38159412,0.46982324,0,0,0.34851477,0.4641461,0,0,0.38961926,0.4486558,0,0,0.43765217,0.46403483,0,0,0,0,0,0.98266315,0,0.43570697,0,0.4486267,0,0,2.08E-17,0,0.58125275,0.47003502,2
0.0008904557,0.0015551539,0.00822818,0.00081047806,0.38159412,0.46982324,3.87E-06,3.60E-07,0.34851477,0.4641461,0.0072352816,9.54E-05,0.3896222,0.46545684,0.010058649,0.00014719125,0.43765545,0.4686861,1.16E-30,1.30E-21,0.00013012462,4.13E-17,0.00036981248,4.99E-09,4.99E-17,0.43570697,0.000102926766,0.46542662,0.0012821393,0.010020765,0.028016843,0.00014716266,0.58125544,0.4746342,0
0.22300507,0.29276842,7.57E-05,3.71E-06,0.38159412,0.46982324,0,0,0.34851477,0.4641461,0,0,0.38961926,0.4486558,0,0,0.43765217,0.46403483,0,0,0,0,0,0.98266304,0,0.43570697,0,0.4486267,0,0,2.08E-17,0,0.58125275,0.47003502,2
0.4377535,0.5982133,0.2135991,0.13148326,0.38159412,0.46982324,7.43E-05,4.12E-09,0.34851477,0.4641461,0.010209274,8.87E-05,0.38961926,0.4486558,0.012650692,0.00015379267,0.43765217,0.46403483,5.67E-22,9.16E-22,0.3101338,3.40E-16,0.46481255,2.45E-06,9.65E-06,0.43570697,0,0.4486267,0,0,0.3503546,0,0.58125275,0.47003502,4
0.7011532,0.42843053,0.2510789,0.12707114,0.38159412,0.46982324,1.55E-06,1.80E-12,0.34851477,0.4641461,0.0043143663,1.58E-05,0.38961926,0.4486558,0.006643544,4.24E-05,0.43765217,0.46403483,5.66E-23,1.14E-22,0.5803678,3.67E-06,0.38199386,3.20E-05,0.00012592037,0.43570697,0,0.4486267,0,0,0.35886526,0,0.58125275,0.47003502,1
0.74128866,0.93168986,0.24507141,0.12113918,0.38159412,0.46982324,1.77E-07,2.34E-14,0.34851477,0.4641461,0.0033406902,9.49E-06,0.38961926,0.4486558,0.006255236,3.76E-05,0.43765217,0.46403483,1.26E-22,1.26E-22,0.6154308,5.23E-14,0.83052963,2.43E-06,9.57E-06,0.43570697,0,0.4486267,0,0,0.3503546,0,0.58125275,0.47003502,4
0.38854614,0.21851933,0.18398342,0.13426489,0.38159412,0.46982324,0,0,0.34851477,0.4641461,0,0,0.38961926,0.4486558,0,0,0.43765217,0.46403483,0,0,0,0,0,0.982667,0,0.43570697,0,0.4486267,0,0,2.08E-17,0,0.58125275,0.47003502,5
0.72436446,0.80146253,0.24357364,0.12180689,0.38159412,0.46982324,8.84E-08,5.83E-15,0.34851477,0.4641461,0.0031811236,8.61E-06,0.38961926,0.4486558,0.0061034644,3.58E-05,0.43765217,0.46403483,2.99E-22,2.08E-22,0.5844472,2.03E-10,0.71007216,6.46E-06,2.54E-05,0.43570697,0,0.4486267,0,0,0.3503546,0,0.58125275,0.47003502,4
0.7147765,0.8640195,0.24419938,0.12152994,0.38159412,0.46982324,0.0026927823,5.40E-06,0.34851477,0.4641461,0.009020168,6.92E-05,0.38961926,0.4486558,0.007048726,4.77E-05,0.43765217,0.46403483,9.01E-23,1.19E-22,0.5853159,6.95E-12,0.76748073,4.27E-06,1.68E-05,0.43570697,0,0.4486267,0,0,0.3503546,0,0.58125275,0.47003502,4
0.0022704068,0.00082671014,0.029512178,0.027437748,0.33051917,0.35220292,0.2811445,0.34119564,0.2976076,0.3471729,0.2779517,0.37717757,0.34049222,0.33912602,0.2292922,0.31592393,0.45112947,0.47981426,1.94E-17,2.01E-17,0.002189537,6.74E-17,0.0005419242,3.52E-09,2.10E-16,0.63183385,0.142345,0.6378234,0.00022518987,0.37666568,0.17800453,0.1489785,0.6724031,0.6516582,0
0.0013122516,0.0016479696,0.008533318,0.0008304491,0.38159412,0.46984798,0.014996228,0.00016769815,0.3485158,0.47398242,0.03644346,0.0012254581,0.38960788,0.44323456,0.031619452,0.001176847,0.4377115,0.47482365,7.48E-18,7.58E-18,0.0012678482,1.16E-17,0.0017594702,7.39E-10,1.45E-17,0.45275062,0.00029732584,0.5067005,0.0015614297,0.005248838,0.039963536,0.0004853058,0.58130056,0.54467016,0
0.0031081736,0.0018822965,0.028821696,0.07136024,0.26255083,0.40236804,0.70566505,0.7539445,0.32093135,0.44607708,0.55214304,0.60456336,0.4423287,0.49744275,0.29494345,0.19199459,0.51047784,0.5530739,1.49E-19,5.34E-19,0.0033426783,2.84E-18,0.00204879,5.66E-10,5.75E-18,0.24432833,0.7741731,0.26631305,0.0017422222,0.5600814,0.10507858,0.30367213,0.57064444,0.36186573,0
0.3231814,0.2787824,0.21189494,0.13924193,0.38159412,0.46982324,0,0,0.34851477,0.4641461,0,0,0.38961926,0.4486558,0,0,0.43765217,0.46403483,0,0,0,0,0,0.98266613,0,0.43570697,0,0.4486267,0,0,2.08E-17,0,0.58125275,0.47003502,1
0.793409,0.81947446,0.008102951,7.79E-05,0.38159412,0.46982324,0.0006347972,3.00E-07,0.34851477,0.4641461,0.0003018137,7.75E-08,0.38961926,0.4486558,0.00026712235,6.86E-08,0.43765217,0.46403483,5.45E-23,7.06E-23,0.7695039,3.10E-10,0.8494477,5.80E-06,2.28E-05,0.43570697,0,0.4486267,0,0,0.009929078,0,0.58125275,0.47003502,3
0.22228263,0.14195693,7.96E-05,4.14E-06,0.38159412,0.46982324,0,0,0.34851477,0.4641461,0,0,0.38961926,0.4486558,0,0,0.43765217,0.46403483,0,0,0,0,0,0.98266286,0,0.43570697,0,0.4486267,0,0,2.08E-17,0,0.58125275,0.47003502,2
0.22698073,0.3067031,7.52E-05,3.85E-06,0.38159412,0.46982324,0,0,0.34851477,0.4641461,0,0,0.38961926,0.4486558,0,0,0.43765217,0.46403483,0,0,0,0,0,0.98266315,0,0.43570697,0,0.4486267,0,0,2.08E-17,0,0.58125275,0.47003502,2
0.24937487,0.35968214,1.51E-05,1.50E-06,0.38159412,0.46982324,0,0,0.34851477,0.4641461,0,0,0.38961926,0.4486558,0,0,0.43765217,0.46403483,0,0,0,0,0,0.9826633,0,0.43570697,0,0.4486267,0,0,2.08E-17,0,0.58125275,0.47003502,2
0.7081141,0.6890797,0.25063553,0.127275,0.38159412,0.46982324,0,0,0.34851477,0.4641461,0,0,0.38961926,0.4486558,0,0,0.43765217,0.46403483,0,0,0,0,0,0.98266613,0,0.43570697,0,0.4486267,0,0,2.08E-17,0,0.58125275,0.47003502,1
0.00022439794,3.19E-05,0.004532285,4.01E-18,0.38159412,0.46982324,0,0,0.34851477,0.4641461,0,0,0.38961926,0.4486558,1.99E-09,8.50E-18,0.43765217,0.46403483,0.8877551,0.8894558,0.00028026718,0.8894558,4.33E-05,0.33332658,0.8894558,0.43570697,0,0.4486267,0,0,0.04420675,0,0.58125275,0.47003502,0
0.23058048,0.2807804,7.43E-05,3.86E-06,0.38159412,0.46982324,0,0,0.34851477,0.4641461,0,0,0.38961926,0.4486558,0,0,0.43765217,0.46403483,0,0,0,0,0,0.98266304,0,0.43570697,0,0.4486267,0,0,2.08E-17,0,0.58125275,0.47003502,2
0.74530417,0.40712246,0.0070534074,9.62E-05,0.38159412,0.46982324,1.06E-08,8.38E-17,0.34851477,0.4641461,0.00010364333,9.14E-09,0.38961926,0.4486558,0.00018872367,3.42E-08,0.43765217,0.46403483,4.74E-22,3.42E-22,0.617937,6.91E-06,0.36827555,3.56E-05,0.00014001424,0.43570697,0,0.4486267,0,0,0.009929078,0,0.58125275,0.47003502,3
0.0010730134,0.0015948412,0.0078211995,0.0007664926,0.38159412,0.46982324,1.46E-05,0.00012340781,0.34851477,0.46421528,0.020309975,0.0007284067,0.38964042,0.464223,0.03062898,0.0011553394,0.4378107,0.49289852,6.81E-21,6.48E-19,0.00095218857,6.90E-18,0.0016657134,7.92E-10,6.04E-18,0.43570697,0.0017763833,0.47095942,0.0013370805,0.055949014,0.04294855,0.0032946018,0.58160454,0.5015649,0
0.71433604,0.95410216,0.24481957,0.12125253,0.38159412,0.46982324,0.02891011,0.00062266644,0.34851477,0.4641461,0.011443081,0.00011139585,0.38961926,0.4486558,0.007206762,4.99E-05,0.43765217,0.46403483,7.55E-23,1.31E-22,0.5858286,2.59E-15,0.8496548,1.75E-06,6.89E-06,0.43570697,0,0.4486267,0,0,0.3503546,0,0.58125275,0.47003502,4
0.0012751226,0.0017269732,0.009484859,0.0010498904,0.38159412,0.46982318,0.0006469764,1.43E-05,0.34851474,0.4627122,0.009594156,0.00014183272,0.38961554,0.43518034,0.010443145,0.00015915827,0.43766645,0.48275578,1.27E-25,1.86E-19,0.00023345032,4.22E-17,0.00043099152,4.25E-09,5.61E-17,0.43419877,0.00015304853,0.43515208,0.0014942469,0.010403813,0.028768735,0.00015912735,0.58126444,0.4885462,0
0.7074845,0.8928968,0.0075932206,8.77E-05,0.38159412,0.46982324,9.13E-09,6.22E-17,0.34851477,0.4641461,9.51E-05,7.69E-09,0.38961926,0.4486558,0.00022565993,4.89E-08,0.43765217,0.46403483,2.68E-23,3.04E-23,0.80522066,2.25E-12,0.86973995,3.47E-06,1.37E-05,0.43570697,0,0.4486267,0,0,0.009929078,0,0.58125275,0.47003502,3
0.22862893,0.31801352,7.34E-05,3.71E-06,0.38159412,0.46982324,0,0,0.34851477,0.4641461,0,0,0.38961926,0.4486558,0,0,0.43765217,0.46403483,0,0,0,0,0,0.9826633,0,0.43570697,0,0.4486267,0,0,2.08E-17,0,0.58125275,0.47003502,2
0.77815837,0.8161888,0.008089519,7.82E-05,0.38159412,0.46982324,0.0008508606,5.39E-07,0.34851477,0.4641461,0.0003122977,8.30E-08,0.38961926,0.4486558,0.00026838505,6.92E-08,0.43765217,0.46403483,1.04E-22,9.40E-23,0.7459777,3.31E-10,0.84461343,5.85E-06,2.30E-05,0.43570697,0,0.4486267,0,0,0.009929078,0,0.58125275,0.47003502,3
0.71683997,0.97814345,0.24436504,0.12145543,0.38159412,0.46982324,7.50E-06,4.19E-11,0.34851477,0.4641461,0.004995143,2.12E-05,0.38961926,0.4486558,0.0066233976,4.22E-05,0.43765217,0.46403483,9.23E-23,1.46E-22,0.5881167,3.20E-17,0.86943215,1.10E-06,4.34E-06,0.43570697,0,0.4486267,0,0,0.3503546,0,0.58125275,0.47003502,4
0.7410533,0.6327548,0.008098679,7.87E-05,0.38159412,0.46982324,2.57E-08,4.93E-16,0.34851477,0.4641461,0.00013703873,1.60E-08,0.38961926,0.4486558,0.00026018347,6.51E-08,0.43765217,0.46403483,7.03E-23,7.24E-23,0.70958567,7.72E-08,0.65331125,1.30E-05,5.11E-05,0.43570697,0,0.4486267,0,0,0.009929078,0,0.58125275,0.47003502,3
0.84493375,0.8757846,0.008131781,7.71E-05,0.38159412,0.46982324,2.93E-05,6.39E-10,0.34851477,0.4641461,0.00023023278,4.51E-08,0.38961926,0.4486558,0.00025647815,6.32E-08,0.43765217,0.46403483,1.02E-22,7.72E-23,0.82591397,5.50E-11,0.91169053,4.57E-06,1.80E-05,0.43570697,0,0.4486267,0,0,0.009929078,0,0.58125275,0.47003502,3
0.0010337858,0.0015410297,0.008464899,0.00090595393,0.38159412,0.46982324,2.51E-05,6.30E-05,0.34851477,0.46414608,0.029554145,0.00089058984,0.3896044,0.4400807,0.033392753,0.0015869524,0.43778768,0.4818163,3.76E-17,3.77E-17,0.00093240215,2.29E-17,0.0016031442,6.68E-06,2.63E-05,0.43570697,0.00019332909,0.4486267,0.0013420436,0.0027259453,0.03950055,0.000944973,0.58130646,0.5856166,0
0.48793915,0.59289855,0.21527119,0.13112493,0.38159412,0.46982324,0,0,0.34851477,0.4641461,0,0,0.38961926,0.4486558,0,0,0.43765217,0.46403483,0,0,0,0,0,0.982665,0,0.43570697,0,0.4486267,0,0,2.08E-17,0,0.58125275,0.47003502,4
0.31144097,0.10276603,0.0055908132,0.000107761996,0.38159412,0.46982324,1.58E-07,1.87E-14,0.34851477,0.4641461,0.00021359921,3.88E-08,0.38961926,0.4486558,0.00032350715,1.01E-07,0.43765217,0.46403483,3.43E-21,3.63E-12,0.20988014,0.0002733433,0.07333627,0.00023173369,0.0009114013,0.43570697,0,0.4486267,0,0,0.009929078,0,0.58125275,0.47003502,3
0.36777094,0.40230286,0.18398362,0.13426529,0.38159412,0.46982324,6.74E-05,3.39E-09,0.34851477,0.4641461,0.011116351,0.000105125364,0.38961926,0.4486558,0.016462747,0.0002604424,0.43765217,0.46403483,2.42E-21,2.74E-21,0.22609596,5.92E-10,0.2692828,1.73E-05,6.79E-05,0.43570697,3.48E-15,0.4486267,0.9331255,1.10E-07,0.3503546,1.17E-14,0.58125275,0.47003502,5
0.2211412,0.31019843,7.21E-05,3.58E-06,0.38159412,0.46982324,0,0,0.34851477,0.4641461,0,0,0.38961926,0.4486558,0,0,0.43765217,0.46403483,0,0,0,0,0,0.98266315,0,0.43570697,0,0.4486267,0,0,2.08E-17,0,0.58125275,0.47003502,2
0.4130197,0.60189945,0.21273138,0.13165914,0.38159412,0.46982324,0,0,0.34851477,0.4641461,0,0,0.38961926,0.4486558,0,0,0.43765217,0.46403483,0,0,0,0,0,0.98266506,0,0.43570697,0,0.4486267,0,0,2.08E-17,0,0.58125275,0.47003502,4
0.22071849,0.27698052,7.42E-05,3.84E-06,0.38159412,0.46982324,0,0,0.34851477,0.4641461,0,0,0.38961926,0.4486558,0,0,0.43765217,0.46403483,0,0,0,0,0,0.98266304,0,0.43570697,0,0.4486267,0,0,2.08E-17,0,0.58125275,0.47003502,2
0.2190697,0.3127924,7.37E-05,3.68E-06,0.38159412,0.46982324,0,0,0.34851477,0.4641461,0,0,0.38961926,0.4486558,0,0,0.43765217,0.46403483,0,0,0,0,0,0.9826632,0,0.43570697,0,0.4486267,0,0,2.08E-17,0,0.58125275,0.47003502,2
0.35679066,0.39540517,0.1842206,0.13426845,0.38159412,0.46982324,0.0010574743,8.33E-07,0.34851477,0.4641461,0.01471976,0.00018432511,0.38961926,0.4486558,0.017047472,0.0002792718,0.43765217,0.46403483,9.06E-22,1.77E-21,0.22093853,1.04E-09,0.26501498,1.85E-05,7.28E-05,0.43570697,2.32E-15,0.4486267,0.91830254,1.00E-07,0.3503546,9.72E-15,0.58125275,0.47003502,5
0.0013546975,0.0019721794,0.04335077,0.05891056,0.38159412,0.46986797,0.031759035,0.007352621,0.34865522,0.48351312,0.058741845,0.009143712,0.39110175,0.5510776,0.05699548,0.010273505,0.44203365,0.58052623,3.37E-20,2.91E-18,0.00130789,1.97E-15,0.00042154803,7.01E-09,2.92E-15,0.43570697,0,0.4486267,0.00014755978,1.40E-09,0.009929078,1.90E-18,0.58125275,0.47003502,0
0.0011868635,0.0017168385,0.009156224,0.0012904459,0.38159412,0.46982324,0.0003401873,1.33E-05,0.34851477,0.463974,0.027358081,0.00078349194,0.38960764,0.44114876,0.039753806,0.0018132811,0.43776706,0.47779822,1.46E-17,1.45E-17,0.001043928,1.29E-17,0.001818162,7.05E-10,1.44E-11,0.49389437,0.00027258764,0.50829667,0.0015748681,0.005600349,0.040246908,0.00046964927,0.5812936,0.53080326,0
0.75069195,0.6816048,0.007089385,9.57E-05,0.38159412,0.46982324,0.00016748965,2.09E-08,0.34851477,0.4641461,0.00028929595,7.12E-08,0.38961926,0.4486558,0.0002607341,6.53E-08,0.43765217,0.46403483,6.67E-23,9.38E-23,0.63124436,2.96E-08,0.6197928,1.23E-05,4.83E-05,0.43570697,0,0.4486267,0,0,0.009929078,0,0.58125275,0.47003502,3
0.25880954,0.34071365,1.53E-05,1.55E-06,0.38159412,0.46982324,0,0,0.34851477,0.4641461,0,0,0.38961926,0.4486558,0,0,0.43765217,0.46403483,0,0,0,0,0,0.9826631,0,0.43570697,0,0.4486267,0,0,2.08E-17,0,0.58125275,0.47003502,2
0.0001429785,0.00034443222,0.012315121,0.00046228312,0.38159412,0.46982324,0,1.44E-18,0.34851477,0.4641461,6.85E-07,2.51E-11,0.38961926,0.4486558,0.0075763734,5.52E-05,0.4376521,0.4625589,0,0,6.39E-06,1.00E-21,6.48E-05,2.70E-08,2.00E-16,0.43570697,2.71E-11,0.4486267,0.00022463672,0.007547838,0.03369283,5.52E-05,0.5812527,0.4687026,0
0.23011297,0.31682044,7.33E-05,3.72E-06,0.38159412,0.46982324,0,0,0.34851477,0.4641461,0,0,0.38961926,0.4486558,0,0,0.43765217,0.46403483,0,0,0,0,0,0.9826632,0,0.43570697,0,0.4486267,0,0,2.08E-17,0,0.58125275,0.47003502,2
0.49260452,0.37913167,0.21324526,0.13155511,0.38159412,0.46982324,0,0,0.34851477,0.4641461,0,0,0.38961926,0.4486558,0,0,0.43765217,0.46403483,0,0,0,0,0,0.9826648,0,0.43570697,0,0.4486267,0,0,2.08E-17,0,0.58125275,0.47003502,4
0.00082410657,0.0015277587,0.008080514,0.00077912514,0.38159412,0.46982324,2.71E-05,3.61E-05,0.34851477,0.46427226,0.022639688,0.00067129213,0.38965887,0.47789383,0.030842178,0.0011502914,0.4378591,0.50209343,1.51E-21,1.23E-18,0.0008066827,8.98E-18,0.0016079842,8.38E-10,1.10E-16,0.43570697,0.00030379128,0.4486267,0.0013661926,0.00032295266,0.03936163,0.00049900747,0.58125275,0.4698132,0
0.45008674,0.6066838,0.21326005,0.13155302,0.38159412,0.46982324,0.012071801,0.000108567576,0.34851477,0.4641461,0.015814465,0.00021276099,0.38961926,0.4486558,0.013190314,0.00016719272,0.43765217,0.46403483,7.32E-22,1.03E-21,0.3178971,4.35E-17,0.47065738,1.98E-06,7.78E-06,0.43570697,0,0.4486267,0,0,0.3503546,0,0.58125275,0.47003502,4
0.3768011,0.4679062,0.0058683394,0.00010697724,0.38159412,0.46982324,0.00014512922,1.57E-08,0.34851477,0.4641461,0.001029272,9.01E-07,0.38961926,0.4486558,0.00082947366,6.61E-07,0.43765217,0.46403483,1.42E-21,1.19E-20,0.22813104,4.67E-11,0.35066935,1.03E-05,4.05E-05,0.43570697,0,0.4486267,0,0,0.009929078,0,0.58125275,0.47003502,3
0.0008660322,0.0016525146,0.008342331,0.0007824021,0.38159412,0.46982324,0.00077539653,0.00011783455,0.34851477,0.46477115,0.032928385,0.0010987095,0.38968614,0.48004484,0.031065488,0.0011344417,0.43771726,0.47631973,1.67E-22,1.42E-19,0.0007332013,1.35E-17,0.0016985857,7.82E-10,1.56E-17,0.43570697,0.00015353534,0.4458643,0.0014988685,0.0053888215,0.040510554,0.0004446992,0.58125216,0.46913677,0
0.41488236,0.3863743,0.0058158147,0.00010725462,0.38159412,0.46982324,1.45E-07,1.56E-14,0.34851477,0.4641461,0.00035106766,1.05E-07,0.38961926,0.4486558,0.000649266,4.05E-07,0.43765217,0.46403483,1.15E-21,1.51E-21,0.3147263,2.22E-08,0.28669646,2.41E-05,9.47E-05,0.43570697,0,0.4486267,0,0,0.009929078,0,0.58125275,0.47003502,3
0.0012564845,0.0015662152,0.007865687,0.0007590464,0.38159412,0.46982324,0.0008114804,4.91E-07,0.34851477,0.4641461,0.011725888,0.00012498202,0.38961408,0.42338815,0.010568845,0.00015323199,0.4376523,0.4641779,8.59E-26,5.86E-20,0.00013904642,2.28E-17,0.00035658773,5.18E-09,4.92E-17,0.43570697,0.00013486533,0.42336068,0.001236289,0.010529039,0.028179165,0.00015320221,0.5812528,0.47017652,0
0.1902229,0.033311646,0.006295325,0.00010391193,0.38159412,0.46982324,0.0006306357,2.96E-07,0.34851477,0.4641461,0.00060008717,3.06E-07,0.38961926,0.4486558,0.00058092107,3.24E-07,0.43765217,0.46403483,2.37E-09,5.76E-05,0.14237666,0.0021579785,0.026872525,0.00074764254,0.002938907,0.43570697,0,0.4486267,0,0,0.009929078,0,0.58125275,0.47003502,3
0.43301496,0.5965221,0.21426167,0.13134497,0.38159412,0.46982324,0.040219363,0.001205109,0.34851477,0.4641461,0.01902227,0.0003078277,0.38961926,0.4486558,0.013461391,0.00017413538,0.43765217,0.46403483,8.08E-22,1.29E-21,0.31034443,1.18E-15,0.4649575,2.78E-06,1.09E-05,0.43570697,0,0.4486267,0,0,0.3503546,0,0.58125275,0.47003502,4
0.35376397,0.39111152,0.18382448,0.13425966,0.38159412,0.46982324,0.007387017,4.07E-05,0.34851477,0.4641461,0.017847667,0.00027098545,0.38961926,0.4486558,0.017468465,0.0002932355,0.43765217,0.46403483,5.73E-22,6.42E-22,0.21486682,1.53E-09,0.26157942,1.94E-05,7.64E-05,0.43570697,3.48E-15,0.4486267,0.9063732,1.03E-07,0.3503546,1.02E-14,0.58125275,0.47003502,5
0.4260735,0.43556714,0.21234863,0.13173783,0.38159412,0.46982324,0.019533722,0.0002842667,0.34851477,0.4641461,0.021951722,0.0004099399,0.38961926,0.4486558,0.016064838,0.00024800462,0.43765217,0.46403483,1.74E-21,2.22E-21,0.30322006,1.92E-08,0.33651394,2.01E-05,7.92E-05,0.43570697,0,0.4486267,0,0,0.3503546,0,0.58125275,0.47003502,4
0.745739,0.8074555,0.007091136,9.57E-05,0.38159412,0.46982324,3.51E-08,9.16E-16,0.34851477,0.4641461,0.00014369906,1.76E-08,0.38961926,0.4486558,0.00024140369,5.60E-08,0.43765217,0.46403483,8.50E-23,1.17E-22,0.62426955,5.42E-10,0.7343744,6.94E-06,2.73E-05,0.43570697,0,0.4486267,0,0,0.009929078,0,0.58125275,0.47003502,3
0.00048689882,0.0013038835,0.03796816,0.053604595,0.38159412,0.46982324,1.07E-08,8.53E-17,0.34851477,0.4641461,0.00873629,6.49E-05,0.38961926,0.4486558,0.015418813,0.00022845935,0.43765217,0.46403483,0,1.50E-27,2.28E-05,2.24E-16,0.00010338586,1.82E-08,5.64E-16,0.43570697,7.01E-05,0.4486267,0.0003584386,0.01536074,0.018262794,0.00022841497,0.58125275,0.47003502,0
0.21840824,0.31371006,7.37E-05,3.74E-06,0.38159412,0.46982324,0,0,0.34851477,0.4641461,0,0,0.38961926,0.4486558,0,0,0.43765217,0.46403483,0,0,0,0,0,0.9826632,0,0.43570697,0,0.4486267,0,0,2.08E-17,0,0.58125275,0.47003502,2
0.73549527,0.88639325,0.0073323906,9.21E-05,0.38159412,0.46982324,4.30E-07,1.37E-13,0.34851477,0.4641461,0.00014500623,1.79E-08,0.38961926,0.4486558,0.00023960067,5.52E-08,0.43765217,0.46403483,1.88E-23,1.80E-23,0.7520119,5.22E-12,0.83369565,3.92E-06,1.54E-05,0.43570697,0,0.4486267,0,0,0.009929078,0,0.58125275,0.47003502,3
0.5025851,0.47388658,0.21353777,0.13149677,0.38159412,0.46982324,0,0,0.34851477,0.4641461,0,0,0.38961926,0.4486558,0,0,0.43765217,0.46403483,0,0,0,0,0,0.9826649,0,0.43570697,0,0.4486267,0,0,2.08E-17,0,0.58125275,0.47003502,4
0.00031674,0.0005233883,0.018520953,0.010939736,0.38159412,0.46982324,1.97E-09,2.89E-18,0.34851477,0.4641461,1.81E-05,2.79E-10,0.38961926,0.40959698,0.010019206,9.65E-05,0.43765035,0.4270132,0,3.86E-31,6.42E-06,2.51E-21,7.16E-05,9.34E-08,2.69E-07,0.43570697,3.01E-10,0.40957037,0.00024833303,0.00998147,0.0332587,9.64E-05,0.5812512,0.4334283,0
0.26225394,0.36228493,1.58E-05,1.61E-06,0.38159412,0.46982324,0,0,0.34851477,0.4641461,0,0,0.38961926,0.4486558,0,0,0.43765217,0.46403483,0,0,0,0,0,0.9826633,0,0.43570697,0,0.4486267,0,0,2.08E-17,0,0.58125275,0.47003502,2
0.37775004,0.19826642,0.005532926,0.0001080608,0.38159412,0.46982324,0,0,0.34851477,0.4641461,0,0,0.38961926,0.4486558,0,0,0.43765217,0.46403483,0,0,0,0,0,0.98266554,0,0.43570697,0,0.4486267,0,0,2.08E-17,0,0.58125275,0.47003502,3
0.39191163,0.33070982,0.2097218,0.13956879,0.38159412,0.46982324,0,0,0.34851477,0.4641461,0,0,0.38961926,0.4486558,0,0,0.43765217,0.46403483,0,0,0,0,0,0.98266613,0,0.43570697,0,0.4486267,0,0,2.08E-17,0,0.58125275,0.47003502,1
0.33076257,0.36786246,0.21292493,0.13906832,0.38159412,0.46982324,0.009978103,7.42E-05,0.34851477,0.4641461,0.03447399,0.0010110348,0.38961926,0.4486558,0.027919,0.0007490431,0.43765217,0.46403483,2.59E-21,4.53E-21,0.22827621,2.09E-08,0.27847162,2.39E-05,9.38E-05,0.43570697,0,0.4486267,0,0,0.35886526,0,0.58125275,0.47003502,1
0.7321008,0.63944435,0.008107505,7.84E-05,0.38159412,0.46982324,0,0,0.34851477,0.4641461,0,0,0.38961926,0.4486558,0,0,0.43765217,0.46403483,0,0,0,0,0,0.9826656,0,0.43570697,0,0.4486267,0,0,2.08E-17,0,0.58125275,0.47003502,3
0.00044582193,0.0005461884,0.020728441,0.018056216,0.38159412,0.46982324,0.0032475188,7.86E-06,0.34851477,0.46414608,0.009384887,0.0006214316,0.38959926,0.41623232,0.2123845,0.087107465,0.44279027,0.47722954,4.56E-20,4.44E-17,0.00011310882,3.52E-16,0.00027059566,7.24E-09,3.40E-16,0.43570697,1.28E-18,0.4486267,0.00034581553,1.98E-09,0.017626109,6.07E-18,0.58125275,0.47003502,0
0.7045843,0.31483477,0.2499358,0.12759514,0.38159412,0.46982324,0.012985437,0.00012562299,0.34851477,0.4641461,0.010701414,9.74E-05,0.38961926,0.4486558,0.008502341,6.95E-05,0.43765217,0.46403483,2.56E-22,5.57E-19,0.5755126,2.26E-05,0.27944455,5.24E-05,0.00020624635,0.43570697,0,0.4486267,0,0,0.35886526,0,0.58125275,0.47003502,1
0.44398102,0.6014173,0.21363494,0.13147455,0.38159412,0.46982324,0,0,0.34851477,0.4641461,0,0,0.38961926,0.4486558,0,0,0.43765217,0.46403483,0,0,0,0,0,0.982665,0,0.43570697,0,0.4486267,0,0,2.08E-17,0,0.58125275,0.47003502,4
0.43128225,0.5168709,0.2136545,0.13147095,0.38159412,0.46982324,0,0,0.34851477,0.4641461,0,0,0.38961926,0.4486558,0,0,0.43765217,0.46403483,0,0,0,0,0,0.9826649,0,0.43570697,0,0.4486267,0,0,2.08E-17,0,0.58125275,0.47003502,4
0.00088760635,0.0005706201,0.013690682,0.00082009874,0.38159412,0.46982324,1.42E-07,0.00016215043,0.34851477,0.4641461,0.005123414,0.0015431112,0.38962972,0.4682839,0.024433572,0.002830197,0.4377772,0.4786037,0,1.77E-24,3.36E-05,1.06E-16,0.00016835428,1.14E-08,3.29E-16,0.43570697,0,0.4486267,0.00030757394,1.40E-09,0.017626109,1.90E-18,0.58125275,0.47003502,0
0.23203795,0.30984944,7.30E-05,3.71E-06,0.38159412,0.46982324,0,0,0.34851477,0.4641461,0,0,0.38961926,0.4486558,0,0,0.43765217,0.46403483,0,0,0,0,0,0.98266315,0,0.43570697,0,0.4486267,0,0,2.08E-17,0,0.58125275,0.47003502,2
0.61642295,0.18514858,0.008070666,7.85E-05,0.38159412,0.46982324,3.19E-06,7.59E-12,0.34851477,0.4641461,0.00022207381,4.20E-08,0.38961926,0.4486558,0.00028868904,8.01E-08,0.43765217,0.46403483,6.46E-23,1.70E-11,0.5880673,0.00012589812,0.19102578,9.13E-05,0.00035903262,0.43570697,0,0.4486267,0,0,0.009929078,0,0.58125275,0.47003502,3
0.34778517,0.13262184,0.18167874,0.13420969,0.38159412,0.46982324,0,0,0.34851477,0.4641461,0,0,0.38961926,0.4486558,0,0,0.43765217,0.46403483,0,0,0,0,0,0.98266697,0,0.43570697,0,0.4486267,0,0,2.08E-17,0,0.58125275,0.47003502,5
0.29696104,0.076247916,0.18350644,0.13427602,0.38159412,0.46982324,0,0,0.34851477,0.4641461,0,0,0.38961926,0.4486558,0,0,0.43765217,0.46403483,0,0,0,0,0,0.98266697,0,0.43570697,0,0.4486267,0,0,2.08E-17,0,0.58125275,0.47003502,5
0.49109328,0.58397466,0.21508628,0.131164,0.38159412,0.46982324,0,0,0.34851477,0.4641461,0,0,0.38961926,0.4486558,0,0,0.43765217,0.46403483,0,0,0,0,0,0.982665,0,0.43570697,0,0.4486267,0,0,2.08E-17,0,0.58125275,0.47003502,4
0.0011829096,0.001527936,0.007876787,0.00072829414,0.38159427,0.47317362,0.008484884,0.00013432266,0.34852183,0.49229792,0.017628225,0.00062444084,0.38962203,0.45113495,0.029722424,0.0010897905,0.43779743,0.4920618,9.68E-19,1.98E-18,0.0011557055,5.52E-18,0.0016168313,8.29E-10,6.08E-18,0.43840918,0.00039424977,0.50549656,0.0014587838,0.004155154,0.03980161,0.00048252972,0.58126545,0.49512804,0
0.70816606,0.49401635,0.2433303,0.12191412,0.38159412,0.46982324,0,0,0.34851477,0.4641461,0,0,0.38961926,0.4486558,0,0,0.43765217,0.46403483,0,0,0,0,0,0.9826648,0,0.43570697,0,0.4486267,0,0,2.08E-17,0,0.58125275,0.47003502,4
0.60441256,0.17283888,0.24813887,0.1283989,0.38159412,0.46982324,5.30E-06,2.09E-11,0.34851477,0.4641461,0.0052211215,2.32E-05,0.38961926,0.4486558,0.0081402045,6.37E-05,0.43765217,0.46403483,3.78E-22,5.68E-11,0.4887839,0.00016715087,0.15230224,0.0001156124,0.00045475477,0.43570697,0,0.4486267,0,0,0.35886526,0,0.58125275,0.47003502,1
0.72252405,0.9793738,0.24407555,0.12158431,0.38159412,0.46982324,0,0,0.34851477,0.4641461,0,0,0.38961926,0.4486558,0,0,0.43765217,0.46403483,0,0,0,0,0,0.98266506,0,0.43570697,0,0.4486267,0,0,2.08E-17,0,0.58125275,0.47003502,4
0.69008625,0.2997613,0.25049117,0.12734129,0.38159412,0.46982324,0.03388118,0.0008552105,0.34851477,0.4641461,0.011848857,0.00011943619,0.38961926,0.4486558,0.008787142,7.42E-05,0.43765217,0.46403483,7.37E-23,3.80E-18,0.56806177,2.77E-05,0.26665834,5.60E-05,0.0002202961,0.43570697,0,0.4486267,0,0,0.35886526,0,0.58125275,0.47003502,1
0.223452,0.25649667,7.63E-05,3.88E-06,0.38159412,0.46982324,0,0,0.34851477,0.4641461,0,0,0.38961926,0.4486558,0,0,0.43765217,0.46403483,0,0,0,0,0,0.982663,0,0.43570697,0,0.4486267,0,0,2.08E-17,0,0.58125275,0.47003502,2
0.4460841,0.60619515,0.21355742,0.1314911,0.38159412,0.46982324,0.010267797,7.85E-05,0.34851477,0.4641461,0.015565453,0.00020611356,0.38961926,0.4486558,0.013168494,0.00016664002,0.43765217,0.46403483,5.32E-22,8.63E-22,0.31932837,4.22E-17,0.47093308,1.97E-06,7.75E-06,0.43570697,0,0.4486267,0,0,0.3503546,0,0.58125275,0.47003502,4
0.7131909,0.95940024,0.24500506,0.12116916,0.38159412,0.46982324,0.0003317192,8.20E-08,0.34851477,0.4641461,0.007308283,4.54E-05,0.38961926,0.4486558,0.006871532,4.54E-05,0.43765217,0.46403483,1.15E-22,1.82E-22,0.5899585,1.06E-15,0.8550131,1.59E-06,6.26E-06,0.43570697,0,0.4486267,0,0,0.3503546,0,0.58125275,0.47003502,4
0.44671637,0.27664694,0.21498086,0.1311875,0.38159412,0.46982324,1.38E-05,1.42E-10,0.34851477,0.4641461,0.0104607595,9.31E-05,0.38961926,0.4486558,0.013953952,0.00018711197,0.43765217,0.46403483,2.91E-21,3.28E-21,0.32114515,7.23E-06,0.21635486,5.70E-05,0.00022424273,0.43570697,0,0.4486267,0,0,0.3503546,0,0.58125275,0.47003502,4
0.22896719,0.31309977,7.39E-05,3.63E-06,0.38159412,0.46982324,0,0,0.34851477,0.4641461,0,0,0.38961926,0.4486558,0,0,0.43765217,0.46403483,0,0,0,0,0,0.9826632,0,0.43570697,0,0.4486267,0,0,2.08E-17,0,0.58125275,0.47003502,2
0.5057226,0.4745222,0.21326211,0.13155279,0.38159412,0.46982324,0,0,0.34851477,0.4641461,0,0,0.38961926,0.4486558,0,0,0.43765217,0.46403483,0,0,0,0,0,0.9826649,0,0.43570697,0,0.4486267,0,0,2.08E-17,0,0.58125275,0.47003502,4
0.18470308,0.05298755,8.42E-05,4.53E-06,0.38159412,0.46982324,0,0,0.34851477,0.4641461,0,0,0.38961926,0.4486558,0,0,0.43765217,0.46403483,0,0,0,0,0,0.98266286,0,0.43570697,0,0.4486267,0,0,2.08E-17,0,0.58125275,0.47003502,2
0.7097235,0.68120235,0.008079125,7.88E-05,0.38159412,0.46982324,1.64E-05,2.01E-10,0.34851477,0.4641461,0.0002653102,5.99E-08,0.38961926,0.4486558,0.00027998144,7.53E-08,0.43765217,0.46403483,5.85E-23,8.58E-23,0.6756005,1.98E-08,0.70257264,1.05E-05,4.12E-05,0.43570697,0,0.4486267,0,0,0.009929078,0,0.58125275,0.47003502,3
0.22100355,0.12832102,8.29E-05,4.26E-06,0.38159412,0.46982324,0,0,0.34851477,0.4641461,0,0,0.38961926,0.4486558,0,0,0.43765217,0.46403483,0,0,0,0,0,0.98266286,0,0.43570697,0,0.4486267,0,0,2.08E-17,0,0.58125275,0.47003502,2
0.71706736,0.7564284,0.2502437,0.12745366,0.38159412,0.46982324,0.02955401,0.000650712,0.34851477,0.4641461,0.01151371,0.0001127752,0.38961926,0.4486558,0.007110985,4.86E-05,0.43765217,0.46403483,1.04E-22,1.33E-22,0.5846275,9.57E-10,0.6722079,7.98E-06,3.14E-05,0.43570697,0,0.4486267,0,0,0.35886526,0,0.58125275,0.47003502,1
0.7287262,0.37658107,0.007040347,9.63E-05,0.38159412,0.46982324,0,0,0.34851477,0.4641461,0,0,0.38961926,0.4486558,0,0,0.43765217,0.46403483,0,0,0,0,0,0.98266554,0,0.43570697,0,0.4486267,0,0,2.08E-17,0,0.58125275,0.47003502,3
0.44695786,0.5635191,0.21340236,0.13152322,0.38159412,0.46982324,0.004636884,1.60E-05,0.34851477,0.4641461,0.012908516,0.00014175414,0.38961926,0.4486558,0.013169212,0.00016665821,0.43765217,0.46403483,1.58E-21,1.62E-21,0.31813595,7.35E-13,0.4374608,5.63E-06,2.21E-05,0.43570697,0,0.4486267,0,0,0.3503546,0,0.58125275,0.47003502,4
0.22578609,0.3043879,7.53E-05,3.81E-06,0.38159412,0.46982324,0,0,0.34851477,0.4641461,0,0,0.38961926,0.4486558,0,0,0.43765217,0.46403483,0,0,0,0,0,0.9826631,0,0.43570697,0,0.4486267,0,0,2.08E-17,0,0.58125275,0.47003502,2
0.22731455,0.3058161,7.51E-05,3.83E-06,0.38159412,0.46982324,0,0,0.34851477,0.4641461,0,0,0.38961926,0.4486558,0,0,0.43765217,0.46403483,0,0,0,0,0,0.9826631,0,0.43570697,0,0.4486267,0,0,2.08E-17,0,0.58125275,0.47003502,2
0.0003558674,0.00039520973,0.011103472,0.00090780616,0.38159412,0.46982324,1.39E-09,1.44E-18,0.34851477,0.4641461,1.41E-09,1.68E-18,0.38961926,0.4486558,1.72E-09,2.84E-18,0.43765217,0.46403483,7.49E-16,6.78E-15,0.0002527669,1.19E-14,9.22E-05,3.06E-08,1.06E-14,0.43570697,1.81E-18,0.4486267,0.00031970342,1.72E-09,2.08E-17,2.84E-18,0.58125275,0.47003502,0
0.71397763,0.57690233,0.24336457,0.12189881,0.38159412,0.46982324,0,0,0.34851477,0.4641461,0,0,0.38961926,0.4486558,0,0,0.43765217,0.46403483,0,0,0,0,0,0.9826648,0,0.43570697,0,0.4486267,0,0,2.08E-17,0,0.58125275,0.47003502,4
0.23354991,0.187209,7.71E-05,3.99E-06,0.38159412,0.46982324,0,0,0.34851477,0.4641461,0,0,0.38961926,0.4486558,0,0,0.43765217,0.46403483,0,0,0,0,0,0.9826629,0,0.43570697,0,0.4486267,0,0,2.08E-17,0,0.58125275,0.47003502,2
0.4039349,0.43493924,0.21761599,0.13819489,0.38159412,0.46982324,8.82E-05,5.80E-09,0.34851477,0.4641461,0.019989435,0.00033992578,0.38961926,0.4486558,0.026807273,0.0006905774,0.43765217,0.46403483,7.09E-22,1.31E-21,0.31252387,2.67E-10,0.3364705,1.32E-05,5.18E-05,0.43570697,0,0.4486267,0,0,0.35886526,0,0.58125275,0.47003502,1
0.7231761,0.7714073,0.24443187,0.12142599,0.38159412,0.46982324,4.15E-05,1.28E-09,0.34851477,0.4641461,0.0058322023,2.89E-05,0.38961926,0.4486558,0.006607377,4.20E-05,0.43765217,0.46403483,5.95E-23,8.41E-23,0.600704,6.81E-10,0.68585926,7.58E-06,2.98E-05,0.43570697,0,0.4486267,0,0,0.3503546,0,0.58125275,0.47003502,4
0.00025394847,0.00034451787,0.012969199,0.00054893567,0.38159412,0.46982324,1.97E-09,2.89E-18,0.34851477,0.4641461,9.98E-07,8.52E-13,0.38961926,0.4486558,0.0077657625,5.80E-05,0.43765187,0.45351756,0,1.16E-30,6.97E-06,1.44E-23,6.76E-05,2.60E-08,1.96E-16,0.43570697,9.19E-13,0.4486267,0.00023429828,0.0077365143,0.03363097,5.79E-05,0.58125246,0.45963562,0
0.5599104,0.14477934,0.007979084,8.04E-05,0.38159412,0.46982324,3.75E-05,1.05E-09,0.34851477,0.4641461,0.0002984131,7.58E-08,0.38961926,0.4486558,0.00033615355,1.09E-07,0.43765217,0.46403483,5.61E-22,2.35E-09,0.5232426,0.00022734712,0.14771667,0.00012376439,0.00048681576,0.43570697,0,0.4486267,0,0,0.009929078,0,0.58125275,0.47003502,3
0.71210545,0.68738705,0.2503399,0.12741041,0.38159412,0.46982324,0,0,0.34851477,0.4641461,0,0,0.38961926,0.4486558,0,0,0.43765217,0.46403483,0,0,0,0,0,0.98266613,0,0.43570697,0,0.4486267,0,0,2.08E-17,0,0.58125275,0.47003502,1
0.25829104,0.18713737,1.51E-05,1.46E-06,0.38159412,0.46982324,0,0,0.34851477,0.4641461,0,0,0.38961926,0.4486558,0,0,0.43765217,0.46403483,0,0,0,0,0,0.98266286,0,0.43570697,0,0.4486267,0,0,2.08E-17,0,0.58125275,0.47003502,2
0.71478635,0.98832476,0.24407761,0.12158386,0.38159412,0.46982324,0.012202858,0.0001109377,0.34851477,0.4641461,0.010744098,9.82E-05,0.38961926,0.4486558,0.00745699,5.34E-05,0.43765217,0.46403483,1.15E-22,1.54E-22,0.58269435,1.81E-18,0.8774696,8.19E-07,3.22E-06,0.43570697,0,0.4486267,0,0,0.3503546,0,0.58125275,0.47003502,4
0.42819253,0.37547758,0.0057130833,0.00010765409,0.38159412,0.46982324,3.07E-06,7.01E-12,0.34851477,0.4641461,0.00048194834,1.98E-07,0.38961926,0.4486558,0.00068615226,4.52E-07,0.43765217,0.46403483,4.49E-21,4.21E-21,0.31756884,4.18E-08,0.2737147,2.69E-05,0.00010577493,0.43570697,0,0.4486267,0,0,0.009929078,0,0.58125275,0.47003502,3
0.72489643,0.85088015,0.24407488,0.1215851,0.38159412,0.46982324,3.69E-07,1.01E-13,0.34851477,0.4641461,0.0036789551,1.15E-05,0.38961926,0.4486558,0.006277792,3.79E-05,0.43765217,0.46403483,1.35E-22,1.40E-22,0.5913183,1.68E-11,0.7554089,4.74E-06,1.87E-05,0.43570697,0,0.4486267,0,0,0.3503546,0,0.58125275,0.47003502,4
0.3927647,0.21648197,0.18466114,0.13427651,0.38159412,0.46982324,6.07E-05,2.75E-09,0.34851477,0.4641461,0.012196665,0.00012655089,0.38961926,0.4486558,0.018470725,0.00032784982,0.43765217,0.46403483,5.75E-22,8.51E-22,0.24729088,1.22E-05,0.14545053,8.70E-05,0.00034233194,0.43570697,9.29E-16,0.4486267,0.503952,8.96E-08,0.3503546,7.78E-15,0.58125275,0.47003502,5
0.21746242,0.29389384,7.56E-05,3.77E-06,0.38159412,0.46982324,0,0,0.34851477,0.4641461,0,0,0.38961926,0.4486558,0,0,0.43765217,0.46403483,0,0,0,0,0,0.9826631,0,0.43570697,0,0.4486267,0,0,2.08E-17,0,0.58125275,0.47003502,2
0.4108154,0.5682127,0.21414849,0.13136628,0.38159412,0.46982324,2.49E-05,4.61E-10,0.34851477,0.4641461,0.008941777,6.80E-05,0.38961926,0.4486558,0.012793228,0.00015727778,0.43765217,0.46403483,4.47E-21,3.17E-21,0.3000492,1.14E-13,0.44263843,4.59E-06,1.81E-05,0.43570697,0,0.4486267,0,0,0.3503546,0,0.58125275,0.47003502,4
0.22363223,0.31785834,7.32E-05,3.66E-06,0.38159412,0.46982324,0,0,0.34851477,0.4641461,0,0,0.38961926,0.4486558,0,0,0.43765217,0.46403483,0,0,0,0,0,0.9826633,0,0.43570697,0,0.4486267,0,0,2.08E-17,0,0.58125275,0.47003502,2
0.4608577,0.56168234,0.21373463,0.13145506,0.38159412,0.46982324,1.20E-06,1.07E-12,0.34851477,0.4641461,0.005765377,2.83E-05,0.38961926,0.4486558,0.012491226,0.00014993991,0.43765217,0.46403483,7.84E-22,9.35E-22,0.33403942,1.13E-12,0.43670118,5.92E-06,2.33E-05,0.43570697,0,0.4486267,0,0,0.3503546,0,0.58125275,0.47003502,4
0.75397396,0.5740166,0.0070742457,9.59E-05,0.38159412,0.46982324,0.00045418405,1.54E-07,0.34851477,0.4641461,0.00031555333,8.47E-08,0.38961926,0.4486558,0.00025313577,6.16E-08,0.43765217,0.46403483,1.71E-22,1.68E-22,0.6269055,3.67E-07,0.5208614,1.88E-05,7.39E-05,0.43570697,0,0.4486267,0,0,0.009929078,0,0.58125275,0.47003502,3
0.25810984,0.33926055,1.63E-05,1.64E-06,0.38159412,0.46982324,0,0,0.34851477,0.4641461,0,0,0.38961926,0.4486558,0,0,0.43765217,0.46403483,0,0,0,0,0,0.98266304,0,0.43570697,0,0.4486267,0,0,2.08E-17,0,0.58125275,0.47003502,2
0.22156703,0.2976252,7.47E-05,3.75E-06,0.38159412,0.46982324,0,0,0.34851477,0.4641461,0,0,0.38961926,0.4486558,0,0,0.43765217,0.46403483,0,0,0,0,0,0.9826631,0,0.43570697,0,0.4486267,0,0,2.08E-17,0,0.58125275,0.47003502,2
0.71777517,0.5622972,0.24282485,0.12213446,0.38159412,0.46982324,6.19E-05,2.85E-09,0.34851477,0.4641461,0.0061239344,3.19E-05,0.38961926,0.4486558,0.0067666075,4.40E-05,0.43765217,0.46403483,1.57E-22,1.37E-22,0.5787317,3.05E-07,0.49665344,1.92E-05,7.55E-05,0.43570697,0,0.4486267,0,0,0.3503546,0,0.58125275,0.47003502,4
0.75941736,0.76490456,0.008094107,7.82E-05,0.38159412,0.46982324,0,0,0.34851477,0.4641461,0,0,0.38961926,0.4486558,0,0,0.43765217,0.46403483,0,0,0,0,0,0.9826656,0,0.43570697,0,0.4486267,0,0,2.08E-17,0,0.58125275,0.47003502,3
0.43967208,0.5941041,0.21459453,0.1312741,0.38159412,0.46982324,2.31E-05,3.98E-10,0.34851477,0.4641461,0.008672327,6.40E-05,0.38961926,0.4486558,0.012499696,0.00015014329,0.43765217,0.46403483,7.22E-22,9.97E-22,0.3138222,5.40E-15,0.4637715,3.24E-06,1.28E-05,0.43570697,0,0.4486267,0,0,0.3503546,0,0.58125275,0.47003502,4
0.72438186,0.993378,0.24382612,0.121695295,0.38159412,0.46982324,1.02E-05,7.77E-11,0.34851477,0.4641461,0.00526457,2.36E-05,0.38961926,0.4486558,0.0069316914,4.62E-05,0.43765217,0.46403483,1.29E-22,1.15E-22,0.5863924,4.34E-19,0.8810349,7.08E-07,2.79E-06,0.43570697,0,0.4486267,0,0,0.3503546,0,0.58125275,0.47003502,4
0.26221052,0.2805438,1.67E-05,1.69E-06,0.38159412,0.46982324,0,0,0.34851477,0.4641461,0,0,0.38961926,0.4486558,0,0,0.43765217,0.46403483,0,0,0,0,0,0.982663,0,0.43570697,0,0.4486267,0,0,2.08E-17,0,0.58125275,0.47003502,2
0.00025543245,0.00082875777,0.03933251,0.05196643,0.38159412,0.46982324,0.001526803,1.74E-06,0.34851477,0.4641461,0.00937164,0.00020569922,0.38961568,0.43823603,0.29454774,0.21578008,0.46033284,0.48991132,5.47E-22,1.26E-17,1.00E-04,4.49E-16,0.0006346145,2.98E-09,2.08E-16,0.43570697,0,0.4486267,0,0,0.009219858,0,0.58125275,0.47003502,0
0.4480927,0.5636821,0.2134521,0.13151293,0.38159412,0.46982324,0.004519378,1.52E-05,0.34851477,0.4641461,0.012877374,0.00014107098,0.38961926,0.4486558,0.01316563,0.00016656755,0.43765217,0.46403483,1.41E-21,1.54E-21,0.31960666,7.32E-13,0.43768927,5.63E-06,2.21E-05,0.43570697,0,0.4486267,0,0,0.3503546,0,0.58125275,0.47003502,4
0.7644439,0.49671984,0.008081908,7.87E-05,0.38159412,0.46982324,0.0002915168,6.33E-08,0.34851477,0.4641461,0.00037889127,1.22E-07,0.38961926,0.4486558,0.00030890486,9.17E-08,0.43765217,0.46403483,9.23E-23,1.11E-22,0.7327994,1.33E-06,0.5134897,2.20E-05,8.66E-05,0.43570697,0,0.4486267,0,0,0.009929078,0,0.58125275,0.47003502,3
0.7440152,0.5849658,0.007090099,9.57E-05,0.38159412,0.46982324,0.0005141201,1.97E-07,0.34851477,0.4641461,0.00040092107,1.37E-07,0.38961926,0.4486558,0.00027974843,7.52E-08,0.43765217,0.46403483,6.57E-23,8.48E-23,0.6257504,2.85E-07,0.53194785,1.79E-05,7.06E-05,0.43570697,0,0.4486267,0,0,0.009929078,0,0.58125275,0.47003502,3
0.7114419,0.41177812,0.24334131,0.1219081,0.38159412,0.46982324,1.59E-05,1.88E-10,0.34851477,0.4641461,0.0053258836,2.41E-05,0.38961926,0.4486558,0.006798434,4.44E-05,0.43765217,0.46403483,1.02E-22,1.13E-22,0.5786577,5.42E-06,0.3644769,3.49E-05,0.00013718885,0.43570697,0,0.4486267,0,0,0.3503546,0,0.58125275,0.47003502,4
0.7142876,0.63896376,0.24982685,0.12764382,0.38159412,0.46982324,0,0,0.34851477,0.4641461,0,0,0.38961926,0.4486558,0,0,0.43765217,0.46403483,0,0,0,0,0,0.98266613,0,0.43570697,0,0.4486267,0,0,2.08E-17,0,0.58125275,0.47003502,1
0.25324714,0.33384952,1.62E-05,1.65E-06,0.38159412,0.46982324,0,0,0.34851477,0.4641461,0,0,0.38961926,0.4486558,0,0,0.43765217,0.46403483,0,0,0,0,0,0.98266304,0,0.43570697,0,0.4486267,0,0,2.08E-17,0,0.58125275,0.47003502,2
0.37805,0.413031,0.21499415,0.13870546,0.38159412,0.46982324,0.061548155,0.002822189,0.34851477,0.4641461,0.027345749,0.0006361546,0.38961926,0.4486558,0.02683818,0.00069217075,0.43765217,0.46403483,5.64E-21,5.28E-21,0.2816835,1.80E-09,0.31567296,1.68E-05,6.61E-05,0.43570697,0,0.4486267,0,0,0.35886526,0,0.58125275,0.47003502,1
0.48648426,0.5841506,0.21504046,0.13117447,0.38159412,0.46982324,0.017436316,0.00022649857,0.34851477,0.4641461,0.014318273,0.00017440716,0.38961926,0.4486558,0.013130741,0.0001656859,0.43765217,0.46403483,2.39E-21,1.84E-21,0.36012968,4.69E-14,0.45695937,4.14E-06,1.63E-05,0.43570697,0,0.4486267,0,0,0.3503546,0,0.58125275,0.47003502,4
0.38846254,0.16046667,0.20978978,0.13955733,0.38159412,0.46982324,0,0,0.34851477,0.4641461,0,0,0.38961926,0.4486558,0,0,0.43765217,0.46403483,0,0,0,0,0,0.9826661,0,0.43570697,0,0.4486267,0,0,2.08E-17,0,0.58125275,0.47003502,1
0.004420312,0.0026951467,0.057517316,0.080786325,0.38159412,0.46982324,1.39E-09,1.44E-18,0.34851477,0.4641461,0,0,0.38961926,0.4486558,2.82E-09,7.60E-18,0.43765217,0.46403483,1.70E-18,2.15E-18,0.0014845572,1.98E-14,0.00071642466,2.57E-08,1.18E-13,0.43570697,0,0.4486267,0,0,0.009929078,0,0.58125275,0.47003502,0
0.34663057,0.14898045,0.18331835,0.13425827,0.38159412,0.46982324,0,0,0.34851477,0.4641461,0,0,0.38961926,0.4486558,0,0,0.43765217,0.46403483,0,0,0,0,0,0.98266697,0,0.43570697,0,0.4486267,0,0,2.08E-17,0,0.58125275,0.47003502,5
0.00031146672,0.00046218128,0.011687623,0.0011731804,0.38159412,0.46982324,2.41E-09,4.34E-18,0.34851477,0.4641461,0.002016489,3.47E-06,0.38961926,0.44820982,0.014089992,0.00019078085,0.43765125,0.4541946,0,3.86E-31,7.63E-06,1.62E-17,9.19E-05,2.02E-08,5.17E-16,0.43570697,3.75E-06,0.44818074,0.0003187777,0.014036925,0.032257333,0.00019074377,0.581252,0.46030506,0
0.31585672,0.08524975,0.005394229,0.000108033586,0.38159412,0.46982324,0,0,0.34851477,0.4641461,0,0,0.38961926,0.4486558,0,0,0.43765217,0.46403483,0,0,0,0,0,0.9826655,0,0.43570697,0,0.4486267,0,0,2.08E-17,0,0.58125275,0.47003502,3
0.00090381515,0.0007681538,0.0218672,0.003595543,0.38159412,0.46982324,0.00041716444,0.0013257803,0.34851477,0.4641431,0.009465361,0.0011971943,0.38959023,0.4151509,0.012661614,0.0018214422,0.43762475,0.4564125,2.21E-26,1.14E-19,0.00019062182,1.01E-16,0.0002909542,6.56E-09,1.84E-16,0.43570697,2.03E-18,0.4486267,0.00057249947,9.90E-10,0.017626109,1.34E-18,0.58125275,0.47003502,0
0.44446996,0.50681674,0.21291292,0.13162443,0.38159412,0.46982324,0.0006870826,3.52E-07,0.34851477,0.4641461,0.011430415,0.00011114938,0.38961926,0.4486558,0.014107929,0.00019126417,0.43765217,0.46403483,3.09E-21,1.88E-21,0.31574085,3.59E-10,0.39255926,1.16E-05,4.58E-05,0.43570697,0,0.4486267,0,0,0.3503546,0,0.58125275,0.47003502,4
0.46170506,0.21670604,0.20915274,0.13965066,0.38159412,0.46982324,0,0,0.34851477,0.4641461,0,0,0.38961926,0.4486558,0,0,0.43765217,0.46403483,0,0,0,0,0,0.9826661,0,0.43570697,0,0.4486267,0,0,2.08E-17,0,0.58125275,0.47003502,1
0.71197873,0.88502616,0.24413998,0.12155619,0.38159412,0.46982324,1.27E-06,1.21E-12,0.34851477,0.4641461,0.0042086653,1.51E-05,0.38961926,0.4486558,0.0064527006,4.00E-05,0.43765217,0.46403483,7.52E-23,1.02E-22,0.58255005,1.51E-12,0.7859369,3.58E-06,1.41E-05,0.43570697,0,0.4486267,0,0,0.3503546,0,0.58125275,0.47003502,4
0.00019380878,0.00041359226,0.01465355,0.0009033056,0.38159412,0.46982324,0,1.44E-18,0.34851477,0.4641461,1.83E-05,2.88E-10,0.38961926,0.44865578,0.010016664,9.64E-05,0.4376514,0.44841507,0,0,6.59E-06,1.43E-21,7.17E-05,2.48E-08,3.22E-16,0.43570697,3.10E-10,0.44862667,0.0002486164,0.009978938,0.033259157,9.64E-05,0.5812521,0.45459032,0
0.0010777075,0.001545726,0.008628538,0.0009304524,0.38157678,0.4407524,0.06355541,0.003010758,0.34848845,0.44822493,0.043392137,0.0017202018,0.39003623,0.5935626,0.033554874,0.0012951131,0.43804666,0.53009677,1.43E-18,3.99E-18,0.0011120129,6.35E-18,0.0016485805,8.05E-10,6.26E-18,0.42925102,0.0039930134,0.45832905,0.0013642601,0.059102934,0.045265608,0.0036295233,0.58168614,0.50644904,0
0.7225602,0.35534304,0.008033433,8.00E-05,0.38159412,0.46982324,2.15E-06,3.43E-12,0.34851477,0.4641461,0.00021742581,4.02E-08,0.38961926,0.4486558,0.00028073118,7.57E-08,0.43765217,0.46403483,1.23E-22,6.78E-21,0.6784435,1.24E-05,0.36496922,3.84E-05,0.00015119492,0.43570697,0,0.4486267,0,0,0.009929078,0,0.58125275,0.47003502,3
0.47232893,0.49914482,0.21296154,0.13161576,0.38159412,0.46982324,0.033627078,0.00084243086,0.34851477,0.4641461,0.016545173,0.00023287648,0.38961926,0.4486558,0.014794434,0.00021033127,0.43765217,0.46403483,9.91E-22,1.50E-21,0.3355842,7.53E-10,0.38672113,1.28E-05,5.04E-05,0.43570697,0,0.4486267,0,0,0.3503546,0,0.58125275,0.47003502,4
0.36341602,0.22508675,0.18401852,0.13426417,0.38159412,0.46982324,0,0,0.34851477,0.4641461,0,0,0.38961926,0.4486558,0,0,0.43765217,0.46403483,0,0,0,0,0,0.982667,0,0.43570697,0,0.4486267,0,0,2.08E-17,0,0.58125275,0.47003502,5
0.338776,0.28423107,0.21128727,0.13933702,0.38159412,0.46982324,9.97E-07,7.41E-13,0.34851477,0.4641461,0.017337294,0.0002557088,0.38961926,0.4486558,0.027124302,0.0007070078,0.43765217,0.46403483,1.66E-21,1.20E-20,0.22153087,1.07E-06,0.21349077,4.60E-05,0.00018082406,0.43570697,0,0.4486267,0,0,0.35886526,0,0.58125275,0.47003502,1
0.41197315,0.6015188,0.2126449,0.13167581,0.38159412,0.46982324,0.02959005,0.0006523,0.34851477,0.4641461,0.01694985,0.00024440762,0.38961926,0.4486558,0.013512349,0.00017545623,0.43765217,0.46403483,6.20E-22,6.94E-22,0.2884884,2.39E-19,0.46530765,1.18E-06,4.63E-06,0.43570697,0,0.4486267,0,0,0.3503546,0,0.58125275,0.47003502,4
0.00035698593,0.0003986426,0.011951815,0.00045866298,0.38159412,0.46982324,1.39E-09,1.62E-18,0.34851477,0.4641461,2.10E-05,3.77E-10,0.38961926,0.44865578,0.0100867,9.78E-05,0.4376514,0.44835585,0,0,6.94E-06,1.95E-21,7.33E-05,2.44E-08,3.14E-16,0.43570697,4.07E-10,0.44862664,0.0002541358,0.010048711,0.033245496,9.78E-05,0.5812521,0.4545318,0
0.43620178,0.40160248,0.21323596,0.13901694,0.38159412,0.46982324,0,0,0.34851477,0.4641461,0,0,0.38961926,0.4486558,0,0,0.43765217,0.46403483,0,0,0,0,0,0.98266613,0,0.43570697,0,0.4486267,0,0,2.08E-17,0,0.58125275,0.47003502,1
0.25558883,0.36159208,1.51E-05,1.47E-06,0.38159412,0.46982324,0,0,0.34851477,0.4641461,0,0,0.38961926,0.4486558,0,0,0.43765217,0.46403483,0,0,0,0,0,0.9826633,0,0.43570697,0,0.4486267,0,0,2.08E-17,0,0.58125275,0.47003502,2
0.001230964,0.00058919925,0.01391286,0.0017235074,0.4222412,0.74472594,0.07137458,0.60451823,0.3879782,0.7304679,0.06690722,0.63152146,0.43007624,0.7360226,0.048770268,0.4835716,0.5218702,0.8363229,1.88E-17,1.89E-17,0.00072668993,1.28E-16,0.00026847326,7.38E-09,4.18E-16,0.7158309,0.7587484,0.71767193,0.0003002643,0.07180317,0.44192642,0.79416287,0.6728696,0.72819775,0
0.00092231564,0.0015454896,0.019831797,0.03944966,0.38159412,0.46982324,5.10E-05,1.15E-06,0.34851477,0.46255076,0.023888355,0.0006579173,0.3895886,0.42563936,0.22066955,0.051475387,0.43970525,0.47355896,1.07E-17,1.07E-17,0.00091924274,8.40E-18,0.001662868,2.64E-05,0.00010364337,0.43570697,0.00033222305,0.44857594,0.0015028397,0.0026480947,0.039260898,0.0005091298,0.5812499,0.4614607,0
0.66721576,0.8411621,0.007084747,9.58E-05,0.38159412,0.46982324,3.00E-07,6.69E-14,0.34851477,0.4641461,0.000199852,3.40E-08,0.38961926,0.4486558,0.00025402132,6.20E-08,0.43765217,0.46403483,2.10E-22,2.91E-21,0.5531523,5.87E-11,0.7643943,5.28E-06,2.08E-05,0.43570697,0,0.4486267,0,0,0.009929078,0,0.58125275,0.47003502,3
0.22727343,0.25026748,7.47E-05,3.79E-06,0.38159412,0.46982324,0,0,0.34851477,0.4641461,0,0,0.38961926,0.4486558,0,0,0.43765217,0.46403483,0,0,0,0,0,0.982663,0,0.43570697,0,0.4486267,0,0,2.08E-17,0,0.58125275,0.47003502,2
0.48261794,0.59016395,0.2150103,0.13118133,0.38159412,0.46982324,0.00043508387,1.41E-07,0.34851477,0.4641461,0.010080491,8.64E-05,0.38961926,0.4486558,0.012600243,0.00015256851,0.43765217,0.46403483,5.14E-22,9.20E-22,0.35220805,2.32E-14,0.46158725,3.82E-06,1.50E-05,0.43570697,0,0.4486267,0,0,0.3503546,0,0.58125275,0.47003502,4
0.71699595,0.8862004,0.24370837,0.12174726,0.38159412,0.46982324,1.11E-06,9.18E-13,0.34851477,0.4641461,0.004149935,1.47E-05,0.38961926,0.4486558,0.006442314,3.99E-05,0.43765217,0.46403483,1.44E-22,1.12E-22,0.57758784,1.47E-12,0.78558826,3.57E-06,1.40E-05,0.43570697,0,0.4486267,0,0,0.3503546,0,0.58125275,0.47003502,4
0.0010958168,0.0016000898,0.011253371,0.0014831253,0.38159412,0.46982324,0.0006974797,6.18E-07,0.34851477,0.46384072,0.009762617,0.00014069519,0.38961124,0.41967943,0.010196966,0.00015811702,0.43766788,0.4848823,1.53E-25,1.61E-19,0.00020791791,3.74E-17,0.0003691194,5.00E-09,2.76E-16,0.43538576,0.00015182106,0.4196522,0.0012797364,0.010158561,0.028503548,0.0001580863,0.58126557,0.49064887,0
0.7110417,0.8910531,0.0075287693,8.88E-05,0.38159412,0.46982324,2.49E-08,4.63E-16,0.34851477,0.4641461,0.00010568756,9.50E-09,0.38961926,0.4486558,0.00022910399,5.04E-08,0.43765217,0.46403483,7.06E-23,3.99E-23,0.7935242,2.78E-12,0.8605642,3.58E-06,1.41E-05,0.43570697,0,0.4486267,0,0,0.009929078,0,0.58125275,0.47003502,3
0.42641944,0.5292477,0.21264125,0.13167906,0.38159412,0.46982324,0.0004605866,1.58E-07,0.34851477,0.4641461,0.01150769,0.000112657304,0.38961926,0.4486558,0.013880542,0.00018514837,0.43765217,0.46403483,2.84E-21,1.86E-21,0.2995978,2.37E-11,0.40940514,8.46E-06,3.33E-05,0.43570697,0,0.4486267,0,0,0.3503546,0,0.58125275,0.47003502,4
0.42394862,0.41663077,0.21336123,0.13899568,0.38159412,0.46982324,4.14E-05,1.27E-09,0.34851477,0.4641461,0.01638583,0.0002284125,0.38961926,0.4486558,0.0256192,0.0006307224,0.43765217,0.46403483,9.09E-21,9.57E-21,0.30004695,2.03E-09,0.31596828,1.71E-05,6.73E-05,0.43570697,0,0.4486267,0,0,0.35886526,0,0.58125275,0.47003502,1
0.74625057,0.46189386,0.008048375,7.95E-05,0.38159412,0.46982324,6.41E-06,3.06E-11,0.34851477,0.4641461,0.00020107722,3.44E-08,0.38961926,0.4486558,0.00026269138,6.63E-08,0.43765217,0.46403483,2.10E-22,1.47E-22,0.70560205,2.35E-06,0.4753607,2.51E-05,9.87E-05,0.43570697,0,0.4486267,0,0,0.009929078,0,0.58125275,0.47003502,3
0.6610558,0.2128952,0.0070599485,9.60E-05,0.38159412,0.46982324,2.99E-08,6.66E-16,0.34851477,0.4641461,0.00011613464,1.15E-08,0.38961926,0.4486558,0.00019710898,3.73E-08,0.43765217,0.46403483,6.19E-23,1.41E-12,0.5543989,0.00010278113,0.19277762,8.81E-05,0.00034657755,0.43570697,0,0.4486267,0,0,0.009929078,0,0.58125275,0.47003502,3
0.0008379438,0.0014983885,0.00812571,0.0008028833,0.38159412,0.46982324,9.84E-10,1.02E-18,0.34851477,0.4641461,1.41E-09,1.68E-18,0.38961926,0.4486558,9.93E-10,1.14E-17,0.43765217,0.46403483,0,1.23E-27,1.34E-05,7.85E-17,9.83E-05,1.87E-08,3.27E-16,0.43570697,1.81E-18,0.4486267,0.0003407284,2.22E-09,0.017626109,5.53E-18,0.58125275,0.47003502,0
0.4322766,0.60519665,0.21331221,0.1315417,0.38159412,0.46982324,0,0,0.34851477,0.4641461,0,0,0.38961926,0.4486558,0,0,0.43765217,0.46403483,0,0,0,0,0,0.98266506,0,0.43570697,0,0.4486267,0,0,2.08E-17,0,0.58125275,0.47003502,4
0.7130245,0.45615742,0.242758,0.12216361,0.38159412,0.46982324,0,0,0.34851477,0.4641461,0,0,0.38961926,0.4486558,0,0,0.43765217,0.46403483,0,0,0,0,0,0.9826648,0,0.43570697,0,0.4486267,0,0,2.08E-17,0,0.58125275,0.47003502,4
0.25530615,0.32333434,1.56E-05,1.59E-06,0.38159412,0.46982324,0,0,0.34851477,0.4641461,0,0,0.38961926,0.4486558,0,0,0.43765217,0.46403483,0,0,0,0,0,0.98266304,0,0.43570697,0,0.4486267,0,0,2.08E-17,0,0.58125275,0.47003502,2
0.21759824,0.07455342,8.81E-05,4.74E-06,0.38159412,0.46982324,0,0,0.34851477,0.4641461,0,0,0.38961926,0.4486558,0,0,0.43765217,0.46403483,0,0,0,0,0,0.98266286,0,0.43570697,0,0.4486267,0,0,2.08E-17,0,0.58125275,0.47003502,2
0.79846954,0.8374825,0.008110219,7.77E-05,0.38159412,0.46982324,3.18E-05,7.56E-10,0.34851477,0.4641461,0.00022223985,4.20E-08,0.38961926,0.4486558,0.00025622026,6.31E-08,0.43765217,0.46403483,4.96E-23,6.87E-23,0.7753837,1.68E-10,0.8691186,5.33E-06,2.10E-05,0.43570697,0,0.4486267,0,0,0.009929078,0,0.58125275,0.47003502,3
0.40222955,0.4095357,0.21309128,0.13904291,0.38159412,0.46982324,0.00021325416,3.39E-08,0.34851477,0.4641461,0.018735478,0.00029861566,0.38961926,0.4486558,0.026120778,0.0006556609,0.43765217,0.46403483,2.37E-19,2.59E-20,0.2814884,2.66E-09,0.31020996,1.78E-05,7.00E-05,0.43570697,0,0.4486267,0,0,0.35886526,0,0.58125275,0.47003502,1
0.737707,0.51839983,0.0070861564,9.58E-05,0.38159412,0.46982324,0,0,0.34851477,0.4641461,0,0,0.38961926,0.4486558,0,0,0.43765217,0.46403483,0,0,0,0,0,0.98266554,0,0.43570697,0,0.4486267,0,0,2.08E-17,0,0.58125275,0.47003502,3
0.4398477,0.4229447,0.21205133,0.1317962,0.38159412,0.46982324,0,0,0.34851477,0.4641461,0,0,0.38961926,0.4486558,0,0,0.43765217,0.46403483,0,0,0,0,0,0.9826648,0,0.43570697,0,0.4486267,0,0,2.08E-17,0,0.58125275,0.47003502,4
0.709594,0.8731587,0.24434566,0.12146452,0.38159412,0.46982324,0,0,0.34851477,0.4641461,0,0,0.38961926,0.4486558,0,0,0.43765217,0.46403483,0,0,0,0,0,0.98266494,0,0.43570697,0,0.4486267,0,0,2.08E-17,0,0.58125275,0.47003502,4
0.4565433,0.4580487,0.21339524,0.13152687,0.38159412,0.46982324,0,0,0.34851477,0.4641461,0,0,0.38961926,0.4486558,0,0,0.43765217,0.46403483,0,0,0,0,0,0.9826649,0,0.43570697,0,0.4486267,0,0,2.08E-17,0,0.58125275,0.47003502,4
0.40118802,0.24592488,0.20915945,0.13965103,0.38159412,0.46982324,0,0,0.34851477,0.4641461,0,0,0.38961926,0.4486558,0,0,0.43765217,0.46403483,0,0,0,0,0,0.9826661,0,0.43570697,0,0.4486267,0,0,2.08E-17,0,0.58125275,0.47003502,1
0.71775085,0.6963341,0.008081271,7.87E-05,0.38159412,0.46982324,2.10E-06,3.29E-12,0.34851477,0.4641461,0.00021381731,3.89E-08,0.38961926,0.4486558,0.00027113452,7.06E-08,0.43765217,0.46403483,1.03E-22,1.23E-22,0.68581223,1.29E-08,0.7186079,9.83E-06,3.87E-05,0.43570697,0,0.4486267,0,0,0.009929078,0,0.58125275,0.47003502,3
0.0030439764,0.0027814873,0.05005049,0.06854484,0.42228693,0.74474293,0.070965394,0.604502,0.38870296,0.73692644,0.26738885,0.5347541,0.39878184,0.4664107,0.32997817,0.28537402,0.4430812,0.4688218,2.96E-18,2.39E-17,0.0015151699,7.05E-17,0.0022078173,5.49E-10,4.91E-17,0.715884,0.75874823,0.71767706,0.0003002721,0.071803436,0.44192615,0.79416287,0.67287016,0.72819823,0
0.33884832,0.4445289,0.20407782,0.14025466,0.38159412,0.46982324,0.0007362044,4.04E-07,0.34851477,0.4641461,0.023869712,0.00048470485,0.38961926,0.4486558,0.027543547,0.0007290323,0.43765217,0.46403483,1.60E-21,4.07E-21,0.2181861,3.79E-11,0.3225112,1.09E-05,4.29E-05,0.43570697,0,0.4486267,0,0,0.35886526,0,0.58125275,0.47003502,1
0.2495821,0.31743228,1.53E-05,1.52E-06,0.38159412,0.46982324,0,0,0.34851477,0.4641461,0,0,0.38961926,0.4486558,0,0,0.43765217,0.46403483,0,0,0,0,0,0.98266304,0,0.43570697,0,0.4486267,0,0,2.08E-17,0,0.58125275,0.47003502,2
0.39360175,0.11616561,0.21977687,0.13005295,0.38159412,0.46982324,2.67E-05,5.30E-10,0.34851477,0.4641461,0.010316004,9.05E-05,0.38961926,0.4486558,0.014527741,0.00020281647,0.43765217,0.46403483,4.05E-22,1.45E-10,0.28892884,0.00029124264,0.09287536,0.00019013535,0.00074782775,0.43570697,0,0.4486267,0,0,0.3503546,0,0.58125275,0.47003502,4
0.000861629,0.0015035335,0.013433805,0.017014667,0.38159412,0.4698232,0.0012157947,8.49E-05,0.34851474,0.46317,0.03213224,0.0009368619,0.3896396,0.46189183,0.04964972,0.022134518,0.43825957,0.47639793,1.10E-20,7.75E-19,0.0008341,1.35E-16,0.001492247,0.00038782315,0.0015519608,0.43570697,1.33E-15,0.4486267,0.0012859887,0.020176373,0.04935952,0.020112032,0.5813071,0.47346243,0
0.38206246,0.3889749,0.0058365003,0.00010716538,0.38159412,0.46982324,0,0,0.34851477,0.4641461,0,0,0.38961926,0.4486558,0,0,0.43765217,0.46403483,0,0,0,0,0,0.9826656,0,0.43570697,0,0.4486267,0,0,2.08E-17,0,0.58125275,0.47003502,3
0.49102187,0.5938056,0.21468969,0.13125145,0.38159412,0.46982324,0.01959151,0.00028595113,0.34851477,0.4641461,0.016044937,0.00021900755,0.38961926,0.4486558,0.013371223,0.00017181036,0.43765217,0.46403483,1.42E-21,1.22E-21,0.35291395,1.85E-14,0.46376067,3.71E-06,1.46E-05,0.43570697,0,0.4486267,0,0,0.3503546,0,0.58125275,0.47003502,4
0.004728738,0.0030934943,0.053366963,0.0712551,0.34004885,0.36234415,0.26012808,0.31776315,0.3069731,0.35737145,0.29961243,0.3356474,0.36629686,0.3972338,0.328871,0.2653846,0.43269718,0.45946375,3.51E-17,3.63E-17,0.0038722642,3.15E-17,0.0025752694,4.22E-10,5.27E-17,0.43570697,3.19E-05,0.4486267,7.51E-05,0.005873705,0.02968981,3.34E-05,0.58125275,0.47003502,0
0.58536536,0.15734321,0.008048021,7.89E-05,0.38159412,0.46982324,1.75E-05,2.28E-10,0.34851477,0.4641461,0.0002706641,6.23E-08,0.38961926,0.4486558,0.00031889067,9.77E-08,0.43765217,0.46403483,6.29E-23,5.12E-10,0.55607116,0.00018702661,0.16195762,0.00011137616,0.00043809347,0.43570697,0,0.4486267,0,0,0.009929078,0,0.58125275,0.47003502,3
0.001304183,0.0015976806,0.008234226,0.00083026127,0.38159406,0.46449807,0.030391887,0.0006912375,0.3485125,0.4607069,0.03915615,0.0014333703,0.3896246,0.45076135,0.031993024,0.0012016515,0.43774453,0.4805068,3.22E-18,3.03E-18,0.0012099531,4.97E-18,0.0016574889,7.98E-10,5.97E-18,0.43570697,0.00030300746,0.44856283,0.0013739419,0.0018954768,0.039570868,0.00048223088,0.5812533,0.47255784,0
0.48974383,0.24981053,0.21438175,0.13131608,0.38159412,0.46982324,0,0,0.34851477,0.4641461,0,0,0.38961926,0.4486558,0,0,0.43765217,0.46403483,0,0,0,0,0,0.98266476,0,0.43570697,0,0.4486267,0,0,2.08E-17,0,0.58125275,0.47003502,4
0.35588488,0.2715169,0.22202021,0.13722305,0.38159412,0.46982324,0,0,0.34851477,0.4641461,0,0,0.38961926,0.4486558,0,0,0.43765217,0.46403483,0,0,0,0,0,0.9826661,0,0.43570697,0,0.4486267,0,0,2.08E-17,0,0.58125275,0.47003502,1
0.704428,0.54238886,0.25058776,0.1272966,0.38159412,0.46982324,0.00066500943,3.29E-07,0.34851477,0.4641461,0.007921623,5.34E-05,0.38961926,0.4486558,0.0071484004,4.91E-05,0.43765217,0.46403483,5.45E-23,8.31E-23,0.57910717,4.11E-07,0.48266113,2.03E-05,8.01E-05,0.43570697,0,0.4486267,0,0,0.35886526,0,0.58125275,0.47003502,1
0.00050224207,0.00048238656,0.02153214,0.022147048,0.38159412,0.46982324,1.72E-05,2.22E-10,0.34851477,0.4641461,0.007894653,0.00033352748,0.3896154,0.43839982,0.24169968,0.16604406,0.44737408,0.47928938,0,2.92E-22,4.16E-05,8.23E-17,0.0002212003,9.04E-09,5.39E-16,0.43570697,0,0.4486267,0,0,0.009219858,0,0.58125275,0.47003502,0
0.34687448,0.14923972,0.20902573,0.13966347,0.38159412,0.46982324,0.0006080454,2.75E-07,0.34851477,0.4641461,0.023679068,0.00047699327,0.38961926,0.4486558,0.025498893,0.00062481256,0.43765217,0.46403483,1.22E-21,9.03E-18,0.25418195,6.27E-05,0.11087226,0.00013485423,0.0005304307,0.43570697,0,0.4486267,0,0,0.35886526,0,0.58125275,0.47003502,1
0.71895707,0.8778652,0.24390306,0.12166132,0.38159412,0.46982324,2.72E-05,5.52E-10,0.34851477,0.4641461,0.0057029207,2.77E-05,0.38961926,0.4486558,0.006682295,4.29E-05,0.43765217,0.46403483,1.64E-22,1.17E-22,0.5829735,2.78E-12,0.7788256,3.84E-06,1.51E-05,0.43570697,0,0.4486267,0,0,0.3503546,0,0.58125275,0.47003502,4
0.71126056,0.48830044,0.2504315,0.12736814,0.38159412,0.46982324,2.73E-08,5.55E-16,0.34851477,0.4641461,0.0025187237,5.40E-06,0.38961926,0.4486558,0.0059057157,3.35E-05,0.43765217,0.46403483,8.38E-23,1.43E-22,0.58252877,1.25E-06,0.43424445,2.53E-05,9.95E-05,0.43570697,0,0.4486267,0,0,0.35886526,0,0.58125275,0.47003502,1
0.37450102,0.44221324,0.2023086,0.14041944,0.38159412,0.46982324,0.051820192,0.0020005712,0.34851477,0.4641461,0.03893862,0.0012898647,0.38961926,0.4486558,0.02902243,0.0008094212,0.43765217,0.46403483,1.67E-21,2.64E-21,0.20327273,1.01E-10,0.3180968,1.21E-05,4.77E-05,0.43570697,0,0.4486267,0,0,0.35886526,0,0.58125275,0.47003502,1
0.70194596,0.46078858,0.2506914,0.12724967,0.38159412,0.46982324,9.90E-08,7.31E-15,0.34851477,0.4641461,0.0032392794,8.93E-06,0.38961926,0.4486558,0.006228411,3.73E-05,0.43765217,0.46403483,7.29E-23,9.60E-23,0.5775687,2.07E-06,0.410207,2.81E-05,0.000110674715,0.43570697,0,0.4486267,0,0,0.35886526,0,0.58125275,0.47003502,1
0.7354757,0.40883657,0.00708508,9.58E-05,0.38159412,0.46982324,9.24E-09,6.36E-17,0.34851477,0.4641461,0.00010096634,8.67E-09,0.38961926,0.4486558,0.00018745198,3.38E-08,0.43765217,0.46403483,1.43E-22,2.24E-22,0.6204236,6.55E-06,0.37149045,3.51E-05,0.00013813356,0.43570697,0,0.4486267,0,0,0.009929078,0,0.58125275,0.47003502,3
0.35942754,0.16124387,0.005198324,0.00010821752,0.38159412,0.46982324,0.00019446936,2.82E-08,0.34851477,0.4641461,0.001194383,1.21E-06,0.38961926,0.4486558,0.0010020992,9.65E-07,0.43765217,0.46403483,2.73E-21,9.62E-19,0.21165939,6.27E-05,0.10702083,0.0001371926,0.0005396268,0.43570697,0,0.4486267,0,0,0.009929078,0,0.58125275,0.47003502,3
0.42315698,0.3470899,0.0055625914,0.00010804363,0.38159412,0.46982324,0.000682748,3.47E-07,0.34851477,0.4641461,0.00080999953,5.58E-07,0.38961926,0.4486558,0.0007440436,5.32E-07,0.43765217,0.46403483,3.96E-22,4.54E-22,0.2889911,1.56E-07,0.24628493,3.38E-05,0.0001328071,0.43570697,0,0.4486267,0,0,0.009929078,0,0.58125275,0.47003502,3
0.603172,0.17764112,0.008004354,7.98E-05,0.38159412,0.46982324,0,0,0.34851477,0.4641461,0,0,0.38961926,0.4486558,0,0,0.43765217,0.46403483,0,0,0,0,0,0.9826655,0,0.43570697,0,0.4486267,0,0,2.08E-17,0,0.58125275,0.47003502,3
0.21552944,0.26644647,7.37E-05,3.73E-06,0.38159412,0.46982324,0,0,0.34851477,0.4641461,0,0,0.38961926,0.4486558,0,0,0.43765217,0.46403483,0,0,0,0,0,0.982663,0,0.43570697,0,0.4486267,0,0,2.08E-17,0,0.58125275,0.47003502,2
0.7465871,0.9290075,0.24528871,0.12104096,0.38159412,0.46982324,0,0,0.34851477,0.4641461,0,0,0.38961926,0.4486558,0,0,0.43765217,0.46403483,0,0,0,0,0,0.98266494,0,0.43570697,0,0.4486267,0,0,2.08E-17,0,0.58125275,0.47003502,4
0.42722085,0.5706811,0.21396644,0.13140443,0.38159412,0.46982324,1.72E-05,2.21E-10,0.34851477,0.4641461,0.008585423,6.27E-05,0.38961926,0.4486558,0.0127380835,0.00015592482,0.43765217,0.46403483,8.14E-22,1.71E-21,0.30910626,1.05E-13,0.44418153,4.55E-06,1.79E-05,0.43570697,0,0.4486267,0,0,0.3503546,0,0.58125275,0.47003502,4
0.35779104,0.43877977,0.20271792,0.14038259,0.38159412,0.46982324,0.042846024,0.0013676565,0.34851477,0.4641461,0.031720262,0.0008559662,0.38961926,0.4486558,0.027989373,0.00075282395,0.43765217,0.46403483,4.85E-22,4.70E-21,0.18925218,1.26E-10,0.3162311,1.24E-05,4.86E-05,0.43570697,0,0.4486267,0,0,0.35886526,0,0.58125275,0.47003502,1
0.011563083,0.0021263813,0.06510014,0.09207426,0.37414646,0.44720095,0.34441543,0.1617896,0.33492523,0.42400652,0.34538147,0.19119844,0.37179,0.40022486,0.3365366,0.20620088,0.43313923,0.4592309,5.80E-19,9.69E-19,0.013360925,2.00E-17,0.0022309744,5.82E-10,8.51E-17,0.5808275,0.21164285,0.5883511,0.00030025834,0.38357714,0.17471398,0.22151493,0.6987611,0.60414076,0
0.71442026,0.41888872,0.24298099,0.12206568,0.38159412,0.46982324,0,0,0.34851477,0.4641461,0,0,0.38961926,0.4486558,0,0,0.43765217,0.46403483,0,0,0,0,0,0.9826648,0,0.43570697,0,0.4486267,0,0,2.08E-17,0,0.58125275,0.47003502,4
0.362394,0.4396587,0.20229815,0.1404194,0.38159412,0.46982324,0,0,0.34851477,0.4641461,0,0,0.38961926,0.4486558,0,0,0.43765217,0.46403483,0,0,0,0,0,0.9826662,0,0.43570697,0,0.4486267,0,0,2.08E-17,0,0.58125275,0.47003502,1
0.0006565927,0.0015254221,0.009757296,0.006265488,0.38159412,0.46982324,1.68E-05,1.93E-05,0.34851477,0.4641415,0.024360534,0.0007060863,0.3896174,0.4473695,0.08788503,0.008048757,0.43781164,0.46890956,5.54E-25,4.12E-19,0.000624514,2.58E-17,0.0016435424,8.21E-10,1.54E-17,0.43570697,0.0017963293,0.4710827,0.0013367498,0.056454502,0.043114014,0.0033430788,0.58158964,0.50002784,0
0.4105742,0.39947963,0.21251214,0.13170442,0.38159412,0.46982324,0,0,0.34851477,0.4641461,0,0,0.38961926,0.4486558,0,0,0.43765217,0.46403483,0,0,0,0,0,0.9826648,0,0.43570697,0,0.4486267,0,0,2.08E-17,0,0.58125275,0.47003502,4
0.0008575217,0.0016146592,0.01190519,0.0046229027,0.38159412,0.46982312,0.0035996812,0.00013360223,0.34851554,0.4711575,0.037434455,0.0012640794,0.38980517,0.5401359,0.078690514,0.11514924,0.44181076,0.48739842,3.60E-17,3.60E-17,0.0008135816,2.08E-10,0.0014620111,0.0016311562,0.0063982825,0.43570697,4.70E-05,0.44952777,0.0012358526,0.041771024,0.06870121,0.1091152,0.59152806,0.60431653,0
0.34343493,0.18748152,0.005473404,0.000108157845,0.38159412,0.46982324,2.21E-06,3.64E-12,0.34851477,0.4641461,0.0007065424,4.25E-07,0.38961926,0.4486558,0.00086463406,7.18E-07,0.43765217,0.46403483,5.52E-21,4.53E-21,0.23735662,2.19E-05,0.1309729,0.00010207283,0.00040150314,0.43570697,0,0.4486267,0,0,0.009929078,0,0.58125275,0.47003502,3
3.25E-05,0.00041359148,0.02432537,0.024499603,0.38159412,0.46982324,0,0,0.34851477,0.4641461,4.95E-06,2.36E-05,0.38961926,0.44864944,0.000660063,0.0019365535,0.43763614,0.38127592,0,0,2.01E-06,1.18E-16,6.39E-05,0.0056345244,0.02244898,0.43570697,0,0.4486267,0,0,0.009219858,0,0.58125275,0.47003502,0
0.00072903815,0.0015139225,0.008399027,0.00088975026,0.38159412,0.46982324,1.39E-09,1.62E-18,0.34851477,0.4641461,0,2.51E-18,0.38961926,0.4486558,1.99E-09,4.74E-18,0.43765217,0.46403483,0,0,9.43E-06,2.24E-21,7.09E-05,2.47E-08,2.55E-17,0.43570697,2.71E-18,0.4486267,0.00024572504,1.98E-09,0.017626109,4.74E-18,0.58125275,0.47003502,0
0.44095492,0.60096866,0.21382661,0.13143432,0.38159412,0.46982324,0,0,0.34851477,0.4641461,0,0,0.38961926,0.4486558,0,0,0.43765217,0.46403483,0,0,0,0,0,0.982665,0,0.43570697,0,0.4486267,0,0,2.08E-17,0,0.58125275,0.47003502,4
0.0016370651,0.0014178097,0.010053674,0.0011729257,0.38175675,0.56847465,0.057256404,0.002633669,0.34857893,0.47751597,0.05443834,0.0029365316,0.38945648,0.4195538,0.037821926,0.0016505836,0.43781868,0.48586887,2.22E-18,2.39E-18,0.0015936586,3.70E-09,0.0015089957,0.0022386604,0.008775919,0.43570697,0,0.4486267,0,0,0.009929078,0,0.58125275,0.47003502,0
0.25440323,0.3613492,1.51E-05,1.50E-06,0.38159412,0.46982324,0,0,0.34851477,0.4641461,0,0,0.38961926,0.4486558,0,0,0.43765217,0.46403483,0,0,0,0,0,0.9826633,0,0.43570697,0,0.4486267,0,0,2.08E-17,0,0.58125275,0.47003502,2
0.77093697,0.7822774,0.008077928,7.85E-05,0.38159412,0.46982324,6.98E-06,3.63E-11,0.34851477,0.4641461,0.00023569244,4.73E-08,0.38961926,0.4486558,0.0002674146,6.87E-08,0.43765217,0.46403483,6.14E-23,6.60E-23,0.7333568,1.04E-09,0.8079306,6.84E-06,2.69E-05,0.43570697,0,0.4486267,0,0,0.009929078,0,0.58125275,0.47003502,3
0.35058248,0.13986172,0.18215136,0.13422436,0.38159412,0.46982324,0,0,0.34851477,0.4641461,0,0,0.38961926,0.4486558,0,0,0.43765217,0.46403483,0,0,0,0,0,0.98266697,0,0.43570697,0,0.4486267,0,0,2.08E-17,0,0.58125275,0.47003502,5
0.70981467,0.62771195,0.24979609,0.1276578,0.38159412,0.46982324,2.23E-08,3.70E-16,0.34851477,0.4641461,0.0028992225,7.15E-06,0.38961926,0.4486558,0.006016763,3.48E-05,0.43765217,0.46403483,1.14E-22,1.30E-22,0.5747154,5.51E-08,0.5568102,1.44E-05,5.67E-05,0.43570697,0,0.4486267,0,0,0.35886526,0,0.58125275,0.47003502,1
0.70209146,0.8263352,0.2499069,0.1276079,0.38159412,0.46982324,0.032559697,0.00078979915,0.34851477,0.4641461,0.01176836,0.00011781889,0.38961926,0.4486558,0.007030491,4.75E-05,0.43765217,0.46403483,1.48E-22,1.91E-22,0.5699455,3.32E-11,0.73334414,5.21E-06,2.05E-05,0.43570697,0,0.4486267,0,0,0.35886526,0,0.58125275,0.47003502,1
0.43614858,0.59683365,0.21389602,0.13142277,0.38159412,0.46982324,0,0,0.34851477,0.4641461,0,0,0.38961926,0.4486558,0,0,0.43765217,0.46403483,0,0,0,0,0,0.982665,0,0.43570697,0,0.4486267,0,0,2.08E-17,0,0.58125275,0.47003502,4
0.22314769,0.22744139,7.44E-05,3.72E-06,0.38159412,0.46982324,0,0,0.34851477,0.4641461,0,0,0.38961926,0.4486558,0,0,0.43765217,0.46403483,0,0,0,0,0,0.9826629,0,0.43570697,0,0.4486267,0,0,2.08E-17,0,0.58125275,0.47003502,2
0.26077273,0.31071445,1.53E-05,1.51E-06,0.38159412,0.46982324,0,0,0.34851477,0.4641461,0,0,0.38961926,0.4486558,0,0,0.43765217,0.46403483,0,0,0,0,0,0.982663,0,0.43570697,0,0.4486267,0,0,2.08E-17,0,0.58125275,0.47003502,2
0.7154837,0.8565507,0.007077403,9.59E-05,0.38159412,0.46982324,0.0008653027,5.58E-07,0.34851477,0.4641461,0.00034524957,1.01E-07,0.38961926,0.4486558,0.00026736685,6.87E-08,0.43765217,0.46403483,1.42E-22,1.88E-22,0.5919257,2.96E-11,0.7775334,4.88E-06,1.92E-05,0.43570697,0,0.4486267,0,0,0.009929078,0,0.58125275,0.47003502,3
0.7137622,0.99479026,0.24426067,0.121502064,0.38159412,0.46982324,0.0016654618,2.07E-06,0.34851477,0.4641461,0.008844561,6.65E-05,0.38961926,0.4486558,0.0074356794,5.31E-05,0.43765217,0.46403483,8.72E-23,1.27E-22,0.587335,1.50E-19,0.8838707,6.34E-07,2.50E-06,0.43570697,0,0.4486267,0,0,0.3503546,0,0.58125275,0.47003502,4
0.2084708,0.07664954,8.53E-05,4.56E-06,0.38159412,0.46982324,0,0,0.34851477,0.4641461,0,0,0.38961926,0.4486558,0,0,0.43765217,0.46403483,0,0,0,0,0,0.98266286,0,0.43570697,0,0.4486267,0,0,2.08E-17,0,0.58125275,0.47003502,2
0.44976726,0.6043977,0.21376535,0.13144785,0.38159412,0.46982324,0.0011315966,9.54E-07,0.34851477,0.4641461,0.011571324,0.00011390668,0.38961926,0.4486558,0.012656115,0.00015392456,0.43765217,0.46403483,1.78E-21,1.75E-21,0.32406276,7.97E-17,0.46998262,2.11E-06,8.29E-06,0.43570697,0,0.4486267,0,0,0.3503546,0,0.58125275,0.47003502,4
0.0010079456,0.0014973211,0.0077559436,0.00073698984,0.38159412,0.46982324,5.73E-06,0.0002623132,0.34851477,0.4641414,0.01904478,0.00055672915,0.38960758,0.43788254,0.030147756,0.001089686,0.43778098,0.48912376,2.85E-18,3.05E-18,0.00091987324,6.07E-18,0.0015495439,8.83E-10,6.25E-18,0.43570697,0.00017160381,0.44704932,0.0014637286,0.0026393244,0.03972927,0.0004743568,0.5812526,0.46947756,0
0.7161014,0.55553526,0.24991348,0.12760432,0.38159412,0.46982324,0.00019335217,2.79E-08,0.34851477,0.4641461,0.0069845817,4.15E-05,0.38961926,0.4486558,0.0069850213,4.69E-05,0.43765217,0.46403483,1.85E-22,1.27E-22,0.58017844,3.20E-07,0.4930276,1.94E-05,7.64E-05,0.43570697,0,0.4486267,0,0,0.35886526,0,0.58125275,0.47003502,1
0.74537617,0.43844566,0.0080583645,7.93E-05,0.38159412,0.46982324,4.52E-05,1.52E-09,0.34851477,0.4641461,0.00024364167,5.05E-08,0.38961926,0.4486558,0.00027476068,7.25E-08,0.43765217,0.46403483,7.92E-23,8.78E-23,0.70885664,3.45E-06,0.45172858,2.74E-05,0.00010796065,0.43570697,0,0.4486267,0,0,0.009929078,0,0.58125275,0.47003502,3
0.22233209,0.27591655,7.37E-05,3.80E-06,0.38159412,0.46982324,0,0,0.34851477,0.4641461,0,0,0.38961926,0.4486558,0,0,0.43765217,0.46403483,0,0,0,0,0,0.982663,0,0.43570697,0,0.4486267,0,0,2.08E-17,0,0.58125275,0.47003502,2
0.60491884,0.16713601,0.008059752,7.86E-05,0.38159412,0.46982324,1.03E-05,7.87E-11,0.34851477,0.4641461,0.0002526314,5.43E-08,0.38961926,0.4486558,0.00030759026,9.09E-08,0.43765217,0.46403483,4.32E-23,1.76E-10,0.5762209,0.00016293331,0.1723084,0.000103620674,0.00040759094,0.43570697,0,0.4486267,0,0,0.009929078,0,0.58125275,0.47003502,3
0.7131993,0.5416081,0.24982223,0.12764575,0.38159412,0.46982324,0.0008418887,5.28E-07,0.34851477,0.4641461,0.008113233,5.60E-05,0.38961926,0.4486558,0.007180128,4.95E-05,0.43765217,0.46403483,1.09E-22,1.13E-22,0.57666653,4.31E-07,0.48049414,2.05E-05,8.08E-05,0.43570697,0,0.4486267,0,0,0.35886526,0,0.58125275,0.47003502,1
0.73840684,0.6461853,0.007090332,9.56E-05,0.38159412,0.46982324,0,0,0.34851477,0.4641461,0,0,0.38961926,0.4486558,0,0,0.43765217,0.46403483,0,0,0,0,0,0.9826656,0,0.43570697,0,0.4486267,0,0,2.08E-17,0,0.58125275,0.47003502,3
0.72488713,0.6981092,0.008077218,7.88E-05,0.38159412,0.46982324,1.81E-06,2.45E-12,0.34851477,0.4641461,0.00021066242,3.78E-08,0.38961926,0.4486558,0.00027053952,7.03E-08,0.43765217,0.46403483,7.57E-23,1.04E-22,0.6902508,1.25E-08,0.72009426,9.79E-06,3.85E-05,0.43570697,0,0.4486267,0,0,0.009929078,0,0.58125275,0.47003502,3
0.7149091,0.3071383,0.00708668,9.57E-05,0.38159412,0.46982324,1.22E-05,1.10E-10,0.34851477,0.4641461,0.00021236757,3.84E-08,0.38961926,0.4486558,0.00023259908,5.20E-08,0.43765217,0.46403483,4.00E-23,1.05E-17,0.603434,2.90E-05,0.27916718,5.41E-05,0.00021268951,0.43570697,0,0.4486267,0,0,0.009929078,0,0.58125275,0.47003502,3
0.7140328,0.9590339,0.2449235,0.12120585,0.38159412,0.46982324,0.0004983924,1.85E-07,0.34851477,0.4641461,0.0076136794,4.93E-05,0.38961926,0.4486558,0.006901461,4.58E-05,0.43765217,0.46403483,1.48E-22,2.18E-22,0.5887211,1.15E-15,0.8544026,1.61E-06,6.32E-06,0.43570697,0,0.4486267,0,0,0.3503546,0,0.58125275,0.47003502,4
0.0066134282,0.0014922266,0.043826077,0.05551088,0.3543733,0.39492962,0.32400978,0.19653237,0.31944415,0.38501373,0.32152647,0.2249964,0.362843,0.3795439,0.30086434,0.22489645,0.4381377,0.46456605,1.03E-19,1.47E-18,0.006254027,2.57E-17,0.0011452414,1.51E-09,1.44E-16,0.49972743,0.183041,0.51082516,0.00037531063,0.3570472,0.1955885,0.19159499,0.6265486,0.5297859,0
0.001245728,0.0015858157,0.008065214,0.0007826457,0.38159412,0.46982324,3.81E-06,3.70E-07,0.34851477,0.46414718,0.007154341,0.00010558047,0.38962504,0.47978762,0.010007236,0.0001485402,0.4376707,0.4901357,1.11E-30,1.29E-21,0.00012188194,3.62E-17,0.0003537192,5.22E-09,5.07E-17,0.43570808,0.00011392954,0.47975647,0.0012263439,0.0099695455,0.027999401,0.00014851135,0.5812679,0.49584338,0
0.45194244,0.6045074,0.21334653,0.13153523,0.38159412,0.46982324,0,0,0.34851477,0.4641461,0,0,0.38961926,0.4486558,0,0,0.43765217,0.46403483,0,0,0,0,0,0.98266506,0,0.43570697,0,0.4486267,0,0,2.08E-17,0,0.58125275,0.47003502,4
0.37407848,0.3201741,0.0054605147,0.00010822861,0.38159412,0.46982324,5.06E-08,1.91E-15,0.34851477,0.4641461,0.00037708692,1.21E-07,0.38961926,0.4486558,0.000699806,4.71E-07,0.43765217,0.46403483,2.48E-20,1.38E-20,0.23126742,4.39E-07,0.22293416,4.05E-05,0.00015913568,0.43570697,0,0.4486267,0,0,0.009929078,0,0.58125275,0.47003502,3
0.49758938,0.584078,0.21446642,0.13129918,0.38159412,0.46982324,0,0,0.34851477,0.4641461,0,0,0.38961926,0.4486558,0,0,0.43765217,0.46403483,0,0,0,0,0,0.98266494,0,0.43570697,0,0.4486267,0,0,2.08E-17,0,0.58125275,0.47003502,4
0.7159261,0.9528659,0.24473077,0.12129225,0.38159412,0.46982324,1.41E-07,1.49E-14,0.34851477,0.4641461,0.0033545957,9.57E-06,0.38961926,0.4486558,0.0062797223,3.79E-05,0.43765217,0.46403483,2.30E-22,1.94E-22,0.5847057,3.26E-15,0.8482256,1.79E-06,7.06E-06,0.43570697,0,0.4486267,0,0,0.3503546,0,0.58125275,0.47003502,4
0.3405522,0.4131884,0.2144024,0.1388128,0.38159412,0.46982324,0,0,0.34851477,0.4641461,0,0,0.38961926,0.4486558,0,0,0.43765217,0.46403483,0,0,0,0,0,0.9826662,0,0.43570697,0,0.4486267,0,0,2.08E-17,0,0.58125275,0.47003502,1
0.7404225,0.6181631,0.007092614,9.56E-05,0.38159412,0.46982324,1.23E-05,1.13E-10,0.34851477,0.4641461,0.0002769813,6.53E-08,0.38961926,0.4486558,0.0002621736,6.61E-08,0.43765217,0.46403483,8.63E-23,1.23E-22,0.6246418,1.36E-07,0.5623801,1.58E-05,6.20E-05,0.43570697,0,0.4486267,0,0,0.009929078,0,0.58125275,0.47003502,3
0.22653049,0.2265718,7.53E-05,3.78E-06,0.38159412,0.46982324,0,0,0.34851477,0.4641461,0,0,0.38961926,0.4486558,0,0,0.43765217,0.46403483,0,0,0,0,0,0.9826629,0,0.43570697,0,0.4486267,0,0,2.08E-17,0,0.58125275,0.47003502,2
0.23118617,0.31129515,7.19E-05,3.58E-06,0.38159412,0.46982324,0,0,0.34851477,0.4641461,0,0,0.38961926,0.4486558,0,0,0.43765217,0.46403483,0,0,0,0,0,0.98266315,0,0.43570697,0,0.4486267,0,0,2.08E-17,0,0.58125275,0.47003502,2
0.71404845,0.8722136,0.24399967,0.12161823,0.38159412,0.46982324,0.00015428949,1.77E-08,0.34851477,0.4641461,0.006805412,3.94E-05,0.38961926,0.4486558,0.0068209823,4.47E-05,0.43765217,0.46403483,9.94E-23,1.29E-22,0.5810941,3.96E-12,0.77412015,4.00E-06,1.57E-05,0.43570697,0,0.4486267,0,0,0.3503546,0,0.58125275,0.47003502,4
0.7116474,0.7881987,0.24990581,0.12760818,0.38159412,0.46982324,0,0,0.34851477,0.4641461,0,0,0.38961926,0.4486558,0,0,0.43765217,0.46403483,0,0,0,0,0,0.9826662,0,0.43570697,0,0.4486267,0,0,2.08E-17,0,0.58125275,0.47003502,1
0.2185221,0.21786979,7.79E-05,3.87E-06,0.38159412,0.46982324,0,0,0.34851477,0.4641461,0,0,0.38961926,0.4486558,0,0,0.43765217,0.46403483,0,0,0,0,0,0.9826629,0,0.43570697,0,0.4486267,0,0,2.08E-17,0,0.58125275,0.47003502,2
0.6997395,0.831563,0.24956885,0.12776026,0.38159412,0.46982324,0,0,0.34851477,0.4641461,0,0,0.38961926,0.4486558,0,0,0.43765217,0.46403483,0,0,0,0,0,0.9826662,0,0.43570697,0,0.4486267,0,0,2.08E-17,0,0.58125275,0.47003502,1
0.22242132,0.29947063,7.38E-05,3.72E-06,0.38159412,0.46982324,0,0,0.34851477,0.4641461,0,0,0.38961926,0.4486558,0,0,0.43765217,0.46403483,0,0,0,0,0,0.9826631,0,0.43570697,0,0.4486267,0,0,2.08E-17,0,0.58125275,0.47003502,2
0.7322664,0.3885588,0.0070709065,9.60E-05,0.38159412,0.46982324,3.77E-08,1.06E-15,0.34851477,0.4641461,0.00011838284,1.19E-08,0.38961926,0.4486558,0.00019544849,3.67E-08,0.43765217,0.46403483,1.02E-22,2.62E-22,0.61298335,9.01E-06,0.35233647,3.82E-05,0.00015017082,0.43570697,0,0.4486267,0,0,0.009929078,0,0.58125275,0.47003502,3
0.4643425,0.56163657,0.21373639,0.13145442,0.38159412,0.46982324,0,0,0.34851477,0.4641461,0,0,0.38961926,0.4486558,0,0,0.43765217,0.46403483,0,0,0,0,0,0.98266494,0,0.43570697,0,0.4486267,0,0,2.08E-17,0,0.58125275,0.47003502,4
0.31253925,0.097884975,0.005541303,0.000107807886,0.38159412,0.46982324,3.14E-07,7.34E-14,0.34851477,0.4641461,0.00023147628,4.56E-08,0.38961926,0.4486558,0.00033536932,1.08E-07,0.43765217,0.46403483,9.71E-22,1.43E-11,0.20681205,0.0003210147,0.069241665,0.00024904398,0.0009794647,0.43570697,0,0.4486267,0,0,0.009929078,0,0.58125275,0.47003502,3
0.22778043,0.30276453,7.47E-05,3.76E-06,0.38159412,0.46982324,0,0,0.34851477,0.4641461,0,0,0.38961926,0.4486558,0,0,0.43765217,0.46403483,0,0,0,0,0,0.9826631,0,0.43570697,0,0.4486267,0,0,2.08E-17,0,0.58125275,0.47003502,2
0.7199142,0.9951375,0.24402006,0.121609576,0.38159412,0.46982324,0,0,0.34851477,0.4641461,0,0,0.38961926,0.4486558,0,0,0.43765217,0.46403483,0,0,0,0,0,0.98266506,0,0.43570697,0,0.4486267,0,0,2.08E-17,0,0.58125275,0.47003502,4
0.7234148,0.9094878,0.24391489,0.12165604,0.38159412,0.46982324,0.00027152215,5.49E-08,0.34851477,0.4641461,0.007100096,4.29E-05,0.38961926,0.4486558,0.006826454,4.48E-05,0.43765217,0.46403483,4.12E-22,2.29E-22,0.58633864,2.36E-13,0.80692285,2.90E-06,1.14E-05,0.43570697,0,0.4486267,0,0,0.3503546,0,0.58125275,0.47003502,4
0.2634009,0.18412608,1.56E-05,1.52E-06,0.38159412,0.46982324,0,0,0.34851477,0.4641461,0,0,0.38961926,0.4486558,0,0,0.43765217,0.46403483,0,0,0,0,0,0.98266286,0,0.43570697,0,0.4486267,0,0,2.08E-17,0,0.58125275,0.47003502,2
0.0009295198,0.0015986076,0.0088326335,0.00082087616,0.38159412,0.46983993,0.02395524,0.00042758184,0.34851596,0.47106028,0.043142512,0.0016310847,0.38958904,0.43527776,0.03178503,0.0011514563,0.43777016,0.48639658,2.98E-21,1.32E-18,0.0008141854,1.60E-17,0.0016586974,8.11E-10,1.62E-17,0.43570697,0.00015653737,0.44851765,0.001399516,0.004461576,0.04079917,0.0004052528,0.58126163,0.48793653,0
0.35150808,0.15002508,0.18273097,0.13424076,0.38159412,0.46982324,0,0,0.34851477,0.4641461,0,0,0.38961926,0.4486558,0,0,0.43765217,0.46403483,0,0,0,0,0,0.98266697,0,0.43570697,0,0.4486267,0,0,2.08E-17,0,0.58125275,0.47003502,5
0.00025423724,0.00057031773,0.02512068,0.006000993,0.38159412,0.46982324,6.45E-06,3.10E-11,0.34851477,0.4641461,0.015825756,0.00021306491,0.38961926,0.4486562,0.019344663,0.00035960815,0.43765315,0.47944617,0,1.85E-23,2.49E-05,1.09E-16,7.05E-05,2.51E-08,2.66E-16,0.43570697,0.00022991362,0.44862705,0.00024426292,0.019271804,0.02968434,0.00035953827,0.5812535,0.48527366,0
0.7160607,0.7091213,0.25005,0.12754178,0.38159412,0.46982324,5.65E-06,2.38E-11,0.34851477,0.4641461,0.0049012923,2.04E-05,0.38961926,0.4486558,0.0064325877,3.98E-05,0.43765217,0.46403483,2.43E-22,1.87E-22,0.5806268,5.24E-09,0.6296691,1.01E-05,3.97E-05,0.43570697,0,0.4486267,0,0,0.35886526,0,0.58125275,0.47003502,1
0.7138791,0.8999536,0.24441043,0.121435784,0.38159412,0.46982324,0.007438207,4.12E-05,0.34851477,0.4641461,0.0099089,8.35E-05,0.38961926,0.4486558,0.007090142,4.83E-05,0.43765217,0.46403483,1.24E-22,1.76E-22,0.5900523,4.60E-13,0.80009156,3.12E-06,1.23E-05,0.43570697,0,0.4486267,0,0,0.3503546,0,0.58125275,0.47003502,4
0.74431133,0.66183084,0.007088102,9.57E-05,0.38159412,0.46982324,0,0,0.34851477,0.4641461,0,0,0.38961926,0.4486558,0,0,0.43765217,0.46403483,0,0,0,0,0,0.9826656,0,0.43570697,0,0.4486267,0,0,2.08E-17,0,0.58125275,0.47003502,3
0.26125106,0.35918266,1.49E-05,1.48E-06,0.38159412,0.46982324,0,0,0.34851477,0.4641461,0,0,0.38961926,0.4486558,0,0,0.43765217,0.46403483,0,0,0,0,0,0.9826632,0,0.43570697,0,0.4486267,0,0,2.08E-17,0,0.58125275,0.47003502,2
0.7049717,0.32593712,0.25056487,0.12730834,0.38159412,0.46982324,0.005709906,2.43E-05,0.34851477,0.4641461,0.00982512,8.21E-05,0.38961926,0.4486558,0.008278061,6.59E-05,0.43765217,0.46403483,1.50E-22,1.08E-19,0.5800228,1.90E-05,0.29002568,4.97E-05,0.00019550808,0.43570697,0,0.4486267,0,0,0.35886526,0,0.58125275,0.47003502,1
0.0011170914,0.0016205899,0.00839045,0.00083924184,0.38159412,0.46982285,0.040615764,0.001320774,0.3484933,0.45515236,0.044479318,0.0017818395,0.38937312,0.3622477,0.031860393,0.0012106962,0.43769118,0.47088963,3.76E-21,3.45E-18,0.0010789738,1.46E-17,0.0017241308,7.64E-10,1.58E-17,0.43570626,0.004069629,0.41500705,0.0012656726,0.059163596,0.044414423,0.0036103763,0.58139944,0.48270133,0
0.73281896,0.9401673,0.2446557,0.121325865,0.38159412,0.46982324,0.0020071378,3.00E-06,0.34851477,0.4641461,0.008649398,6.36E-05,0.38961926,0.4486558,0.006957781,4.65E-05,0.43765217,0.46403483,1.87E-22,1.92E-22,0.5961425,2.17E-14,0.8366787,2.20E-06,8.67E-06,0.43570697,0,0.4486267,0,0,0.3503546,0,0.58125275,0.47003502,4
0.22822513,0.30322945,7.51E-05,3.78E-06,0.38159412,0.46982324,0,0,0.34851477,0.4641461,0,0,0.38961926,0.4486558,0,0,0.43765217,0.46403483,0,0,0,0,0,0.9826631,0,0.43570697,0,0.4486267,0,0,2.08E-17,0,0.58125275,0.47003502,2
0.7192349,0.6036145,0.24311464,0.122007616,0.38159412,0.46982324,5.23E-07,2.04E-13,0.34851477,0.4641461,0.0037913509,1.22E-05,0.38961926,0.4486558,0.0062240716,3.72E-05,0.43765217,0.46403483,4.03E-22,2.48E-22,0.5834799,1.17E-07,0.5337758,1.62E-05,6.39E-05,0.43570697,0,0.4486267,0,0,0.3503546,0,0.58125275,0.47003502,4
0.36872074,0.2578097,0.21208288,0.13921167,0.38159412,0.46982324,0.0007704142,4.42E-07,0.34851477,0.4641461,0.030777454,0.00080583926,0.38961926,0.4486558,0.030399956,0.00088808185,0.43765217,0.46403483,7.80E-22,1.15E-21,0.27061963,3.36E-06,0.19444048,5.78E-05,0.00022721005,0.43570697,0,0.4486267,0,0,0.35886526,0,0.58125275,0.47003502,1
0.34617966,0.13700168,0.18299285,0.13425168,0.38159412,0.46982324,0.00024297001,4.40E-08,0.34851477,0.4641461,0.006247122,3.32E-05,0.38961926,0.4486558,0.0070358426,4.76E-05,0.43765217,0.46403483,2.29E-26,1.14E-12,0.0002537355,0.0752655,0.00014655465,0.094789535,0.33692232,0.43570697,0,0.4486267,0,0,0.011347517,0,0.58125275,0.47003502,5
0.0033229103,0.00096095394,0.044658106,0.0467093,0.34881306,0.38570318,0.30677468,0.24052766,0.31364208,0.37539375,0.30574265,0.27753952,0.35088658,0.35587326,0.27274507,0.2591714,0.44232652,0.46918258,9.55E-18,1.42E-17,0.003674553,4.47E-17,0.00075819844,2.42E-09,1.64E-16,0.6183132,0.17072496,0.6246218,0.00022519226,0.39383253,0.19793478,0.1786793,0.69609094,0.6389699,0
0.71074814,0.95683146,0.24500152,0.12117074,0.38159412,0.46982324,0.0020398898,3.10E-06,0.34851477,0.4641461,0.008770311,6.54E-05,0.38961926,0.4486558,0.007005984,4.72E-05,0.43765217,0.46403483,5.46E-23,1.19E-22,0.5875401,1.52E-15,0.8527144,1.65E-06,6.51E-06,0.43570697,0,0.4486267,0,0,0.3503546,0,0.58125275,0.47003502,4
0.7158421,0.9909019,0.24373509,0.1217351,0.38159412,0.46982324,0.00013074475,1.27E-08,0.34851477,0.4641461,0.006825508,3.96E-05,0.38961926,0.4486558,0.0071185273,4.87E-05,0.43765217,0.46403483,3.23E-22,2.03E-22,0.5770625,7.30E-19,0.87851393,7.46E-07,2.94E-06,0.43570697,0,0.4486267,0,0,0.3503546,0,0.58125275,0.47003502,4
0.7030918,0.8366356,0.2499132,0.1276047,0.38159412,0.46982324,0,0,0.34851477,0.4641461,0,0,0.38961926,0.4486558,0,0,0.43765217,0.46403483,0,0,0,0,0,0.9826662,0,0.43570697,0,0.4486267,0,0,2.08E-17,0,0.58125275,0.47003502,1
0.22883196,0.2981125,7.46E-05,3.75E-06,0.38159412,0.46982324,0,0,0.34851477,0.4641461,0,0,0.38961926,0.4486558,0,0,0.43765217,0.46403483,0,0,0,0,0,0.9826631,0,0.43570697,0,0.4486267,0,0,2.08E-17,0,0.58125275,0.47003502,2
0.2692317,0.05803833,0.18627906,0.13431126,0.38159412,0.46982324,0.00047883537,1.71E-07,0.34851477,0.4641461,0.017845618,0.0002709232,0.38961926,0.4486558,0.022951161,0.0005061933,0.43765217,0.46403483,2.15E-15,6.63E-07,0.16996098,0.001132665,0.039345827,0.00048740848,0.0019164644,0.43570697,9.29E-16,0.4486267,0.13627619,3.36E-08,0.3503546,1.09E-15,0.58125275,0.47003502,5
0.32543656,0.13532631,0.005297011,0.00010814171,0.38159412,0.46982324,0.0016233616,1.96E-06,0.34851477,0.4641461,0.0014040021,1.68E-06,0.38961926,0.4486558,0.00097322796,9.10E-07,0.43765217,0.46403483,4.73E-21,2.00E-15,0.18930854,0.00013415798,0.0915677,0.00017108156,0.00067290035,0.43570697,0,0.4486267,0,0,0.009929078,0,0.58125275,0.47003502,3
0.0011402649,0.001579189,0.0077142804,0.000686217,0.38159412,0.46982324,4.36E-07,3.07E-06,0.34851477,0.46415794,0.014151662,0.0005761273,0.3896091,0.43707383,0.028691633,0.0010485778,0.43768147,0.46986935,3.47E-17,3.48E-17,0.0011165062,2.35E-17,0.0016856131,7.92E-10,1.68E-17,0.43570703,0.00049867586,0.45014307,0.0014935569,0.003512087,0.039077863,0.00052824814,0.5812685,0.5052398,0
0.0012667414,0.0015822613,0.008483896,0.00090399344,0.38159412,0.46982324,3.79E-06,3.60E-07,0.34851477,0.46414724,0.00715241,0.000105576764,0.38962504,0.47969958,0.009992225,0.00015234573,0.4376769,0.4981391,1.16E-30,1.30E-21,0.00012162029,3.61E-17,0.0003404406,5.43E-09,4.96E-17,0.43570817,0.000113925555,0.47966844,0.001180307,0.009954591,0.028185299,0.00015231612,0.58127296,0.5037571,0
0.0025808732,0.0032737104,0.045956727,0.06930875,0.38159412,0.46982324,1.97E-09,3.23E-18,0.34851477,0.4641461,0.00044443933,1.69E-07,0.38961926,0.44863188,0.012727741,0.00015567403,0.43765098,0.44866815,0,0,6.99E-06,7.99E-19,8.40E-05,2.18E-08,4.50E-16,0.43570697,1.82E-07,0.44860274,0.00029105757,0.012679804,0.032646894,0.00015564378,0.58125174,0.45484057,0
0.22546645,0.31823227,7.21E-05,3.60E-06,0.38159412,0.46982324,0,0,0.34851477,0.4641461,0,0,0.38961926,0.4486558,0,0,0.43765217,0.46403483,0,0,0,0,0,0.9826633,0,0.43570697,0,0.4486267,0,0,2.08E-17,0,0.58125275,0.47003502,2
0.2636398,0.3609058,1.55E-05,1.57E-06,0.38159412,0.46982324,0,0,0.34851477,0.4641461,0,0,0.38961926,0.4486558,0,0,0.43765217,0.46403483,0,0,0,0,0,0.9826632,0,0.43570697,0,0.4486267,0,0,2.08E-17,0,0.58125275,0.47003502,2
0.42953452,0.35467854,0.0056045465,0.00010795815,0.38159412,0.46982324,0.00026482219,5.22E-08,0.34851477,0.4641461,0.0007834363,5.22E-07,0.38961926,0.4486558,0.00074641756,5.35E-07,0.43765217,0.46403483,2.24E-21,4.42E-21,0.30174154,1.11E-07,0.25357398,3.18E-05,0.00012519634,0.43570697,0,0.4486267,0,0,0.009929078,0,0.58125275,0.47003502,3
0.0050938386,0.0035986137,0.051815722,0.07474903,0.34321806,0.38935068,0.3406832,0.28673357,0.3127051,0.3888595,0.33902323,0.31919175,0.36583334,0.40058634,0.3467092,0.29807332,0.42414328,0.45289138,1.13E-18,2.47E-18,0.004020565,2.89E-17,0.0028137048,3.46E-10,4.38E-17,0.43570697,0,0.4486267,0,0,0.009929078,0,0.58125275,0.47003502,0
0.48498672,0.47102073,0.0060706073,0.00010590561,0.38159412,0.46982324,0.00077919464,4.52E-07,0.34851477,0.4641461,0.00084194384,6.03E-07,0.38961926,0.4486558,0.00077529944,5.78E-07,0.43765217,0.46403483,5.31E-22,1.03E-21,0.36784256,7.94E-11,0.36524624,1.09E-05,4.30E-05,0.43570697,0,0.4486267,0,0,0.009929078,0,0.58125275,0.47003502,3
0.46475652,0.4973697,0.21334626,0.13153647,0.38159412,0.46982324,0,0,0.34851477,0.4641461,0,0,0.38961926,0.4486558,0,0,0.43765217,0.46403483,0,0,0,0,0,0.9826649,0,0.43570697,0,0.4486267,0,0,2.08E-17,0,0.58125275,0.47003502,4
0.7212874,0.9932363,0.24411534,0.12156724,0.38159412,0.46982324,6.06E-06,2.73E-11,0.34851477,0.4641461,0.0049945586,2.12E-05,0.38961926,0.4486558,0.006894166,4.57E-05,0.43765217,0.46403483,3.01E-22,2.12E-22,0.5906016,3.91E-19,0.8819535,7.00E-07,2.76E-06,0.43570697,0,0.4486267,0,0,0.3503546,0,0.58125275,0.47003502,4
0.37830257,0.34638548,0.0055727144,0.00010804878,0.38159412,0.46982324,0,0,0.34851477,0.4641461,0,0,0.38961926,0.4486558,0,0,0.43765217,0.46403483,0,0,0,0,0,0.9826656,0,0.43570697,0,0.4486267,0,0,2.08E-17,0,0.58125275,0.47003502,3
0.7161434,0.72780573,0.24377586,0.1217174,0.38159412,0.46982324,3.34E-08,8.33E-16,0.34851477,0.4641461,0.0029826243,7.57E-06,0.38961926,0.4486558,0.0059979763,3.46E-05,0.43765217,0.46403483,2.07E-22,1.89E-22,0.58724433,3.24E-09,0.64534676,9.39E-06,3.69E-05,0.43570697,0,0.4486267,0,0,0.3503546,0,0.58125275,0.47003502,4
0.0010985477,0.0015880048,0.007897567,0.0008171242,0.38159412,0.46982324,4.51E-06,0.0003139194,0.34851477,0.46414694,0.018208772,0.0007273543,0.38964385,0.46833614,0.03160312,0.0012593585,0.43770927,0.47352087,4.09E-18,4.11E-18,0.0010247456,6.26E-18,0.0016654488,4.50E-07,1.76E-06,0.43570697,0.00030489155,0.44859904,0.0014164436,0.0022342366,0.038759284,0.0007039795,0.5812625,0.4999157,0
0.44127113,0.41047245,0.21193822,0.13181764,0.38159412,0.46982324,0.018130606,0.0002448954,0.34851477,0.4641461,0.020217467,0.00034772546,0.38961926,0.4486558,0.015311101,0.0002252786,0.43765217,0.46403483,2.28E-21,1.51E-21,0.30553535,7.78E-08,0.3164971,2.46E-05,9.69E-05,0.43570697,0,0.4486267,0,0,0.3503546,0,0.58125275,0.47003502,4
0.2551612,0.3146069,1.61E-05,1.63E-06,0.38159412,0.46982324,0,0,0.34851477,0.4641461,0,0,0.38961926,0.4486558,0,0,0.43765217,0.46403483,0,0,0,0,0,0.982663,0,0.43570697,0,0.4486267,0,0,2.08E-17,0,0.58125275,0.47003502,2
0.71605146,0.67405695,0.008072244,7.90E-05,0.38159412,0.46982324,5.76E-05,2.47E-09,0.34851477,0.4641461,0.00029907693,7.61E-08,0.38961926,0.4486558,0.00028500985,7.81E-08,0.43765217,0.46403483,8.07E-23,9.41E-23,0.6759619,2.52E-08,0.694477,1.09E-05,4.27E-05,0.43570697,0,0.4486267,0,0,0.009929078,0,0.58125275,0.47003502,3
0.0006784685,0.00049630186,0.014532373,0.0012342603,0.38159412,0.46982324,0,0,0.34851477,0.4641461,1.41E-09,1.68E-18,0.38961926,0.4486558,1.41E-09,1.90E-18,0.43765217,0.46403483,0,0,2.40E-08,1.70E-23,1.56E-05,8.15E-08,4.12E-17,0.43570697,1.81E-18,0.4486267,5.40E-05,1.40E-09,2.08E-17,1.90E-18,0.58125275,0.47003502,0
0.47778067,0.5848544,0.21508457,0.13116476,0.38159412,0.46982324,0.0069471574,3.60E-05,0.34851477,0.4641461,0.013104421,0.00014608941,0.38961926,0.4486558,0.01299217,0.00016220732,0.43765217,0.46403483,1.35E-21,1.61E-21,0.35264516,3.93E-14,0.45760068,4.06E-06,1.60E-05,0.43570697,0,0.4486267,0,0,0.3503546,0,0.58125275,0.47003502,4
0.70840883,0.9896494,0.24418044,0.12153778,0.38159412,0.46982324,0,0,0.34851477,0.4641461,0,0,0.38961926,0.4486558,0,0,0.43765217,0.46403483,0,0,0,0,0,0.98266506,0,0.43570697,0,0.4486267,0,0,2.08E-17,0,0.58125275,0.47003502,4
0.43841448,0.4055221,0.21207339,0.1317918,0.38159412,0.46982324,0,0,0.34851477,0.4641461,0,0,0.38961926,0.4486558,0,0,0.43765217,0.46403483,0,0,0,0,0,0.9826648,0,0.43570697,0,0.4486267,0,0,2.08E-17,0,0.58125275,0.47003502,4
0.44555548,0.43082893,0.21240138,0.13172638,0.38159412,0.46982324,0.00013411848,1.34E-08,0.34851477,0.4641461,0.012263917,0.00012795035,0.38961926,0.4486558,0.014226264,0.00019448622,0.43765217,0.46403483,1.44E-21,1.52E-21,0.31646413,2.86E-08,0.33289978,2.13E-05,8.37E-05,0.43570697,0,0.4486267,0,0,0.3503546,0,0.58125275,0.47003502,4
0.41445175,0.6008981,0.21212299,0.13178086,0.38159412,0.46982324,0,0,0.34851477,0.4641461,0,0,0.38961926,0.4486558,0,0,0.43765217,0.46403483,0,0,0,0,0,0.9826651,0,0.43570697,0,0.4486267,0,0,2.08E-17,0,0.58125275,0.47003502,4
0.42796016,0.28791693,0.0055202344,0.00010809317,0.38159412,0.46982324,3.86E-05,1.11E-09,0.34851477,0.4641461,0.00069666724,4.13E-07,0.38961926,0.4486558,0.0007879773,5.97E-07,0.43765217,0.46403483,3.34E-22,1.17E-21,0.28425258,1.50E-06,0.20289531,5.13E-05,0.0002018223,0.43570697,0,0.4486267,0,0,0.009929078,0,0.58125275,0.47003502,3
0.21904154,0.29792678,7.45E-05,3.75E-06,0.38159412,0.46982324,0,0,0.34851477,0.4641461,0,0,0.38961926,0.4486558,0,0,0.43765217,0.46403483,0,0,0,0,0,0.9826631,0,0.43570697,0,0.4486267,0,0,2.08E-17,0,0.58125275,0.47003502,2
0.3577446,0.13490653,0.19983824,0.14060086,0.38159412,0.46982324,0,0,0.34851477,0.4641461,0,0,0.38961926,0.4486558,0,0,0.43765217,0.46403483,0,0,0,0,0,0.9826661,0,0.43570697,0,0.4486267,0,0,2.08E-17,0,0.58125275,0.47003502,1
0.59924245,0.8300882,0.0071176337,9.53E-05,0.38159412,0.46982324,0,0,0.34851477,0.4641461,0,0,0.38961926,0.4486558,0,0,0.43765217,0.46403483,0,0,0,0,0,0.98266566,0,0.43570697,0,0.4486267,0,0,2.08E-17,0,0.58125275,0.47003502,3
0.42304862,0.15249984,0.21582375,0.131005,0.38159412,0.46982324,8.08E-07,4.87E-13,0.34851477,0.4641461,0.0070959353,4.28E-05,0.38961926,0.4486558,0.012349177,0.0001465491,0.43765217,0.46403483,8.50E-22,1.32E-13,0.2996507,0.00013779155,0.11972037,0.0001373708,0.00054032716,0.43570697,0,0.4486267,0,0,0.3503546,0,0.58125275,0.47003502,4
0.42476958,0.6024053,0.21170895,0.13185708,0.38159412,0.46982324,0.00048734416,1.77E-07,0.34851477,0.4641461,0.013513184,0.00015534542,0.38961926,0.4486558,0.0137352515,0.00018129271,0.43765217,0.46403483,7.92E-22,1.05E-21,0.29988953,6.82E-21,0.4639395,8.15E-07,3.21E-06,0.43570697,0,0.4486267,0,0,0.3503546,0,0.58125275,0.47003502,4
0.7427753,0.40549675,0.0080529535,7.95E-05,0.38159412,0.46982324,0.00058908365,2.59E-07,0.34851477,0.4641461,0.00031587275,8.49E-08,0.38961926,0.4486558,0.00029327426,8.27E-08,0.43765217,0.46403483,1.59E-22,1.26E-22,0.704583,5.80E-06,0.41736886,3.13E-05,0.00012300232,0.43570697,0,0.4486267,0,0,0.009929078,0,0.58125275,0.47003502,3
0.45393226,0.41144836,0.21348964,0.13897368,0.38159412,0.46982324,0,0,0.34851477,0.4641461,0,0,0.38961926,0.4486558,0,0,0.43765217,0.46403483,0,0,0,0,0,0.98266613,0,0.43570697,0,0.4486267,0,0,2.08E-17,0,0.58125275,0.47003502,1
0.2316129,0.25519207,7.55E-05,3.85E-06,0.38159412,0.46982324,0,0,0.34851477,0.4641461,0,0,0.38961926,0.4486558,0,0,0.43765217,0.46403483,0,0,0,0,0,0.982663,0,0.43570697,0,0.4486267,0,0,2.08E-17,0,0.58125275,0.47003502,2
0.23108457,0.3069428,7.51E-05,3.85E-06,0.38159412,0.46982324,0,0,0.34851477,0.4641461,0,0,0.38961926,0.4486558,0,0,0.43765217,0.46403483,0,0,0,0,0,0.98266315,0,0.43570697,0,0.4486267,0,0,2.08E-17,0,0.58125275,0.47003502,2
0.7181243,0.29434064,0.007052234,9.62E-05,0.38159412,0.46982324,3.13E-05,7.32E-10,0.34851477,0.4641461,0.00023398933,4.66E-08,0.38961926,0.4486558,0.0002403919,5.55E-08,0.43765217,0.46403483,1.08E-22,6.95E-17,0.5977279,3.52E-05,0.2662228,5.78E-05,0.00022718096,0.43570697,0,0.4486267,0,0,0.009929078,0,0.58125275,0.47003502,3
0.39286917,0.42879382,0.0059476225,0.00010659953,0.38159412,0.46982324,5.94E-06,2.63E-11,0.34851477,0.4641461,0.00071546494,4.35E-07,0.38961926,0.4486558,0.00075134734,5.42E-07,0.43765217,0.46403483,6.82E-21,3.25E-21,0.31211764,1.10E-09,0.32567903,1.57E-05,6.17E-05,0.43570697,0,0.4486267,0,0,0.009929078,0,0.58125275,0.47003502,3
0.2586035,0.22665417,1.66E-05,1.67E-06,0.38159412,0.46982324,0,0,0.34851477,0.4641461,0,0,0.38961926,0.4486558,0,0,0.43765217,0.46403483,0,0,0,0,0,0.9826629,0,0.43570697,0,0.4486267,0,0,2.08E-17,0,0.58125275,0.47003502,2
0.4570229,0.56922364,0.21367529,0.1314673,0.38159412,0.46982324,0,0,0.34851477,0.4641461,0,0,0.38961926,0.4486558,0,0,0.43765217,0.46403483,0,0,0,0,0,0.98266494,0,0.43570697,0,0.4486267,0,0,2.08E-17,0,0.58125275,0.47003502,4
0.43399376,0.52334446,0.21303016,0.1315995,0.38159412,0.46982324,0.035496075,0.0009386781,0.34851477,0.4641461,0.017632512,0.00026449133,0.38961926,0.4486558,0.014578194,0.00020422766,0.43765217,0.46403483,6.37E-22,8.41E-22,0.30990914,5.57E-11,0.4055934,9.33E-06,3.67E-05,0.43570697,0,0.4486267,0,0,0.3503546,0,0.58125275,0.47003502,4
0.7524785,0.6747748,0.0070707994,9.60E-05,0.38159412,0.46982324,0,0,0.34851477,0.4641461,0,0,0.38961926,0.4486558,0,0,0.43765217,0.46403483,0,0,0,0,0,0.9826656,0,0.43570697,0,0.4486267,0,0,2.08E-17,0,0.58125275,0.47003502,3
0.71607345,0.99678046,0.24438418,0.12144757,0.38159412,0.46982324,0,0,0.34851477,0.4641461,0,0,0.38961926,0.4486558,0,0,0.43765217,0.46403483,0,0,0,0,0,0.9826651,0,0.43570697,0,0.4486267,0,0,2.08E-17,0,0.58125275,0.47003502,4
0.7192212,0.34314847,0.008054554,7.95E-05,0.38159412,0.46982324,5.28E-06,2.08E-11,0.34851477,0.4641461,0.00023672052,4.77E-08,0.38961926,0.4486558,0.0002877985,7.96E-08,0.43765217,0.46403483,2.23E-22,4.06E-20,0.6818793,1.47E-05,0.3533953,4.04E-05,0.00015890448,0.43570697,0,0.4486267,0,0,0.009929078,0,0.58125275,0.47003502,3
0.2570668,0.32097554,1.49E-05,1.45E-06,0.38159412,0.46982324,0,0,0.34851477,0.4641461,0,0,0.38961926,0.4486558,0,0,0.43765217,0.46403483,0,0,0,0,0,0.98266304,0,0.43570697,0,0.4486267,0,0,2.08E-17,0,0.58125275,0.47003502,2
0.713094,0.35435596,0.24974273,0.1276831,0.38159412,0.46982324,0.00078158086,4.55E-07,0.34851477,0.4641461,0.008013709,5.46E-05,0.38961926,0.4486558,0.0077909967,5.83E-05,0.43765217,0.46403483,3.01E-22,2.27E-21,0.5786489,1.27E-05,0.31427503,4.40E-05,0.00017317692,0.43570697,0,0.4486267,0,0,0.35886526,0,0.58125275,0.47003502,1
0.0011395082,0.0015585915,0.007529614,0.00070448767,0.38159412,0.46982324,0,7.23E-19,0.34851477,0.4641461,0,0,0.38961926,0.4486558,0,1.90E-18,0.43765217,0.46403483,0,3.06E-27,3.03E-05,1.22E-20,0.0001094039,1.66E-08,4.71E-17,0.43570697,0,0.4486267,0.00037930315,0,0.017626109,1.90E-18,0.58125275,0.47003502,0
0.00084652303,0.0015530853,0.007844492,0.0007897214,0.38159412,0.46982324,1.43E-05,3.62E-07,0.34851477,0.46414572,0.021582248,0.0006325235,0.38960332,0.43607712,0.030953836,0.0011653927,0.4376037,0.45525408,1.48E-21,1.25E-18,0.00081465096,8.35E-18,0.0016423906,8.11E-10,7.29E-18,0.43570697,0.0001895655,0.4486267,0.0014029309,0.00012017628,0.038945597,0.0005232739,0.5812527,0.46551564,0
0.72925663,0.9683014,0.24401611,0.12161128,0.38159412,0.46982324,7.92E-07,4.67E-13,0.34851477,0.4641461,0.0039999653,1.36E-05,0.38961926,0.4486558,0.0064491522,4.00E-05,0.43765217,0.46403483,4.08E-22,4.58E-22,0.58317214,3.17E-16,0.859453,1.40E-06,5.52E-06,0.43570697,0,0.4486267,0,0,0.3503546,0,0.58125275,0.47003502,4
0.7476843,0.78394246,0.0070896237,9.57E-05,0.38159412,0.46982324,0,0,0.34851477,0.4641461,0,0,0.38961926,0.4486558,0,0,0.43765217,0.46403483,0,0,0,0,0,0.9826656,0,0.43570697,0,0.4486267,0,0,2.08E-17,0,0.58125275,0.47003502,3
0.70095813,0.53897595,0.2507317,0.12723033,0.38159412,0.46982324,0.0009176469,6.27E-07,0.34851477,0.4641461,0.008182624,5.70E-05,0.38961926,0.4486558,0.0071914694,4.97E-05,0.43765217,0.46403483,5.19E-23,9.80E-23,0.5779153,4.39E-07,0.47989997,2.06E-05,8.10E-05,0.43570697,0,0.4486267,0,0,0.35886526,0,0.58125275,0.47003502,1
0.41203755,0.60206825,0.21286367,0.13163188,0.38159412,0.46982324,0,0,0.34851477,0.4641461,0,0,0.38961926,0.4486558,0,0,0.43765217,0.46403483,0,0,0,0,0,0.98266506,0,0.43570697,0,0.4486267,0,0,2.08E-17,0,0.58125275,0.47003502,4
0.26150697,0.22803193,1.64E-05,1.65E-06,0.38159412,0.46982324,0,0,0.34851477,0.4641461,0,0,0.38961926,0.4486558,0,0,0.43765217,0.46403483,0,0,0,0,0,0.9826629,0,0.43570697,0,0.4486267,0,0,2.08E-17,0,0.58125275,0.47003502,2
0.39271542,0.4260611,0.21465881,0.13876663,0.38159412,0.46982324,0.0013229339,1.30E-06,0.34851477,0.4641461,0.027228229,0.0006306985,0.38961926,0.4486558,0.027982792,0.00075247,0.43765217,0.46403483,5.73E-21,2.94E-21,0.28245437,4.96E-10,0.32516053,1.44E-05,5.65E-05,0.43570697,0,0.4486267,0,0,0.35886526,0,0.58125275,0.47003502,1
0.72440904,0.9641179,0.24443541,0.12142456,0.38159412,0.46982324,1.06E-05,8.44E-11,0.34851477,0.4641461,0.0052204737,2.32E-05,0.38961926,0.4486558,0.0066335555,4.23E-05,0.43765217,0.46403483,1.04E-21,6.89E-22,0.58619946,5.39E-16,0.85721374,1.48E-06,5.84E-06,0.43570697,0,0.4486267,0,0,0.3503546,0,0.58125275,0.47003502,4
0.75055474,0.6600787,0.0070691756,9.60E-05,0.38159412,0.46982324,1.02E-07,7.80E-15,0.34851477,0.4641461,0.00017137405,2.50E-08,0.38961926,0.4486558,0.00024214434,5.63E-08,0.43765217,0.46403483,2.47E-22,2.04E-22,0.6198349,5.20E-08,0.59845185,1.34E-05,5.29E-05,0.43570697,0,0.4486267,0,0,0.009929078,0,0.58125275,0.47003502,3
0.0014400245,0.0016778763,0.008764859,0.00087690755,0.38159412,0.46982324,9.05E-05,1.60E-06,0.34851477,0.46413812,0.028571198,0.00080571603,0.3896475,0.46713278,0.03241489,0.0012167518,0.43791947,0.51147664,1.78E-17,1.83E-17,0.0014548197,1.79E-17,0.0018068175,7.11E-10,1.55E-17,0.43570697,0.0001727164,0.43193495,0.0015678013,0.0044940165,0.039923847,0.00047735893,0.58126587,0.49420536,0
0.0008340812,0.0015832997,0.0081834,0.0007840775,0.38159412,0.46982324,0.00014024717,3.57E-06,0.34851477,0.4660528,0.026272561,0.00080779835,0.389713,0.5058507,0.030738125,0.001140578,0.43784446,0.49972835,1.24E-24,9.15E-19,0.0008572157,2.68E-17,0.0016855467,7.94E-10,1.80E-17,0.43570697,0.00047253192,0.44862622,0.0014390534,0.0016525048,0.038785826,0.00053700496,0.581251,0.46193695,0
0.4532053,0.25834486,0.005656597,0.0001077851,0.38159412,0.46982324,0,0,0.34851477,0.4641461,0,0,0.38961926,0.4486558,0,0,0.43765217,0.46403483,0,0,0,0,0,0.98266554,0,0.43570697,0,0.4486267,0,0,2.08E-17,0,0.58125275,0.47003502,3
0.0007255261,0.0005006024,0.017380191,0.009319659,0.38159412,0.46982324,0.012182728,0.000110571986,0.34851477,0.4641461,0.020078762,0.0003429706,0.38961926,0.4486558,0.016713828,0.0002684472,0.43765217,0.46403483,8.72E-19,6.62E-17,0.00024340718,2.95E-16,0.000115788964,4.81E-08,1.26E-07,0.43570697,0.00037009196,0.4486267,0.000377435,0.016873471,0.017476305,0.000275619,0.58125275,0.47003502,0
0.7191426,0.67243624,0.24334027,0.121909074,0.38159412,0.46982324,0.00032584282,7.91E-08,0.34851477,0.4641461,0.007223822,4.44E-05,0.38961926,0.4486558,0.006821581,4.47E-05,0.43765217,0.46403483,3.70E-22,4.02E-22,0.58455247,1.90E-08,0.59519655,1.21E-05,4.78E-05,0.43570697,0,0.4486267,0,0,0.3503546,0,0.58125275,0.47003502,4
0.7054752,0.8360941,0.24957459,0.12775789,0.38159412,0.46982324,0.001920379,2.75E-06,0.34851477,0.4641461,0.008872196,6.70E-05,0.38961926,0.4486558,0.0067984005,4.44E-05,0.43765217,0.46403483,4.56E-22,2.68E-22,0.56862426,1.89E-11,0.74101305,4.87E-06,1.92E-05,0.43570697,0,0.4486267,0,0,0.35886526,0,0.58125275,0.47003502,1
0.7183903,0.91103363,0.24381621,0.121699825,0.38159412,0.46982324,0,0,0.34851477,0.4641461,0,0,0.38961926,0.4486558,0,0,0.43765217,0.46403483,0,0,0,0,0,0.98266494,0,0.43570697,0,0.4486267,0,0,2.08E-17,0,0.58125275,0.47003502,4
0.0030202623,0.0030965186,0.05142202,0.076695554,0.38159412,0.46982324,0,0,0.34851477,0.4641461,9.93E-10,8.41E-19,0.38961926,0.4486558,1.41E-09,1.90E-18,0.43765217,0.46403483,6.34E-26,1.59E-24,0.0019383526,2.18E-15,0.0012476724,1.23E-08,5.67E-14,0.43570697,9.07E-19,0.4486267,0.004325678,1.40E-09,2.08E-17,1.90E-18,0.58125275,0.47003502,0
0.7152722,0.9964536,0.24423552,0.121513754,0.38159412,0.46982324,6.31E-05,2.96E-09,0.34851477,0.4641461,0.006392525,3.48E-05,0.38961926,0.4486558,0.0071929344,4.97E-05,0.43765217,0.46403483,8.17E-23,1.57E-22,0.588016,7.85E-20,0.88525283,5.94E-07,2.34E-06,0.43570697,0,0.4486267,0,0,0.3503546,0,0.58125275,0.47003502,4
0.6938185,0.8291957,0.25003865,0.12754732,0.38159412,0.46982324,0.0097437,7.07E-05,0.34851477,0.4641461,0.010451668,9.29E-05,0.38961926,0.4486558,0.006931826,4.62E-05,0.43765217,0.46403483,9.54E-23,1.53E-22,0.5667909,2.62E-11,0.7362674,5.07E-06,1.99E-05,0.43570697,0,0.4486267,0,0,0.35886526,0,0.58125275,0.47003502,1
0.7584769,0.9268846,0.24470915,0.12130209,0.38159412,0.46982324,2.72E-06,5.51E-12,0.34851477,0.4641461,0.004331403,1.60E-05,0.38961926,0.4486558,0.0064468402,3.99E-05,0.43765217,0.46403483,3.92E-22,1.90E-22,0.6263406,8.79E-14,0.82502806,2.58E-06,1.02E-05,0.43570697,0,0.4486267,0,0,0.3503546,0,0.58125275,0.47003502,4
0.7291838,0.9370636,0.24486724,0.12123064,0.38159412,0.46982324,0.00767898,4.39E-05,0.34851477,0.4641461,0.009869673,8.29E-05,0.38961926,0.4486558,0.0070600854,4.79E-05,0.43765217,0.46403483,2.86E-22,2.48E-22,0.59826803,2.82E-14,0.8346394,2.27E-06,8.93E-06,0.43570697,0,0.4486267,0,0,0.3503546,0,0.58125275,0.47003502,4
0.2516892,0.34915504,1.54E-05,1.56E-06,0.38159412,0.46982324,0,0,0.34851477,0.4641461,0,0,0.38961926,0.4486558,0,0,0.43765217,0.46403483,0,0,0,0,0,0.9826631,0,0.43570697,0,0.4486267,0,0,2.08E-17,0,0.58125275,0.47003502,2
0.7485819,0.56746227,0.007087911,9.57E-05,0.38159412,0.46982324,0.0008019318,4.79E-07,0.34851477,0.4641461,0.00033398494,9.49E-08,0.38961926,0.4486558,0.00025584048,6.29E-08,0.43765217,0.46403483,1.02E-22,1.60E-22,0.62902254,4.11E-07,0.5159023,1.92E-05,7.55E-05,0.43570697,0,0.4486267,0,0,0.009929078,0,0.58125275,0.47003502,3
0.37398252,0.26821092,0.0053498764,0.000108317465,0.38159412,0.46982324,0.00045197958,1.52E-07,0.34851477,0.4641461,0.0010090973,8.66E-07,0.38961926,0.4486558,0.00084659015,6.89E-07,0.43765217,0.46403483,1.86E-21,9.88E-21,0.20465058,3.15E-06,0.18315771,5.92E-05,0.00023301445,0.43570697,0,0.4486267,0,0,0.009929078,0,0.58125275,0.47003502,3
0.71347934,0.6397331,0.25019038,0.12747858,0.38159412,0.46982324,1.11E-08,9.25E-17,0.34851477,0.4641461,0.0024679452,5.18E-06,0.38961926,0.4486558,0.0058645173,3.31E-05,0.43765217,0.46403483,1.06E-22,1.20E-22,0.5833641,3.99E-08,0.5683676,1.37E-05,5.39E-05,0.43570697,0,0.4486267,0,0,0.35886526,0,0.58125275,0.47003502,1
0.21873365,0.2981609,7.47E-05,3.77E-06,0.38159412,0.46982324,0,0,0.34851477,0.4641461,0,0,0.38961926,0.4486558,0,0,0.43765217,0.46403483,0,0,0,0,0,0.9826631,0,0.43570697,0,0.4486267,0,0,2.08E-17,0,0.58125275,0.47003502,2
0.2187214,0.2432519,7.48E-05,3.80E-06,0.38159412,0.46982324,0,0,0.34851477,0.4641461,0,0,0.38961926,0.4486558,0,0,0.43765217,0.46403483,0,0,0,0,0,0.982663,0,0.43570697,0,0.4486267,0,0,2.08E-17,0,0.58125275,0.47003502,2
0.752735,0.7362876,0.0070889075,9.58E-05,0.38159412,0.46982324,0.00042928458,1.37E-07,0.34851477,0.4641461,0.00031478074,8.43E-08,0.38961926,0.4486558,0.00026006138,6.50E-08,0.43765217,0.46403483,1.25E-22,1.44E-22,0.6297364,6.50E-09,0.6693875,9.77E-06,3.84E-05,0.43570697,0,0.4486267,0,0,0.009929078,0,0.58125275,0.47003502,3
0.70454144,0.7738733,0.2504227,0.12737267,0.38159412,0.46982324,0,0,0.34851477,0.4641461,0,0,0.38961926,0.4486558,0,0,0.43765217,0.46403483,0,0,0,0,0,0.9826662,0,0.43570697,0,0.4486267,0,0,2.08E-17,0,0.58125275,0.47003502,1
0.70317864,0.7865642,0.25058454,0.12729836,0.38159412,0.46982324,3.24E-05,7.81E-10,0.34851477,0.4641461,0.0058507477,2.91E-05,0.38961926,0.4486558,0.0065097148,4.07E-05,0.43765217,0.46403483,7.13E-23,1.11E-22,0.5795077,2.47E-10,0.69993186,6.68E-06,2.63E-05,0.43570697,0,0.4486267,0,0,0.35886526,0,0.58125275,0.47003502,1
0.44036263,0.5957366,0.21390201,0.13142207,0.38159412,0.46982324,1.19E-06,1.06E-12,0.34851477,0.4641461,0.006498517,3.59E-05,0.38961926,0.4486558,0.012133623,0.00014147772,0.43765217,0.46403483,4.55E-22,7.60E-22,0.3068319,3.03E-15,0.46353707,3.06E-06,1.20E-05,0.43570697,0,0.4486267,0,0,0.3503546,0,0.58125275,0.47003502,4
0.295714,0.07248443,0.18232119,0.13424009,0.38159412,0.46982324,0,0,0.34851477,0.4641461,0,0,0.38961926,0.4486558,0,0,0.43765217,0.46403483,0,0,0,0,0,0.98266697,0,0.43570697,0,0.4486267,0,0,2.08E-17,0,0.58125275,0.47003502,5
0.41397128,0.6018694,0.2125487,0.13169485,0.38159412,0.46982324,0,0,0.34851477,0.4641461,0,0,0.38961926,0.4486558,0,0,0.43765217,0.46403483,0,0,0,0,0,0.98266506,0,0.43570697,0,0.4486267,0,0,2.08E-17,0,0.58125275,0.47003502,4
0.21826543,0.2982427,7.45E-05,3.75E-06,0.38159412,0.46982324,0,0,0.34851477,0.4641461,0,0,0.38961926,0.4486558,0,0,0.43765217,0.46403483,0,0,0,0,0,0.9826631,0,0.43570697,0,0.4486267,0,0,2.08E-17,0,0.58125275,0.47003502,2
0.25980002,0.2522326,1.56E-05,1.58E-06,0.38159412,0.46982324,0,0,0.34851477,0.4641461,0,0,0.38961926,0.4486558,0,0,0.43765217,0.46403483,0,0,0,0,0,0.9826629,0,0.43570697,0,0.4486267,0,0,2.08E-17,0,0.58125275,0.47003502,2
0.78657806,0.8318539,0.008092076,7.81E-05,0.38159412,0.46982324,6.70E-05,3.35E-09,0.34851477,0.4641461,0.00024158512,4.97E-08,0.38961926,0.4486558,0.00025914822,6.45E-08,0.43765217,0.46403483,8.13E-23,1.01E-22,0.7523296,1.98E-10,0.861287,5.45E-06,2.15E-05,0.43570697,0,0.4486267,0,0,0.009929078,0,0.58125275,0.47003502,3
0.70590985,0.70692265,0.25068825,0.1272498,0.38159412,0.46982324,6.29E-06,2.95E-11,0.34851477,0.4641461,0.0049541807,2.09E-05,0.38961926,0.4486558,0.006442442,3.99E-05,0.43765217,0.46403483,1.03E-22,1.44E-22,0.5827156,5.36E-09,0.6293191,1.01E-05,3.98E-05,0.43570697,0,0.4486267,0,0,0.35886526,0,0.58125275,0.47003502,1
0.726443,0.69355935,0.0080804145,7.88E-05,0.38159412,0.46982324,3.65E-06,9.95E-12,0.34851477,0.4641461,0.00022579961,4.34E-08,0.38961926,0.4486558,0.00027333354,7.18E-08,0.43765217,0.46403483,9.64E-23,8.04E-23,0.69320416,1.43E-08,0.71561027,9.99E-06,3.93E-05,0.43570697,0,0.4486267,0,0,0.009929078,0,0.58125275,0.47003502,3
0.7041888,0.83470476,0.24953066,0.12777764,0.38159412,0.46982324,0.0028216785,5.93E-06,0.34851477,0.4641461,0.00922792,7.24E-05,0.38961926,0.4486558,0.0068301805,4.48E-05,0.43765217,0.46403483,2.66E-22,2.03E-22,0.56650287,2.04E-11,0.7396519,4.92E-06,1.94E-05,0.43570697,0,0.4486267,0,0,0.35886526,0,0.58125275,0.47003502,1
0.3628585,0.37603256,0.21247967,0.13914248,0.38159412,0.46982324,0.041480567,0.0012818741,0.34851477,0.4641461,0.033224452,0.00093907164,0.38961926,0.4486558,0.027978651,0.0007522473,0.43765217,0.46403483,6.98E-21,3.45E-21,0.24692757,1.41E-08,0.28406283,2.27E-05,8.92E-05,0.43570697,0,0.4486267,0,0,0.35886526,0,0.58125275,0.47003502,1
0.2287259,0.28987283,7.46E-05,3.70E-06,0.38159412,0.46982324,0,0,0.34851477,0.4641461,0,0,0.38961926,0.4486558,0,0,0.43765217,0.46403483,0,0,0,0,0,0.98266304,0,0.43570697,0,0.4486267,0,0,2.08E-17,0,0.58125275,0.47003502,2
0.7525189,0.8293068,0.0070853685,9.58E-05,0.38159412,0.46982324,0.00056693977,2.39E-07,0.34851477,0.4641461,0.00039583375,1.33E-07,0.38961926,0.4486558,0.00027560958,7.30E-08,0.43765217,0.46403483,2.83E-22,1.59E-22,0.62582177,2.30E-10,0.75368416,6.21E-06,2.44E-05,0.43570697,0,0.4486267,0,0,0.009929078,0,0.58125275,0.47003502,3
0.23187007,0.045483902,0.18404283,0.13429233,0.38159412,0.46982324,0,0,0.34851477,0.4641461,0,0,0.38961926,0.4486558,0,0,0.43765217,0.46403483,0,0,0,0,0,0.98266697,0,0.43570697,0,0.4486267,0,0,2.08E-17,0,0.58125275,0.47003502,5
0.42599976,0.1357265,0.21846393,0.13038439,0.38159412,0.46982324,4.32E-06,1.39E-11,0.34851477,0.4641461,0.008418753,6.03E-05,0.38961926,0.4486558,0.013256119,0.00016886507,0.43765217,0.46403483,3.74E-22,3.79E-12,0.30969214,0.00019395872,0.10786085,0.00015829613,0.00062262034,0.43570697,0,0.4486267,0,0,0.3503546,0,0.58125275,0.47003502,4
0.7182602,0.71460044,0.24346516,0.121853866,0.38159412,0.46982324,4.74E-07,1.67E-13,0.34851477,0.4641461,0.003750972,1.20E-05,0.38961926,0.4486558,0.00619583,3.69E-05,0.43765217,0.46403483,2.70E-22,2.44E-22,0.5842446,5.12E-09,0.63283205,1.00E-05,3.94E-05,0.43570697,0,0.4486267,0,0,0.3503546,0,0.58125275,0.47003502,4
0.0010812553,0.0016274701,0.029498,0.06313413,0.38159412,0.46982324,0.00070827984,5.91E-07,0.34851477,0.46414527,0.009782344,0.00014206614,0.38960913,0.41240543,0.01019341,0.00014996198,0.43765813,0.4722906,1.57E-25,1.63E-19,0.00020599272,3.72E-17,0.00036618506,5.04E-09,4.91E-17,0.43570608,0.00015330043,0.41237867,0.0012695631,0.010155018,0.028034186,0.00014993285,0.5812576,0.4781983,0
0.00043462618,0.0005085872,0.019042306,0.016255043,0.38159412,0.46982324,0.00012268985,2.33E-07,0.34851477,0.46415788,0.0075267884,0.0009942296,0.38966358,0.5191852,0.20506136,0.077789724,0.4439703,0.48195097,8.52E-26,7.56E-20,0.00013229763,1.37E-16,0.00024123621,8.26E-09,4.79E-16,0.43570697,2.03E-18,0.4486267,0.00035807714,1.40E-09,0.017626109,2.69E-18,0.58125275,0.47003502,0
0.34433544,0.39739758,0.18377824,0.13426033,0.38159412,0.46982324,0,0,0.34851477,0.4641461,0,0,0.38961926,0.4486558,0,0,0.43765217,0.46403483,0,0,0,0,0,0.9826671,0,0.43570697,0,0.4486267,0,0,2.08E-17,0,0.58125275,0.47003502,5
0.7124215,0.40115708,0.24298568,0.122063085,0.38159412,0.46982324,0,0,0.34851477,0.4641461,0,0,0.38961926,0.4486558,0,0,0.43765217,0.46403483,0,0,0,0,0,0.98266476,0,0.43570697,0,0.4486267,0,0,2.08E-17,0,0.58125275,0.47003502,4
0.418115,0.60183,0.21209943,0.13178498,0.38159412,0.46982324,0,0,0.34851477,0.4641461,0,0,0.38961926,0.4486558,0,0,0.43765217,0.46403483,0,0,0,0,0,0.9826651,0,0.43570697,0,0.4486267,0,0,2.08E-17,0,0.58125275,0.47003502,4
0.4239731,0.14523368,0.2185727,0.13035776,0.38159412,0.46982324,1.63E-06,1.99E-12,0.34851477,0.4641461,0.0075783012,4.89E-05,0.38961926,0.4486558,0.0126774395,0.00015444368,0.43765217,0.46403483,4.71E-22,5.42E-13,0.30939165,0.00015716311,0.11547105,0.00014477322,0.0005694391,0.43570697,0,0.4486267,0,0,0.3503546,0,0.58125275,0.47003502,4
0.4513759,0.6065067,0.21301097,0.13160351,0.38159412,0.46982324,0.021510156,0.00034470143,0.34851477,0.4641461,0.01679075,0.00023984085,0.38961926,0.4486558,0.013273369,0.00016930485,0.43765217,0.46403483,2.64E-21,1.73E-21,0.3150876,4.91E-17,0.46997133,2.00E-06,7.87E-06,0.43570697,0,0.4486267,0,0,0.3503546,0,0.58125275,0.47003502,4
0.0010719887,0.001554344,0.008049827,0.00080489955,0.38159412,0.46857083,0.003228042,8.53E-06,0.34851488,0.47140333,0.03285011,0.0010811731,0.389624,0.45093498,0.031459887,0.0011702337,0.4377237,0.4770879,1.17E-19,2.64E-18,0.0010538636,5.50E-18,0.0016151406,8.30E-10,6.01E-18,0.43570256,0.0030309379,0.42204183,0.0012890513,0.057130896,0.0443903,0.0034347305,0.58153087,0.49395284,0
0.66963774,0.2577632,0.25047588,0.12734695,0.38159412,0.46982324,0,0,0.34851477,0.4641461,0,0,0.38961926,0.4486558,0,0,0.43765217,0.46403483,0,0,0,0,0,0.9826661,0,0.43570697,0,0.4486267,0,0,2.08E-17,0,0.58125275,0.47003502,1
0.0007553699,0.0009294026,0.036426652,0.040682964,0.38159412,0.46982324,0.008663535,5.59E-05,0.34851477,0.4641461,0.08306804,0.0058701746,0.38961926,0.4486558,0.09138835,0.008172164,0.43687686,0.43162158,1.96E-22,6.20E-17,0.0003880495,7.49E-15,0.00017808008,1.65E-08,6.45E-15,0.43570697,0.006334371,0.4486267,0.00035359114,0.087567985,0.07954429,0.0074231974,0.58125275,0.47003502,0
0.00043408087,0.00042014703,0.011740508,0.00038299116,0.38159412,0.46982324,0.02190849,0.0003575863,0.34851477,0.4641461,0.02203477,0.00041304762,0.38961926,0.4486558,0.017840782,0.0003058686,0.43765217,0.46403483,2.77E-16,2.77E-16,0.00016513938,3.85E-16,9.54E-05,1.96E-08,5.48E-16,0.43570697,0.00044571052,0.4486267,0.00033073884,0.01777359,0.016921889,0.00030580917,0.58125275,0.47003502,0
0.3928014,0.26451382,0.18479437,0.13427976,0.38159412,0.46982324,0.0049854475,1.85E-05,0.34851477,0.4641461,0.01801917,0.0002762184,0.38961926,0.4486558,0.018889518,0.00034288532,0.43765217,0.46403483,5.12E-22,1.66E-21,0.24586706,2.43E-06,0.17785925,6.05E-05,0.00023811386,0.43570697,3.02E-15,0.4486267,0.6162224,1.03E-07,0.3503546,1.02E-14,0.58125275,0.47003502,5
0.004462449,0.0036134117,0.049387384,0.076251164,0.38159412,0.46982324,0,0,0.34851477,0.4641461,1.41E-09,1.68E-18,0.38961926,0.4486558,1.99E-09,3.80E-18,0.43765217,0.46403483,5.76E-22,1.32E-21,0.0019505087,5.75E-16,0.001478454,9.18E-09,4.22E-14,0.43570697,1.81E-18,0.4486267,0.005125798,1.98E-09,2.08E-17,3.80E-18,0.58125275,0.47003502,0
0.45311436,0.38735056,0.21358432,0.13148458,0.38159412,0.46982324,0.0002228235,3.70E-08,0.34851477,0.4641461,0.010863303,0.000100393794,0.38961926,0.4486558,0.013863634,0.0001846976,0.43765217,0.46403483,4.76E-22,6.38E-22,0.32460222,2.17E-07,0.30096427,2.89E-05,0.000113654496,0.43570697,0,0.4486267,0,0,0.3503546,0,0.58125275,0.47003502,4
0.21884969,0.19428933,7.90E-05,4.01E-06,0.38159412,0.46982324,0,0,0.34851477,0.4641461,0,0,0.38961926,0.4486558,0,0,0.43765217,0.46403483,0,0,0,0,0,0.9826629,0,0.43570697,0,0.4486267,0,0,2.08E-17,0,0.58125275,0.47003502,2
0.0009860095,0.0015993551,0.008688006,0.0008233637,0.38159412,0.46982324,0.0007626459,4.33E-07,0.34851477,0.4641461,0.011693171,0.0001258165,0.38961354,0.42190468,0.0106955385,0.00015569708,0.4376576,0.4712546,5.48E-26,4.80E-20,0.00013223894,1.93E-17,0.00035267702,5.24E-09,4.93E-17,0.43570697,0.0001357658,0.4218773,0.0012227307,0.010655256,0.028368933,0.00015566683,0.58125716,0.4771739,0
0.21822843,0.31331992,7.40E-05,3.74E-06,0.38159412,0.46982324,0,0,0.34851477,0.4641461,0,0,0.38961926,0.4486558,0,0,0.43765217,0.46403483,0,0,0,0,0,0.9826632,0,0.43570697,0,0.4486267,0,0,2.08E-17,0,0.58125275,0.47003502,2
0.5941095,0.16707204,0.24849482,0.12824145,0.38159412,0.46982324,7.30E-06,3.97E-11,0.34851477,0.4641461,0.0054274355,2.51E-05,0.38961926,0.4486558,0.008299878,6.62E-05,0.43765217,0.46403483,1.28E-22,1.08E-10,0.48203617,0.00018062195,0.14743215,0.000120193035,0.0004727702,0.43570697,0,0.4486267,0,0,0.35886526,0,0.58125275,0.47003502,1
0.7221228,0.81821495,0.24406391,0.121590085,0.38159412,0.46982324,0,0,0.34851477,0.4641461,0,0,0.38961926,0.4486558,0,0,0.43765217,0.46403483,0,0,0,0,0,0.9826649,0,0.43570697,0,0.4486267,0,0,2.08E-17,0,0.58125275,0.47003502,4
0.00075446913,0.0005339985,0.013757941,0.0010545342,0.38159412,0.46982324,1.97E-09,2.89E-18,0.34851477,0.4641461,0,0,0.38961926,0.4486558,1.41E-09,1.90E-18,0.43765217,0.46403483,1.09E-14,5.56E-13,0.000113822,1.39E-12,2.12E-05,5.89E-07,1.41E-12,0.43570697,0,0.4486267,0,0,0.009929078,0,0.58125275,0.47003502,0
0.4256051,0.60433495,0.21283875,0.1316375,0.38159412,0.46982324,5.96E-05,2.65E-09,0.34851477,0.4641461,0.0105811395,9.52E-05,0.38961926,0.4486558,0.013009192,0.00016263266,0.43765217,0.46403483,4.83E-22,4.38E-22,0.2960408,4.83E-19,0.46790195,1.26E-06,4.95E-06,0.43570697,0,0.4486267,0,0,0.3503546,0,0.58125275,0.47003502,4
0.39709198,0.18509364,0.21044128,0.1394607,0.38159412,0.46982324,0,0,0.34851477,0.4641461,0,0,0.38961926,0.4486558,0,0,0.43765217,0.46403483,0,0,0,0,0,0.9826661,0,0.43570697,0,0.4486267,0,0,2.08E-17,0,0.58125275,0.47003502,1
0.22965626,0.1206316,7.88E-05,4.11E-06,0.38159412,0.46982324,0,0,0.34851477,0.4641461,0,0,0.38961926,0.4486558,0,0,0.43765217,0.46403483,0,0,0,0,0,0.98266286,0,0.43570697,0,0.4486267,0,0,2.08E-17,0,0.58125275,0.47003502,2
0.0011812763,0.0015902789,0.00828993,0.00083752815,0.38159412,0.46982342,0.0010057541,4.05E-05,0.34851477,0.46486285,0.029853465,0.0009377951,0.38958976,0.43276754,0.032143362,0.0012185998,0.43759397,0.45381996,2.29E-19,3.17E-18,0.0010340638,6.91E-18,0.0016553554,8.01E-10,6.97E-18,0.4357066,0.0027878673,0.43029082,0.0014118527,0.056830954,0.04395647,0.0033976284,0.5815351,0.49460387,0
0.7210214,0.84933686,0.24422969,0.12151624,0.38159412,0.46982324,4.89E-07,1.78E-13,0.34851477,0.4641461,0.0037847501,1.22E-05,0.38961926,0.4486558,0.0062993453,3.81E-05,0.43765217,0.46403483,1.03E-22,1.41E-22,0.59134215,1.78E-11,0.7545173,4.78E-06,1.88E-05,0.43570697,0,0.4486267,0,0,0.3503546,0,0.58125275,0.47003502,4
0.7171946,0.99489826,0.24429467,0.121486805,0.38159412,0.46982324,0.0033716962,8.47E-06,0.34851477,0.4641461,0.009487699,7.66E-05,0.38961926,0.4486558,0.0074895183,5.39E-05,0.43765217,0.46403483,8.26E-23,1.07E-22,0.5910976,1.73E-19,0.8840907,6.44E-07,2.53E-06,0.43570697,0,0.4486267,0,0,0.3503546,0,0.58125275,0.47003502,4
0.39951873,0.34265056,0.2097458,0.13956559,0.38159412,0.46982324,0,0,0.34851477,0.4641461,0,0,0.38961926,0.4486558,0,0,0.43765217,0.46403483,0,0,0,0,0,0.98266613,0,0.43570697,0,0.4486267,0,0,2.08E-17,0,0.58125275,0.47003502,1
0.39588562,0.16179213,0.20871986,0.13970764,0.38159412,0.46982324,0.00023497539,4.11E-08,0.34851477,0.4641461,0.02077938,0.0003673231,0.38961926,0.4486558,0.024327118,0.0005687068,0.43765217,0.46403483,6.91E-22,1.35E-18,0.2841663,4.82E-05,0.12001076,0.00012273187,0.0004827552,0.43570697,0,0.4486267,0,0,0.35886526,0,0.58125275,0.47003502,1
0.70755064,0.9852059,0.24432887,0.12147187,0.38159412,0.46982324,7.16E-06,3.82E-11,0.34851477,0.4641461,0.005134235,2.24E-05,0.38961926,0.4486558,0.006807166,4.45E-05,0.43765217,0.46403483,2.47E-22,2.09E-22,0.5805039,3.93E-18,0.8755851,8.87E-07,3.49E-06,0.43570697,0,0.4486267,0,0,0.3503546,0,0.58125275,0.47003502,4
0.21471775,0.2847345,7.40E-05,3.76E-06,0.38159412,0.46982324,0,0,0.34851477,0.4641461,0,0,0.38961926,0.4486558,0,0,0.43765217,0.46403483,0,0,0,0,0,0.98266304,0,0.43570697,0,0.4486267,0,0,2.08E-17,0,0.58125275,0.47003502,2
0.38140076,0.43641034,0.0060601067,0.000105961095,0.38159412,0.46982324,4.50E-08,1.51E-15,0.34851477,0.4641461,0.0004392258,1.64E-07,0.38961926,0.4486558,0.0007020608,4.74E-07,0.43765217,0.46403483,2.17E-21,1.90E-21,0.30682877,4.14E-10,0.33778602,1.37E-05,5.38E-05,0.43570697,0,0.4486267,0,0,0.009929078,0,0.58125275,0.47003502,3
0.37937957,0.42546386,0.0058644167,0.00010700351,0.38159412,0.46982324,1.01E-05,7.61E-11,0.34851477,0.4641461,0.000800276,5.45E-07,0.38961926,0.4486558,0.0007635729,5.60E-07,0.43765217,0.46403483,4.29E-21,5.63E-21,0.276371,1.38E-09,0.31857675,1.62E-05,6.37E-05,0.43570697,0,0.4486267,0,0,0.009929078,0,0.58125275,0.47003502,3
0.00073426514,0.00050536124,0.01626511,0.010011163,0.38159412,0.46976823,0.012170462,0.000110360874,0.34851378,0.44065604,0.020079937,0.00034301568,0.3896113,0.33814967,0.016660651,0.0002667453,0.43765533,0.48815003,8.71E-19,6.66E-17,0.00024322873,2.96E-16,0.00011548134,1.66E-08,6.19E-16,0.41099992,0.00037014062,0.33812773,0.00040037365,0.016597902,0.031326216,0.00026669347,0.5812553,0.49387997,0
0.37020403,0.32324374,0.005476363,0.00010819271,0.38159412,0.46982324,2.26E-08,3.82E-16,0.34851477,0.4641461,0.00034562533,1.02E-07,0.38961926,0.4486558,0.0006897955,4.57E-07,0.43765217,0.46403483,1.03E-20,8.57E-21,0.2338771,3.68E-07,0.22574782,3.93E-05,0.00015461058,0.43570697,0,0.4486267,0,0,0.009929078,0,0.58125275,0.47003502,3
0.0033785568,0.0009126373,0.033460747,0.03621109,0.333699,0.35298368,0.2951274,0.282904,0.30058607,0.34824437,0.2936653,0.32121474,0.34152457,0.33805203,0.25850475,0.29326287,0.43310645,0.45910648,1.82E-17,1.91E-17,0.0028772056,4.02E-17,0.0006136716,3.16E-09,2.65E-16,0.63082266,0.13427907,0.6362028,0.00022519952,0.3614047,0.17686857,0.140548,0.67063487,0.6500409,0
0.7035978,0.23562288,0.008085785,7.94E-05,0.38159412,0.46982324,0,0,0.34851477,0.4641461,0,0,0.38961926,0.4486558,0,0,0.43765217,0.46403483,0,0,0,0,0,0.9826655,0,0.43570697,0,0.4486267,0,0,2.08E-17,0,0.58125275,0.47003502,3
0.0009604638,0.0015477593,0.008048282,0.0008162555,0.38159412,0.46982324,3.18E-05,1.94E-07,0.34851477,0.46498474,0.023027774,0.0006101512,0.38968706,0.5035007,0.031541735,0.0011851182,0.43788263,0.5054262,9.48E-18,9.55E-18,0.0008648797,7.80E-18,0.0016294683,8.20E-10,1.72E-13,0.43570697,0.00019371275,0.4486267,0.0013951471,3.10E-07,0.039030597,0.0005173661,0.58125275,0.47003365,0
0.0012471867,0.0015724561,0.008498232,0.00088513514,0.38159412,0.4757899,0.009917644,7.39E-05,0.34851396,0.45474455,0.035911582,0.0012487996,0.38963112,0.45375553,0.03310797,0.0012613793,0.43761116,0.45698595,1.10E-17,1.08E-17,0.001150285,7.00E-18,0.0016320938,8.18E-10,6.94E-18,0.43570697,0.00045851275,0.44861507,0.0013670439,0.0016702152,0.039581716,0.0004804312,0.58125085,0.46084398,0
0.2292312,0.31262347,7.29E-05,3.58E-06,0.38159412,0.46982324,0,0,0.34851477,0.4641461,0,0,0.38961926,0.4486558,0,0,0.43765217,0.46403483,0,0,0,0,0,0.98266315,0,0.43570697,0,0.4486267,0,0,2.08E-17,0,0.58125275,0.47003502,2
0.39865997,0.33588314,0.20986196,0.13954857,0.38159412,0.46982324,0,0,0.34851477,0.4641461,0,0,0.38961926,0.4486558,0,0,0.43765217,0.46403483,0,0,0,0,0,0.98266613,0,0.43570697,0,0.4486267,0,0,2.08E-17,0,0.58125275,0.47003502,1
0.00036777058,0.00058673444,0.02247984,0.007908827,0.38159412,0.46982324,0,1.44E-18,0.34851477,0.4641461,0.0018868014,3.04E-06,0.38961914,0.4003537,0.014082689,0.00019058313,0.43765187,0.46062082,0,0,7.07E-06,1.49E-17,9.02E-05,2.06E-08,5.37E-16,0.43570697,3.28E-06,0.4003277,0.0003125769,0.014029649,0.03225998,0.00019054611,0.58125246,0.46665928,0
0.006795079,0.002565665,0.056345627,0.07778762,0.34308484,0.36981925,0.2602281,0.31679246,0.30908272,0.36267266,0.3162324,0.26175871,0.38229823,0.431083,0.3237089,0.23857133,0.4302667,0.45667997,2.39E-17,2.48E-17,0.0065300195,1.51E-17,0.002416161,4.83E-10,5.99E-17,0.43570697,3.19E-05,0.4486267,7.51E-05,0.005873705,0.029689752,3.34E-05,0.58125275,0.47003502,0
0.738915,0.5922418,0.008080799,7.93E-05,0.38159412,0.46982324,2.63E-06,5.14E-12,0.34851477,0.4641461,0.00021899461,4.08E-08,0.38961926,0.4486558,0.00028209056,7.65E-08,0.43765217,0.46403483,5.22E-23,5.61E-23,0.69981164,1.97E-07,0.6095481,1.53E-05,6.00E-05,0.43570697,0,0.4486267,0,0,0.009929078,0,0.58125275,0.47003502,3
0.0002905106,0.0004352236,0.018023742,0.012977541,0.38159412,0.46982324,0,0,0.34851477,0.4641461,0,0,0.38961926,0.4486558,1.41E-09,1.90E-18,0.43765217,0.46403483,0,0,3.52E-08,2.82E-20,1.62E-05,7.94E-08,2.55E-17,0.43570697,0,0.4486267,5.62E-05,1.40E-09,2.08E-17,1.90E-18,0.58125275,0.47003502,0
0.44333655,0.40302122,0.21254463,0.13913342,0.38159412,0.46982324,0.0020633051,3.17E-06,0.34851477,0.4641461,0.02402982,0.00049122906,0.38961926,0.4486558,0.027140887,0.00070787274,0.43765217,0.46403483,7.05E-22,7.33E-22,0.30614802,4.38E-09,0.30452076,1.92E-05,7.56E-05,0.43570697,0,0.4486267,0,0,0.35886526,0,0.58125275,0.47003502,1
0.50011855,0.5931476,0.21489908,0.13120617,0.38159412,0.46982324,0.00032792182,8.01E-08,0.34851477,0.4641461,0.0097049605,8.01E-05,0.38961926,0.4486558,0.012543192,0.00015119005,0.43765217,0.46403483,3.94E-22,6.73E-22,0.3630826,2.15E-14,0.46368033,3.78E-06,1.49E-05,0.43570697,0,0.4486267,0,0,0.3503546,0,0.58125275,0.47003502,4
0.34873155,0.12903304,0.18164031,0.13420638,0.38159412,0.46982324,0,0,0.34851477,0.4641461,0,0,0.38961926,0.4486558,0,0,0.43765217,0.46403483,0,0,0,0,0,0.98266697,0,0.43570697,0,0.4486267,0,0,2.08E-17,0,0.58125275,0.47003502,5
0.0011013745,0.0016065276,0.00851157,0.00091726554,0.38159412,0.47070706,0.040349808,0.0012135183,0.3485299,0.4871332,0.04149874,0.0015723452,0.3898317,0.5295677,0.033441752,0.0012864206,0.4377911,0.48745576,4.48E-20,9.61E-19,0.0010512259,4.73E-18,0.0016888686,7.76E-10,5.94E-18,0.43570694,0.0004514635,0.44067854,0.0015051535,0.0034644257,0.038947072,0.00053666456,0.5812647,0.49691924,0
0.7145364,0.81024057,0.2502421,0.12745506,0.38159412,0.46982324,0,0,0.34851477,0.4641461,0,0,0.38961926,0.4486558,0,0,0.43765217,0.46403483,0,0,0,0,0,0.9826662,0,0.43570697,0,0.4486267,0,0,2.08E-17,0,0.58125275,0.47003502,1
0.0029499081,0.0028482613,0.051503543,0.07045097,0.38159412,0.46982324,9.76E-09,7.09E-17,0.34851477,0.4641461,0.008706674,6.45E-05,0.38961926,0.4486558,0.01547611,0.00023016047,0.43765217,0.46403483,0,1.37E-27,2.24E-05,2.20E-16,0.00010163426,1.85E-08,5.68E-16,0.43570697,6.96E-05,0.4486267,0.0003523658,0.015417823,0.018235872,0.00023011575,0.58125275,0.47003502,0
0.8479694,0.87205195,0.00812205,7.74E-05,0.38159412,0.46982324,5.08E-05,1.92E-09,0.34851477,0.4641461,0.00024520585,5.11E-08,0.38961926,0.4486558,0.00025877604,6.44E-08,0.43765217,0.46403483,6.48E-23,6.35E-23,0.82364184,6.23E-11,0.9066771,4.66E-06,1.83E-05,0.43570697,0,0.4486267,0,0,0.009929078,0,0.58125275,0.47003502,3
0.26269045,0.35612088,1.60E-05,1.62E-06,0.38159412,0.46982324,0,0,0.34851477,0.4641461,0,0,0.38961926,0.4486558,0,0,0.43765217,0.46403483,0,0,0,0,0,0.98266315,0,0.43570697,0,0.4486267,0,0,2.08E-17,0,0.58125275,0.47003502,2
0.2277724,0.31748632,7.46E-05,3.79E-06,0.38159412,0.46982324,0,0,0.34851477,0.4641461,0,0,0.38961926,0.4486558,0,0,0.43765217,0.46403483,0,0,0,0,0,0.9826633,0,0.43570697,0,0.4486267,0,0,2.08E-17,0,0.58125275,0.47003502,2
0.7346004,0.4344154,0.008061308,7.92E-05,0.38159412,0.46982324,0,0,0.34851477,0.4641461,0,0,0.38961926,0.4486558,0,0,0.43765217,0.46403483,0,0,0,0,0,0.98266554,0,0.43570697,0,0.4486267,0,0,2.08E-17,0,0.58125275,0.47003502,3
0.27835277,0.068917036,0.23403117,0.13378786,0.38159412,0.46982324,0.00067504053,3.39E-07,0.34851477,0.4641461,0.01703032,0.0002467338,0.38961926,0.4486558,0.019601995,0.00036923905,0.43765217,0.46403483,1.54E-21,2.01E-09,0.22074606,0.00052211207,0.057293866,0.00031802658,0.0012506788,0.43570697,0,0.4486267,0,0,0.35886526,0,0.58125275,0.47003502,1
0.7143399,0.9916745,0.24435113,0.12146217,0.38159412,0.46982324,1.54E-05,1.76E-10,0.34851477,0.4641461,0.0054900637,2.56E-05,0.38961926,0.4486558,0.0069617317,4.66E-05,0.43765217,0.46403483,5.51E-23,1.03E-22,0.5904902,4.72E-19,0.8814184,7.14E-07,2.81E-06,0.43570697,0,0.4486267,0,0,0.3503546,0,0.58125275,0.47003502,4
0.0013730671,0.0016305712,0.007836151,0.0007847349,0.38159412,0.46983114,0.0017806093,0.00054313923,0.34851563,0.4721004,0.02894806,0.0009837777,0.3898702,0.5743868,0.03066566,0.001160495,0.43792292,0.5130877,1.68E-17,1.99E-17,0.0014532475,1.84E-17,0.0017377358,7.57E-10,1.74E-17,0.43570697,0.00065011816,0.4488584,0.0015378105,0.0024058188,0.038061928,0.00058481423,0.5812529,0.47044137,0
0.22936139,0.30187395,7.42E-05,3.71E-06,0.38159412,0.46982324,0,0,0.34851477,0.4641461,0,0,0.38961926,0.4486558,0,0,0.43765217,0.46403483,0,0,0,0,0,0.9826631,0,0.43570697,0,0.4486267,0,0,2.08E-17,0,0.58125275,0.47003502,2
0.33177006,0.17922424,0.005426008,0.000108215514,0.38159412,0.46982324,5.51E-06,2.26E-11,0.34851477,0.4641461,0.00080645614,5.53E-07,0.38961926,0.4486558,0.00089766306,7.74E-07,0.43765217,0.46403483,1.34E-21,4.38E-21,0.22549967,2.86E-05,0.12411822,0.000110035304,0.00043281986,0.43570697,0,0.4486267,0,0,0.009929078,0,0.58125275,0.47003502,3
0.43126783,0.60532683,0.21329282,0.13154595,0.38159412,0.46982324,0,0,0.34851477,0.4641461,0,0,0.38961926,0.4486558,0,0,0.43765217,0.46403483,0,0,0,0,0,0.98266506,0,0.43570697,0,0.4486267,0,0,2.08E-17,0,0.58125275,0.47003502,4
0.3556911,0.29047692,0.18356805,0.13425481,0.38159412,0.46982324,0,0,0.34851477,0.4641461,0,0,0.38961926,0.4486558,0,0,0.43765217,0.46403483,0,0,0,0,0,0.982667,0,0.43570697,0,0.4486267,0,0,2.08E-17,0,0.58125275,0.47003502,5
0.3752515,0.26209965,0.21316706,0.13903183,0.38159412,0.46982324,0.00039581882,1.17E-07,0.34851477,0.4641461,0.028428478,0.0006875279,0.38961926,0.4486558,0.029887246,0.0008583786,0.43765217,0.46403483,6.18E-22,1.06E-21,0.27991524,2.87E-06,0.19867598,5.58E-05,0.00021959883,0.43570697,0,0.4486267,0,0,0.35886526,0,0.58125275,0.47003502,1
0.44353884,0.5736685,0.21480064,0.13122655,0.38159412,0.46982324,6.26E-06,2.92E-11,0.34851477,0.4641461,0.0076063196,4.92E-05,0.38961926,0.4486558,0.012570285,0.00015184391,0.43765217,0.46403483,3.31E-22,8.21E-22,0.3308663,8.23E-14,0.4482461,4.43E-06,1.74E-05,0.43570697,0,0.4486267,0,0,0.3503546,0,0.58125275,0.47003502,4
0.7107439,0.4091289,0.24967085,0.12771463,0.38159412,0.46982324,9.46E-06,6.67E-11,0.34851477,0.4641461,0.005171213,2.27E-05,0.38961926,0.4486558,0.006938813,4.63E-05,0.43765217,0.46403483,4.76E-22,2.39E-22,0.57476217,5.27E-06,0.3627401,3.49E-05,0.00013736261,0.43570697,0,0.4486267,0,0,0.35886526,0,0.58125275,0.47003502,1
0.22625306,0.19559221,7.83E-05,3.98E-06,0.38159412,0.46982324,0,0,0.34851477,0.4641461,0,0,0.38961926,0.4486558,0,0,0.43765217,0.46403483,0,0,0,0,0,0.9826629,0,0.43570697,0,0.4486267,0,0,2.08E-17,0,0.58125275,0.47003502,2
0.25516483,0.13284352,1.74E-05,1.78E-06,0.38159412,0.46982324,0,0,0.34851477,0.4641461,0,0,0.38961926,0.4486558,0,0,0.43765217,0.46403483,0,0,0,0,0,0.98266286,0,0.43570697,0,0.4486267,0,0,2.08E-17,0,0.58125275,0.47003502,2
0.7202578,0.8365347,0.24426489,0.12150084,0.38159412,0.46982324,0,0,0.34851477,0.4641461,0,0,0.38961926,0.4486558,0,0,0.43765217,0.46403483,0,0,0,0,0,0.9826649,0,0.43570697,0,0.4486267,0,0,2.08E-17,0,0.58125275,0.47003502,4
0.38975936,0.45541382,0.20442782,0.14021978,0.38159412,0.46982324,3.60E-05,9.68E-10,0.34851477,0.4641461,0.016654579,0.00023596648,0.38961926,0.4486558,0.026451949,0.0006723918,0.43765217,0.46403483,2.35E-21,3.29E-21,0.25826713,1.85E-11,0.33094087,1.01E-05,3.96E-05,0.43570697,0,0.4486267,0,0,0.35886526,0,0.58125275,0.47003502,1
0.43013543,0.14852913,0.21632348,0.1308921,0.38159412,0.46982324,1.32E-06,1.29E-12,0.34851477,0.4641461,0.0074186823,4.68E-05,0.38961926,0.4486558,0.012568027,0.00015178934,0.43765217,0.46403483,8.03E-22,3.53E-13,0.30629918,0.00015061187,0.116874546,0.00014228433,0.000559651,0.43570697,0,0.4486267,0,0,0.3503546,0,0.58125275,0.47003502,4
0.80180347,0.8423035,0.008103062,7.78E-05,0.38159412,0.46982324,0,0,0.34851477,0.4641461,0,0,0.38961926,0.4486558,0,0,0.43765217,0.46403483,0,0,0,0,0,0.98266566,0,0.43570697,0,0.4486267,0,0,2.08E-17,0,0.58125275,0.47003502,3
0.42475906,0.59164643,0.214461,0.13130206,0.38159412,0.46982324,0,0,0.34851477,0.4641461,0,0,0.38961926,0.4486558,0,0,0.43765217,0.46403483,0,0,0,0,0,0.982665,0,0.43570697,0,0.4486267,0,0,2.08E-17,0,0.58125275,0.47003502,4
0.38379824,0.32864884,0.20959193,0.13958852,0.38159412,0.46982324,0.00065898884,3.24E-07,0.34851477,0.4641461,0.023590676,0.00047343882,0.38961926,0.4486558,0.027675409,0.00073602947,0.43765217,0.46403483,4.29E-21,3.56E-21,0.25609133,1.85E-07,0.24488616,3.41E-05,0.00013422196,0.43570697,0,0.4486267,0,0,0.35886526,0,0.58125275,0.47003502,1
0.0027594916,0.0018793874,0.011466516,0.0016154167,0.38159412,0.46982324,0.09629832,0.006908654,0.34851477,0.46429548,0.087657414,0.0065368423,0.38970956,0.5110957,0.046096597,0.0020444554,0.4377502,0.49571759,1.10E-17,1.33E-17,0.00045578746,5.45E-17,0.0004030753,4.56E-09,5.40E-17,0.43570697,0.008594933,0.4486267,0.00015009003,0.09634461,0.055236004,0.008985766,0.58125275,0.47003502,0
0.0007295124,0.0004270962,0.010021518,0.002197829,0.38159412,0.46982324,0,0,0.34851477,0.4641461,1.41E-09,1.68E-18,0.38961926,0.4486558,0,0,0.43765217,0.46403483,1.49E-18,8.77E-16,0.0005717668,6.74E-15,0.00015370316,1.96E-08,7.71E-15,0.43570697,1.81E-18,0.4486267,0.00053288863,0,2.08E-17,0,0.58125275,0.47003502,0
0.42194998,0.59642184,0.21379487,0.13144337,0.38159412,0.46982324,0,0,0.34851477,0.4641461,0,0,0.38961926,0.4486558,0,0,0.43765217,0.46403483,0,0,0,0,0,0.982665,0,0.43570697,0,0.4486267,0,0,2.08E-17,0,0.58125275,0.47003502,4
0.3792413,0.1200019,0.0056462884,0.00010759151,0.38159412,0.46982324,0.0009986126,7.43E-07,0.34851477,0.4641461,0.00050809665,2.20E-07,0.38961926,0.4486558,0.00043959325,1.86E-07,0.43765217,0.46403483,3.76E-22,2.15E-13,0.25909215,0.00017918223,0.08652235,0.00019230891,0.00075637555,0.43570697,0,0.4486267,0,0,0.009929078,0,0.58125275,0.47003502,3
0.38495412,0.43126976,0.00602668,0.000106171894,0.38159412,0.46982324,1.11E-06,9.18E-13,0.34851477,0.4641461,0.0005951886,3.01E-07,0.38961926,0.4486558,0.0007314065,5.14E-07,0.43765217,0.46403483,1.23E-21,2.56E-21,0.31857345,7.61E-10,0.33194822,1.49E-05,5.84E-05,0.43570697,0,0.4486267,0,0,0.009929078,0,0.58125275,0.47003502,3
0.42669076,0.6025379,0.21194655,0.13181628,0.38159412,0.46982324,0.03734204,0.0010388482,0.34851477,0.4641461,0.02088051,0.0003709072,0.38961926,0.4486558,0.014340776,0.0001976298,0.43765217,0.46403483,2.68E-21,3.36E-21,0.30179745,1.51E-20,0.46458814,8.89E-07,3.50E-06,0.43570697,0,0.4486267,0,0,0.3503546,0,0.58125275,0.47003502,4
0.71357703,0.7503681,0.25027412,0.12744056,0.38159412,0.46982324,3.15E-08,7.40E-16,0.34851477,0.4641461,0.002334298,4.64E-06,0.38961926,0.4486558,0.0058045303,3.24E-05,0.43765217,0.46403483,1.30E-22,1.42E-22,0.5823214,1.19E-09,0.66688466,8.21E-06,3.23E-05,0.43570697,0,0.4486267,0,0,0.35886526,0,0.58125275,0.47003502,1
0.7474519,0.6238573,0.007075303,9.59E-05,0.38159412,0.46982324,7.37E-06,4.05E-11,0.34851477,0.4641461,0.00026310512,5.89E-08,0.38961926,0.4486558,0.00025988973,6.49E-08,0.43765217,0.46403483,2.15E-22,1.69E-22,0.6216154,1.23E-07,0.5661807,1.55E-05,6.09E-05,0.43570697,0,0.4486267,0,0,0.009929078,0,0.58125275,0.47003502,3
0.45177278,0.39111063,0.21272622,0.13166094,0.38159412,0.46982324,0.00010234141,7.80E-09,0.34851477,0.4641461,0.010174629,8.81E-05,0.38961926,0.4486558,0.013717097,0.00018081377,0.43765217,0.46403483,1.60E-21,1.74E-21,0.31648445,1.90E-07,0.30266267,2.83E-05,0.00011126379,0.43570697,0,0.4486267,0,0,0.3503546,0,0.58125275,0.47003502,4
0.6044404,0.17289065,0.24818835,0.12837711,0.38159412,0.46982324,5.27E-06,2.07E-11,0.34851477,0.4641461,0.0052181296,2.32E-05,0.38961926,0.4486558,0.008137891,6.36E-05,0.43765217,0.46403483,3.68E-22,5.63E-11,0.489004,0.00016695935,0.15237823,0.000115546696,0.00045449636,0.43570697,0,0.4486267,0,0,0.35886526,0,0.58125275,0.47003502,1
0.7135784,0.9856362,0.24426837,0.12149873,0.38159412,0.46982324,0,0,0.34851477,0.4641461,0,0,0.38961926,0.4486558,0,0,0.43765217,0.46403483,0,0,0,0,0,0.98266506,0,0.43570697,0,0.4486267,0,0,2.08E-17,0,0.58125275,0.47003502,4
0.39978865,0.18469194,0.2108374,0.13940075,0.38159412,0.46982324,1.77E-05,2.34E-10,0.34851477,0.4641461,0.015650341,0.00020836783,0.38961926,0.4486558,0.022042338,0.00046689837,0.43765217,0.46403483,1.51E-21,9.68E-21,0.28859824,2.74E-05,0.13836142,0.00010074141,0.00039626678,0.43570697,0,0.4486267,0,0,0.35886526,0,0.58125275,0.47003502,1
0.36225185,0.37690163,0.21249722,0.13914007,0.38159412,0.46982324,0.051901333,0.0020068414,0.34851477,0.4641461,0.036425818,0.0011287602,0.38961926,0.4486558,0.02859031,0.0007854975,0.43765217,0.46403483,2.02E-21,2.43E-21,0.24691387,1.32E-08,0.28476113,2.25E-05,8.83E-05,0.43570697,0,0.4486267,0,0,0.35886526,0,0.58125275,0.47003502,1
0.72655946,0.85088503,0.2439102,0.121658064,0.38159412,0.46982324,3.99E-07,1.19E-13,0.34851477,0.4641461,0.0037087726,1.17E-05,0.38961926,0.4486558,0.0062839147,3.79E-05,0.43765217,0.46403483,2.11E-22,1.62E-22,0.58934736,1.71E-11,0.7549036,4.75E-06,1.87E-05,0.43570697,0,0.4486267,0,0,0.3503546,0,0.58125275,0.47003502,4
0.7093237,0.4216618,0.24975733,0.1276759,0.38159412,0.46982324,0,0,0.34851477,0.4641461,0,0,0.38961926,0.4486558,0,0,0.43765217,0.46403483,0,0,0,0,0,0.9826661,0,0.43570697,0,0.4486267,0,0,2.08E-17,0,0.58125275,0.47003502,1
0.7233708,0.9825345,0.24416713,0.12154415,0.38159412,0.46982324,0.005705367,2.43E-05,0.34851477,0.4641461,0.009953779,8.43E-05,0.38961926,0.4486558,0.0072906213,5.11E-05,0.43765217,0.46403483,3.70E-22,2.18E-22,0.58902556,1.48E-17,0.8726449,1.02E-06,4.00E-06,0.43570697,0,0.4486267,0,0,0.3503546,0,0.58125275,0.47003502,4
0.22082755,0.31558296,7.41E-05,3.78E-06,0.38159412,0.46982324,0,0,0.34851477,0.4641461,0,0,0.38961926,0.4486558,0,0,0.43765217,0.46403483,0,0,0,0,0,0.9826632,0,0.43570697,0,0.4486267,0,0,2.08E-17,0,0.58125275,0.47003502,2
0.7123466,0.69353765,0.24341536,0.12187647,0.38159412,0.46982324,1.19E-05,1.05E-10,0.34851477,0.4641461,0.005201132,2.30E-05,0.38961926,0.4486558,0.0064962283,4.06E-05,0.43765217,0.46403483,1.11E-22,1.30E-22,0.5796496,9.85E-09,0.6140594,1.10E-05,4.33E-05,0.43570697,0,0.4486267,0,0,0.3503546,0,0.58125275,0.47003502,4
0.25861925,0.34085202,1.52E-05,1.54E-06,0.38159412,0.46982324,0,0,0.34851477,0.4641461,0,0,0.38961926,0.4486558,0,0,0.43765217,0.46403483,0,0,0,0,0,0.9826631,0,0.43570697,0,0.4486267,0,0,2.08E-17,0,0.58125275,0.47003502,2
0.26281214,0.3524885,1.59E-05,1.62E-06,0.38159412,0.46982324,0,0,0.34851477,0.4641461,0,0,0.38961926,0.4486558,0,0,0.43765217,0.46403483,0,0,0,0,0,0.98266315,0,0.43570697,0,0.4486267,0,0,2.08E-17,0,0.58125275,0.47003502,2
0.73233086,0.771157,0.24380115,0.121706046,0.38159412,0.46982324,0,0,0.34851477,0.4641461,0,0,0.38961926,0.4486558,0,0,0.43765217,0.46403483,0,0,0,0,0,0.9826649,0,0.43570697,0,0.4486267,0,0,2.08E-17,0,0.58125275,0.47003502,4
0.20869543,0.26488873,7.45E-05,3.76E-06,0.38159412,0.46982324,0,0,0.34851477,0.4641461,0,0,0.38961926,0.4486558,0,0,0.43765217,0.46403483,0,0,0,0,0,0.982663,0,0.43570697,0,0.4486267,0,0,2.08E-17,0,0.58125275,0.47003502,2
0.0011318807,0.0015111899,0.008397909,0.00088679616,0.38159412,0.46982324,0,1.44E-18,0.34851477,0.4641461,9.93E-10,1.89E-18,0.38961926,0.4486558,5.42E-05,6.08E-08,0.43765217,0.46403715,0,4.76E-29,1.27E-05,2.68E-19,7.84E-05,2.25E-08,2.69E-18,0.43570697,2.03E-18,0.4486267,0.00027184378,9.90E-10,0.017626109,9.50E-19,0.58125275,0.47003502,0
0.4461353,0.6026661,0.21358949,0.13148426,0.38159412,0.46982324,0.0068546995,3.50E-05,0.34851477,0.4641461,0.014103129,0.0001692053,0.38961926,0.4486558,0.012922458,0.00016047129,0.43765217,0.46403483,4.01E-22,8.02E-22,0.31891385,1.18E-16,0.46825588,2.20E-06,8.64E-06,0.43570697,0,0.4486267,0,0,0.3503546,0,0.58125275,0.47003502,4
0.0009423782,0.001559939,0.0076538557,0.00075272884,0.38159412,0.46982324,4.57E-06,5.33E-05,0.34851477,0.46414635,0.020009354,0.0006757196,0.3896493,0.47212514,0.030459883,0.0011411627,0.43779022,0.48948932,4.46E-18,6.39E-18,0.0008059652,1.71E-17,0.0016147225,1.35E-09,1.98E-09,0.43570697,0.00016267737,0.44862595,0.0013916636,0.0012189586,0.038926627,0.0005262067,0.5812504,0.45529374,0
0.38240853,0.2613548,0.005381854,0.00010827944,0.38159412,0.46982324,0,0,0.34851477,0.4641461,0,0,0.38961926,0.4486558,0,0,0.43765217,0.46403483,0,0,0,0,0,0.98266554,0,0.43570697,0,0.4486267,0,0,2.08E-17,0,0.58125275,0.47003502,3
0.71010405,0.8684939,0.24388166,0.12167029,0.38159412,0.46982324,0.0004865914,1.76E-07,0.34851477,0.4641461,0.0076379627,4.96E-05,0.38961926,0.4486558,0.0069130533,4.59E-05,0.43765217,0.46403483,4.77E-22,3.20E-22,0.5751818,4.98E-12,0.77044725,4.11E-06,1.62E-05,0.43570697,0,0.4486267,0,0,0.3503546,0,0.58125275,0.47003502,4
0.7254889,0.9988408,0.24409214,0.12157749,0.38159412,0.46982324,1.19E-05,1.05E-10,0.34851477,0.4641461,0.005383486,2.47E-05,0.38961926,0.4486558,0.0070668077,4.80E-05,0.43765217,0.46403483,3.01E-22,2.47E-22,0.5926162,5.58E-20,0.88684976,5.73E-07,2.26E-06,0.43570697,0,0.4486267,0,0,0.3503546,0,0.58125275,0.47003502,4
0.22245046,0.24200533,7.36E-05,3.73E-06,0.38159412,0.46982324,0,0,0.34851477,0.4641461,0,0,0.38961926,0.4486558,0,0,0.43765217,0.46403483,0,0,0,0,0,0.982663,0,0.43570697,0,0.4486267,0,0,2.08E-17,0,0.58125275,0.47003502,2
0.4475646,0.44736594,0.21247907,0.13171127,0.38159412,0.46982324,0,0,0.34851477,0.4641461,0,0,0.38961926,0.4486558,0,0,0.43765217,0.46403483,0,0,0,0,0,0.9826649,0,0.43570697,0,0.4486267,0,0,2.08E-17,0,0.58125275,0.47003502,4
0.4314138,0.6054113,0.2136814,0.13146557,0.38159412,0.46982324,0.031340864,0.00073177554,0.34851477,0.4641461,0.019485574,0.00032300517,0.38961926,0.4486558,0.01381404,0.00018337856,0.43765217,0.46403483,4.25E-22,5.82E-22,0.30722365,1.64E-18,0.4706132,1.42E-06,5.58E-06,0.43570697,0,0.4486267,0,0,0.3503546,0,0.58125275,0.47003502,4
0.7666257,0.7902027,0.008093324,7.82E-05,0.38159412,0.46982324,1.90E-06,2.69E-12,0.34851477,0.4641461,0.00020530379,3.59E-08,0.38961926,0.4486558,0.00026225025,6.61E-08,0.43765217,0.46403483,1.52E-22,1.47E-22,0.73835886,7.89E-10,0.81774783,6.58E-06,2.59E-05,0.43570697,0,0.4486267,0,0,0.009929078,0,0.58125275,0.47003502,3
0.50640523,0.47143602,0.21387015,0.13142681,0.38159412,0.46982324,0.0029229918,6.37E-06,0.34851477,0.4641461,0.0062251375,3.30E-05,0.38961926,0.4486558,0.00775391,5.78E-05,0.43765217,0.46403483,4.64E-17,4.68E-17,0.00047785672,3.60E-06,0.00055083894,0.010752982,0.041838113,0.43570697,0,0.4486267,0,0,0.008510638,0,0.58125275,0.47003502,4
0.47020873,0.46590406,0.006019215,0.00010619972,0.38159412,0.46982324,0.0005962879,2.65E-07,0.34851477,0.4641461,0.00083514367,5.93E-07,0.38961926,0.4486558,0.0007719493,5.73E-07,0.43765217,0.46403483,2.69E-22,2.02E-21,0.3389289,9.95E-11,0.35817552,1.13E-05,4.45E-05,0.43570697,0,0.4486267,0,0,0.009929078,0,0.58125275,0.47003502,3
0.76247036,0.80201155,0.008082616,7.84E-05,0.38159412,0.46982324,0,0,0.34851477,0.4641461,0,0,0.38961926,0.4486558,0,0,0.43765217,0.46403483,0,0,0,0,0,0.9826656,0,0.43570697,0,0.4486267,0,0,2.08E-17,0,0.58125275,0.47003502,3
0.71625656,0.64253515,0.25010055,0.1275196,0.38159412,0.46982324,2.95E-08,6.48E-16,0.34851477,0.4641461,0.0023875013,4.85E-06,0.38961926,0.4486558,0.0058338298,3.27E-05,0.43765217,0.46403483,1.43E-22,1.25E-22,0.5842108,3.73E-08,0.5706519,1.36E-05,5.33E-05,0.43570697,0,0.4486267,0,0,0.35886526,0,0.58125275,0.47003502,1
0.72879326,0.88756186,0.0073804636,9.13E-05,0.38159412,0.46982324,2.17E-07,3.50E-14,0.34851477,0.4641461,0.0001342492,1.53E-08,0.38961926,0.4486558,0.00023702731,5.40E-08,0.43765217,0.46403483,1.65E-23,1.71E-23,0.7647605,4.48E-12,0.8402777,3.83E-06,1.51E-05,0.43570697,0,0.4486267,0,0,0.009929078,0,0.58125275,0.47003502,3
0.38102627,0.4205806,0.005781969,0.00010736241,0.38159412,0.46982324,0.00023463905,4.10E-08,0.34851477,0.4641461,0.0011281819,1.08E-06,0.38961926,0.4486558,0.0007963257,6.09E-07,0.43765217,0.46403483,4.71E-22,1.04E-21,0.24861886,2.74E-09,0.31044167,1.76E-05,6.93E-05,0.43570697,0,0.4486267,0,0,0.009929078,0,0.58125275,0.47003502,3
0.43077913,0.41811955,0.21276951,0.13165234,0.38159412,0.46982324,0,0,0.34851477,0.4641461,0,0,0.38961926,0.4486558,0,0,0.43765217,0.46403483,0,0,0,0,0,0.9826648,0,0.43570697,0,0.4486267,0,0,2.08E-17,0,0.58125275,0.47003502,4
0.00090534764,0.0015017543,0.00810232,0.0008151883,0.38159412,0.4698232,0.001401092,0.00015515019,0.3485147,0.4630295,0.032158744,0.0010227886,0.38960147,0.43950343,0.031606525,0.0011724178,0.43779185,0.48957136,1.95E-21,3.56E-19,0.00086947146,5.23E-18,0.0015712209,8.65E-10,6.09E-18,0.43570697,0.00016116025,0.4486102,0.0013350652,0.0016527409,0.03996988,0.0004500015,0.5812442,0.42613947,0
0.7525048,0.73263055,0.008094214,7.83E-05,0.38159412,0.46982324,0,0,0.34851477,0.4641461,0,0,0.38961926,0.4486558,0,0,0.43765217,0.46403483,0,0,0,0,0,0.9826656,0,0.43570697,0,0.4486267,0,0,2.08E-17,0,0.58125275,0.47003502,3
0.22125326,0.31335416,7.51E-05,3.79E-06,0.38159412,0.46982324,0,0,0.34851477,0.4641461,0,0,0.38961926,0.4486558,0,0,0.43765217,0.46403483,0,0,0,0,0,0.9826632,0,0.43570697,0,0.4486267,0,0,2.08E-17,0,0.58125275,0.47003502,2
0.0009466198,0.0015654672,0.0077328747,0.00077662844,0.38159412,0.46982324,6.94E-06,3.62E-07,0.34851477,0.46414596,0.02002537,0.00059954106,0.38960257,0.4344798,0.03076432,0.001156533,0.43760163,0.4548171,3.85E-19,3.02E-18,0.0008434471,7.26E-18,0.0016435356,8.10E-10,7.19E-18,0.43556464,0.0016294307,0.48921245,0.0013420267,0.05581255,0.04279546,0.003278641,0.58162874,0.5038987,0
0.7089869,0.32672226,0.24264798,0.12221118,0.38159412,0.46982324,0.012179317,0.00011051007,0.34851477,0.4641461,0.010400207,9.20E-05,0.38961926,0.4486558,0.008166934,6.41E-05,0.43765217,0.46403483,4.72E-22,2.36E-19,0.5717622,2.07E-05,0.288378,5.03E-05,0.00019798355,0.43570697,0,0.4486267,0,0,0.3503546,0,0.58125275,0.47003502,4
0.40847144,0.3333699,0.005525174,0.000108125205,0.38159412,0.46982324,5.39E-09,2.17E-17,0.34851477,0.4641461,0.0002882447,7.07E-08,0.38961926,0.4486558,0.0006690979,4.30E-07,0.43765217,0.46403483,1.02E-21,1.23E-21,0.2716736,2.56E-07,0.23487952,3.70E-05,0.00014546217,0.43570697,0,0.4486267,0,0,0.009929078,0,0.58125275,0.47003502,3
0.72481817,0.9477506,0.24455611,0.121370606,0.38159412,0.46982324,1.26E-05,1.19E-10,0.34851477,0.4641461,0.005243735,2.34E-05,0.38961926,0.4486558,0.006587852,4.17E-05,0.43765217,0.46403483,5.65E-22,3.20E-22,0.5869213,7.97E-15,0.84307647,1.98E-06,7.77E-06,0.43570697,0,0.4486267,0,0,0.3503546,0,0.58125275,0.47003502,4
0.0011472342,0.0016123997,0.012506515,0.0021475384,0.38159412,0.46981436,0.024758037,0.00045918205,0.34851232,0.45882097,0.047996517,0.0020778438,0.38950977,0.4158625,0.051010195,0.0026746509,0.4373523,0.4354317,3.72E-21,1.75E-18,0.0011060882,1.43E-17,0.0017162453,7.69E-10,1.50E-17,0.43570697,0.0004963351,0.4486267,0.0013827294,0.00043526373,0.039163623,0.0005081839,0.58125263,0.46844196,0
0.4493251,0.6058003,0.21367642,0.13146676,0.38159412,0.46982324,0.040706817,0.0012344978,0.34851477,0.4641461,0.017835405,0.0002706132,0.38961926,0.4486558,0.013357053,0.00017144639,0.43765217,0.46403483,1.00E-21,1.21E-21,0.32292733,5.54E-17,0.47089386,2.03E-06,7.97E-06,0.43570697,0,0.4486267,0,0,0.3503546,0,0.58125275,0.47003502,4
0.00095965853,0.0017762568,0.03397776,0.07891973,0.38159412,0.46982324,0.00070692867,5.86E-07,0.34851477,0.46385744,0.009784404,0.00014022463,0.38961077,0.41791612,0.020083316,0.000427151,0.43768442,0.48198602,1.54E-25,1.62E-19,0.00020557827,3.72E-17,0.00035532255,4.92E-05,0.0001967551,0.43540335,0.00015131329,0.41788897,0.001108689,0.020737775,0.029479856,0.0004564836,0.58127785,0.48599458,0
0.4455511,0.339141,0.21351641,0.13150142,0.38159412,0.46982324,0.00091925927,6.30E-07,0.34851477,0.4641461,0.014426031,0.0001770422,0.38961926,0.4486558,0.014564183,0.00020383527,0.43765217,0.46403483,1.27E-20,6.45E-21,0.3153713,1.12E-06,0.26343364,3.88E-05,0.00015261538,0.43570697,0,0.4486267,0,0,0.3503546,0,0.58125275,0.47003502,4
0.43503365,0.45985815,0.00599498,0.00010634678,0.38159412,0.46982324,0,0,0.34851477,0.4641461,0,0,0.38961926,0.4486558,0,0,0.43765217,0.46403483,0,0,0,0,0,0.98266566,0,0.43570697,0,0.4486267,0,0,2.08E-17,0,0.58125275,0.47003502,3
0.40451264,0.31383434,0.21053885,0.13945097,0.38159412,0.46982324,0.018150015,0.00024541997,0.34851477,0.4641461,0.03268796,0.00090898905,0.38961926,0.4486558,0.029274616,0.00082354917,0.43765217,0.46403483,8.39E-22,1.38E-21,0.27125132,3.55E-07,0.2349432,3.82E-05,0.00015020609,0.43570697,0,0.4486267,0,0,0.35886526,0,0.58125275,0.47003502,1
0.3195785,0.27933478,0.21081176,0.13941155,0.38159412,0.46982324,2.38E-06,4.23E-12,0.34851477,0.4641461,0.019143464,0.00031176265,0.38961926,0.4486558,0.027547553,0.00072924444,0.43765217,0.46403483,2.44E-20,6.29E-20,0.20365919,1.30E-06,0.20935029,4.74E-05,0.00018651881,0.43570697,0,0.4486267,0,0,0.35886526,0,0.58125275,0.47003502,1
0.26280972,0.30986956,1.51E-05,1.52E-06,0.38159412,0.46982324,0,0,0.34851477,0.4641461,0,0,0.38961926,0.4486558,0,0,0.43765217,0.46403483,0,0,0,0,0,0.982663,0,0.43570697,0,0.4486267,0,0,2.08E-17,0,0.58125275,0.47003502,2
0.40923873,0.22745287,0.0057415804,0.00010748839,0.38159412,0.46982324,5.23E-08,2.04E-15,0.34851477,0.4641461,0.00041665495,1.48E-07,0.38961926,0.4486558,0.0007361416,5.21E-07,0.43765217,0.46403483,1.73E-20,9.43E-21,0.3037836,7.61E-06,0.1667073,7.40E-05,0.00029090332,0.43570697,0,0.4486267,0,0,0.009929078,0,0.58125275,0.47003502,3
0.7399945,0.5419576,0.0070862025,9.57E-05,0.38159412,0.46982324,0,0,0.34851477,0.4641461,0,0,0.38961926,0.4486558,0,0,0.43765217,0.46403483,0,0,0,0,0,0.98266554,0,0.43570697,0,0.4486267,0,0,2.08E-17,0,0.58125275,0.47003502,3
0.26124147,0.27552032,1.51E-05,1.48E-06,0.38159412,0.46982324,0,0,0.34851477,0.4641461,0,0,0.38961926,0.4486558,0,0,0.43765217,0.46403483,0,0,0,0,0,0.9826629,0,0.43570697,0,0.4486267,0,0,2.08E-17,0,0.58125275,0.47003502,2
0.2507495,0.35461044,1.57E-05,1.60E-06,0.38159412,0.46982324,0,0,0.34851477,0.4641461,0,0,0.38961926,0.4486558,0,0,0.43765217,0.46403483,0,0,0,0,0,0.98266315,0,0.43570697,0,0.4486267,0,0,2.08E-17,0,0.58125275,0.47003502,2
0.3687325,0.3635408,0.18373495,0.1342571,0.38159412,0.46982324,0.014805938,0.00016331566,0.34851477,0.4641461,0.017707331,0.0002667407,0.38961926,0.4486558,0.017421145,0.00029164902,0.43765217,0.46403483,5.99E-22,7.98E-22,0.22566289,1.29E-08,0.24301922,2.60E-05,0.000102382604,0.43570697,1.74E-15,0.4486267,0.8420647,1.32E-07,0.3503546,1.68E-14,0.58125275,0.47003502,5
0.71328646,0.2836886,0.0070618214,9.61E-05,0.38159412,0.46982324,6.16E-05,2.83E-09,0.34851477,0.4641461,0.0002509007,5.36E-08,0.38961926,0.4486558,0.00024638418,5.83E-08,0.43765217,0.46403483,1.62E-22,2.69E-16,0.5962828,4.05E-05,0.25692827,6.07E-05,0.00023864901,0.43570697,0,0.4486267,0,0,0.009929078,0,0.58125275,0.47003502,3
0.21473248,0.28387907,7.27E-05,3.70E-06,0.38159412,0.46982324,0,0,0.34851477,0.4641461,0,0,0.38961926,0.4486558,0,0,0.43765217,0.46403483,0,0,0,0,0,0.98266304,0,0.43570697,0,0.4486267,0,0,2.08E-17,0,0.58125275,0.47003502,2
0.73054034,0.65168405,0.008071927,7.91E-05,0.38159412,0.46982324,0,0,0.34851477,0.4641461,0,0,0.38961926,0.4486558,0,0,0.43765217,0.46403483,0,0,0,0,0,0.9826656,0,0.43570697,0,0.4486267,0,0,2.08E-17,0,0.58125275,0.47003502,3
0.25220186,0.2587003,1.48E-05,1.46E-06,0.38159412,0.46982324,0,0,0.34851477,0.4641461,0,0,0.38961926,0.4486558,0,0,0.43765217,0.46403483,0,0,0,0,0,0.9826629,0,0.43570697,0,0.4486267,0,0,2.08E-17,0,0.58125275,0.47003502,2
0.73255885,0.38067868,0.0070560453,9.61E-05,0.38159412,0.46982324,0,0,0.34851477,0.4641461,0,0,0.38961926,0.4486558,0,0,0.43765217,0.46403483,0,0,0,0,0,0.98266554,0,0.43570697,0,0.4486267,0,0,2.08E-17,0,0.58125275,0.47003502,3
0.7455557,0.552286,0.007084556,9.57E-05,0.38159412,0.46982324,7.30E-08,3.97E-15,0.34851477,0.4641461,0.00016428069,2.30E-08,0.38961926,0.4486558,0.00022458725,4.85E-08,0.43765217,0.46403483,9.63E-23,1.38E-22,0.6253458,5.54E-07,0.5018516,2.03E-05,7.99E-05,0.43570697,0,0.4486267,0,0,0.009929078,0,0.58125275,0.47003502,3
0.3966835,0.43903685,0.21022801,0.13949311,0.38159412,0.46982324,0,0,0.34851477,0.4641461,0,0,0.38961926,0.4486558,0,0,0.43765217,0.46403483,0,0,0,0,0,0.9826662,0,0.43570697,0,0.4486267,0,0,2.08E-17,0,0.58125275,0.47003502,1
0.27436483,0.05228557,0.22360428,0.12900928,0.38159412,0.46982324,0.008983876,6.01E-05,0.34851477,0.4641461,0.022046119,0.0004134732,0.38961926,0.4486558,0.022748955,0.0004973132,0.43765217,0.46403483,5.17E-11,1.64E-05,0.20404403,0.001330733,0.042550024,0.0004664894,0.0018342467,0.43570697,0,0.4486267,0,0,0.3503546,0,0.58125275,0.47003502,4
0.7071132,0.4856995,0.25076267,0.12721601,0.38159412,0.46982324,0,0,0.34851477,0.4641461,0,0,0.38961926,0.4486558,0,0,0.43765217,0.46403483,0,0,0,0,0,0.9826661,0,0.43570697,0,0.4486267,0,0,2.08E-17,0,0.58125275,0.47003502,1
0.22709501,0.22500344,7.51E-05,3.75E-06,0.38159412,0.46982324,0,0,0.34851477,0.4641461,0,0,0.38961926,0.4486558,0,0,0.43765217,0.46403483,0,0,0,0,0,0.9826629,0,0.43570697,0,0.4486267,0,0,2.08E-17,0,0.58125275,0.47003502,2
0.3438949,0.4200825,0.0058418154,0.00010710853,0.38159412,0.46982324,2.01E-05,3.02E-10,0.34851477,0.4641461,0.00086751283,6.40E-07,0.38961926,0.4486558,0.00077142805,5.72E-07,0.43765217,0.46403483,2.17E-19,2.19E-20,0.2442242,1.62E-09,0.31330165,1.65E-05,6.50E-05,0.43570697,0,0.4486267,0,0,0.009929078,0,0.58125275,0.47003502,3
0.7702727,0.4855935,0.00808523,7.87E-05,0.38159412,0.46982324,0.0008020352,4.79E-07,0.34851477,0.4641461,0.0004167628,1.48E-07,0.38961926,0.4486558,0.00031553037,9.57E-08,0.43765217,0.46403483,7.00E-23,8.58E-23,0.74056625,1.61E-06,0.50214595,2.30E-05,9.04E-05,0.43570697,0,0.4486267,0,0,0.009929078,0,0.58125275,0.47003502,3
0.7125487,0.79028875,0.2501732,0.12748665,0.38159412,0.46982324,1.87E-05,2.59E-10,0.34851477,0.4641461,0.005536702,2.61E-05,0.38961926,0.4486558,0.0064641214,4.02E-05,0.43765217,0.46403483,1.55E-22,1.46E-22,0.5798384,2.21E-10,0.70209146,6.59E-06,2.59E-05,0.43570697,0,0.4486267,0,0,0.35886526,0,0.58125275,0.47003502,1
0.0011380982,0.0015489488,0.008617343,0.00092451996,0.38158783,0.45302224,0.064474344,0.0031073454,0.34844923,0.44027668,0.043365605,0.0017629516,0.39006442,0.59110475,0.033495724,0.0012962756,0.43794554,0.51298267,1.34E-18,1.60E-18,0.0011584128,5.14E-18,0.0016487032,8.05E-10,1.64E-17,0.39798573,0.0038405505,0.48023716,0.0014474487,0.057975434,0.044839315,0.0035186727,0.5817136,0.5092009,0
0.7495861,0.47762096,0.0070896503,9.56E-05,0.38159412,0.46982324,7.47E-05,4.15E-09,0.34851477,0.4641461,0.00032663805,9.08E-08,0.38961926,0.4486558,0.00025872135,6.43E-08,0.43765217,0.46403483,8.58E-23,1.16E-22,0.63194597,2.19E-06,0.43433148,2.70E-05,0.0001060781,0.43570697,0,0.4486267,0,0,0.009929078,0,0.58125275,0.47003502,3
0.72022057,0.8573222,0.24377844,0.12171637,0.38159412,0.46982324,0.02940864,0.00064432627,0.34851477,0.4641461,0.0114474455,0.00011148083,0.38961926,0.4486558,0.007250651,5.05E-05,0.43765217,0.46403483,6.59E-22,2.56E-22,0.58136237,1.12E-11,0.7602228,4.52E-06,1.78E-05,0.43570697,0,0.4486267,0,0,0.3503546,0,0.58125275,0.47003502,4
0.7205467,0.9533885,0.24454792,0.121374175,0.38159412,0.46982324,1.56E-07,1.80E-14,0.34851477,0.4641461,0.0033889448,9.77E-06,0.38961926,0.4486558,0.006286539,3.80E-05,0.43765217,0.46403483,4.19E-22,2.36E-22,0.5843167,3.33E-15,0.8480568,1.80E-06,7.08E-06,0.43570697,0,0.4486267,0,0,0.3503546,0,0.58125275,0.47003502,4
0.7117146,0.781979,0.25010034,0.1275198,0.38159412,0.46982324,0.00012158136,1.10E-08,0.34851477,0.4641461,0.0066800443,3.80E-05,0.38961926,0.4486558,0.0066211447,4.21E-05,0.43765217,0.46403483,5.16E-22,4.02E-22,0.5775253,3.22E-10,0.6945091,6.91E-06,2.72E-05,0.43570697,0,0.4486267,0,0,0.35886526,0,0.58125275,0.47003502,1
0.34856537,0.29577118,0.21118356,0.13935399,0.38159412,0.46982324,0,0,0.34851477,0.4641461,0,0,0.38961926,0.4486558,0,0,0.43765217,0.46403483,0,0,0,0,0,0.98266613,0,0.43570697,0,0.4486267,0,0,2.08E-17,0,0.58125275,0.47003502,1
0.41643736,0.6032723,0.21367961,0.13146536,0.38159412,0.46982324,0.001959645,2.86E-06,0.34851477,0.4641461,0.013986348,0.00016641471,0.38961926,0.4486558,0.013234478,0.00016831419,0.43765217,0.46403483,1.04E-21,7.37E-22,0.30150202,1.16E-17,0.46893176,1.73E-06,6.80E-06,0.43570697,0,0.4486267,0,0,0.3503546,0,0.58125275,0.47003502,4
0.36758405,0.28601533,0.18350577,0.13425432,0.38159412,0.46982324,0.04060374,0.0012282536,0.34851477,0.4641461,0.021091083,0.00037842587,0.38961926,0.4486558,0.018983774,0.00034631573,0.43765217,0.46403483,1.72E-21,9.99E-22,0.2229501,9.84E-07,0.19097658,5.10E-05,0.0002006587,0.43570697,2.09E-15,0.4486267,0.6616651,1.32E-07,0.3503546,1.69E-14,0.58125275,0.47003502,5
0.39568412,0.30503225,0.21032327,0.13948305,0.38159412,0.46982324,0.063770965,0.003029716,0.34851477,0.4641461,0.038486473,0.0012600834,0.38961926,0.4486558,0.030133206,0.000872565,0.43765217,0.46403483,6.79E-22,2.09E-21,0.2600687,4.92E-07,0.22814056,4.05E-05,0.00015916032,0.43570697,0,0.4486267,0,0,0.35886526,0,0.58125275,0.47003502,1
0.0009396571,0.0005676385,0.016231565,0.0017783748,0.4220378,0.7432305,0.07128834,0.5842373,0.3846265,0.7123426,0.06865345,0.61538136,0.4270204,0.71093327,0.04902232,0.47522542,0.52109927,0.834227,6.58E-18,1.94E-17,0.0006795908,2.33E-16,0.00027954872,7.06E-09,3.77E-16,0.71546644,0.7587489,0.7176369,0.00030026725,0.07180348,0.44192693,0.7941629,0.67286885,0.7281944,0
0.74704844,0.8049743,0.0070773372,9.59E-05,0.38159412,0.46982324,6.20E-08,2.87E-15,0.34851477,0.4641461,0.00015245199,1.98E-08,0.38961926,0.4486558,0.00024328318,5.69E-08,0.43765217,0.46403483,4.76E-22,2.26E-22,0.6159048,6.10E-10,0.7306856,7.05E-06,2.77E-05,0.43570697,0,0.4486267,0,0,0.009929078,0,0.58125275,0.47003502,3
0.43332824,0.3486728,0.21004991,0.13952202,0.38159412,0.46982324,2.38E-05,4.23E-10,0.34851477,0.4641461,0.016483175,0.00023113447,0.38961926,0.4486558,0.026084948,0.0006538635,0.43765217,0.46403483,1.17E-21,1.65E-21,0.2957674,9.01E-08,0.26033455,3.03E-05,0.000119220276,0.43570697,0,0.4486267,0,0,0.35886526,0,0.58125275,0.47003502,1
0.719427,0.98974675,0.24392056,0.12165341,0.38159412,0.46982324,0.0031563651,7.42E-06,0.34851477,0.4641461,0.009371725,7.47E-05,0.38961926,0.4486558,0.0073532406,5.20E-05,0.43765217,0.46403483,1.95E-22,1.91E-22,0.5832999,1.38E-18,0.87816405,7.96E-07,3.14E-06,0.43570697,0,0.4486267,0,0,0.3503546,0,0.58125275,0.47003502,4
0.7147795,0.70236665,0.008070662,7.89E-05,0.38159412,0.46982324,0,0,0.34851477,0.4641461,0,0,0.38961926,0.4486558,0,0,0.43765217,0.46403483,0,0,0,0,0,0.9826656,0,0.43570697,0,0.4486267,0,0,2.08E-17,0,0.58125275,0.47003502,3
0.70458996,0.61086524,0.25009155,0.12752351,0.38159412,0.46982324,2.28E-07,3.87E-14,0.34851477,0.4641461,0.0035813714,1.09E-05,0.38961926,0.4486558,0.0062254313,3.72E-05,0.43765217,0.46403483,1.15E-22,1.42E-22,0.57420856,8.40E-08,0.5425094,1.54E-05,6.07E-05,0.43570697,0,0.4486267,0,0,0.35886526,0,0.58125275,0.47003502,1
0.22264141,0.29037777,7.32E-05,3.62E-06,0.38159412,0.46982324,0,0,0.34851477,0.4641461,0,0,0.38961926,0.4486558,0,0,0.43765217,0.46403483,0,0,0,0,0,0.98266304,0,0.43570697,0,0.4486267,0,0,2.08E-17,0,0.58125275,0.47003502,2
0.7192114,0.9536213,0.24442543,0.12142898,0.38159412,0.46982324,1.14E-07,9.71E-15,0.34851477,0.4641461,0.0032898544,9.21E-06,0.38961926,0.4486558,0.0062666773,3.77E-05,0.43765217,0.46403483,4.60E-22,2.45E-22,0.58052206,3.14E-15,0.8478387,1.79E-06,7.03E-06,0.43570697,0,0.4486267,0,0,0.3503546,0,0.58125275,0.47003502,4
0.72076327,0.6730829,0.008070134,7.91E-05,0.38159412,0.46982324,0,0,0.34851477,0.4641461,0,0,0.38961926,0.4486558,0,0,0.43765217,0.46403483,0,0,0,0,0,0.9826656,0,0.43570697,0,0.4486267,0,0,2.08E-17,0,0.58125275,0.47003502,3
0.724337,0.3148624,0.0070442157,9.63E-05,0.38159412,0.46982324,0,0,0.34851477,0.4641461,0,0,0.38961926,0.4486558,0,0,0.43765217,0.46403483,0,0,0,0,0,0.98266554,0,0.43570697,0,0.4486267,0,0,2.08E-17,0,0.58125275,0.47003502,3
0.22458231,0.31389022,7.47E-05,3.76E-06,0.38159412,0.46982324,0,0,0.34851477,0.4641461,0,0,0.38961926,0.4486558,0,0,0.43765217,0.46403483,0,0,0,0,0,0.9826632,0,0.43570697,0,0.4486267,0,0,2.08E-17,0,0.58125275,0.47003502,2
0.46189797,0.5699337,0.21350007,0.1315039,0.38159412,0.46982324,0,0,0.34851477,0.4641461,0,0,0.38961926,0.4486558,0,0,0.43765217,0.46403483,0,0,0,0,0,0.98266494,0,0.43570697,0,0.4486267,0,0,2.08E-17,0,0.58125275,0.47003502,4
0.73172265,0.5596349,0.0080794785,7.94E-05,0.38159412,0.46982324,0,0,0.34851477,0.4641461,0,0,0.38961926,0.4486558,0,0,0.43765217,0.46403483,0,0,0,0,0,0.98266554,0,0.43570697,0,0.4486267,0,0,2.08E-17,0,0.58125275,0.47003502,3
0.46421945,0.60657346,0.21328911,0.13154726,0.38159412,0.46982324,0.0009309005,6.46E-07,0.34851477,0.4641461,0.0113226585,0.00010906361,0.38961926,0.4486558,0.012626732,0.00015321067,0.43765217,0.46403483,8.14E-22,1.27E-21,0.32751134,7.63E-17,0.47062334,2.10E-06,8.25E-06,0.43570697,0,0.4486267,0,0,0.3503546,0,0.58125275,0.47003502,4
0.7108395,0.6855228,0.008086982,7.87E-05,0.38159412,0.46982324,8.54E-06,5.43E-11,0.34851477,0.4641461,0.0002479748,5.23E-08,0.38961926,0.4486558,0.0002771923,7.38E-08,0.43765217,0.46403483,4.80E-23,6.41E-23,0.68163586,1.73E-08,0.707791,1.03E-05,4.04E-05,0.43570697,0,0.4486267,0,0,0.009929078,0,0.58125275,0.47003502,3
0.32136878,0.08095062,0.22346248,0.12905107,0.38159412,0.46982324,0,0,0.34851477,0.4641461,0,0,0.38961926,0.4486558,0,0,0.43765217,0.46403483,0,0,0,0,0,0.98266476,0,0.43570697,0,0.4486267,0,0,2.08E-17,0,0.58125275,0.47003502,4
0.4717935,0.54303205,0.21263279,0.13168089,0.38159412,0.46982324,0,0,0.34851477,0.4641461,0,0,0.38961926,0.4486558,0,0,0.43765217,0.46403483,0,0,0,0,0,0.98266494,0,0.43570697,0,0.4486267,0,0,2.08E-17,0,0.58125275,0.47003502,4
0.71796244,0.8145697,0.24436186,0.1214574,0.38159412,0.46982324,0,0,0.34851477,0.4641461,0,0,0.38961926,0.4486558,0,0,0.43765217,0.46403483,0,0,0,0,0,0.9826649,0,0.43570697,0,0.4486267,0,0,2.08E-17,0,0.58125275,0.47003502,4
0.0012288254,0.0015732999,0.008531666,0.0008939608,0.38159412,0.46982324,0.004210088,1.32E-05,0.34851477,0.4641455,0.0117873745,0.00012752095,0.38961202,0.41512418,0.010582718,0.00015780817,0.43766117,0.47589853,7.41E-21,5.73E-18,0.00018718821,4.16E-17,0.00036063656,5.12E-09,4.99E-17,0.43570632,0.00013760503,0.41509724,0.0012503264,0.01054286,0.028461406,0.00015777751,0.5812601,0.48176578,0
0.2236027,0.2088929,7.94E-05,3.99E-06,0.38159412,0.46982324,0,0,0.34851477,0.4641461,0,0,0.38961926,0.4486558,0,0,0.43765217,0.46403483,0,0,0,0,0,0.9826629,0,0.43570697,0,0.4486267,0,0,2.08E-17,0,0.58125275,0.47003502,2
0.22703099,0.179738,7.93E-05,4.14E-06,0.38159412,0.46982324,0,0,0.34851477,0.4641461,0,0,0.38961926,0.4486558,0,0,0.43765217,0.46403483,0,0,0,0,0,0.9826629,0,0.43570697,0,0.4486267,0,0,2.08E-17,0,0.58125275,0.47003502,2
0.35946545,0.2768081,0.18439987,0.13427234,0.38159412,0.46982324,0.00022861027,3.89E-08,0.34851477,0.4641461,0.013642264,0.00015832734,0.38961926,0.4486558,0.017892243,0.00030763567,0.43765217,0.46403483,3.92E-22,4.95E-22,0.22322744,1.39E-06,0.18571508,5.43E-05,0.00021362159,0.43570697,8.13E-16,0.4486267,0.64348483,1.30E-07,0.3503546,1.63E-14,0.58125275,0.47003502,5
0.26217476,0.34605983,1.48E-05,1.47E-06,0.38159412,0.46982324,0,0,0.34851477,0.4641461,0,0,0.38961926,0.4486558,0,0,0.43765217,0.46403483,0,0,0,0,0,0.9826631,0,0.43570697,0,0.4486267,0,0,2.08E-17,0,0.58125275,0.47003502,2
0.72972625,0.64534706,0.008086432,7.89E-05,0.38159412,0.46982324,0.00043845025,1.43E-07,0.34851477,0.4641461,0.0002950906,7.41E-08,0.38961926,0.4486558,0.00027894246,7.48E-08,0.43765217,0.46403483,1.08E-22,9.44E-23,0.69281244,5.58E-08,0.66555625,1.23E-05,4.84E-05,0.43570697,0,0.4486267,0,0,0.009929078,0,0.58125275,0.47003502,3
0.37019402,0.34510028,0.0055789077,0.00010803836,0.38159412,0.46982324,0.00073784083,4.06E-07,0.34851477,0.4641461,0.0008731624,6.49E-07,0.38961926,0.4486558,0.00076045777,5.56E-07,0.43765217,0.46403483,1.33E-19,3.32E-20,0.25596073,1.38E-07,0.24557619,3.30E-05,0.00012995687,0.43570697,0,0.4486267,0,0,0.009929078,0,0.58125275,0.47003502,3
0.46563902,0.2417105,0.005815234,0.0001072002,0.38159412,0.46982324,0,0,0.34851477,0.4641461,0,0,0.38961926,0.4486558,0,0,0.43765217,0.46403483,0,0,0,0,0,0.98266554,0,0.43570697,0,0.4486267,0,0,2.08E-17,0,0.58125275,0.47003502,3
0.22451207,0.28862497,7.52E-05,3.76E-06,0.38159412,0.46982324,0,0,0.34851477,0.4641461,0,0,0.38961926,0.4486558,0,0,0.43765217,0.46403483,0,0,0,0,0,0.98266304,0,0.43570697,0,0.4486267,0,0,2.08E-17,0,0.58125275,0.47003502,2
0.24997702,0.3349971,1.53E-05,1.56E-06,0.38159412,0.46982324,0,0,0.34851477,0.4641461,0,0,0.38961926,0.4486558,0,0,0.43765217,0.46403483,0,0,0,0,0,0.98266304,0,0.43570697,0,0.4486267,0,0,2.08E-17,0,0.58125275,0.47003502,2
0.0009958172,0.0015318153,0.0084277885,0.0011201282,0.38159412,0.46982324,0.0003559285,0.00021468668,0.34851477,0.46449733,0.029405529,0.00096341287,0.38982767,0.5559698,0.034756564,0.0060957815,0.43801025,0.48400098,1.31E-17,1.31E-17,0.0008701365,1.36E-17,0.0016028162,7.48E-05,0.0002938095,0.43570697,0.0003034388,0.44657364,0.0013923404,0.0099894265,0.04072575,0.005381562,0.58156836,0.5477062,0
0.7416954,0.73522455,0.008072317,7.88E-05,0.38159412,0.46982324,0,0,0.34851477,0.4641461,0,0,0.38961926,0.4486558,0,0,0.43765217,0.46403483,0,0,0,0,0,0.9826656,0,0.43570697,0,0.4486267,0,0,2.08E-17,0,0.58125275,0.47003502,3
0.44916064,0.30900174,0.21355754,0.13149163,0.38159412,0.46982324,0,0,0.34851477,0.4641461,0,0,0.38961926,0.4486558,0,0,0.43765217,0.46403483,0,0,0,0,0,0.9826648,0,0.43570697,0,0.4486267,0,0,2.08E-17,0,0.58125275,0.47003502,4
0.7436237,0.8034695,0.007090226,9.57E-05,0.38159412,0.46982324,7.21E-08,3.88E-15,0.34851477,0.4641461,0.00015485943,2.04E-08,0.38961926,0.4486558,0.00024378445,5.71E-08,0.43765217,0.46403483,1.06E-22,1.35E-22,0.62165445,6.29E-10,0.73064584,7.08E-06,2.79E-05,0.43570697,0,0.4486267,0,0,0.009929078,0,0.58125275,0.47003502,3
0.7170361,0.9885179,0.243852,0.12168376,0.38159412,0.46982324,0,0,0.34851477,0.4641461,0,0,0.38961926,0.4486558,0,0,0.43765217,0.46403483,0,0,0,0,0,0.98266506,0,0.43570697,0,0.4486267,0,0,2.08E-17,0,0.58125275,0.47003502,4
0.39612824,0.5110941,0.21285975,0.13163443,0.38159412,0.46982324,0,0,0.34851477,0.4641461,0,0,0.38961926,0.4486558,0,0,0.43765217,0.46403483,0,0,0,0,0,0.9826649,0,0.43570697,0,0.4486267,0,0,2.08E-17,0,0.58125275,0.47003502,4
0.36273178,0.4139449,0.18370716,0.13425858,0.38159412,0.46982324,0.016021749,0.00019123871,0.34851477,0.4641461,0.022030095,0.00041287232,0.38961926,0.4486558,0.01785335,0.00030629963,0.43765217,0.46403483,5.68E-22,7.15E-22,0.22202367,2.28E-10,0.27668327,1.52E-05,6.00E-05,0.43570697,1.16E-15,0.4486267,0.9586833,9.51E-08,0.3503546,8.75E-15,0.58125275,0.47003502,5
0.71941674,0.89591914,0.2439951,0.121620186,0.38159412,0.46982324,1.11E-08,9.25E-17,0.34851477,0.4641461,0.0028432938,6.88E-06,0.38961926,0.4486558,0.0061702114,3.66E-05,0.43765217,0.46403483,3.15E-22,2.43E-22,0.5856568,6.91E-13,0.7951321,3.27E-06,1.29E-05,0.43570697,0,0.4486267,0,0,0.3503546,0,0.58125275,0.47003502,4
0.0010173463,0.001518643,0.008165728,0.00081832794,0.38159412,0.47044945,0.003198328,4.14E-05,0.34851548,0.4772395,0.0320258,0.0010700675,0.38960603,0.44238716,0.031217968,0.0011744023,0.43777627,0.48642114,1.84E-19,2.99E-18,0.0011245664,5.51E-18,0.0016491215,8.05E-10,6.18E-18,0.43415183,0.0030358064,0.4320743,0.0012958733,0.057112884,0.044395056,0.0034331135,0.58150667,0.491877,0
0.0014912485,0.0016404052,0.011977017,0.0018135746,0.38155085,0.33152923,0.011665788,0.00014355018,0.34847713,0.34427437,0.01112685,0.00014931144,0.3896269,0.4738044,0.010380956,0.00015284495,0.43765816,0.47216696,6.87E-18,1.43E-17,0.00033337675,5.81E-17,0.00038213254,4.82E-09,5.25E-17,0.30962488,0.00016111866,0.47377366,0.0013248529,0.010341858,0.028170152,0.00015281525,0.58125764,0.478076,0
0.7177272,0.94559574,0.24478126,0.12126981,0.38159412,0.46982324,0,0,0.34851477,0.4641461,0,0,0.38961926,0.4486558,0,0,0.43765217,0.46403483,0,0,0,0,0,0.982665,0,0.43570697,0,0.4486267,0,0,2.08E-17,0,0.58125275,0.47003502,4
0.43649366,0.51826525,0.21343668,0.13151607,0.38159412,0.46982324,0.0010354894,7.99E-07,0.34851477,0.4641461,0.012132878,0.00012523067,0.38961926,0.4486558,0.014027115,0.00018907922,0.43765217,0.46403483,8.72E-22,2.04E-21,0.31801635,9.59E-11,0.40241185,9.96E-06,3.92E-05,0.43570697,0,0.4486267,0,0,0.3503546,0,0.58125275,0.47003502,4
0.006109105,0.0012896643,0.05477499,0.07260346,0.3609908,0.41197786,0.3321607,0.18882729,0.3214232,0.39006305,0.33065307,0.2201982,0.36125442,0.37613812,0.3131182,0.22530916,0.43053675,0.4565042,1.89E-18,2.20E-18,0.006831614,1.86E-17,0.0012199994,1.40E-09,1.41E-16,0.54913074,0.18863934,0.5581319,0.00030023698,0.38298547,0.20111673,0.19747043,0.6639761,0.5751657,0
0.47099137,0.46254402,0.21388605,0.1314244,0.38159412,0.46982324,0,0,0.34851477,0.4641461,0,0,0.38961926,0.4486558,0,0,0.43765217,0.46403483,0,0,0,0,0,0.9826649,0,0.43570697,0,0.4486267,0,0,2.08E-17,0,0.58125275,0.47003502,4
0.00045765945,0.0028392589,0.050357997,0.06973314,0.38159412,0.46982324,0,7.23E-19,0.34851477,0.4641461,9.07E-07,7.02E-13,0.38961926,0.4486558,0.0077163265,5.72E-05,0.43765184,0.4524985,0,0,6.68E-06,1.07E-20,6.68E-05,2.63E-08,1.96E-16,0.43570697,7.58E-13,0.4486267,0.00023158969,0.007687264,0.033637993,5.72E-05,0.58125246,0.45862797,0
0.7132301,0.9736088,0.24391669,0.12165523,0.38159412,0.46982324,0.0007416534,4.10E-07,0.34851477,0.4641461,0.007926859,5.35E-05,0.38961926,0.4486558,0.0069499845,4.64E-05,0.43765217,0.46403483,1.63E-21,5.67E-22,0.5732027,8.05E-17,0.86382246,1.21E-06,4.78E-06,0.43570697,0,0.4486267,0,0,0.3503546,0,0.58125275,0.47003502,4
0.4147427,0.60092163,0.21181676,0.13184097,0.38159412,0.46982324,0,0,0.34851477,0.4641461,0,0,0.38961926,0.4486558,0,0,0.43765217,0.46403483,0,0,0,0,0,0.9826651,0,0.43570697,0,0.4486267,0,0,2.08E-17,0,0.58125275,0.47003502,4
0.2587963,0.17830375,1.56E-05,1.57E-06,0.38159412,0.46982324,0,0,0.34851477,0.4641461,0,0,0.38961926,0.4486558,0,0,0.43765217,0.46403483,0,0,0,0,0,0.98266286,0,0.43570697,0,0.4486267,0,0,2.08E-17,0,0.58125275,0.47003502,2
0.41225362,0.17238608,0.21539003,0.13110177,0.38159412,0.46982324,0,0,0.34851477,0.4641461,0,0,0.38961926,0.4486558,0,0,0.43765217,0.46403483,0,0,0,0,0,0.98266476,0,0.43570697,0,0.4486267,0,0,2.08E-17,0,0.58125275,0.47003502,4
0.00091760454,0.0016253871,0.026863284,0.068627216,0.38159412,0.46982324,0.0002986509,1.38E-05,0.34851477,0.46403342,0.027959514,0.00079644314,0.38960966,0.44246054,0.2948763,0.08882291,0.43849036,0.46648994,1.06E-17,1.04E-17,0.00091209065,7.48E-18,0.0016996847,8.44E-10,2.94E-10,0.43570697,0.00016987375,0.44809532,0.0013302943,0.04344927,0.068961486,0.11179796,0.58250743,0.4856082,0
0.2509002,0.35955545,1.63E-05,1.66E-06,0.38159412,0.46982324,0,0,0.34851477,0.4641461,0,0,0.38961926,0.4486558,0,0,0.43765217,0.46403483,0,0,0,0,0,0.9826632,0,0.43570697,0,0.4486267,0,0,2.08E-17,0,0.58125275,0.47003502,2
0.3908345,0.16094944,0.20938595,0.1396151,0.38159412,0.46982324,0,0,0.34851477,0.4641461,0,0,0.38961926,0.4486558,0,0,0.43765217,0.46403483,0,0,0,0,0,0.9826661,0,0.43570697,0,0.4486267,0,0,2.08E-17,0,0.58125275,0.47003502,1
0.7416025,0.54902416,0.007094448,9.56E-05,0.38159412,0.46982324,9.38E-08,6.56E-15,0.34851477,0.4641461,0.00016851594,2.42E-08,0.38961926,0.4486558,0.00022569229,4.89E-08,0.43765217,0.46403483,1.52E-22,1.63E-22,0.62655056,5.83E-07,0.4995812,2.05E-05,8.07E-05,0.43570697,0,0.4486267,0,0,0.009929078,0,0.58125275,0.47003502,3
0.44201538,0.59661406,0.21418154,0.13136223,0.38159412,0.46982324,0,0,0.34851477,0.4641461,0,0,0.38961926,0.4486558,0,0,0.43765217,0.46403483,0,0,0,0,0,0.982665,0,0.43570697,0,0.4486267,0,0,2.08E-17,0,0.58125275,0.47003502,4
0.0010608449,0.00159359,0.0075365226,0.00069052994,0.38159412,0.48353013,0.0045325425,3.22E-05,0.34851676,0.49513525,0.016680056,0.0005477686,0.38964748,0.47740108,0.029105384,0.0010692294,0.4377545,0.48405352,8.29E-21,3.61E-18,0.0010864504,7.31E-18,0.0016490923,8.06E-10,6.98E-18,0.43570697,0.00030062802,0.4486267,0.0013942925,0.00091751746,0.039112743,0.0005125285,0.58125186,0.46245608,0
0.7239998,0.9980282,0.24410932,0.121569954,0.38159412,0.46982324,3.39E-05,8.57E-10,0.34851477,0.4641461,0.005991752,3.05E-05,0.38961926,0.4486558,0.007145257,4.91E-05,0.43765217,0.46403483,6.01E-23,1.21E-22,0.59220135,6.90E-20,0.8861927,5.86E-07,2.31E-06,0.43570697,0,0.4486267,0,0,0.3503546,0,0.58125275,0.47003502,4
0.35247698,0.30324018,0.18356182,0.1342554,0.38159412,0.46982324,0.0004891185,1.78E-07,0.34851477,0.4641461,0.013654567,0.00015861305,0.38961926,0.4486558,0.01761983,0.00029833935,0.43765217,0.46403483,8.65E-21,3.08E-21,0.2152275,4.12E-07,0.20252106,4.39E-05,0.00017284564,0.43570697,2.90E-15,0.4486267,0.70172876,1.26E-07,0.3503546,1.54E-14,0.58125275,0.47003502,5
0.43914303,0.5970884,0.21384314,0.13143392,0.38159412,0.46982324,0.003312035,8.17E-06,0.34851477,0.4641461,0.012705615,0.00013733284,0.38961926,0.4486558,0.012669956,0.00015426142,0.43765217,0.46403483,1.99E-21,1.60E-21,0.30790746,1.51E-15,0.46447182,2.85E-06,1.12E-05,0.43570697,0,0.4486267,0,0,0.3503546,0,0.58125275,0.47003502,4
0.46726248,0.55214393,0.21371108,0.13146088,0.38159412,0.46982324,0,0,0.34851477,0.4641461,0,0,0.38961926,0.4486558,0,0,0.43765217,0.46403483,0,0,0,0,0,0.98266494,0,0.43570697,0,0.4486267,0,0,2.08E-17,0,0.58125275,0.47003502,4
0.27957872,0.060210135,0.18145148,0.13421161,0.38159412,0.46982324,0.0004483472,1.50E-07,0.34851477,0.4641461,0.017676609,0.00026581588,0.38961926,0.4486558,0.02280729,0.000499867,0.43765217,0.46403483,1.35E-15,5.81E-07,0.16957738,0.0011113061,0.03975973,0.00048131094,0.0018925009,0.43570697,1.63E-15,0.4486267,0.13771147,3.36E-08,0.3503546,1.09E-15,0.58125275,0.47003502,5
0.71627927,0.99494827,0.2442084,0.121525265,0.38159412,0.46982324,0.0024707622,4.55E-06,0.34851477,0.4641461,0.009197326,7.20E-05,0.38961926,0.4486558,0.007465612,5.36E-05,0.43765217,0.46403483,1.45E-22,1.52E-22,0.5882634,1.62E-19,0.8838225,6.40E-07,2.52E-06,0.43570697,0,0.4486267,0,0,0.3503546,0,0.58125275,0.47003502,4
0.4454096,0.5070412,0.21309939,0.13158646,0.38159412,0.46982324,0.0006353642,3.01E-07,0.34851477,0.4641461,0.011337448,0.000109348715,0.38961926,0.4486558,0.014093556,0.00019087466,0.43765217,0.46403483,2.13E-21,1.65E-21,0.31863546,3.54E-10,0.39307696,1.16E-05,4.57E-05,0.43570697,0,0.4486267,0,0,0.3503546,0,0.58125275,0.47003502,4
0.38522854,0.44992366,0.0059248866,0.00010669734,0.38159412,0.46982324,0.0013648977,1.39E-06,0.34851477,0.4641461,0.0010306358,9.04E-07,0.38961926,0.4486558,0.000787628,5.96E-07,0.43765217,0.46403483,4.91E-20,1.71E-19,0.23800504,1.98E-10,0.34047115,1.23E-05,4.84E-05,0.43570697,0,0.4486267,0,0,0.009929078,0,0.58125275,0.47003502,3
0.32475805,0.090647936,0.005471555,0.00010794711,0.38159412,0.46982324,1.03E-06,7.88E-13,0.34851477,0.4641461,0.00026189775,5.84E-08,0.38961926,0.4486558,0.00035529982,1.21E-07,0.43765217,0.46403483,1.17E-21,1.53E-10,0.20891996,0.00041094213,0.06329422,0.0002795333,0.0010993418,0.43570697,0,0.4486267,0,0,0.009929078,0,0.58125275,0.47003502,3
0.35039985,0.37127665,0.18413258,0.13426448,0.38159412,0.46982324,0.010113298,7.62E-05,0.34851477,0.4641461,0.019859111,0.00033550782,0.38961926,0.4486558,0.0178955,0.00030774763,0.43765217,0.46403483,3.28E-21,1.93E-21,0.21670754,6.53E-09,0.24873519,2.37E-05,9.30E-05,0.43570697,2.09E-15,0.4486267,0.8618433,1.26E-07,0.3503546,1.54E-14,0.58125275,0.47003502,5
0.45159215,0.558907,0.21393396,0.13141215,0.38159412,0.46982324,0,0,0.34851477,0.4641461,0,0,0.38961926,0.4486558,0,0,0.43765217,0.46403483,0,0,0,0,0,0.98266494,0,0.43570697,0,0.4486267,0,0,2.08E-17,0,0.58125275,0.47003502,4
0.21792008,0.16904429,7.76E-05,4.10E-06,0.38159412,0.46982324,0,0,0.34851477,0.4641461,0,0,0.38961926,0.4486558,0,0,0.43765217,0.46403483,0,0,0,0,0,0.98266286,0,0.43570697,0,0.4486267,0,0,2.08E-17,0,0.58125275,0.47003502,2
0.0136687355,0.0036329066,0.07410063,0.10887848,0.32784024,0.3654199,0.36110196,0.29732472,0.3074015,0.38371038,0.35845444,0.27867946,0.37594867,0.42020825,0.3499599,0.28661385,0.42351606,0.45218888,4.83E-19,5.62E-19,0.01606079,2.51E-18,0.0042463616,9.05E-11,3.46E-17,0.5664688,0.33707607,0.5744444,0.0002251949,0.5680421,0.22128694,0.35281414,0.73532367,0.5907854,0
0.30651656,0.17390898,0.0053915223,0.00010826193,0.38159412,0.46982324,9.44E-06,6.64E-11,0.34851477,0.4641461,0.00087240676,6.47E-07,0.38961926,0.4486558,0.0009170537,8.08E-07,0.43765217,0.46403483,7.93E-21,1.17E-20,0.20476517,3.34E-05,0.11964279,0.00011485001,0.00045175606,0.43570697,0,0.4486267,0,0,0.009929078,0,0.58125275,0.47003502,3
0.22487968,0.318072,7.35E-05,3.65E-06,0.38159412,0.46982324,0,0,0.34851477,0.4641461,0,0,0.38961926,0.4486558,0,0,0.43765217,0.46403483,0,0,0,0,0,0.9826633,0,0.43570697,0,0.4486267,0,0,2.08E-17,0,0.58125275,0.47003502,2
0.7095303,0.78679293,0.25021568,0.12746714,0.38159412,0.46982324,3.81E-05,1.08E-09,0.34851477,0.4641461,0.0059491987,3.01E-05,0.38961926,0.4486558,0.0065236306,4.09E-05,0.43765217,0.46403483,1.43E-22,1.45E-22,0.5780685,2.55E-10,0.69910496,6.71E-06,2.64E-05,0.43570697,0,0.4486267,0,0,0.35886526,0,0.58125275,0.47003502,1
0.56757855,0.82557124,0.0070927036,9.57E-05,0.38159412,0.46982324,0,0,0.34851477,0.4641461,0,0,0.38961926,0.4486558,0,0,0.43765217,0.46403483,0,0,0,0,0,0.98266566,0,0.43570697,0,0.4486267,0,0,2.08E-17,0,0.58125275,0.47003502,3
0.40111977,0.27579555,0.005412973,0.00010824349,0.38159412,0.46982324,0,0,0.34851477,0.4641461,0,0,0.38961926,0.4486558,0,0,0.43765217,0.46403483,0,0,0,0,0,0.98266554,0,0.43570697,0,0.4486267,0,0,2.08E-17,0,0.58125275,0.47003502,3
0.35937452,0.0904189,0.22085017,0.12977402,0.38159412,0.46982324,0.00022689013,3.84E-08,0.34851477,0.4641461,0.013580343,0.00015689334,0.38961926,0.4486558,0.016809508,0.00027152957,0.43765217,0.46403483,2.00E-20,1.05E-08,0.26507977,0.0005047698,0.07265182,0.0002545867,0.0010012572,0.43570697,0,0.4486267,0,0,0.3503546,0,0.58125275,0.47003502,4
0.4868461,0.23361254,0.21421796,0.13135372,0.38159412,0.46982324,0,0,0.34851477,0.4641461,0,0,0.38961926,0.4486558,0,0,0.43765217,0.46403483,0,0,0,0,0,0.98266476,0,0.43570697,0,0.4486267,0,0,2.08E-17,0,0.58125275,0.47003502,4
0.0011791035,0.0016324703,0.008138932,0.00082023756,0.38159412,0.46983612,0.016734814,0.00020879487,0.3485154,0.4691914,0.037992477,0.0013562705,0.38963264,0.4541902,0.031695034,0.0011873019,0.43773988,0.47981456,9.51E-18,9.54E-18,0.0011211558,1.45E-17,0.0016997552,7.80E-10,1.54E-17,0.43570697,0.00045648095,0.4486449,0.0014593656,0.0038652222,0.03966827,0.00048939476,0.5812532,0.47097665,0
0.27719852,0.05400828,0.22343795,0.12905475,0.38159412,0.46982324,0.0076434817,4.35E-05,0.34851477,0.4641461,0.021515919,0.00039382462,0.38961926,0.4486558,0.022348432,0.00047995578,0.43765217,0.46403483,1.74E-11,1.19E-05,0.20596287,0.0012674609,0.04391776,0.0004501924,0.0017701959,0.43570697,0,0.4486267,0,0,0.3503546,0,0.58125275,0.47003502,4
0.7154131,0.9851615,0.24436717,0.12145453,0.38159412,0.46982324,0,0,0.34851477,0.4641461,0,0,0.38961926,0.4486558,0,0,0.43765217,0.46403483,0,0,0,0,0,0.98266506,0,0.43570697,0,0.4486267,0,0,2.08E-17,0,0.58125275,0.47003502,4
0.72485787,0.3418398,0.008071683,7.92E-05,0.38159412,0.46982324,0,0,0.34851477,0.4641461,0,0,0.38961926,0.4486558,0,0,0.43765217,0.46403483,0,0,0,0,0,0.98266554,0,0.43570697,0,0.4486267,0,0,2.08E-17,0,0.58125275,0.47003502,3
0.7166793,0.60836685,0.24335523,0.121902555,0.38159412,0.46982324,0,0,0.34851477,0.4641461,0,0,0.38961926,0.4486558,0,0,0.43765217,0.46403483,0,0,0,0,0,0.9826648,0,0.43570697,0,0.4486267,0,0,2.08E-17,0,0.58125275,0.47003502,4
0.0010183974,0.001594795,0.008067615,0.000753947,0.38159412,0.46982336,8.26E-05,1.03E-06,0.34851477,0.46678415,0.024255212,0.0006159944,0.38970408,0.51833785,0.030082768,0.0011070997,0.4377795,0.4882735,3.44E-17,3.44E-17,0.0010109227,2.77E-17,0.0017053604,7.80E-10,1.77E-17,0.43570697,0.00018513692,0.4330451,0.0014954895,0.0036918938,0.039203003,0.00052122085,0.58126837,0.5034698,0
0.71296793,0.89552444,0.24418372,0.121536486,0.38159412,0.46982324,0,0,0.34851477,0.4641461,0,0,0.38961926,0.4486558,0,0,0.43765217,0.46403483,0,0,0,0,0,0.98266494,0,0.43570697,0,0.4486267,0,0,2.08E-17,0,0.58125275,0.47003502,4
0.39231518,0.4723931,0.0059080506,0.0001068129,0.38159412,0.46982324,0,0,0.34851477,0.4641461,0,0,0.38961926,0.4486558,0,0,0.43765217,0.46403483,0,0,0,0,0,0.98266566,0,0.43570697,0,0.4486267,0,0,2.08E-17,0,0.58125275,0.47003502,3
0.74429864,0.5603999,0.0070956275,9.56E-05,0.38159412,0.46982324,3.18E-08,7.55E-16,0.34851477,0.4641461,0.0001508861,1.94E-08,0.38961926,0.4486558,0.00022095993,4.69E-08,0.43765217,0.46403483,1.53E-22,1.77E-22,0.62915444,4.67E-07,0.5100305,1.97E-05,7.74E-05,0.43570697,0,0.4486267,0,0,0.009929078,0,0.58125275,0.47003502,3
0.87264556,0.906586,0.0081564635,7.68E-05,0.38159412,0.46982324,0.0004925812,1.81E-07,0.34851477,0.4641461,0.0002938275,7.34E-08,0.38961926,0.4486558,0.00026051616,6.52E-08,0.43765217,0.46403483,1.23E-22,1.07E-21,0.8539315,2.25E-11,0.9455832,4.05E-06,1.59E-05,0.43570697,0,0.4486267,0,0,0.009929078,0,0.58125275,0.47003502,3
0.7490369,0.7362865,0.0070944177,9.57E-05,0.38159412,0.46982324,0.0003963896,1.17E-07,0.34851477,0.4641461,0.00031223573,8.29E-08,0.38961926,0.4486558,0.00025975468,6.48E-08,0.43765217,0.46403483,1.04E-22,1.32E-22,0.62999326,6.40E-09,0.6699079,9.75E-06,3.84E-05,0.43570697,0,0.4486267,0,0,0.009929078,0,0.58125275,0.47003502,3
0.26366788,0.36268172,1.49E-05,1.49E-06,0.38159412,0.46982324,0,0,0.34851477,0.4641461,0,0,0.38961926,0.4486558,0,0,0.43765217,0.46403483,0,0,0,0,0,0.9826633,0,0.43570697,0,0.4486267,0,0,2.08E-17,0,0.58125275,0.47003502,2
0.40243196,0.31069738,0.21019743,0.13950199,0.38159412,0.46982324,0.028535001,0.0006066131,0.34851477,0.4641461,0.034745153,0.0010270026,0.38961926,0.4486558,0.029598342,0.0008418639,0.43765217,0.46403483,3.28E-21,2.72E-21,0.26631546,4.01E-07,0.23222563,3.90E-05,0.00015355165,0.43570697,0,0.4486267,0,0,0.35886526,0,0.58125275,0.47003502,1
0.36437953,0.41522992,0.0057826936,0.00010736182,0.38159412,0.46982324,0.0011663118,1.01E-06,0.34851477,0.4641461,0.0013330111,1.51E-06,0.38961926,0.4486558,0.0008124636,6.34E-07,0.43765217,0.46403483,1.88E-21,9.06E-21,0.23406962,3.83E-09,0.3065153,1.83E-05,7.21E-05,0.43570697,0,0.4486267,0,0,0.009929078,0,0.58125275,0.47003502,3
0.7259589,0.9054555,0.24391118,0.12165766,0.38159412,0.46982324,0,0,0.34851477,0.4641461,0,0,0.38961926,0.4486558,0,0,0.43765217,0.46403483,0,0,0,0,0,0.98266494,0,0.43570697,0,0.4486267,0,0,2.08E-17,0,0.58125275,0.47003502,4
0.8219655,0.8864373,0.008120893,7.73E-05,0.38159412,0.46982324,2.96E-06,6.52E-12,0.34851477,0.4641461,0.00018684384,2.97E-08,0.38961926,0.4486558,0.00024927905,5.97E-08,0.43765217,0.46403483,7.99E-23,1.12E-22,0.791218,3.62E-11,0.921674,4.32E-06,1.70E-05,0.43570697,0,0.4486267,0,0,0.009929078,0,0.58125275,0.47003502,3
0.4420896,0.59840035,0.21381037,0.13144101,0.38159412,0.46982324,0,0,0.34851477,0.4641461,0,0,0.38961926,0.4486558,0,0,0.43765217,0.46403483,0,0,0,0,0,0.982665,0,0.43570697,0,0.4486267,0,0,2.08E-17,0,0.58125275,0.47003502,4
0.25882807,0.35928994,1.57E-05,1.60E-06,0.38159412,0.46982324,0,0,0.34851477,0.4641461,0,0,0.38961926,0.4486558,0,0,0.43765217,0.46403483,0,0,0,0,0,0.9826632,0,0.43570697,0,0.4486267,0,0,2.08E-17,0,0.58125275,0.47003502,2
7.65E-05,0.00072719884,0.026354497,0.024622092,0.38159412,0.46982324,1.39E-09,1.44E-18,0.34851477,0.4641461,0.0019944916,3.38E-06,0.38961926,0.4486558,0.014097819,0.00019099015,0.43765217,0.46403483,0,1.55E-30,7.53E-06,1.60E-17,9.15E-05,2.03E-08,5.20E-16,0.43570697,3.65E-06,0.4486267,0.00031707686,0.014044722,0.018833421,0.00019095303,0.58125275,0.47003502,0
0.23014396,0.31038353,7.25E-05,3.66E-06,0.38159412,0.46982324,0,0,0.34851477,0.4641461,0,0,0.38961926,0.4486558,0,0,0.43765217,0.46403483,0,0,0,0,0,0.98266315,0,0.43570697,0,0.4486267,0,0,2.08E-17,0,0.58125275,0.47003502,2
0.31005064,0.09740903,0.0055166525,0.00010785459,0.38159412,0.46982324,3.40E-07,8.60E-14,0.34851477,0.4641461,0.00023394014,4.66E-08,0.38961926,0.4486558,0.00033700553,1.09E-07,0.43765217,0.46403483,1.26E-21,1.67E-11,0.2031934,0.0003278852,0.06859482,0.00025148067,0.0009890455,0.43570697,0,0.4486267,0,0,0.009929078,0,0.58125275,0.47003502,3
0.75301415,0.7662707,0.00709135,9.57E-05,0.38159412,0.46982324,7.97E-05,4.74E-09,0.34851477,0.4641461,0.00030943175,8.15E-08,0.38961926,0.4486558,0.00026768394,6.89E-08,0.43765217,0.46403483,3.95E-22,2.59E-22,0.630608,2.51E-09,0.6969713,8.54E-06,3.36E-05,0.43570697,0,0.4486267,0,0,0.009929078,0,0.58125275,0.47003502,3
0.7419252,0.8185215,0.0071014757,9.55E-05,0.38159412,0.46982324,0.0008259531,5.08E-07,0.34851477,0.4641461,0.00032430954,8.95E-08,0.38961926,0.4486558,0.0002590721,6.45E-08,0.43765217,0.46403483,5.99E-23,1.11E-22,0.62815255,3.38E-10,0.74555236,6.53E-06,2.57E-05,0.43570697,0,0.4486267,0,0,0.009929078,0,0.58125275,0.47003502,3
0.0009415793,0.0016486394,0.04041411,0.11043172,0.38159412,0.46982324,2.64E-06,1.85E-07,0.34851477,0.4641461,0.0069704237,9.74E-05,0.38962296,0.4699394,0.009975227,0.00014469483,0.4376658,0.48365504,7.74E-31,8.46E-22,0.00012862962,4.35E-17,0.00037485515,1.81E-08,5.16E-08,0.43570697,0.000105070314,0.4699089,0.0012996222,0.009937656,0.027793555,0.0001446667,0.5812639,0.48943537,0
0.36161742,0.37604585,0.21271713,0.13910317,0.38159412,0.46982324,0.03809026,0.0010808959,0.34851477,0.4641461,0.032916263,0.0009217307,0.38961926,0.4486558,0.027943555,0.0007503613,0.43765217,0.46403483,3.82E-21,3.05E-21,0.24817327,1.39E-08,0.2843895,2.26E-05,8.90E-05,0.43570697,0,0.4486267,0,0,0.35886526,0,0.58125275,0.47003502,1
0.7870473,0.84815913,0.008116916,7.75E-05,0.38159412,0.46982324,0.0007248983,3.91E-07,0.34851477,0.4641461,0.0003280013,9.15E-08,0.38961926,0.4486558,0.00026927682,6.97E-08,0.43765217,0.46403483,9.59E-23,1.06E-22,0.76599556,1.12E-10,0.8810894,5.04E-06,1.98E-05,0.43570697,0,0.4486267,0,0,0.009929078,0,0.58125275,0.47003502,3
0.7097522,0.68024504,0.00806834,7.91E-05,0.38159412,0.46982324,1.97E-05,2.89E-10,0.34851477,0.4641461,0.00027042945,6.22E-08,0.38961926,0.4486558,0.0002807771,7.58E-08,0.43765217,0.46403483,9.50E-23,1.08E-22,0.669423,2.06E-08,0.70062757,1.05E-05,4.15E-05,0.43570697,0,0.4486267,0,0,0.009929078,0,0.58125275,0.47003502,3
0.711822,0.8899164,0.24425726,0.12150351,0.38159412,0.46982324,0,0,0.34851477,0.4641461,0,0,0.38961926,0.4486558,0,0,0.43765217,0.46403483,0,0,0,0,0,0.98266494,0,0.43570697,0,0.4486267,0,0,2.08E-17,0,0.58125275,0.47003502,4
0.7156752,0.3844322,0.24289806,0.122102626,0.38159412,0.46982324,0.00015231375,1.73E-08,0.34851477,0.4641461,0.006687745,3.80E-05,0.38961926,0.4486558,0.007204229,4.99E-05,0.43765217,0.46403483,1.50E-22,2.39E-22,0.578058,8.55E-06,0.33965665,3.92E-05,0.00015405608,0.43570697,0,0.4486267,0,0,0.3503546,0,0.58125275,0.47003502,4
0.4380565,0.6058995,0.21391901,0.13141593,0.38159412,0.46982324,0.016074061,0.00019248958,0.34851477,0.4641461,0.015176637,0.00019594497,0.38961926,0.4486558,0.013153515,0.00016626113,0.43765217,0.46403483,4.14E-22,5.49E-22,0.31524613,2.36E-18,0.4715012,1.47E-06,5.79E-06,0.43570697,0,0.4486267,0,0,0.3503546,0,0.58125275,0.47003502,4
0.72024435,0.97840303,0.24410999,0.12156967,0.38159412,0.46982324,0,0,0.34851477,0.4641461,0,0,0.38961926,0.4486558,0,0,0.43765217,0.46403483,0,0,0,0,0,0.98266506,0,0.43570697,0,0.4486267,0,0,2.08E-17,0,0.58125275,0.47003502,4
0.00092357484,0.0014449225,0.009897196,0.0058764843,0.38159412,0.46982324,0.0049694525,1.84E-05,0.34851477,0.46439812,0.037378974,0.0012022896,0.38965735,0.4772569,0.03681821,0.0051231533,0.437899,0.47831222,1.85E-23,1.30E-18,0.0007798786,1.80E-17,0.0014947879,1.12E-09,1.87E-15,0.43570697,3.63E-18,0.4486267,0.0013006484,0.009181088,0.045261446,0.0041564736,0.5818275,0.6451511,0
0.0008747631,0.0015173351,0.007840723,0.000764555,0.38159412,0.46982324,1.93E-05,4.01E-07,0.34851477,0.46414578,0.022836799,0.0005754249,0.38960725,0.4382752,0.030650467,0.0011360609,0.4378738,0.50531197,6.34E-20,1.50E-18,0.0007386697,6.40E-18,0.0015801061,8.58E-10,6.21E-18,0.43570697,0.001865645,0.47377196,0.0012607406,0.056037433,0.043090213,0.0033045548,0.58161074,0.5020355,0
0.4898105,0.37826565,0.21374698,0.13145068,0.38159412,0.46982324,0,0,0.34851477,0.4641461,0,0,0.38961926,0.4486558,0,0,0.43765217,0.46403483,0,0,0,0,0,0.9826648,0,0.43570697,0,0.4486267,0,0,2.08E-17,0,0.58125275,0.47003502,4
0.7463017,0.60676974,0.00808276,7.91E-05,0.38159412,0.46982324,0,0,0.34851477,0.4641461,0,0,0.38961926,0.4486558,0,0,0.43765217,0.46403483,0,0,0,0,0,0.98266554,0,0.43570697,0,0.4486267,0,0,2.08E-17,0,0.58125275,0.47003502,3
0.38346973,0.44838357,0.00597858,0.00010641753,0.38159412,0.46982324,0,0,0.34851477,0.4641461,0,0,0.38961926,0.4486558,0,0,0.43765217,0.46403483,0,0,0,0,0,0.98266566,0,0.43570697,0,0.4486267,0,0,2.08E-17,0,0.58125275,0.47003502,3
0.21679232,0.31383964,7.22E-05,3.67E-06,0.38159412,0.46982324,0,0,0.34851477,0.4641461,0,0,0.38961926,0.4486558,0,0,0.43765217,0.46403483,0,0,0,0,0,0.9826632,0,0.43570697,0,0.4486267,0,0,2.08E-17,0,0.58125275,0.47003502,2
0.38251826,0.12238666,0.005612904,0.00010767525,0.38159412,0.46982324,0,0,0.34851477,0.4641461,0,0,0.38961926,0.4486558,0,0,0.43765217,0.46403483,0,0,0,0,0,0.9826655,0,0.43570697,0,0.4486267,0,0,2.08E-17,0,0.58125275,0.47003502,3
0.2535829,0.3268855,1.52E-05,1.47E-06,0.38159412,0.46982324,0,0,0.34851477,0.4641461,0,0,0.38961926,0.4486558,0,0,0.43765217,0.46403483,0,0,0,0,0,0.98266304,0,0.43570697,0,0.4486267,0,0,2.08E-17,0,0.58125275,0.47003502,2
0.0009454782,0.0018806998,0.060134597,0.1741501,0.38152298,0.43787774,0.06346172,0.0030288328,0.34836608,0.42103013,0.092666045,0.0076801055,0.38997838,0.47871497,0.45510048,0.21590793,0.4985945,0.5334336,3.08E-18,4.72E-18,0.0009836318,5.47E-18,0.002082967,5.50E-10,5.72E-18,0.43570697,0.00032510448,0.44845325,0.0014538241,0.0021547938,0.03880332,0.0005379114,0.5812513,0.46502796,0
0.42195117,0.4385178,0.21608722,0.1384977,0.38159412,0.46982324,0,0,0.34851477,0.4641461,0,0,0.38961926,0.4486558,0,0,0.43765217,0.46403483,0,0,0,0,0,0.9826662,0,0.43570697,0,0.4486267,0,0,2.08E-17,0,0.58125275,0.47003502,1
0.116963744,0.018938964,0.17716064,0.13396701,0.38159412,0.46982324,0.017962148,0.00024036573,0.34851477,0.4641461,0.040025093,0.0013628489,0.38961926,0.4486558,0.04261741,0.0017453448,0.43765217,0.46403483,5.51E-06,0.00093264936,0.0699727,0.0057048625,0.012232531,0.0016846957,0.0066160555,0.43570697,1.16E-16,0.4486267,0.042264126,1.94E-08,0.3503546,3.65E-16,0.58125275,0.47003502,5
0.013892734,0.01111981,0.91386557,0.44830558,0.3816128,0.529973,0.011183748,0.0007217377,0.3485941,0.5634523,0.012548297,0.007303421,0.38967067,0.46675685,0.012927055,0.04568515,0.4356696,0.35646242,2.87E-19,5.02E-18,0.0013131599,1.67E-08,0.00037703168,0.009818451,0.038265307,0.43570697,1.81E-18,0.4486267,7.51E-05,1.98E-09,0.011347517,3.80E-18,0.58125275,0.47003502,0
0.36358714,0.2871824,0.18361028,0.13425685,0.38159412,0.46982324,0,0,0.34851477,0.4641461,0,0,0.38961926,0.4486558,0,0,0.43765217,0.46403483,0,0,0,0,0,0.982667,0,0.43570697,0,0.4486267,0,0,2.08E-17,0,0.58125275,0.47003502,5
0.38017806,0.47374046,0.0060209003,0.000106210704,0.38159412,0.46982324,0.0006238713,2.90E-07,0.34851477,0.4641461,0.0008594757,6.28E-07,0.38961926,0.4486558,0.0008181486,6.43E-07,0.43765217,0.46403483,1.94E-20,7.16E-21,0.2977349,1.24E-11,0.36441383,8.91E-06,3.50E-05,0.43570697,0,0.4486267,0,0,0.009929078,0,0.58125275,0.47003502,3
0.7202387,0.57537645,0.24283363,0.12213038,0.38159412,0.46982324,1.42E-05,1.51E-10,0.34851477,0.4641461,0.0052944953,2.38E-05,0.38961926,0.4486558,0.006593592,4.18E-05,0.43765217,0.46403483,3.60E-22,4.15E-22,0.58062154,2.28E-07,0.5082217,1.82E-05,7.17E-05,0.43570697,0,0.4486267,0,0,0.3503546,0,0.58125275,0.47003502,4
0.34863555,0.12926152,0.0054986607,0.00010794243,0.38159412,0.46982324,0,0,0.34851477,0.4641461,0,0,0.38961926,0.4486558,0,0,0.43765217,0.46403483,0,0,0,0,0,0.98266554,0,0.43570697,0,0.4486267,0,0,2.08E-17,0,0.58125275,0.47003502,3
0.2217887,0.29665962,7.51E-05,3.77E-06,0.38159412,0.46982324,0,0,0.34851477,0.4641461,0,0,0.38961926,0.4486558,0,0,0.43765217,0.46403483,0,0,0,0,0,0.9826631,0,0.43570697,0,0.4486267,0,0,2.08E-17,0,0.58125275,0.47003502,2
0.32752424,0.36895517,0.21371998,0.13893303,0.38159412,0.46982324,0.003684452,1.01E-05,0.34851477,0.4641461,0.0314189,0.00083977915,0.38961926,0.4486558,0.027592389,0.00073162024,0.43765217,0.46403483,5.43E-21,6.30E-21,0.23217379,1.73E-08,0.28033373,2.33E-05,9.17E-05,0.43570697,0,0.4486267,0,0,0.35886526,0,0.58125275,0.47003502,1
0.26346767,0.3599503,1.57E-05,1.60E-06,0.38159412,0.46982324,0,0,0.34851477,0.4641461,0,0,0.38961926,0.4486558,0,0,0.43765217,0.46403483,0,0,0,0,0,0.9826632,0,0.43570697,0,0.4486267,0,0,2.08E-17,0,0.58125275,0.47003502,2
0.8501783,0.8923224,0.008145072,7.68E-05,0.38159412,0.46982324,0,0,0.34851477,0.4641461,0,0,0.38961926,0.4486558,0,0,0.43765217,0.46403483,0,0,0,0,0,0.98266566,0,0.43570697,0,0.4486267,0,0,2.08E-17,0,0.58125275,0.47003502,3
0.011291747,0.0026677484,0.06860391,0.09612436,0.3548087,0.39677107,0.2640199,0.35866556,0.33423355,0.4301414,0.33727503,0.25852472,0.37895292,0.42426217,0.3315825,0.26462486,0.43885627,0.46514007,8.53E-19,1.17E-18,0.013689879,9.76E-18,0.003060909,0.0001731122,0.00068005954,0.43570697,3.19E-05,0.4486267,7.51E-05,0.005873705,0.029689798,3.34E-05,0.58125275,0.47003502,0
0.21904732,0.30079758,7.49E-05,3.75E-06,0.38159412,0.46982324,0,0,0.34851477,0.4641461,0,0,0.38961926,0.4486558,0,0,0.43765217,0.46403483,0,0,0,0,0,0.9826631,0,0.43570697,0,0.4486267,0,0,2.08E-17,0,0.58125275,0.47003502,2
0.25109923,0.20721827,1.53E-05,1.56E-06,0.38159412,0.46982324,0,0,0.34851477,0.4641461,0,0,0.38961926,0.4486558,0,0,0.43765217,0.46403483,0,0,0,0,0,0.9826629,0,0.43570697,0,0.4486267,0,0,2.08E-17,0,0.58125275,0.47003502,2
0.41630083,0.51310235,0.21236122,0.13173525,0.38159412,0.46982324,0,0,0.34851477,0.4641461,0,0,0.38961926,0.4486558,0,0,0.43765217,0.46403483,0,0,0,0,0,0.9826649,0,0.43570697,0,0.4486267,0,0,2.08E-17,0,0.58125275,0.47003502,4
0.40691522,0.38405144,0.0058128308,0.00010727119,0.38159412,0.46982324,2.10E-07,3.29E-14,0.34851477,0.4641461,0.00036407472,1.13E-07,0.38961926,0.4486558,0.0006533043,4.10E-07,0.43765217,0.46403483,6.46E-21,2.77E-21,0.31080163,2.39E-08,0.28487036,2.44E-05,9.59E-05,0.43570697,0,0.4486267,0,0,0.009929078,0,0.58125275,0.47003502,3
0.70871735,0.7562581,0.25073555,0.12722827,0.38159412,0.46982324,0.024001187,0.00042916217,0.34851477,0.4641461,0.011272298,0.00010809559,0.38961926,0.4486558,0.0070907613,4.83E-05,0.43765217,0.46403483,4.19E-23,9.38E-23,0.5862687,9.17E-10,0.6733772,7.93E-06,3.12E-05,0.43570697,0,0.4486267,0,0,0.35886526,0,0.58125275,0.47003502,1
0.7220504,0.8493207,0.24410856,0.12157009,0.38159412,0.46982324,5.18E-07,2.00E-13,0.34851477,0.4641461,0.0038072676,1.23E-05,0.38961926,0.4486558,0.0063038673,3.82E-05,0.43765217,0.46403483,1.36E-22,1.56E-22,0.58976924,1.80E-11,0.75412875,4.78E-06,1.88E-05,0.43570697,0,0.4486267,0,0,0.3503546,0,0.58125275,0.47003502,4
0.46241194,0.56122303,0.21403475,0.13139142,0.38159412,0.46982324,0,0,0.34851477,0.4641461,0,0,0.38961926,0.4486558,0,0,0.43765217,0.46403483,0,0,0,0,0,0.98266494,0,0.43570697,0,0.4486267,0,0,2.08E-17,0,0.58125275,0.47003502,4
0.70254064,0.6024372,0.25034922,0.12740566,0.38159412,0.46982324,6.46E-07,3.11E-13,0.34851477,0.4641461,0.003966183,1.34E-05,0.38961926,0.4486558,0.006330736,3.85E-05,0.43765217,0.46403483,1.30E-22,1.49E-22,0.57579917,1.03E-07,0.53557646,1.60E-05,6.28E-05,0.43570697,0,0.4486267,0,0,0.35886526,0,0.58125275,0.47003502,1
0.21459365,0.21400928,7.99E-05,3.99E-06,0.38159412,0.46982324,0,0,0.34851477,0.4641461,0,0,0.38961926,0.4486558,0,0,0.43765217,0.46403483,0,0,0,0,0,0.9826629,0,0.43570697,0,0.4486267,0,0,2.08E-17,0,0.58125275,0.47003502,2
0.41622937,0.36897403,0.005661262,0.0001078245,0.38159412,0.46982324,1.01E-05,7.52E-11,0.34851477,0.4641461,0.00055251713,2.60E-07,0.38961926,0.4486558,0.00070273667,4.75E-07,0.43765217,0.46403483,2.73E-21,3.39E-21,0.29820797,5.50E-08,0.2664865,2.82E-05,0.00011095579,0.43570697,0,0.4486267,0,0,0.009929078,0,0.58125275,0.47003502,3
0.75109416,0.67526954,0.0070787347,9.59E-05,0.38159412,0.46982324,0.000399191,1.19E-07,0.34851477,0.4641461,0.0003155989,8.47E-08,0.38961926,0.4486558,0.00026432588,6.71E-08,0.43765217,0.46403483,1.55E-22,1.61E-22,0.62559795,3.52E-08,0.6130994,1.26E-05,4.97E-05,0.43570697,0,0.4486267,0,0,0.009929078,0,0.58125275,0.47003502,3
0.34973422,0.31535733,0.18349929,0.13425513,0.38159412,0.46982324,1.89E-05,2.67E-10,0.34851477,0.4641461,0.009928859,8.39E-05,0.38961926,0.4486558,0.016736811,0.00026918604,0.43765217,0.46403483,7.21E-22,1.24E-21,0.21445769,2.18E-07,0.21053116,3.96E-05,0.00015594716,0.43570697,1.51E-15,0.4486267,0.7295253,1.32E-07,0.3503546,1.69E-14,0.58125275,0.47003502,5
0.21676573,0.31692305,7.32E-05,3.65E-06,0.38159412,0.46982324,0,0,0.34851477,0.4641461,0,0,0.38961926,0.4486558,0,0,0.43765217,0.46403483,0,0,0,0,0,0.9826633,0,0.43570697,0,0.4486267,0,0,2.08E-17,0,0.58125275,0.47003502,2
0.28051397,0.05469232,0.22181185,0.12950787,0.38159412,0.46982324,0.007435068,4.12E-05,0.34851477,0.4641461,0.021428306,0.0003906238,0.38961926,0.4486558,0.022282675,0.0004771355,0.43765217,0.46403483,1.45E-11,1.12E-05,0.20635737,0.001257154,0.044150084,0.00044754453,0.001759789,0.43570697,0,0.4486267,0,0,0.3503546,0,0.58125275,0.47003502,4
0.45532358,0.56709635,0.21359977,0.13148287,0.38159412,0.46982324,0.0006175233,2.84E-07,0.34851477,0.4641461,0.010585792,9.53E-05,0.38961926,0.4486558,0.01288071,0.0001594361,0.43765217,0.46403483,3.25E-21,2.67E-21,0.3265518,4.94E-13,0.44063994,5.39E-06,2.12E-05,0.43570697,0,0.4486267,0,0,0.3503546,0,0.58125275,0.47003502,4
0.9466631,0.93551064,0.008176573,7.63E-05,0.38159412,0.46982324,4.03E-05,1.21E-09,0.34851477,0.4641461,0.00021869858,4.07E-08,0.38961926,0.4486558,0.0002497864,6.00E-08,0.43765217,0.46403483,4.77E-23,4.92E-23,0.9352117,1.25E-11,0.9784358,3.72E-06,1.46E-05,0.43570697,0,0.4486267,0,0,0.009929078,0,0.58125275,0.47003502,3
0.70641994,0.33660987,0.25092128,0.12714386,0.38159412,0.46982324,0.0026524365,5.24E-06,0.34851477,0.4641461,0.009063284,6.99E-05,0.38961926,0.4486558,0.008077002,6.27E-05,0.43765217,0.46403483,1.09E-22,2.34E-20,0.58349055,1.62E-05,0.2999467,4.73E-05,0.00018612575,0.43570697,0,0.4486267,0,0,0.35886526,0,0.58125275,0.47003502,1
0.2169516,0.23957068,7.43E-05,3.75E-06,0.38159412,0.46982324,0,0,0.34851477,0.4641461,0,0,0.38961926,0.4486558,0,0,0.43765217,0.46403483,0,0,0,0,0,0.9826629,0,0.43570697,0,0.4486267,0,0,2.08E-17,0,0.58125275,0.47003502,2
0.0006881204,0.00077946583,0.032345686,0.041560393,0.38159412,0.46982324,1.39E-09,1.62E-18,0.34851477,0.4641461,0,1.68E-18,0.38961926,0.4486558,1.41E-09,3.42E-18,0.43765217,0.46403483,8.44E-17,4.21E-15,0.00023724072,1.18E-14,6.31E-05,4.52E-08,2.84E-14,0.43570697,0,0.4486267,0,0,0.009929078,0,0.58125275,0.47003502,0
0.41154158,0.5677332,0.21350963,0.13150156,0.38159412,0.46982324,0,0,0.34851477,0.4641461,0,0,0.38961926,0.4486558,0,0,0.43765217,0.46403483,0,0,0,0,0,0.98266494,0,0.43570697,0,0.4486267,0,0,2.08E-17,0,0.58125275,0.47003502,4
0.25096232,0.35891953,1.63E-05,1.65E-06,0.38159412,0.46982324,0,0,0.34851477,0.4641461,0,0,0.38961926,0.4486558,0,0,0.43765217,0.46403483,0,0,0,0,0,0.9826632,0,0.43570697,0,0.4486267,0,0,2.08E-17,0,0.58125275,0.47003502,2
0.46121344,0.5491922,0.21375369,0.13145185,0.38159412,0.46982324,0.00026599554,5.27E-08,0.34851477,0.4641461,0.010018844,8.54E-05,0.38961926,0.4486558,0.013355812,0.00017141455,0.43765217,0.46403483,3.90E-22,6.62E-22,0.3374211,3.43E-12,0.4270472,6.77E-06,2.66E-05,0.43570697,0,0.4486267,0,0,0.3503546,0,0.58125275,0.47003502,4
0.72923166,0.71146566,0.008063049,7.91E-05,0.38159412,0.46982324,0,0,0.34851477,0.4641461,0,0,0.38961926,0.4486558,0,0,0.43765217,0.46403483,0,0,0,0,0,0.9826656,0,0.43570697,0,0.4486267,0,0,2.08E-17,0,0.58125275,0.47003502,3
0.7371725,0.5550861,0.008091435,7.92E-05,0.38159412,0.46982324,0,0,0.34851477,0.4641461,0,0,0.38961926,0.4486558,0,0,0.43765217,0.46403483,0,0,0,0,0,0.98266554,0,0.43570697,0,0.4486267,0,0,2.08E-17,0,0.58125275,0.47003502,3
0.22311364,0.1914682,7.88E-05,4.02E-06,0.38159412,0.46982324,0,0,0.34851477,0.4641461,0,0,0.38961926,0.4486558,0,0,0.43765217,0.46403483,0,0,0,0,0,0.9826629,0,0.43570697,0,0.4486267,0,0,2.08E-17,0,0.58125275,0.47003502,2
0.8345295,0.8982262,0.008140283,7.71E-05,0.38159412,0.46982324,7.40E-07,4.08E-13,0.34851477,0.4641461,0.00015893437,2.15E-08,0.38961926,0.4486558,0.00024373896,5.71E-08,0.43765217,0.46403483,4.40E-21,4.98E-21,0.8068292,2.62E-11,0.9351843,4.13E-06,1.63E-05,0.43570697,0,0.4486267,0,0,0.009929078,0,0.58125275,0.47003502,3
0.22427566,0.29225928,7.46E-05,3.67E-06,0.38159412,0.46982324,0,0,0.34851477,0.4641461,0,0,0.38961926,0.4486558,0,0,0.43765217,0.46403483,0,0,0,0,0,0.98266304,0,0.43570697,0,0.4486267,0,0,2.08E-17,0,0.58125275,0.47003502,2
0.42273998,0.5255318,0.21301845,0.13160186,0.38159412,0.46982324,0.0040350123,1.21E-05,0.34851477,0.4641461,0.014298608,0.0001739284,0.38961926,0.4486558,0.014226679,0.00019449755,0.43765217,0.46403483,4.56E-22,5.93E-22,0.30134252,3.66E-11,0.4072584,8.89E-06,3.50E-05,0.43570697,0,0.4486267,0,0,0.3503546,0,0.58125275,0.47003502,4
0.43378943,0.51282966,0.2123391,0.13173942,0.38159412,0.46982324,0,0,0.34851477,0.4641461,0,0,0.38961926,0.4486558,0,0,0.43765217,0.46403483,0,0,0,0,0,0.9826649,0,0.43570697,0,0.4486267,0,0,2.08E-17,0,0.58125275,0.47003502,4
0.22681957,0.31362134,7.38E-05,3.67E-06,0.38159412,0.46982324,0,0,0.34851477,0.4641461,0,0,0.38961926,0.4486558,0,0,0.43765217,0.46403483,0,0,0,0,0,0.9826632,0,0.43570697,0,0.4486267,0,0,2.08E-17,0,0.58125275,0.47003502,2
0.46626845,0.5021457,0.21296255,0.13161507,0.38159412,0.46982324,0,0,0.34851477,0.4641461,0,0,0.38961926,0.4486558,0,0,0.43765217,0.46403483,0,0,0,0,0,0.9826649,0,0.43570697,0,0.4486267,0,0,2.08E-17,0,0.58125275,0.47003502,4
0.71566826,0.6356464,0.2434738,0.12185052,0.38159412,0.46982324,3.15E-08,7.40E-16,0.34851477,0.4641461,0.002518686,5.40E-06,0.38961926,0.4486558,0.0058187144,3.25E-05,0.43765217,0.46403483,8.58E-23,1.25E-22,0.5850718,5.16E-08,0.56292754,1.42E-05,5.58E-05,0.43570697,0,0.4486267,0,0,0.3503546,0,0.58125275,0.47003502,4
0.72920626,0.9667317,0.24435359,0.12146129,0.38159412,0.46982324,2.89E-06,6.22E-12,0.34851477,0.4641461,0.0045405286,1.75E-05,0.38961926,0.4486558,0.006535851,4.10E-05,0.43765217,0.46403483,2.52E-22,2.74E-22,0.5897388,4.08E-16,0.8592485,1.44E-06,5.67E-06,0.43570697,0,0.4486267,0,0,0.3503546,0,0.58125275,0.47003502,4
0.7207997,0.91403663,0.24405041,0.121595524,0.38159412,0.46982324,2.79E-05,5.78E-10,0.34851477,0.4641461,0.0056693917,2.73E-05,0.38961926,0.4486558,0.0066568553,4.26E-05,0.43765217,0.46403483,2.39E-22,2.27E-22,0.58767074,1.51E-13,0.8114047,2.75E-06,1.08E-05,0.43570697,0,0.4486267,0,0,0.3503546,0,0.58125275,0.47003502,4
3.27E-05,0.00033330088,0.0158848,0.008979234,0.38159412,0.46982324,3.30E-08,2.12E-09,0.34851477,0.4641461,0.005404455,0.0007939968,0.3896179,0.44524416,0.14655146,0.043971237,0.43980703,0.47522196,0,2.47E-27,1.59E-05,8.82E-17,0.00016802315,1.15E-08,3.95E-16,0.43570697,0,0.4486267,0,0,0.009219858,0,0.58125275,0.47003502,0
0.25854465,0.35237086,1.53E-05,1.55E-06,0.38159412,0.46982324,0,0,0.34851477,0.4641461,0,0,0.38961926,0.4486558,0,0,0.43765217,0.46403483,0,0,0,0,0,0.98266315,0,0.43570697,0,0.4486267,0,0,2.08E-17,0,0.58125275,0.47003502,2
0.72933954,0.3374307,0.007054195,9.61E-05,0.38159412,0.46982324,1.69E-06,2.12E-12,0.34851477,0.4641461,0.00017344483,2.56E-08,0.38961926,0.4486558,0.00021801789,4.57E-08,0.43765217,0.46403483,3.55E-22,2.02E-19,0.60624695,1.93E-05,0.3052957,4.75E-05,0.00018685752,0.43570697,0,0.4486267,0,0,0.009929078,0,0.58125275,0.47003502,3
0.004334959,0.0038453925,0.047278948,0.07078695,0.38159412,0.46982324,0.08291652,0.005122111,0.34851184,0.46195588,0.33509976,0.28849718,0.37376225,0.41440335,0.3515638,0.2869998,0.41048282,0.44136813,1.19E-16,1.21E-16,0.0020639685,4.72E-17,0.00268454,4.14E-10,7.29E-17,0.43570697,0.0064050187,0.4486267,0.0001501285,0.083206356,0.051472392,0.006702136,0.58125275,0.47003502,0
0.00026000853,0.00089739816,0.030512165,0.038213305,0.38159412,0.46982324,2.41E-09,4.58E-18,0.34851477,0.4641461,0.00044460685,1.69E-07,0.38961926,0.44863188,0.012730008,0.0001557295,0.43765196,0.46140757,0,0,6.99E-06,7.90E-19,8.39E-05,2.18E-08,4.53E-16,0.43570697,1.82E-07,0.44860274,0.0002909031,0.012682063,0.03264628,0.00015569925,0.5812526,0.4674372,0
0.45693722,0.48829594,0.21305649,0.13159542,0.38159412,0.46982324,0,0,0.34851477,0.4641461,0,0,0.38961926,0.4486558,0,0,0.43765217,0.46403483,0,0,0,0,0,0.9826649,0,0.43570697,0,0.4486267,0,0,2.08E-17,0,0.58125275,0.47003502,4
0.7107289,0.99566257,0.2442729,0.12149706,0.38159412,0.46982324,0,0,0.34851477,0.4641461,0,0,0.38961926,0.4486558,0,0,0.43765217,0.46403483,0,0,0,0,0,0.9826651,0,0.43570697,0,0.4486267,0,0,2.08E-17,0,0.58125275,0.47003502,4
0.4250902,0.6023734,0.21152903,0.13189715,0.38159412,0.46982324,0,0,0.34851477,0.4641461,0,0,0.38961926,0.4486558,0,0,0.43765217,0.46403483,0,0,0,0,0,0.9826651,0,0.43570697,0,0.4486267,0,0,2.08E-17,0,0.58125275,0.47003502,4
0.7164573,0.7116385,0.24347806,0.12184811,0.38159412,0.46982324,0,0,0.34851477,0.4641461,0,0,0.38961926,0.4486558,0,0,0.43765217,0.46403483,0,0,0,0,0,0.9826649,0,0.43570697,0,0.4486267,0,0,2.08E-17,0,0.58125275,0.47003502,4
0.71950406,0.99547327,0.24402478,0.12160684,0.38159412,0.46982324,0,0,0.34851477,0.4641461,0,0,0.38961926,0.4486558,0,0,0.43765217,0.46403483,0,0,0,0,0,0.98266506,0,0.43570697,0,0.4486267,0,0,2.08E-17,0,0.58125275,0.47003502,4
0.2223039,0.3093732,7.36E-05,3.70E-06,0.38159412,0.46982324,0,0,0.34851477,0.4641461,0,0,0.38961926,0.4486558,0,0,0.43765217,0.46403483,0,0,0,0,0,0.98266315,0,0.43570697,0,0.4486267,0,0,2.08E-17,0,0.58125275,0.47003502,2
0.22450095,0.25918898,7.52E-05,3.81E-06,0.38159412,0.46982324,0,0,0.34851477,0.4641461,0,0,0.38961926,0.4486558,0,0,0.43765217,0.46403483,0,0,0,0,0,0.982663,0,0.43570697,0,0.4486267,0,0,2.08E-17,0,0.58125275,0.47003502,2
0.70759904,0.3420141,0.24303819,0.122041844,0.38159412,0.46982324,0.0039033892,1.14E-05,0.34851477,0.4641461,0.009252992,7.28E-05,0.38961926,0.4486558,0.007884201,5.97E-05,0.43765217,0.46403483,3.29E-22,2.45E-20,0.57315916,1.64E-05,0.3023586,4.69E-05,0.00018451178,0.43570697,0,0.4486267,0,0,0.3503546,0,0.58125275,0.47003502,4
0.6963333,0.8143738,0.2503061,0.12742582,0.38159412,0.46982324,1.58E-08,1.85E-16,0.34851477,0.4641461,0.0029490269,7.40E-06,0.38961926,0.4486558,0.0059719407,3.43E-05,0.43765217,0.46403483,1.68E-22,1.67E-22,0.56907827,6.28E-11,0.72386473,5.63E-06,2.21E-05,0.43570697,0,0.4486267,0,0,0.35886526,0,0.58125275,0.47003502,1
0.2510854,0.35248408,1.65E-05,1.67E-06,0.38159412,0.46982324,0,0,0.34851477,0.4641461,0,0,0.38961926,0.4486558,0,0,0.43765217,0.46403483,0,0,0,0,0,0.98266315,0,0.43570697,0,0.4486267,0,0,2.08E-17,0,0.58125275,0.47003502,2
0.43393344,0.51752055,0.21305643,0.13159478,0.38159412,0.46982324,0,0,0.34851477,0.4641461,0,0,0.38961926,0.4486558,0,0,0.43765217,0.46403483,0,0,0,0,0,0.9826649,0,0.43570697,0,0.4486267,0,0,2.08E-17,0,0.58125275,0.47003502,4
0.33840114,0.4356455,0.20244943,0.14040652,0.38159412,0.46982324,0,0,0.34851477,0.4641461,0,0,0.38961926,0.4486558,0,0,0.43765217,0.46403483,0,0,0,0,0,0.9826662,0,0.43570697,0,0.4486267,0,0,2.08E-17,0,0.58125275,0.47003502,1
0.36710775,0.41792664,0.18297894,0.13424051,0.38159412,0.46982324,0.0030458835,6.91E-06,0.34851477,0.4641461,0.01877076,0.00029974143,0.38961926,0.4486558,0.017506532,0.00029451496,0.43765217,0.46403483,6.75E-22,6.18E-22,0.21842484,1.66E-10,0.27823076,1.47E-05,5.77E-05,0.43570697,1.86E-15,0.4486267,0.96406764,8.96E-08,0.3503546,7.78E-15,0.58125275,0.47003502,5
0.25366592,0.33453295,1.59E-05,1.61E-06,0.38159412,0.46982324,0,0,0.34851477,0.4641461,0,0,0.38961926,0.4486558,0,0,0.43765217,0.46403483,0,0,0,0,0,0.98266304,0,0.43570697,0,0.4486267,0,0,2.08E-17,0,0.58125275,0.47003502,2
0.35989025,0.20059933,0.18250509,0.13422552,0.38159412,0.46982324,0,0,0.34851477,0.4641461,0,0,0.38961926,0.4486558,0,0,0.43765217,0.46403483,0,0,0,0,0,0.98266697,0,0.43570697,0,0.4486267,0,0,2.08E-17,0,0.58125275,0.47003502,5
0.7183009,0.60989326,0.2433343,0.121911764,0.38159412,0.46982324,2.36E-07,4.14E-14,0.34851477,0.4641461,0.0035016183,1.04E-05,0.38961926,0.4486558,0.006141293,3.62E-05,0.43765217,0.46403483,9.79E-23,1.18E-22,0.58564067,9.98E-08,0.5398148,1.58E-05,6.22E-05,0.43570697,0,0.4486267,0,0,0.3503546,0,0.58125275,0.47003502,4
0.26383206,0.31077737,1.54E-05,1.52E-06,0.38159412,0.46982324,0,0,0.34851477,0.4641461,0,0,0.38961926,0.4486558,0,0,0.43765217,0.46403483,0,0,0,0,0,0.982663,0,0.43570697,0,0.4486267,0,0,2.08E-17,0,0.58125275,0.47003502,2
0.2481444,0.33622783,1.49E-05,1.49E-06,0.38159412,0.46982324,0,0,0.34851477,0.4641461,0,0,0.38961926,0.4486558,0,0,0.43765217,0.46403483,0,0,0,0,0,0.98266304,0,0.43570697,0,0.4486267,0,0,2.08E-17,0,0.58125275,0.47003502,2
0.805892,0.84161127,0.008114917,7.76E-05,0.38159412,0.46982324,1.98E-05,2.92E-10,0.34851477,0.4641461,0.00021010518,3.76E-08,0.38961926,0.4486558,0.00025423328,6.21E-08,0.43765217,0.46403483,1.28E-22,9.84E-23,0.78475636,1.50E-10,0.87394965,5.25E-06,2.07E-05,0.43570697,0,0.4486267,0,0,0.009929078,0,0.58125275,0.47003502,3
0.42821506,0.3477367,0.20948441,0.13960327,0.38159412,0.46982324,0,0,0.34851477,0.4641461,0,0,0.38961926,0.4486558,0,0,0.43765217,0.46403483,0,0,0,0,0,0.98266613,0,0.43570697,0,0.4486267,0,0,2.08E-17,0,0.58125275,0.47003502,1
0.001144966,0.0016491533,0.0076597054,0.00077369245,0.38159412,0.4702329,0.00013576269,1.96E-06,0.34851477,0.47577557,0.014666293,0.0004948494,0.3896408,0.47451597,0.030783657,0.0011712796,0.43787274,0.5036091,9.34E-18,9.49E-18,0.001157049,7.41E-18,0.0017220957,7.55E-10,7.60E-18,0.43570697,0.0003327282,0.4486267,0.0015091143,0.000524203,0.038602132,0.0005566591,0.5812535,0.48172948,0
0.46014547,0.59365577,0.21485873,0.13121529,0.38159412,0.46982324,0.0015343183,1.75E-06,0.34851477,0.4641461,0.01273299,0.00013792526,0.38961926,0.4486558,0.013022835,0.00016297396,0.43765217,0.46403483,7.35E-22,5.40E-22,0.33221588,1.16E-14,0.46400166,3.52E-06,1.39E-05,0.43570697,0,0.4486267,0,0,0.3503546,0,0.58125275,0.47003502,4
0.22867091,0.29377344,7.53E-05,3.69E-06,0.38159412,0.46982324,0,0,0.34851477,0.4641461,0,0,0.38961926,0.4486558,0,0,0.43765217,0.46403483,0,0,0,0,0,0.98266304,0,0.43570697,0,0.4486267,0,0,2.08E-17,0,0.58125275,0.47003502,2
0.72063637,0.8536829,0.24389772,0.121663764,0.38159412,0.46982324,0,0,0.34851477,0.4641461,0,0,0.38961926,0.4486558,0,0,0.43765217,0.46403483,0,0,0,0,0,0.98266494,0,0.43570697,0,0.4486267,0,0,2.08E-17,0,0.58125275,0.47003502,4
0.43022195,0.3658452,0.005654302,0.00010782586,0.38159412,0.46982324,2.07E-05,3.20E-10,0.34851477,0.4641461,0.000601888,3.08E-07,0.38961926,0.4486558,0.00071349816,4.89E-07,0.43765217,0.46403483,8.54E-22,2.38E-21,0.3093563,6.53E-08,0.26393187,2.91E-05,0.00011438411,0.43570697,0,0.4486267,0,0,0.009929078,0,0.58125275,0.47003502,3
0.44030806,0.48004472,0.21282412,0.13164288,0.38159412,0.46982324,0.0018452044,2.54E-06,0.34851477,0.4641461,0.013056438,0.00014502152,0.38961926,0.4486558,0.014693955,0.00020748393,0.43765217,0.46403483,8.23E-21,5.38E-21,0.31009102,2.04E-09,0.37167948,1.46E-05,5.74E-05,0.43570697,0,0.4486267,0,0,0.3503546,0,0.58125275,0.47003502,4
0.45128688,0.60683113,0.21318856,0.1315677,0.38159412,0.46982324,0.012546741,0.00011727836,0.34851477,0.4641461,0.015873859,0.00021436215,0.38961926,0.4486558,0.013195472,0.0001673235,0.43765217,0.46403483,8.39E-22,1.08E-21,0.3177054,4.39E-17,0.4706139,1.98E-06,7.78E-06,0.43570697,0,0.4486267,0,0,0.3503546,0,0.58125275,0.47003502,4
0.7494302,0.70657855,0.0071002655,9.55E-05,0.38159412,0.46982324,5.69E-06,2.41E-11,0.34851477,0.4641461,0.00020561996,3.60E-08,0.38961926,0.4486558,0.00024738026,5.88E-08,0.43765217,0.46403483,6.24E-23,9.42E-23,0.63549477,1.50E-08,0.6435041,1.11E-05,4.35E-05,0.43570697,0,0.4486267,0,0,0.009929078,0,0.58125275,0.47003502,3
0.71176976,0.690904,0.25036502,0.12739906,0.38159412,0.46982324,9.54E-05,6.78E-09,0.34851477,0.4641461,0.00649339,3.59E-05,0.38961926,0.4486558,0.006699364,4.31E-05,0.43765217,0.46403483,1.05E-22,1.26E-22,0.5821405,9.20E-09,0.61427116,1.09E-05,4.30E-05,0.43570697,0,0.4486267,0,0,0.35886526,0,0.58125275,0.47003502,1
0.709877,0.6794987,0.2508321,0.12718457,0.38159412,0.46982324,0.000517043,1.99E-07,0.34851477,0.4641461,0.007654368,4.98E-05,0.38961926,0.4486558,0.0068643377,4.53E-05,0.43765217,0.46403483,1.32E-22,1.67E-22,0.58787054,1.28E-08,0.6052604,1.15E-05,4.52E-05,0.43570697,0,0.4486267,0,0,0.35886526,0,0.58125275,0.47003502,1
0.42971906,0.6051855,0.21353175,0.13149707,0.38159412,0.46982324,0,0,0.34851477,0.4641461,0,0,0.38961926,0.4486558,0,0,0.43765217,0.46403483,0,0,0,0,0,0.98266506,0,0.43570697,0,0.4486267,0,0,2.08E-17,0,0.58125275,0.47003502,4
0.0006173641,0.0033457694,0.046330098,0.07146125,0.38159412,0.46982324,0.00020591059,3.46E-07,0.34851477,0.46414882,0.25731787,0.21681172,0.38375032,0.42983052,0.34860948,0.29930907,0.42261207,0.45171395,9.93E-29,7.40E-21,0.00032975042,6.96E-17,0.0024185102,4.58E-10,3.95E-17,0.43570697,0,0.4486267,0,0,0.009219858,0,0.58125275,0.47003502,0
0.40225136,0.4332676,0.21586478,0.13854201,0.38159412,0.46982324,0.00018401265,2.52E-08,0.34851477,0.4641461,0.02165495,0.0003989307,0.38961926,0.4486558,0.027108131,0.00070616504,0.43765217,0.46403483,3.73E-21,3.11E-21,0.29558903,3.14E-10,0.3324899,1.35E-05,5.30E-05,0.43570697,0,0.4486267,0,0,0.35886526,0,0.58125275,0.47003502,1
0.00038384704,0.00045993377,0.016937386,0.0018435348,0.38159412,0.46982324,0,1.44E-18,0.34851477,0.4641461,1.72E-09,2.66E-18,0.38961926,0.4486558,0.011136166,0.0003155417,0.43765232,0.4641343,3.38E-20,4.79E-17,0.000105508574,4.57E-16,0.00012108586,1.55E-08,3.10E-16,0.43570697,2.87E-18,0.4486267,0.00041941684,1.40E-09,0.017626109,2.13E-18,0.58125275,0.47003502,0
0.419978,0.6037875,0.21361212,0.13147956,0.38159412,0.46982324,0.0034277148,8.75E-06,0.34851477,0.4641461,0.014759292,0.0001853165,0.38961926,0.4486558,0.013305515,0.00017012592,0.43765217,0.46403483,5.11E-22,6.06E-22,0.30298126,1.29E-17,0.4691858,1.75E-06,6.88E-06,0.43570697,0,0.4486267,0,0,0.3503546,0,0.58125275,0.47003502,4
0.42777082,0.52936214,0.2127179,0.13166358,0.38159412,0.46982324,0,0,0.34851477,0.4641461,0,0,0.38961926,0.4486558,0,0,0.43765217,0.46403483,0,0,0,0,0,0.98266494,0,0.43570697,0,0.4486267,0,0,2.08E-17,0,0.58125275,0.47003502,4
0.25379395,0.28928494,1.49E-05,1.47E-06,0.38159412,0.46982324,0,0,0.34851477,0.4641461,0,0,0.38961926,0.4486558,0,0,0.43765217,0.46403483,0,0,0,0,0,0.982663,0,0.43570697,0,0.4486267,0,0,2.08E-17,0,0.58125275,0.47003502,2
0.22356072,0.28848892,7.53E-05,3.76E-06,0.38159412,0.46982324,0,0,0.34851477,0.4641461,0,0,0.38961926,0.4486558,0,0,0.43765217,0.46403483,0,0,0,0,0,0.98266304,0,0.43570697,0,0.4486267,0,0,2.08E-17,0,0.58125275,0.47003502,2
0.41967058,0.40189132,0.0058669136,0.000107032385,0.38159412,0.46982324,0.013373387,0.00013324128,0.34851477,0.4641461,0.013050765,0.00014489553,0.38961926,0.4486558,0.013293408,0.00016981644,0.43765217,0.46403483,3.04E-18,1.52E-17,0.0010660965,3.78E-06,0.0009623648,0.0067202463,0.026255904,0.43570697,9.07E-19,0.4486267,0.0009835899,1.40E-09,1.39E-17,1.90E-18,0.58125275,0.47003502,3
0.32929865,0.11875184,0.18329765,0.13426557,0.38159412,0.46982324,0.0039508566,1.16E-05,0.34851477,0.4641461,0.020656219,0.0003629817,0.38961926,0.4486558,0.02225071,0.0004757676,0.43765217,0.46403483,3.57E-21,1.99E-13,0.20377095,0.00020928071,0.0792212,0.0002082552,0.0008190821,0.43570697,1.97E-15,0.4486267,0.27440298,5.82E-08,0.3503546,3.28E-15,0.58125275,0.47003502,5
0.7141057,0.495562,0.24277064,0.12215809,0.38159412,0.46982324,1.93E-08,2.78E-16,0.34851477,0.4641461,0.0025217093,5.41E-06,0.38961926,0.4486558,0.0057557872,3.18E-05,0.43765217,0.46403483,4.57E-22,3.84E-22,0.5750078,1.22E-06,0.43760014,2.50E-05,9.83E-05,0.43570697,0,0.4486267,0,0,0.3503546,0,0.58125275,0.47003502,4
0.0010077308,0.0015621104,0.008480545,0.0012444421,0.38159832,0.48802057,0.05224365,0.0020348711,0.34857148,0.5103885,0.042414818,0.0016521516,0.3899404,0.56327564,0.039075177,0.001751673,0.43789405,0.49403366,4.43E-19,2.17E-18,0.0011085593,6.15E-18,0.0016530108,8.03E-10,6.90E-18,0.43570697,0.00050128315,0.4486267,0.0014249249,0.003957023,0.038951464,0.0014188787,0.58125216,0.4693027,0
0.0002386873,0.0005698526,0.021316735,0.00603436,0.38159412,0.46982324,7.11E-06,3.77E-11,0.34851477,0.4641461,0.01599688,0.00021769763,0.38961926,0.44865653,0.019121554,0.000351361,0.43765318,0.4793915,0,1.59E-23,2.57E-05,7.92E-17,7.49E-05,2.38E-08,2.22E-16,0.43570697,0.00023491269,0.4486274,0.000259617,0.019049536,0.029839082,0.00035129272,0.5812535,0.4852196,0
0.29001364,0.073423155,0.21943489,0.13779715,0.38159412,0.46982324,0,0,0.34851477,0.4641461,0,0,0.38961926,0.4486558,0,0,0.43765217,0.46403483,0,0,0,0,0,0.9826661,0,0.43570697,0,0.4486267,0,0,2.08E-17,0,0.58125275,0.47003502,1
0.7345756,0.7521615,0.008087862,7.84E-05,0.38159412,0.46982324,0,0,0.34851477,0.4641461,0,0,0.38961926,0.4486558,0,0,0.43765217,0.46403483,0,0,0,0,0,0.9826656,0,0.43570697,0,0.4486267,0,0,2.08E-17,0,0.58125275,0.47003502,3
0.70347804,0.8232866,0.24965015,0.12772399,0.38159412,0.46982324,0,0,0.34851477,0.4641461,0,0,0.38961926,0.4486558,0,0,0.43765217,0.46403483,0,0,0,0,0,0.9826662,0,0.43570697,0,0.4486267,0,0,2.08E-17,0,0.58125275,0.47003502,1
0.7179136,0.997441,0.24426255,0.12150188,0.38159412,0.46982324,2.21E-05,3.65E-10,0.34851477,0.4641461,0.005729191,2.79E-05,0.38961926,0.4486558,0.007112261,4.86E-05,0.43765217,0.46403483,1.08E-22,1.06E-22,0.59067845,6.31E-20,0.8862266,5.80E-07,2.28E-06,0.43570697,0,0.4486267,0,0,0.3503546,0,0.58125275,0.47003502,4
0.00094253774,0.0014847756,0.008321356,0.0011196974,0.38159412,0.46982324,1.97E-05,2.55E-06,0.34851477,0.4643954,0.021698294,0.00063364516,0.38969395,0.5073115,0.037504133,0.0015983575,0.43785417,0.49168095,1.66E-20,1.87E-18,0.0008355077,7.57E-18,0.0015270519,9.03E-10,7.13E-18,0.4357081,0.0018707287,0.47962996,0.0012620699,0.057863347,0.043504033,0.003471732,0.58153784,0.4952248,0
0.35763556,0.14405103,0.20387888,0.14026986,0.38159412,0.46982324,0.0014801687,1.63E-06,0.34851477,0.4641461,0.026429141,0.0005942226,0.38961926,0.4486558,0.026528355,0.00067628187,0.43765217,0.46403483,6.66E-22,5.35E-17,0.24672136,7.81E-05,0.10439005,0.00014597706,0.0005741742,0.43570697,0,0.4486267,0,0,0.35886526,0,0.58125275,0.47003502,1
0.34577605,0.3723387,0.18442759,0.13427025,0.38159412,0.46982324,0.0043633506,1.42E-05,0.34851477,0.4641461,0.018499315,0.00029113496,0.38961926,0.4486558,0.017726896,0.00030197605,0.43765217,0.46403483,2.56E-21,2.63E-21,0.21605888,5.67E-09,0.24984424,2.32E-05,9.13E-05,0.43570697,5.80E-16,0.4486267,0.86569583,1.23E-07,0.3503546,1.47E-14,0.58125275,0.47003502,5
0.49067143,0.47494143,0.21317634,0.13157102,0.38159412,0.46982324,0,0,0.34851477,0.4641461,0,0,0.38961926,0.4486558,0,0,0.43765217,0.46403483,0,0,0,0,0,0.9826649,0,0.43570697,0,0.4486267,0,0,2.08E-17,0,0.58125275,0.47003502,4
0.0012381107,0.0016194609,0.008521137,0.00085990614,0.38159412,0.4698232,0.0017701703,0.000121156816,0.34851468,0.4625026,0.03040658,0.0010010223,0.38960415,0.4411106,0.032400593,0.0012336122,0.43759662,0.45438513,9.89E-18,9.95E-18,0.0011687417,7.71E-18,0.0017083826,7.63E-10,6.95E-18,0.43570697,0.00016043872,0.4486267,0.0013742098,0.000582532,0.04020513,0.0004277228,0.5812526,0.46721032,0
0.23228072,0.13784604,7.96E-05,4.10E-06,0.38159412,0.46982324,0,0,0.34851477,0.4641461,0,0,0.38961926,0.4486558,0,0,0.43765217,0.46403483,0,0,0,0,0,0.98266286,0,0.43570697,0,0.4486267,0,0,2.08E-17,0,0.58125275,0.47003502,2
0.21079,0.28516966,7.57E-05,3.80E-06,0.38159412,0.46982324,0,0,0.34851477,0.4641461,0,0,0.38961926,0.4486558,0,0,0.43765217,0.46403483,0,0,0,0,0,0.98266304,0,0.43570697,0,0.4486267,0,0,2.08E-17,0,0.58125275,0.47003502,2
0.69593346,0.23278217,0.008127436,7.84E-05,0.38159412,0.46982324,0.0008264297,5.09E-07,0.34851477,0.4641461,0.0003388543,9.77E-08,0.38961926,0.4486558,0.00031759738,9.69E-08,0.43765217,0.46403483,4.84E-23,1.00E-13,0.67242724,6.69E-05,0.24153681,6.87E-05,0.00027017354,0.43570697,0,0.4486267,0,0,0.009929078,0,0.58125275,0.47003502,3
0.0009010477,0.0015352555,0.011474372,0.0071958518,0.38159412,0.46982324,1.70E-06,9.88E-06,0.34851477,0.4641589,0.017469244,0.000526048,0.3896574,0.48720896,0.09463408,0.011008407,0.43796277,0.4699733,1.67E-17,1.66E-17,0.00084659905,2.03E-17,0.0016352567,8.27E-10,1.57E-17,0.43570697,0.0002881192,0.4486267,0.0013736208,0.0004272253,0.039290078,0.00049905374,0.58125263,0.46814477,0
0.47219217,0.3832276,0.21286292,0.13163304,0.38159412,0.46982324,0.0007886087,4.63E-07,0.34851477,0.4641461,0.012190373,0.00012642036,0.38961926,0.4486558,0.014136872,0.00019204976,0.43765217,0.46403483,4.39E-22,5.37E-22,0.33090505,2.73E-07,0.2967591,3.00E-05,0.00011818025,0.43570697,0,0.4486267,0,0,0.3503546,0,0.58125275,0.47003502,4
0.39063627,0.33360904,0.20936407,0.13961907,0.38159412,0.46982324,0.0002261549,3.81E-08,0.34851477,0.4641461,0.021376668,0.0003887434,0.38961926,0.4486558,0.027235216,0.00071280164,0.43765217,0.46403483,7.85E-22,1.24E-21,0.2598584,1.52E-07,0.2482997,3.30E-05,0.00012998063,0.43570697,0,0.4486267,0,0,0.35886526,0,0.58125275,0.47003502,1
0.2183896,0.10752124,7.82E-05,4.15E-06,0.38159412,0.46982324,0,0,0.34851477,0.4641461,0,0,0.38961926,0.4486558,0,0,0.43765217,0.46403483,0,0,0,0,0,0.98266286,0,0.43570697,0,0.4486267,0,0,2.08E-17,0,0.58125275,0.47003502,2
0.0010392198,0.0015207144,0.0078030494,0.0007279246,0.38159412,0.46982324,0.00069594575,5.79E-07,0.34851477,0.4641453,0.009777082,0.00014021671,0.3896099,0.41479617,0.0101982,0.00015650727,0.43766955,0.48727596,1.51E-25,1.61E-19,0.00020532215,3.70E-17,0.00036331118,5.08E-09,4.89E-17,0.4357061,0.00015130475,0.41476923,0.0012595992,0.01015979,0.02839789,0.00015647686,0.58126694,0.4930157,0
0.44064015,0.59684885,0.21419841,0.1313583,0.38159412,0.46982324,0,0,0.34851477,0.4641461,0,0,0.38961926,0.4486558,0,0,0.43765217,0.46403483,0,0,0,0,0,0.982665,0,0.43570697,0,0.4486267,0,0,2.08E-17,0,0.58125275,0.47003502,4
0.24793549,0.30812252,1.50E-05,1.52E-06,0.38159412,0.46982324,0,0,0.34851477,0.4641461,0,0,0.38961926,0.4486558,0,0,0.43765217,0.46403483,0,0,0,0,0,0.982663,0,0.43570697,0,0.4486267,0,0,2.08E-17,0,0.58125275,0.47003502,2
0.30627358,0.08799928,0.18485855,0.13429788,0.38159412,0.46982324,0,0,0.34851477,0.4641461,0,0,0.38961926,0.4486558,0,0,0.43765217,0.46403483,0,0,0,0,0,0.98266697,0,0.43570697,0,0.4486267,0,0,2.08E-17,0,0.58125275,0.47003502,5
0.3221259,0.10595649,0.18268399,0.13424948,0.38159412,0.46982324,0.022897288,0.00039059267,0.34851477,0.4641461,0.024845697,0.0005251525,0.38961926,0.4486558,0.023994712,0.0005532713,0.43765217,0.46403483,1.68E-21,6.68E-12,0.19757198,0.00030288377,0.070458286,0.0002422175,0.000952625,0.43570697,8.13E-16,0.4486267,0.24401313,5.49E-08,0.3503546,2.92E-15,0.58125275,0.47003502,5
0.0005124206,0.00060623453,0.013888072,0.0009997875,0.38159412,0.46982324,1.97E-09,2.97E-18,0.34851477,0.4641461,9.44E-07,7.61E-13,0.38961926,0.4486558,0.0077401143,5.76E-05,0.43765187,0.4535545,0,3.86E-31,6.83E-06,8.38E-23,6.71E-05,2.61E-08,1.97E-16,0.43570697,8.22E-13,0.4486267,0.00023275064,0.0077109626,0.03363463,5.76E-05,0.58125246,0.45967218,0
0.49039075,0.23480825,0.21493769,0.13119532,0.38159412,0.46982324,0.0038087803,1.08E-05,0.34851477,0.4641461,0.017939677,0.0002737867,0.38961926,0.4486558,0.016054813,0.00024769522,0.43765217,0.46403483,3.04E-22,3.10E-21,0.35015383,2.13E-05,0.18361706,7.55E-05,0.00029687796,0.43570697,0,0.4486267,0,0,0.3503546,0,0.58125275,0.47003502,4
0.7094826,0.3709591,0.24325332,0.121948004,0.38159412,0.46982324,0.0004164728,1.29E-07,0.34851477,0.4641461,0.007401344,4.66E-05,0.38961926,0.4486558,0.0074018934,5.26E-05,0.43765217,0.46403483,6.40E-22,6.44E-22,0.57607013,1.05E-05,0.32823402,4.13E-05,0.00016262633,0.43570697,0,0.4486267,0,0,0.3503546,0,0.58125275,0.47003502,4
0.26242125,0.33433723,1.49E-05,1.45E-06,0.38159412,0.46982324,0,0,0.34851477,0.4641461,0,0,0.38961926,0.4486558,0,0,0.43765217,0.46403483,0,0,0,0,0,0.98266304,0,0.43570697,0,0.4486267,0,0,2.08E-17,0,0.58125275,0.47003502,2
0.0011121617,0.0015524054,0.008172984,0.00083368336,0.38159412,0.47065666,0.039439816,0.001159706,0.34853533,0.49338728,0.04118873,0.0015460236,0.38985527,0.5405688,0.032089733,0.0012125823,0.43804377,0.5331409,4.03E-20,1.60E-18,0.0010243241,5.69E-18,0.0016128473,8.32E-10,6.20E-18,0.43570697,0.0003012595,0.4486267,0.0013983683,0.00076731644,0.039049342,0.0005167047,0.5812517,0.459104,0
0.0008603957,0.0015406918,0.009891837,0.0027482251,0.38159412,0.46982324,9.84E-10,1.02E-18,0.34851477,0.4641461,4.55E-08,1.18E-14,0.38961926,0.4486558,0.00865485,0.0005182556,0.43768924,0.49236983,0,5.22E-30,2.00E-05,2.19E-19,0.00010674443,1.71E-08,1.46E-16,0.43570697,0,0.4486267,0.0003244269,1.72E-09,0.017626109,4.03E-18,0.58125275,0.47003502,0
0.0003217864,0.00043623243,0.013394737,0.0028356286,0.38159412,0.46982324,1.39E-09,1.44E-18,0.34851477,0.4641461,0.0019929782,3.39E-06,0.38961926,0.4482327,0.014088804,0.00019074867,0.43765363,0.47919807,0,3.86E-31,7.53E-06,1.59E-17,9.16E-05,2.02E-08,5.21E-16,0.43570697,3.66E-06,0.4482036,0.0003175735,0.014035741,0.032257795,0.00019071161,0.5812539,0.48502833,0
0.2573311,0.35958663,1.49E-05,1.48E-06,0.38159412,0.46982324,0,0,0.34851477,0.4641461,0,0,0.38961926,0.4486558,0,0,0.43765217,0.46403483,0,0,0,0,0,0.9826632,0,0.43570697,0,0.4486267,0,0,2.08E-17,0,0.58125275,0.47003502,2
0.74862987,0.5060074,0.0070808106,9.58E-05,0.38159412,0.46982324,6.38E-06,3.03E-11,0.34851477,0.4641461,0.00025602835,5.58E-08,0.38961926,0.4486558,0.00024536328,5.79E-08,0.43765217,0.46403483,7.76E-23,1.14E-22,0.62608284,1.35E-06,0.459526,2.43E-05,9.54E-05,0.43570697,0,0.4486267,0,0,0.009929078,0,0.58125275,0.47003502,3
0.41587916,0.23481092,0.20842841,0.13974983,0.38159412,0.46982324,0,0,0.34851477,0.4641461,0,0,0.38961926,0.4486558,0,0,0.43765217,0.46403483,0,0,0,0,0,0.9826661,0,0.43570697,0,0.4486267,0,0,2.08E-17,0,0.58125275,0.47003502,1
0.36645338,0.42825216,0.0060258918,0.000106163345,0.38159412,0.46982324,1.46E-06,1.58E-12,0.34851477,0.4641461,0.00061696133,3.24E-07,0.38961926,0.4486558,0.0007352647,5.20E-07,0.43765217,0.46403483,2.73E-21,4.23E-21,0.30683538,8.18E-10,0.32960084,1.50E-05,5.91E-05,0.43570697,0,0.4486267,0,0,0.009929078,0,0.58125275,0.47003502,3
0.47657475,0.4791396,0.21286581,0.13163404,0.38159412,0.46982324,0.00936611,6.54E-05,0.34851477,0.4641461,0.014947386,0.00019007,0.38961926,0.4486558,0.014968243,0.00021530235,0.43765217,0.46403483,4.50E-22,5.52E-22,0.33682606,2.67E-09,0.37105656,1.52E-05,5.96E-05,0.43570697,0,0.4486267,0,0,0.3503546,0,0.58125275,0.47003502,4
0.22549263,0.31598058,7.23E-05,3.67E-06,0.38159412,0.46982324,0,0,0.34851477,0.4641461,0,0,0.38961926,0.4486558,0,0,0.43765217,0.46403483,0,0,0,0,0,0.9826632,0,0.43570697,0,0.4486267,0,0,2.08E-17,0,0.58125275,0.47003502,2
0.29696685,0.09213886,0.19756074,0.14073738,0.38159412,0.46982324,3.63E-05,9.82E-10,0.34851477,0.4641461,0.013717597,0.00016008077,0.38961926,0.4486558,0.01787491,0.00030703988,0.43765217,0.46403483,1.09E-21,5.80E-12,0.17976391,0.00033870002,0.064651795,0.00026442338,0.0010399346,0.43570697,0,0.4486267,0,0,0.35886526,0,0.58125275,0.47003502,1
0.42327353,0.6042079,0.21347502,0.13150816,0.38159412,0.46982324,0,0,0.34851477,0.4641461,0,0,0.38961926,0.4486558,0,0,0.43765217,0.46403483,0,0,0,0,0,0.98266506,0,0.43570697,0,0.4486267,0,0,2.08E-17,0,0.58125275,0.47003502,4
0.0011706215,0.0016116637,0.008461813,0.0008955196,0.38158703,0.45197195,0.06308537,0.0029715414,0.3484862,0.452113,0.043209154,0.0017261396,0.39001054,0.58019733,0.033106085,0.0012690999,0.43794465,0.51380736,1.21E-18,1.55E-18,0.001158499,5.25E-18,0.0016861466,7.78E-10,5.87E-18,0.4000257,0.0038361822,0.47889414,0.0014383147,0.05804059,0.04484578,0.0035245405,0.5817146,0.50927144,0
0.4120294,0.6021829,0.21288279,0.13162851,0.38159412,0.46982324,0,0,0.34851477,0.4641461,0,0,0.38961926,0.4486558,0,0,0.43765217,0.46403483,0,0,0,0,0,0.98266506,0,0.43570697,0,0.4486267,0,0,2.08E-17,0,0.58125275,0.47003502,4
0.22564985,0.3151189,7.15E-05,3.64E-06,0.38159412,0.46982324,0,0,0.34851477,0.4641461,0,0,0.38961926,0.4486558,0,0,0.43765217,0.46403483,0,0,0,0,0,0.9826632,0,0.43570697,0,0.4486267,0,0,2.08E-17,0,0.58125275,0.47003502,2
0.4252873,0.19675523,0.21667814,0.13080442,0.38159412,0.46982324,0.0035364816,9.32E-06,0.34851477,0.4641461,0.01273917,0.0001380592,0.38961926,0.4486558,0.013287331,0.00016966122,0.43765217,0.46403483,9.72E-22,3.28E-18,0.30907696,4.77E-05,0.15508202,9.57E-05,0.0003763475,0.43570697,0,0.4486267,0,0,0.3503546,0,0.58125275,0.47003502,4
0.3764468,0.41950673,0.0057819206,0.00010736502,0.38159412,0.46982324,0,0,0.34851477,0.4641461,0,0,0.38961926,0.4486558,0,0,0.43765217,0.46403483,0,0,0,0,0,0.9826656,0,0.43570697,0,0.4486267,0,0,2.08E-17,0,0.58125275,0.47003502,3
0.24848999,0.35118532,1.50E-05,1.53E-06,0.38159412,0.46982324,0,0,0.34851477,0.4641461,0,0,0.38961926,0.4486558,0,0,0.43765217,0.46403483,0,0,0,0,0,0.98266315,0,0.43570697,0,0.4486267,0,0,2.08E-17,0,0.58125275,0.47003502,2
0.3627168,0.25335377,0.18469222,0.13427897,0.38159412,0.46982324,0,0,0.34851477,0.4641461,0,0,0.38961926,0.4486558,0,0,0.43765217,0.46403483,0,0,0,0,0,0.982667,0,0.43570697,0,0.4486267,0,0,2.08E-17,0,0.58125275,0.47003502,5
0.2628387,0.35330826,1.48E-05,1.51E-06,0.38159412,0.46982324,0,0,0.34851477,0.4641461,0,0,0.38961926,0.4486558,0,0,0.43765217,0.46403483,0,0,0,0,0,0.98266315,0,0.43570697,0,0.4486267,0,0,2.08E-17,0,0.58125275,0.47003502,2
0.70515966,0.32568735,0.25041008,0.12737928,0.38159412,0.46982324,0.005867484,2.56E-05,0.34851477,0.4641461,0.009853659,8.26E-05,0.38961926,0.4486558,0.008285483,6.60E-05,0.43765217,0.46403483,1.73E-22,1.14E-19,0.57902765,1.91E-05,0.28962442,4.98E-05,0.0001958589,0.43570697,0,0.4486267,0,0,0.35886526,0,0.58125275,0.47003502,1
0.23162322,0.28439867,7.54E-05,3.86E-06,0.38159412,0.46982324,0,0,0.34851477,0.4641461,0,0,0.38961926,0.4486558,0,0,0.43765217,0.46403483,0,0,0,0,0,0.98266304,0,0.43570697,0,0.4486267,0,0,2.08E-17,0,0.58125275,0.47003502,2
0.0012124075,0.0015705954,0.008706022,0.000909286,0.38158703,0.4536641,0.06452746,0.0031157911,0.34845832,0.44499636,0.044750836,0.0018325553,0.39000738,0.57471097,0.033289593,0.0012854137,0.43795118,0.5142232,1.44E-18,1.72E-18,0.0010653165,5.43E-18,0.0016579608,7.98E-10,5.99E-18,0.39238063,0.0037133247,0.47084185,0.0015513964,0.056036066,0.046027113,0.0033555164,0.5814363,0.4857024,0
0.43804872,0.4304914,0.21221055,0.13176443,0.38159412,0.46982324,0,0,0.34851477,0.4641461,0,0,0.38961926,0.4486558,0,0,0.43765217,0.46403483,0,0,0,0,0,0.9826648,0,0.43570697,0,0.4486267,0,0,2.08E-17,0,0.58125275,0.47003502,4
0.004941542,0.0034290259,0.0544445,0.078446075,0.38159412,0.46982324,0.02190849,0.0003575863,0.34851477,0.4641461,0.02207322,0.0004144904,0.38961926,0.44865528,0.017966432,0.00031019226,0.4376526,0.47065416,4.14E-16,4.14E-16,0.00015703945,4.66E-16,9.29E-05,2.00E-08,5.36E-16,0.43570697,0.0004472674,0.44862613,0.00032203403,0.017898766,0.030535357,0.000310132,0.58125305,0.4765802,0
0.716425,0.71576875,0.2501023,0.12751825,0.38159412,0.46982324,1.82E-06,2.48E-12,0.34851477,0.4641461,0.0043812636,1.63E-05,0.38961926,0.4486558,0.006331231,3.85E-05,0.43765217,0.46403483,1.96E-22,1.92E-22,0.58181465,4.19E-09,0.6357037,9.77E-06,3.84E-05,0.43570697,0,0.4486267,0,0,0.35886526,0,0.58125275,0.47003502,1
0.22679634,0.31666845,7.42E-05,3.78E-06,0.38159412,0.46982324,0,0,0.34851477,0.4641461,0,0,0.38961926,0.4486558,0,0,0.43765217,0.46403483,0,0,0,0,0,0.9826633,0,0.43570697,0,0.4486267,0,0,2.08E-17,0,0.58125275,0.47003502,2
0.0008958121,0.0015166309,0.007911463,0.0007675135,0.38159412,0.46982324,0.0006737707,3.38E-07,0.34851477,0.4641005,0.009986768,0.0001335664,0.38960817,0.4073366,0.010300428,0.0001601354,0.4376532,0.4653702,1.77E-25,1.94E-19,0.00019648421,5.51E-17,0.0004024521,4.61E-09,8.56E-17,0.435659,0.00014412854,0.40731013,0.0013953008,0.0102616325,0.028642943,0.00016010429,0.5812536,0.47135544,0
0.4445145,0.44181904,0.21167898,0.13186918,0.38159412,0.46982324,0,0,0.34851477,0.4641461,0,0,0.38961926,0.4486558,0,0,0.43765217,0.46403483,0,0,0,0,0,0.9826649,0,0.43570697,0,0.4486267,0,0,2.08E-17,0,0.58125275,0.47003502,4
0.31947863,0.106444,0.18357666,0.13427353,0.38159412,0.46982324,0,0,0.34851477,0.4641461,0,0,0.38961926,0.4486558,0,0,0.43765217,0.46403483,0,0,0,0,0,0.98266697,0,0.43570697,0,0.4486267,0,0,2.08E-17,0,0.58125275,0.47003502,5
0.34134436,0.14281724,0.0051534353,0.00010815802,0.38159412,0.46982324,0,0,0.34851477,0.4641461,0,0,0.38961926,0.4486558,0,0,0.43765217,0.46403483,0,0,0,0,0,0.98266554,0,0.43570697,0,0.4486267,0,0,2.08E-17,0,0.58125275,0.47003502,3
0.0006765535,0.0004801521,0.016516427,0.0017311673,0.38159412,0.46982324,1.39E-09,1.44E-18,0.34851477,0.4641461,0.00019726841,3.31E-08,0.38961926,0.4486558,0.07379427,0.0052330196,0.43765217,0.46403483,6.04E-15,1.35E-14,0.00013078959,1.52E-14,0.00012899072,2.24E-08,8.34E-15,0.43570697,0,0.4486267,7.46E-05,2.42E-09,0.009929078,5.70E-18,0.58125275,0.47003502,0
0.00086734525,0.0015653837,0.008412343,0.0008491236,0.38159412,0.46982324,0.00070287415,5.93E-07,0.34851477,0.46414527,0.009767195,0.00014070517,0.38961017,0.41588917,0.010187227,0.00015313794,0.4376663,0.48329756,1.53E-25,1.62E-19,0.00020800639,3.75E-17,0.00037231427,4.95E-09,4.76E-17,0.43539774,0.00015183183,0.419706,0.001290813,0.010148859,0.028201733,0.00015310818,0.58126193,0.48520553,0
0.35168985,0.15990378,0.005176931,0.00010820412,0.38159412,0.46982324,0,0,0.34851477,0.4641461,0,0,0.38961926,0.4486558,0,0,0.43765217,0.46403483,0,0,0,0,0,0.98266554,0,0.43570697,0,0.4486267,0,0,2.08E-17,0,0.58125275,0.47003502,3
0.41868693,0.6029821,0.21241435,0.13172247,0.38159412,0.46982324,0,0,0.34851477,0.4641461,0,0,0.38961926,0.4486558,0,0,0.43765217,0.46403483,0,0,0,0,0,0.98266506,0,0.43570697,0,0.4486267,0,0,2.08E-17,0,0.58125275,0.47003502,4
0.4711038,0.26093003,0.21501933,0.13118075,0.38159412,0.46982324,0.00017366617,2.25E-08,0.34851477,0.4641461,0.013155297,0.00014722595,0.38961926,0.4486558,0.014734857,0.00020864066,0.43765217,0.46403483,8.79E-22,1.22E-21,0.33707303,1.14E-05,0.20410909,6.36E-05,0.00025005252,0.43570697,0,0.4486267,0,0,0.3503546,0,0.58125275,0.47003502,4
0.42028612,0.34634325,0.21021171,0.13949783,0.38159412,0.46982324,2.78E-05,5.75E-10,0.34851477,0.4641461,0.01685643,0.00024172093,0.38961926,0.4486558,0.026186235,0.0006589512,0.43765217,0.46403483,2.21E-21,2.18E-21,0.28804243,9.42E-08,0.2587965,3.05E-05,0.000120149045,0.43570697,0,0.4486267,0,0,0.35886526,0,0.58125275,0.47003502,1
0.0010918918,0.0015927745,0.008637127,0.00090819225,0.38159266,0.4645802,0.065035395,0.0031652479,0.34838444,0.42077896,0.044544324,0.0018279639,0.38966417,0.46302944,0.03335487,0.0012908065,0.43770137,0.47225702,4.96E-18,5.43E-18,0.0010835278,8.32E-18,0.0016753098,7.88E-10,8.28E-18,0.39286852,0.003817198,0.48136815,0.0014618734,0.057942454,0.044721834,0.0035137807,0.5816546,0.5042567,0
0.42235807,0.4491449,0.006136402,0.000105466796,0.38159412,0.46982324,0.0013379322,1.33E-06,0.34851477,0.4641461,0.0008830491,6.63E-07,0.38961926,0.4486558,0.0007604973,5.56E-07,0.43765217,0.46403483,9.85E-21,3.10E-21,0.3467685,2.29E-10,0.3521622,1.25E-05,4.93E-05,0.43570697,0,0.4486267,0,0,0.009929078,0,0.58125275,0.47003502,3
0.8143243,0.8413537,0.00810262,7.78E-05,0.38159412,0.46982324,2.42E-05,4.36E-10,0.34851477,0.4641461,0.00021509103,3.94E-08,0.38961926,0.4486558,0.00025506347,6.25E-08,0.43765217,0.46403483,5.96E-23,6.50E-23,0.7846637,1.57E-10,0.8723414,5.28E-06,2.08E-05,0.43570697,0,0.4486267,0,0,0.009929078,0,0.58125275,0.47003502,3
0.0010179754,0.0015291763,0.008093303,0.000787621,0.38159412,0.46982324,0.004239931,1.34E-05,0.34851477,0.4641455,0.011784568,0.00012595416,0.38961282,0.4174724,0.010558855,0.00014718824,0.43764603,0.45536283,7.80E-21,5.84E-18,0.0001898573,4.16E-17,0.00036020234,5.12E-09,4.72E-17,0.43570632,0.00013591435,0.41744527,0.0012488209,0.010519086,0.027897658,0.00014715963,0.5812477,0.4614602,0
0.25165263,0.24537192,1.68E-05,1.70E-06,0.38159412,0.46982324,0,0,0.34851477,0.4641461,0,0,0.38961926,0.4486558,0,0,0.43765217,0.46403483,0,0,0,0,0,0.9826629,0,0.43570697,0,0.4486267,0,0,2.08E-17,0,0.58125275,0.47003502,2
0.0015899765,0.0016501518,0.008627062,0.00087233545,0.38132358,0.39342344,0.04965128,0.0019151781,0.34822974,0.37188202,0.038780916,0.001432773,0.38941815,0.37153226,0.032317616,0.0012250518,0.43764654,0.4630496,2.03E-18,3.02E-18,0.001556192,1.27E-17,0.0017772196,7.31E-10,1.67E-17,0.43570578,0.004052637,0.41429976,0.0013681236,0.058929693,0.04422506,0.0035845854,0.5814084,0.48353887,0
0.00052777363,0.0004697002,0.018765436,0.0059817648,0.38159412,0.46982324,2.41E-09,4.40E-18,0.34851477,0.4641461,2.09E-05,3.74E-10,0.38961926,0.4086616,0.010085009,9.77E-05,0.43765035,0.42724037,0,0,6.93E-06,1.75E-21,7.32E-05,2.44E-08,3.14E-16,0.43570697,4.03E-10,0.40863508,0.00025388494,0.010047026,0.033245817,9.77E-05,0.5812512,0.4336529,0
0.22451754,0.30144885,7.43E-05,3.71E-06,0.38159412,0.46982324,0,0,0.34851477,0.4641461,0,0,0.38961926,0.4486558,0,0,0.43765217,0.46403483,0,0,0,0,0,0.9826631,0,0.43570697,0,0.4486267,0,0,2.08E-17,0,0.58125275,0.47003502,2
0.22085977,0.3000571,7.36E-05,3.70E-06,0.38159412,0.46982324,0,0,0.34851477,0.4641461,0,0,0.38961926,0.4486558,0,0,0.43765217,0.46403483,0,0,0,0,0,0.9826631,0,0.43570697,0,0.4486267,0,0,2.08E-17,0,0.58125275,0.47003502,2
0.7158584,0.6297027,0.24326047,0.121944256,0.38159412,0.46982324,3.70E-08,1.02E-15,0.34851477,0.4641461,0.0027287286,6.33E-06,0.38961926,0.4486558,0.00589422,3.34E-05,0.43765217,0.46403483,9.77E-23,1.19E-22,0.5821459,6.06E-08,0.55717635,1.46E-05,5.73E-05,0.43570697,0,0.4486267,0,0,0.3503546,0,0.58125275,0.47003502,4
0.42542306,0.4071154,0.0058484897,0.00010709942,0.38159412,0.46982324,0,0,0.34851477,0.4641461,0,0,0.38961926,0.4486558,0,0,0.43765217,0.46403483,0,0,0,0,0,0.9826656,0,0.43570697,0,0.4486267,0,0,2.08E-17,0,0.58125275,0.47003502,3
0.0011656227,0.0016174127,0.00793801,0.0007424888,0.38159412,0.46982324,8.20E-05,1.77E-06,0.34851477,0.46412495,0.023545057,0.0006374138,0.38959306,0.42836678,0.030067645,0.0010927065,0.43775576,0.48409662,9.30E-18,9.39E-18,0.0011227998,8.60E-18,0.0016946077,7.75E-10,8.36E-18,0.48267266,0.00025201903,0.49484193,0.0014904372,0.0046719764,0.040895086,0.0004000249,0.5812771,0.5170742,0
0.7330829,0.53926265,0.008089822,7.93E-05,0.38159412,0.46982324,0,0,0.34851477,0.4641461,0,0,0.38961926,0.4486558,0,0,0.43765217,0.46403483,0,0,0,0,0,0.98266554,0,0.43570697,0,0.4486267,0,0,2.08E-17,0,0.58125275,0.47003502,3
0.99446195,0.949266,0.0081914505,7.60E-05,0.38159412,0.46982324,1.78E-05,2.36E-10,0.34851477,0.4641461,0.0001967308,3.29E-08,0.38961926,0.4486558,0.00024580877,5.81E-08,0.43765217,0.46403483,9.23E-23,6.02E-23,0.98893607,1.01E-11,0.9947342,3.60E-06,1.42E-05,0.43570697,0,0.4486267,0,0,0.009929078,0,0.58125275,0.47003502,3
0.0009052286,0.0014468534,0.0078600235,0.0008096511,0.38159412,0.46982324,1.75E-05,4.30E-07,0.34851477,0.46292058,0.021603668,0.0004606537,0.38966116,0.4965722,0.03186057,0.0010493678,0.43770924,0.47768462,1.28E-20,3.83E-18,0.00086040056,3.00E-14,0.0014666276,0.0006848591,0.002739796,0.43565652,0.0018218146,0.48463145,0.0012587958,0.05626018,0.043051224,0.003320591,0.5816266,0.50352657,0
0.0005378579,0.00046721057,0.010105789,0.0010861065,0.38159412,0.46982324,0,0,0.34851477,0.4641461,9.93E-10,8.41E-19,0.38961926,0.4486558,9.93E-10,9.50E-19,0.43765217,0.46403483,1.17E-17,1.73E-15,0.0004726061,8.00E-15,0.00013337348,2.23E-08,8.50E-15,0.43570697,9.07E-19,0.4486267,0.00046240565,9.90E-10,2.08E-17,9.50E-19,0.58125275,0.47003502,0
0.22975531,0.30208436,7.35E-05,3.68E-06,0.38159412,0.46982324,0,0,0.34851477,0.4641461,0,0,0.38961926,0.4486558,0,0,0.43765217,0.46403483,0,0,0,0,0,0.9826631,0,0.43570697,0,0.4486267,0,0,2.08E-17,0,0.58125275,0.47003502,2
0.0009845223,0.0015112123,0.008197832,0.00084566884,0.38159412,0.46982324,0,0,0.34851477,0.4641461,0,2.51E-18,0.38961926,0.4486558,0,1.90E-18,0.43765217,0.46403483,0,1.18E-27,2.01E-05,3.19E-19,9.24E-05,1.94E-08,4.79E-17,0.43570697,2.71E-18,0.4486267,0.0003203982,0,0.017626109,1.90E-18,0.58125275,0.47003502,0
0.38234487,0.21718876,0.18497881,0.13428056,0.38159412,0.46982324,0,0,0.34851477,0.4641461,0,0,0.38961926,0.4486558,0,0,0.43765217,0.46403483,0,0,0,0,0,0.982667,0,0.43570697,0,0.4486267,0,0,2.08E-17,0,0.58125275,0.47003502,5
0.00094692316,0.0016006036,0.007997919,0.00077635125,0.38159412,0.46982324,1.39E-05,7.18E-05,0.34851477,0.46414083,0.020841237,0.0007123808,0.38961837,0.44800156,0.030919528,0.0011583266,0.43761092,0.45650092,1.41E-21,1.31E-18,0.0008803425,8.61E-18,0.0016607122,7.98E-10,7.78E-18,0.43570697,0.0004560784,0.4471301,0.0014432741,0.0030828158,0.039343935,0.00050619536,0.5812464,0.45356902,0
0.3700763,0.2587935,0.18496811,0.13428181,0.38159412,0.46982324,0,0,0.34851477,0.4641461,0,0,0.38961926,0.4486558,0,0,0.43765217,0.46403483,0,0,0,0,0,0.982667,0,0.43570697,0,0.4486267,0,0,2.08E-17,0,0.58125275,0.47003502,5
0.0009329594,0.0015358853,0.008443245,0.00088908983,0.38159412,0.46982354,0.0132868355,0.00013153761,0.34851483,0.46576297,0.040504295,0.0014681602,0.38972268,0.4938313,0.03304558,0.0012612575,0.4380125,0.52583367,1.26E-22,1.09E-18,0.0008365993,1.62E-17,0.0016062107,8.49E-10,1.47E-17,0.43570697,0.00028453447,0.4486267,0.001393659,0.00025147933,0.039044075,0.0005164933,0.58125246,0.4616669,0
0.7172061,0.864384,0.0070751472,9.59E-05,0.38159412,0.46982324,0,0,0.34851477,0.4641461,0,0,0.38961926,0.4486558,0,0,0.43765217,0.46403483,0,0,0,0,0,0.98266566,0,0.43570697,0,0.4486267,0,0,2.08E-17,0,0.58125275,0.47003502,3
0.25856218,0.31839603,1.48E-05,1.50E-06,0.38159412,0.46982324,0,0,0.34851477,0.4641461,0,0,0.38961926,0.4486558,0,0,0.43765217,0.46403483,0,0,0,0,0,0.98266304,0,0.43570697,0,0.4486267,0,0,2.08E-17,0,0.58125275,0.47003502,2
0.41727102,0.3945689,0.21247624,0.13914485,0.38159412,0.46982324,0.0064659207,3.11E-05,0.34851477,0.4641461,0.027790904,0.00065703486,0.38961926,0.4486558,0.027748534,0.0007399241,0.43765217,0.46403483,5.95E-22,8.23E-22,0.28764737,5.86E-09,0.29805607,2.01E-05,7.90E-05,0.43570697,0,0.4486267,0,0,0.35886526,0,0.58125275,0.47003502,1
0.7185964,0.7125604,0.24354577,0.12181837,0.38159412,0.46982324,6.61E-07,3.26E-13,0.34851477,0.4641461,0.0038754055,1.28E-05,0.38961926,0.4486558,0.0062248637,3.72E-05,0.43765217,0.46403483,4.15E-22,2.73E-22,0.58597845,5.47E-09,0.63123465,1.01E-05,3.98E-05,0.43570697,0,0.4486267,0,0,0.3503546,0,0.58125275,0.47003502,4
0.22187129,0.13623549,8.06E-05,4.15E-06,0.38159412,0.46982324,0,0,0.34851477,0.4641461,0,0,0.38961926,0.4486558,0,0,0.43765217,0.46403483,0,0,0,0,0,0.98266286,0,0.43570697,0,0.4486267,0,0,2.08E-17,0,0.58125275,0.47003502,2
0.41512483,0.6030219,0.21337219,0.13152955,0.38159412,0.46982324,0,0,0.34851477,0.4641461,0,0,0.38961926,0.4486558,0,0,0.43765217,0.46403483,0,0,0,0,0,0.98266506,0,0.43570697,0,0.4486267,0,0,2.08E-17,0,0.58125275,0.47003502,4
0.7506523,0.4532602,0.007060684,9.61E-05,0.38159412,0.46982324,0,0,0.34851477,0.4641461,0,0,0.38961926,0.4486558,0,0,0.43765217,0.46403483,0,0,0,0,0,0.98266554,0,0.43570697,0,0.4486267,0,0,2.08E-17,0,0.58125275,0.47003502,3
0.31671572,0.39314005,0.18376616,0.13425975,0.38159412,0.46982324,0.00031661923,7.47E-08,0.34851477,0.4641461,0.013229907,0.00014890065,0.38961926,0.4486558,0.016820168,0.00027187404,0.43765217,0.46403483,3.41E-20,2.81E-20,0.19255772,8.38E-10,0.26284307,1.80E-05,7.09E-05,0.43570697,2.55E-15,0.4486267,0.91078997,9.10E-08,0.3503546,8.02E-15,0.58125275,0.47003502,5
0.4125323,0.6010861,0.21258858,0.13168658,0.38159412,0.46982324,0.0057364753,2.45E-05,0.34851477,0.4641461,0.014359792,0.0001754201,0.38961926,0.4486558,0.013299774,0.00016997913,0.43765217,0.46403483,6.90E-22,6.38E-22,0.28981572,1.72E-19,0.46484387,1.14E-06,4.48E-06,0.43570697,0,0.4486267,0,0,0.3503546,0,0.58125275,0.47003502,4
0.42809397,0.5175686,0.21355498,0.13149132,0.38159412,0.46982324,0.0008981521,6.01E-07,0.34851477,0.4641461,0.011912044,0.00012071344,0.38961926,0.4486558,0.013995837,0.00018823694,0.43765217,0.46403483,1.35E-21,1.88E-21,0.3130146,9.24E-11,0.40209278,9.92E-06,3.90E-05,0.43570697,0,0.4486267,0,0,0.3503546,0,0.58125275,0.47003502,4
0.70510614,0.32001483,0.25000918,0.12756197,0.38159412,0.46982324,0.009015918,6.06E-05,0.34851477,0.4641461,0.010300303,9.03E-05,0.38961926,0.4486558,0.0084004,6.78E-05,0.43765217,0.46403483,2.43E-22,2.69E-19,0.5762284,2.09E-05,0.2841251,5.12E-05,0.00020132998,0.43570697,0,0.4486267,0,0,0.35886526,0,0.58125275,0.47003502,1
0.7280431,0.9041426,0.24409851,0.1215748,0.38159412,0.46982324,0.0030987975,7.15E-06,0.34851477,0.4641461,0.009042914,6.96E-05,0.38961926,0.4486558,0.007016579,4.73E-05,0.43765217,0.46403483,1.21E-22,1.32E-22,0.5947796,3.83E-13,0.80278873,3.06E-06,1.20E-05,0.43570697,0,0.4486267,0,0,0.3503546,0,0.58125275,0.47003502,4
0.0011231818,0.0014959227,0.008978552,0.002318447,0.3815962,0.48676616,0.03863999,0.0011131312,0.3485827,0.56519675,0.040250093,0.0014023711,0.38977608,0.540044,0.034735058,0.0023969973,0.4379015,0.4875288,1.61E-18,6.29E-18,0.001217163,1.15E-17,0.0015783309,2.98E-05,0.00011925782,0.43570697,8.12E-18,0.4486267,0.0013030706,0.005740612,0.044614904,0.0016052426,0.58147377,0.64334625,0
0.43750387,0.22002266,0.21468471,0.13125116,0.38159412,0.46982324,0.011551961,9.94E-05,0.34851477,0.4641461,0.020738581,0.00036588204,0.38961926,0.4486558,0.016735801,0.00026915356,0.43765217,0.46403483,3.24E-21,2.57E-20,0.31035998,2.84E-05,0.17185943,8.20E-05,0.00032260857,0.43570697,0,0.4486267,0,0,0.3503546,0,0.58125275,0.47003502,4
0.4377939,0.511005,0.21270163,0.13166621,0.38159412,0.46982324,7.99E-05,4.75E-09,0.34851477,0.4641461,0.009283324,7.33E-05,0.38961926,0.4486558,0.0137528945,0.00018175875,0.43765217,0.46403483,3.70E-22,5.29E-22,0.30899268,2.37E-10,0.3954018,1.11E-05,4.35E-05,0.43570697,0,0.4486267,0,0,0.3503546,0,0.58125275,0.47003502,4
0.22733179,0.23987256,7.42E-05,3.74E-06,0.38159412,0.46982324,0,0,0.34851477,0.4641461,0,0,0.38961926,0.4486558,0,0,0.43765217,0.46403483,0,0,0,0,0,0.9826629,0,0.43570697,0,0.4486267,0,0,2.08E-17,0,0.58125275,0.47003502,2
0.71008605,0.54089624,0.2497639,0.12767214,0.38159412,0.46982324,0,0,0.34851477,0.4641461,0,0,0.38961926,0.4486558,0,0,0.43765217,0.46403483,0,0,0,0,0,0.98266613,0,0.43570697,0,0.4486267,0,0,2.08E-17,0,0.58125275,0.47003502,1
0.42107272,0.6036388,0.21281317,0.1316427,0.38159412,0.46982324,0,0,0.34851477,0.4641461,0,0,0.38961926,0.4486558,0,0,0.43765217,0.46403483,0,0,0,0,0,0.98266506,0,0.43570697,0,0.4486267,0,0,2.08E-17,0,0.58125275,0.47003502,4
0.71323687,0.6624465,0.24369526,0.121752754,0.38159412,0.46982324,0.0012139096,1.10E-06,0.34851477,0.4641461,0.008231663,5.76E-05,0.38961926,0.4486558,0.0069588767,4.65E-05,0.43765217,0.46403483,1.85E-22,1.70E-22,0.58587945,2.47E-08,0.5872112,1.26E-05,4.97E-05,0.43570697,0,0.4486267,0,0,0.3503546,0,0.58125275,0.47003502,4
0.72170854,0.95853895,0.24454406,0.12137625,0.38159412,0.46982324,0.0018259779,2.48E-06,0.34851477,0.4641461,0.0086752465,6.40E-05,0.38961926,0.4486558,0.006997892,4.71E-05,0.43765217,0.46403483,3.11E-22,2.10E-22,0.5862617,1.49E-15,0.8526409,1.65E-06,6.50E-06,0.43570697,0,0.4486267,0,0,0.3503546,0,0.58125275,0.47003502,4
0.74443716,0.80523235,0.007087026,9.58E-05,0.38159412,0.46982324,5.29E-08,2.08E-15,0.34851477,0.4641461,0.00015005581,1.92E-08,0.38961926,0.4486558,0.00024277963,5.66E-08,0.43765217,0.46403483,1.94E-22,1.72E-22,0.6203286,5.91E-10,0.73192245,7.02E-06,2.76E-05,0.43570697,0,0.4486267,0,0,0.009929078,0,0.58125275,0.47003502,3
0.349177,0.32702225,0.18406345,0.1342663,0.38159412,0.46982324,0,0,0.34851477,0.4641461,0,0,0.38961926,0.4486558,0,0,0.43765217,0.46403483,0,0,0,0,0,0.982667,0,0.43570697,0,0.4486267,0,0,2.08E-17,0,0.58125275,0.47003502,5
0.2238875,0.14923087,7.72E-05,4.04E-06,0.38159412,0.46982324,0,0,0.34851477,0.4641461,0,0,0.38961926,0.4486558,0,0,0.43765217,0.46403483,0,0,0,0,0,0.98266286,0,0.43570697,0,0.4486267,0,0,2.08E-17,0,0.58125275,0.47003502,2
0.7065637,0.67646986,0.008068872,7.91E-05,0.38159412,0.46982324,3.46E-05,8.93E-10,0.34851477,0.4641461,0.00028516713,6.92E-08,0.38961926,0.4486558,0.0002829867,7.70E-08,0.43765217,0.46403483,1.44E-22,1.18E-22,0.66596246,2.29E-08,0.69672614,1.07E-05,4.21E-05,0.43570697,0,0.4486267,0,0,0.009929078,0,0.58125275,0.47003502,3
0.00015991942,0.00037522597,0.011113367,0.0006979674,0.38159412,0.46983173,0.0032280819,0.00016107471,0.34851566,0.47252443,0.009235179,0.0014964816,0.38968438,0.51753205,0.028081113,0.0028007177,0.4377774,0.47690976,7.58E-21,7.57E-18,0.00013380616,1.86E-16,0.00017711164,1.09E-08,3.47E-16,0.43570697,2.57E-18,0.4486267,0.00039380195,1.40E-09,0.017626109,3.42E-18,0.58125275,0.47003502,0
0.009667005,0.0031253584,0.07024467,0.09684334,0.35432366,0.39495832,0.21835604,0.40096173,0.32330245,0.39572236,0.33602098,0.28029922,0.38484386,0.43819654,0.33565012,0.27881855,0.4331699,0.4600852,6.49E-18,6.74E-18,0.011460808,4.93E-18,0.0035276075,1.88E-10,3.40E-17,0.43570697,3.19E-05,0.4486267,7.51E-05,0.005873705,0.029689789,3.34E-05,0.58125275,0.47003502,0
0.38548884,0.43114454,0.0060175867,0.00010622419,0.38159412,0.46982324,1.21E-06,1.08E-12,0.34851477,0.4641461,0.0006022945,3.09E-07,0.38961926,0.4486558,0.0007326949,5.16E-07,0.43765217,0.46403483,1.47E-21,2.94E-21,0.31644872,7.80E-10,0.33134538,1.49E-05,5.87E-05,0.43570697,0,0.4486267,0,0,0.009929078,0,0.58125275,0.47003502,3
0.00088021706,0.0014964426,0.015316961,0.013312513,0.38159415,0.4704919,0.02506719,0.0008590572,0.34857038,0.49510518,0.056241974,0.002788024,0.38975462,0.48231426,0.12875685,0.018081937,0.43986368,0.49187762,2.00E-21,2.37E-18,0.00093293586,6.90E-18,0.001590372,8.50E-10,6.63E-18,0.43570697,4.50E-05,0.4486267,0.0012922877,0.00010892332,0.040036242,0.0004418504,0.58125275,0.4699804,0
0.25651413,0.3085821,1.52E-05,1.54E-06,0.38159412,0.46982324,0,0,0.34851477,0.4641461,0,0,0.38961926,0.4486558,0,0,0.43765217,0.46403483,0,0,0,0,0,0.982663,0,0.43570697,0,0.4486267,0,0,2.08E-17,0,0.58125275,0.47003502,2
0.42709428,0.60310316,0.21156755,0.13188888,0.38159412,0.46982324,8.86E-06,5.84E-11,0.34851477,0.4641461,0.008931328,6.79E-05,0.38961926,0.4486558,0.013014283,0.00016275996,0.43765217,0.46403483,3.19E-22,4.91E-22,0.29308304,2.98E-20,0.46415883,9.57E-07,3.77E-06,0.43570697,0,0.4486267,0,0,0.3503546,0,0.58125275,0.47003502,4
0.33323488,0.43367195,0.20208561,0.1404369,0.38159412,0.46982324,0.013218685,0.00013017647,0.34851477,0.4641461,0.032092195,0.00087615696,0.38961926,0.4486558,0.027912766,0.00074870855,0.43765217,0.46403483,5.22E-20,1.59E-19,0.14806567,2.16E-10,0.3115714,1.29E-05,5.08E-05,0.43570697,0,0.4486267,0,0,0.35886526,0,0.58125275,0.47003502,1
0.34920514,0.41490316,0.21360752,0.13895242,0.38159412,0.46982324,0.012786738,0.00012180791,0.34851477,0.4641461,0.036715508,0.0011467852,0.38961926,0.4486558,0.02906652,0.00081188243,0.43765217,0.46403483,4.40E-21,3.57E-21,0.24277213,9.03E-10,0.3151278,1.55E-05,6.09E-05,0.43570697,0,0.4486267,0,0,0.35886526,0,0.58125275,0.47003502,1
0.72759324,0.96515137,0.24461184,0.121345714,0.38159412,0.46982324,7.19E-06,3.85E-11,0.34851477,0.4641461,0.0049868333,2.12E-05,0.38961926,0.4486558,0.0066012572,4.19E-05,0.43765217,0.46403483,2.56E-22,4.23E-22,0.59320545,4.92E-16,0.8587516,1.47E-06,5.78E-06,0.43570697,0,0.4486267,0,0,0.3503546,0,0.58125275,0.47003502,4
0.42133477,0.5911567,0.21462935,0.13126566,0.38159412,0.46982324,0,0,0.34851477,0.4641461,0,0,0.38961926,0.4486558,0,0,0.43765217,0.46403483,0,0,0,0,0,0.982665,0,0.43570697,0,0.4486267,0,0,2.08E-17,0,0.58125275,0.47003502,4
0.7215157,0.9479612,0.24470086,0.121305816,0.38159412,0.46982324,8.09E-06,4.88E-11,0.34851477,0.4641461,0.0050166794,2.14E-05,0.38961926,0.4486558,0.00655648,4.13E-05,0.43765217,0.46403483,1.19E-22,1.75E-22,0.587622,7.29E-15,0.84376246,1.96E-06,7.70E-06,0.43570697,0,0.4486267,0,0,0.3503546,0,0.58125275,0.47003502,4
0.2602208,0.34731048,1.58E-05,1.60E-06,0.38159412,0.46982324,0,0,0.34851477,0.4641461,0,0,0.38961926,0.4486558,0,0,0.43765217,0.46403483,0,0,0,0,0,0.9826631,0,0.43570697,0,0.4486267,0,0,2.08E-17,0,0.58125275,0.47003502,2
0.35444498,0.35184944,0.18402523,0.13426356,0.38159412,0.46982324,0,0,0.34851477,0.4641461,0,0,0.38961926,0.4486558,0,0,0.43765217,0.46403483,0,0,0,0,0,0.982667,0,0.43570697,0,0.4486267,0,0,2.08E-17,0,0.58125275,0.47003502,5
0.7168334,0.905708,0.2444506,0.12141792,0.38159412,0.46982324,0.0008888196,5.89E-07,0.34851477,0.4641461,0.0079739345,5.41E-05,0.38961926,0.4486558,0.0069166003,4.60E-05,0.43765217,0.46403483,5.55E-23,1.14E-22,0.59256387,2.98E-13,0.80533636,2.97E-06,1.17E-05,0.43570697,0,0.4486267,0,0,0.3503546,0,0.58125275,0.47003502,4
0.76729566,0.8821135,0.0071575963,9.47E-05,0.38159412,0.46982324,4.83E-06,1.74E-11,0.34851477,0.4641461,0.00019272335,3.16E-08,0.38961926,0.4486558,0.00024904823,5.96E-08,0.43765217,0.46403483,1.55E-23,4.15E-23,0.6903522,9.23E-12,0.8098568,4.23E-06,1.66E-05,0.43570697,0,0.4486267,0,0,0.009929078,0,0.58125275,0.47003502,3
0.70418453,0.32816443,0.25063166,0.12727775,0.38159412,0.46982324,0,0,0.34851477,0.4641461,0,0,0.38961926,0.4486558,0,0,0.43765217,0.46403483,0,0,0,0,0,0.9826661,0,0.43570697,0,0.4486267,0,0,2.08E-17,0,0.58125275,0.47003502,1
8.77E-05,0.000458408,0.016703911,0.0020013684,0.38159412,0.46982324,1.02E-05,7.69E-11,0.34851477,0.4641461,0.0076451786,0.00034223354,0.3896158,0.4393878,0.017676398,0.0018603815,0.43770343,0.47417617,0,7.60E-23,3.74E-05,6.53E-17,0.00018043752,1.07E-08,3.87E-16,0.43570697,0,0.4486267,0,0,0.009219858,0,0.58125275,0.47003502,0
0.7772305,0.7891428,0.008102454,7.80E-05,0.38159412,0.46982324,2.61E-06,5.08E-12,0.34851477,0.4641461,0.00021159,3.81E-08,0.38961926,0.4486558,0.0002633609,6.67E-08,0.43765217,0.46403483,1.04E-22,8.39E-23,0.75459707,8.38E-10,0.81754667,6.64E-06,2.61E-05,0.43570697,0,0.4486267,0,0,0.009929078,0,0.58125275,0.47003502,3
0.44323564,0.5616349,0.21333419,0.13153738,0.38159412,0.46982324,0.01315766,0.00012897732,0.34851477,0.4641461,0.0142238485,0.00017211444,0.38961926,0.4486558,0.013315341,0.00017037727,0.43765217,0.46403483,3.00E-21,1.91E-21,0.3149785,8.93E-13,0.435862,5.76E-06,2.26E-05,0.43570697,0,0.4486267,0,0,0.3503546,0,0.58125275,0.47003502,4
0.20097446,0.290766,7.68E-05,3.79E-06,0.38159412,0.46982324,0,0,0.34851477,0.4641461,0,0,0.38961926,0.4486558,0,0,0.43765217,0.46403483,0,0,0,0,0,0.98266304,0,0.43570697,0,0.4486267,0,0,2.08E-17,0,0.58125275,0.47003502,2
0.36308458,0.4409426,0.20254877,0.14039852,0.38159412,0.46982324,0.04776369,0.0016996196,0.34851477,0.4641461,0.038445905,0.0012574282,0.38961926,0.4486558,0.028985955,0.000807388,0.43765217,0.46403483,2.26E-21,2.64E-21,0.1999251,9.85E-11,0.31755823,1.21E-05,4.75E-05,0.43570697,0,0.4486267,0,0,0.35886526,0,0.58125275,0.47003502,1
0.21829833,0.26897353,7.39E-05,3.77E-06,0.38159412,0.46982324,0,0,0.34851477,0.4641461,0,0,0.38961926,0.4486558,0,0,0.43765217,0.46403483,0,0,0,0,0,0.982663,0,0.43570697,0,0.4486267,0,0,2.08E-17,0,0.58125275,0.47003502,2
0.44229856,0.5687387,0.2138851,0.13142204,0.38159412,0.46982324,0,0,0.34851477,0.4641461,0,0,0.38961926,0.4486558,0,0,0.43765217,0.46403483,0,0,0,0,0,0.98266494,0,0.43570697,0,0.4486267,0,0,2.08E-17,0,0.58125275,0.47003502,4
0.39466444,0.52854484,0.21267065,0.13167347,0.38159412,0.46982324,2.91E-05,6.31E-10,0.34851477,0.4641461,0.008964145,6.84E-05,0.38961926,0.4486558,0.013492415,0.00017493892,0.43765217,0.46403483,1.86E-21,2.56E-21,0.27659792,1.44E-11,0.40891027,8.00E-06,3.15E-05,0.43570697,0,0.4486267,0,0,0.3503546,0,0.58125275,0.47003502,4
0.25796497,0.25275257,1.54E-05,1.56E-06,0.38159412,0.46982324,0,0,0.34851477,0.4641461,0,0,0.38961926,0.4486558,0,0,0.43765217,0.46403483,0,0,0,0,0,0.9826629,0,0.43570697,0,0.4486267,0,0,2.08E-17,0,0.58125275,0.47003502,2
0.22313857,0.25239557,7.59E-05,3.87E-06,0.38159412,0.46982324,0,0,0.34851477,0.4641461,0,0,0.38961926,0.4486558,0,0,0.43765217,0.46403483,0,0,0,0,0,0.982663,0,0.43570697,0,0.4486267,0,0,2.08E-17,0,0.58125275,0.47003502,2
0.45408276,0.57214206,0.21386608,0.13142711,0.38159412,0.46982324,0.0020016101,2.98E-06,0.34851477,0.4641461,0.013383169,0.00015237053,0.38961926,0.4486558,0.013343151,0.0001710897,0.43765217,0.46403483,2.60E-21,1.73E-21,0.32875463,2.55E-13,0.4451253,4.99E-06,1.96E-05,0.43570697,0,0.4486267,0,0,0.3503546,0,0.58125275,0.47003502,4
0.71075773,0.645389,0.25046787,0.12735194,0.38159412,0.46982324,3.34E-08,8.33E-16,0.34851477,0.4641461,0.002271356,4.39E-06,0.38961926,0.4486558,0.005788106,3.22E-05,0.43765217,0.46403483,8.70E-23,1.06E-22,0.58499914,3.38E-08,0.5740281,1.33E-05,5.25E-05,0.43570697,0,0.4486267,0,0,0.35886526,0,0.58125275,0.47003502,1
0.40248713,0.31883126,0.2100708,0.13951944,0.38159412,0.46982324,0,0,0.34851477,0.4641461,0,0,0.38961926,0.4486558,0,0,0.43765217,0.46403483,0,0,0,0,0,0.98266613,0,0.43570697,0,0.4486267,0,0,2.08E-17,0,0.58125275,0.47003502,1
0.44861788,0.20476633,0.21513665,0.13115093,0.38159412,0.46982324,0.04104649,0.0012551859,0.34851477,0.4641461,0.019306961,0.00031711068,0.38961926,0.4486558,0.015507187,0.00023108574,0.43765217,0.46403483,4.94E-22,9.02E-19,0.31906486,4.12E-05,0.16026618,9.15E-05,0.00036004605,0.43570697,0,0.4486267,0,0,0.3503546,0,0.58125275,0.47003502,4
0.26127982,0.36235455,1.48E-05,1.48E-06,0.38159412,0.46982324,0,0,0.34851477,0.4641461,0,0,0.38961926,0.4486558,0,0,0.43765217,0.46403483,0,0,0,0,0,0.9826633,0,0.43570697,0,0.4486267,0,0,2.08E-17,0,0.58125275,0.47003502,2
0.22465216,0.15346757,7.76E-05,4.09E-06,0.38159412,0.46982324,0,0,0.34851477,0.4641461,0,0,0.38961926,0.4486558,0,0,0.43765217,0.46403483,0,0,0,0,0,0.98266286,0,0.43570697,0,0.4486267,0,0,2.08E-17,0,0.58125275,0.47003502,2
0.005818335,0.0029639497,0.058816794,0.089110896,0.34928524,0.40411243,0.37379283,0.27328762,0.30755696,0.38251242,0.3681841,0.30701348,0.36122724,0.39405838,0.34473377,0.26448527,0.424364,0.45220327,1.56E-17,1.79E-17,0.00521852,1.69E-17,0.0028181064,3.38E-10,3.81E-17,0.5663462,0.2466253,0.5744719,0.00022516517,0.45232117,0.19715765,0.2581397,0.7045463,0.59082556,0
0.7232048,0.9651406,0.24468,0.121315226,0.38159412,0.46982324,0,0,0.34851477,0.4641461,0,0,0.38961926,0.4486558,0,0,0.43765217,0.46403483,0,0,0,0,0,0.982665,0,0.43570697,0,0.4486267,0,0,2.08E-17,0,0.58125275,0.47003502,4
0.00073924294,0.00057290134,0.016500354,0.0033143456,0.38159412,0.46982324,1.39E-09,1.44E-18,0.34851477,0.4641461,0,0,0.38961926,0.4486558,0,0,0.43765217,0.46403483,6.03E-18,2.14E-14,0.00020629102,3.11E-13,4.21E-05,2.07E-07,3.50E-13,0.43570697,0,0.4486267,0,0,0.009929078,0,0.58125275,0.47003502,0
0.87555337,0.91292346,0.008155743,7.68E-05,0.38159412,0.46982324,0.00023176303,4.00E-08,0.34851477,0.4641461,0.00026942242,6.18E-08,0.38961926,0.4486558,0.0002573857,6.37E-08,0.43765217,0.46403483,5.90E-23,3.13E-22,0.8549424,1.89E-11,0.95218265,3.95E-06,1.55E-05,0.43570697,0,0.4486267,0,0,0.009929078,0,0.58125275,0.47003502,3
0.25683314,0.28093857,1.65E-05,1.66E-06,0.38159412,0.46982324,0,0,0.34851477,0.4641461,0,0,0.38961926,0.4486558,0,0,0.43765217,0.46403483,0,0,0,0,0,0.982663,0,0.43570697,0,0.4486267,0,0,2.08E-17,0,0.58125275,0.47003502,2
0.70290744,0.342105,0.2513526,0.12694418,0.38159412,0.46982324,0.0017080645,2.17E-06,0.34851477,0.4641461,0.008663157,6.38E-05,0.38961926,0.4486558,0.0079691075,6.10E-05,0.43765217,0.46403483,9.61E-23,9.78E-21,0.58372086,1.48E-05,0.30536672,4.61E-05,0.000181186,0.43570697,0,0.4486267,0,0,0.35886526,0,0.58125275,0.47003502,1
0.25297922,0.35944283,1.54E-05,1.56E-06,0.38159412,0.46982324,0,0,0.34851477,0.4641461,0,0,0.38961926,0.4486558,0,0,0.43765217,0.46403483,0,0,0,0,0,0.9826632,0,0.43570697,0,0.4486267,0,0,2.08E-17,0,0.58125275,0.47003502,2
0.7132454,0.7018373,0.008071087,7.89E-05,0.38159412,0.46982324,8.47E-07,5.34E-13,0.34851477,0.4641461,0.00019590119,3.26E-08,0.38961926,0.4486558,0.00026768213,6.89E-08,0.43765217,0.46403483,1.69E-22,1.74E-22,0.67632437,1.08E-08,0.72346586,9.58E-06,3.77E-05,0.43570697,0,0.4486267,0,0,0.009929078,0,0.58125275,0.47003502,3
0.28388453,0.07780019,0.20386837,0.14026962,0.38159412,0.46982324,0,0,0.34851477,0.4641461,0,0,0.38961926,0.4486558,0,0,0.43765217,0.46403483,0,0,0,0,0,0.9826661,0,0.43570697,0,0.4486267,0,0,2.08E-17,0,0.58125275,0.47003502,1
0.40821758,0.3481539,0.0055662664,0.000108067325,0.38159412,0.46982324,0.0009063141,6.12E-07,0.34851477,0.4641461,0.00088561815,6.67E-07,0.38961926,0.4486558,0.000762292,5.58E-07,0.43765217,0.46403483,4.65E-21,3.10E-21,0.27867565,1.41E-07,0.24718052,3.32E-05,0.0001305854,0.43570697,0,0.4486267,0,0,0.009929078,0,0.58125275,0.47003502,3
0.00029611858,0.0011212484,0.057497554,0.08369954,0.38159412,0.46982324,0,0.007418188,0.34851477,0.4641461,1.99E-09,0.008666495,0.38961926,0.4486558,0.0025361187,0.009788282,0.4376522,0.4640476,6.35E-15,1.46E-14,0.00013063391,1.64E-14,9.48E-05,2.99E-08,1.08E-14,0.43570697,3.63E-18,0.4486267,7.45E-05,1.98E-09,0.009929078,3.80E-18,0.58125275,0.47003502,0
0.22719707,0.29650885,7.59E-05,3.81E-06,0.38159412,0.46982324,0,0,0.34851477,0.4641461,0,0,0.38961926,0.4486558,0,0,0.43765217,0.46403483,0,0,0,0,0,0.9826631,0,0.43570697,0,0.4486267,0,0,2.08E-17,0,0.58125275,0.47003502,2
0.66301316,0.20942743,0.008040909,7.98E-05,0.38159412,0.46982324,8.89E-07,5.88E-13,0.34851477,0.4641461,0.00019014283,3.08E-08,0.38961926,0.4486558,0.00026873453,6.94E-08,0.43765217,0.46403483,5.26E-23,1.32E-12,0.62635195,9.23E-05,0.2150682,7.91E-05,0.0003111102,0.43570697,0,0.4486267,0,0,0.009929078,0,0.58125275,0.47003502,3
0.00091710046,0.0015559127,0.008393317,0.0008363429,0.38159412,0.46982324,6.25E-06,0.00010327931,0.34851477,0.46414247,0.018936237,0.0006415807,0.3896126,0.44304496,0.031904202,0.0011969346,0.43774432,0.4805208,4.63E-21,5.29E-19,0.000890159,6.00E-18,0.0016419099,8.11E-10,3.58E-15,0.4357071,0.00049564574,0.47026464,0.001447281,0.0035276366,0.039570235,0.0004933983,0.58127075,0.51150036,0
0.222992,0.317783,7.22E-05,3.60E-06,0.38159412,0.46982324,0,0,0.34851477,0.4641461,0,0,0.38961926,0.4486558,0,0,0.43765217,0.46403483,0,0,0,0,0,0.9826633,0,0.43570697,0,0.4486267,0,0,2.08E-17,0,0.58125275,0.47003502,2
0.3459934,0.15177906,0.18372853,0.13426264,0.38159412,0.46982324,0.030769631,0.0007053434,0.34851477,0.4641461,0.021769268,0.0004031538,0.38961926,0.4486558,0.021586662,0.0004477938,0.43765217,0.46403483,4.69E-22,3.84E-17,0.21517183,8.32E-05,0.10148451,0.0001490604,0.0005863007,0.43570697,2.79E-15,0.4486267,0.35153705,8.61E-08,0.3503546,7.17E-15,0.58125275,0.47003502,5
0.00026378245,0.00041793875,0.013453724,0.00056843314,0.38159412,0.46982324,0,1.44E-18,0.34851477,0.4641461,9.49E-05,7.70E-09,0.38961926,0.4486547,0.01137252,0.00012428741,0.43765157,0.45450702,0,3.86E-31,6.90E-06,3.65E-20,7.75E-05,2.33E-08,3.84E-16,0.43570697,8.30E-09,0.4486256,0.00026882134,0.011329686,0.03297755,0.00012426327,0.5812522,0.460614,0
0.43958816,0.5683311,0.21383646,0.13143222,0.38159412,0.46982324,0.00872358,5.67E-05,0.34851477,0.4641461,0.01541911,0.00020225611,0.38961926,0.4486558,0.01355716,0.00017662189,0.43765217,0.46403483,6.04E-21,1.95E-21,0.3180356,3.38E-13,0.44210216,5.15E-06,2.03E-05,0.43570697,0,0.4486267,0,0,0.3503546,0,0.58125275,0.47003502,4
0.70994955,0.62202764,0.24972063,0.12769178,0.38159412,0.46982324,6.40E-08,3.05E-15,0.34851477,0.4641461,0.0031297468,8.33E-06,0.38961926,0.4486558,0.006090904,3.57E-05,0.43765217,0.46403483,2.14E-22,1.67E-22,0.57354397,6.42E-08,0.55160177,1.48E-05,5.81E-05,0.43570697,0,0.4486267,0,0,0.35886526,0,0.58125275,0.47003502,1
0.39250365,0.3041982,0.2096115,0.13958772,0.38159412,0.46982324,0.073615514,0.004037334,0.34851477,0.4641461,0.039336808,0.00131638,0.38961926,0.4486558,0.030248003,0.000879226,0.43765217,0.46403483,1.19E-21,2.74E-21,0.25268757,5.14E-07,0.22675024,4.08E-05,0.00016037728,0.43570697,0,0.4486267,0,0,0.35886526,0,0.58125275,0.47003502,1
0.00043732408,0.00038313426,0.011375388,0.002412031,0.38159412,0.46982324,0.02190849,0.00035758628,0.34851477,0.4641461,0.022049852,0.0004136132,0.38961926,0.44865555,0.01804685,0.00031297526,0.43765277,0.47378764,3.14E-16,3.14E-16,0.00016223862,4.26E-16,9.01E-05,2.07E-08,6.31E-16,0.43570697,0.00044632083,0.44862643,0.00031236006,0.017978879,0.030489538,0.00031291443,0.58125323,0.47967854,0
0.24837759,0.28144073,1.61E-05,1.63E-06,0.38159412,0.46982324,0,0,0.34851477,0.4641461,0,0,0.38961926,0.4486558,0,0,0.43765217,0.46403483,0,0,0,0,0,0.982663,0,0.43570697,0,0.4486267,0,0,2.08E-17,0,0.58125275,0.47003502,2
0.8536033,0.8789615,0.008124439,7.73E-05,0.38159412,0.46982324,2.14E-05,3.41E-10,0.34851477,0.4641461,0.00022318364,4.24E-08,0.38961926,0.4486558,0.00025536452,6.27E-08,0.43765217,0.46403483,1.25E-22,9.52E-23,0.8280263,5.16E-11,0.91419184,4.53E-06,1.78E-05,0.43570697,0,0.4486267,0,0,0.009929078,0,0.58125275,0.47003502,3
0.7121362,0.9904473,0.24404939,0.121596076,0.38159412,0.46982324,0.00010861179,8.79E-09,0.34851477,0.4641461,0.0067020776,3.82E-05,0.38961926,0.4486558,0.0071053007,4.85E-05,0.43765217,0.46403483,1.14E-22,1.44E-22,0.5814651,7.04E-19,0.879243,7.44E-07,2.93E-06,0.43570697,0,0.4486267,0,0,0.3503546,0,0.58125275,0.47003502,4
0.7030685,0.85385126,0.007076682,9.59E-05,0.38159412,0.46982324,2.05E-08,3.14E-16,0.34851477,0.4641461,0.00014787569,1.86E-08,0.38961926,0.4486558,0.00024538932,5.79E-08,0.43765217,0.46403483,3.45E-22,2.78E-22,0.5805951,3.21E-11,0.7749776,4.92E-06,1.94E-05,0.43570697,0,0.4486267,0,0,0.009929078,0,0.58125275,0.47003502,3
0.3437269,0.4453392,0.20394893,0.14026728,0.38159412,0.46982324,0,0,0.34851477,0.4641461,0,0,0.38961926,0.4486558,0,0,0.43765217,0.46403483,0,0,0,0,0,0.9826662,0,0.43570697,0,0.4486267,0,0,2.08E-17,0,0.58125275,0.47003502,1
0.7442563,0.69527614,0.007097834,9.56E-05,0.38159412,0.46982324,2.43E-05,4.40E-10,0.34851477,0.4641461,0.00023847724,4.84E-08,0.38961926,0.4486558,0.00025304698,6.15E-08,0.43765217,0.46403483,8.91E-23,1.30E-22,0.63039327,2.01E-08,0.6330001,1.16E-05,4.55E-05,0.43570697,0,0.4486267,0,0,0.009929078,0,0.58125275,0.47003502,3
0.00033588687,0.00043417403,0.011087319,0.0014240227,0.38159412,0.46982324,0.004516019,1.52E-05,0.34851477,0.46414608,0.008870665,0.00045297333,0.38961506,0.44021598,0.05700231,0.0076880828,0.44066685,0.5586296,4.95E-19,7.21E-17,0.0001388056,2.76E-16,0.00017135462,1.12E-08,3.67E-16,0.43570697,0,0.4486267,0,0,0.008510638,0,0.58125275,0.47003502,0
0.40347877,0.42973801,0.21574041,0.13856533,0.38159412,0.46982324,0.0005582404,2.32E-07,0.34851477,0.4641461,0.024458801,0.0005089245,0.38961926,0.4486558,0.027573727,0.0007306309,0.43765217,0.46403483,1.04E-21,1.17E-21,0.29862002,4.00E-10,0.32960594,1.39E-05,5.48E-05,0.43570697,0,0.4486267,0,0,0.35886526,0,0.58125275,0.47003502,1
0.73661286,0.604798,0.008083316,7.91E-05,0.38159412,0.46982324,0,0,0.34851477,0.4641461,0,0,0.38961926,0.4486558,0,0,0.43765217,0.46403483,0,0,0,0,0,0.98266554,0,0.43570697,0,0.4486267,0,0,2.08E-17,0,0.58125275,0.47003502,3
0.7459624,0.80472994,0.0070802905,9.59E-05,0.38159412,0.46982324,0,0,0.34851477,0.4641461,0,0,0.38961926,0.4486558,0,0,0.43765217,0.46403483,0,0,0,0,0,0.9826656,0,0.43570697,0,0.4486267,0,0,2.08E-17,0,0.58125275,0.47003502,3
0.2544274,0.16134986,1.51E-05,1.38E-06,0.38159412,0.46982324,0,0,0.34851477,0.4641461,0,0,0.38961926,0.4486558,0,0,0.43765217,0.46403483,0,0,0,0,0,0.98266286,0,0.43570697,0,0.4486267,0,0,2.08E-17,0,0.58125275,0.47003502,2
0.4726168,0.33280262,0.21323097,0.13156049,0.38159412,0.46982324,0.0037363162,1.04E-05,0.34851477,0.4641461,0.016424686,0.00022949708,0.38961926,0.4486558,0.014943486,0.00021459072,0.43765217,0.46403483,1.94E-21,1.69E-21,0.3325363,1.46E-06,0.25816986,4.08E-05,0.00016067125,0.43570697,0,0.4486267,0,0,0.3503546,0,0.58125275,0.47003502,4
0.4315545,0.52448285,0.21294342,0.13161746,0.38159412,0.46982324,0,0,0.34851477,0.4641461,0,0,0.38961926,0.4486558,0,0,0.43765217,0.46403483,0,0,0,0,0,0.9826649,0,0.43570697,0,0.4486267,0,0,2.08E-17,0,0.58125275,0.47003502,4
0.0012092785,0.0016653226,0.008402059,0.000796985,0.38159412,0.49200717,0.002140499,4.29E-06,0.34851503,0.49416924,0.030088928,0.0009575772,0.38961592,0.4468912,0.030887833,0.0011414834,0.43783775,0.49857423,1.69E-17,2.39E-17,0.001293713,1.88E-17,0.0017845428,7.27E-10,1.73E-17,0.43570265,0.0030262838,0.42125985,0.0013383238,0.057453606,0.044786837,0.0034620548,0.58156323,0.49673378,0
0.7046815,0.7632561,0.25075915,0.12721772,0.38159412,0.46982324,0,0,0.34851477,0.4641461,0,0,0.38961926,0.4486558,0,0,0.43765217,0.46403483,0,0,0,0,0,0.9826662,0,0.43570697,0,0.4486267,0,0,2.08E-17,0,0.58125275,0.47003502,1
0.34435788,0.14864905,0.18361133,0.13426518,0.38159412,0.46982324,0,0,0.34851477,0.4641461,0,0,0.38961926,0.4486558,0,0,0.43765217,0.46403483,0,0,0,0,0,0.98266697,0,0.43570697,0,0.4486267,0,0,2.08E-17,0,0.58125275,0.47003502,5
0.2344509,0.31618178,7.25E-05,3.68E-06,0.38159412,0.46982324,0,0,0.34851477,0.4641461,0,0,0.38961926,0.4486558,0,0,0.43765217,0.46403483,0,0,0,0,0,0.9826632,0,0.43570697,0,0.4486267,0,0,2.08E-17,0,0.58125275,0.47003502,2
0.25859475,0.26530412,1.64E-05,1.67E-06,0.38159412,0.46982324,0,0,0.34851477,0.4641461,0,0,0.38961926,0.4486558,0,0,0.43765217,0.46403483,0,0,0,0,0,0.9826629,0,0.43570697,0,0.4486267,0,0,2.08E-17,0,0.58125275,0.47003502,2
0.22168313,0.19481093,7.87E-05,4.00E-06,0.38159412,0.46982324,0,0,0.34851477,0.4641461,0,0,0.38961926,0.4486558,0,0,0.43765217,0.46403483,0,0,0,0,0,0.9826629,0,0.43570697,0,0.4486267,0,0,2.08E-17,0,0.58125275,0.47003502,2
0.4298707,0.6051843,0.2131409,0.1315766,0.38159412,0.46982324,0.0122816535,0.00011237499,0.34851477,0.4641461,0.016728338,0.0002380612,0.38961926,0.4486558,0.013473182,0.00017444055,0.43765217,0.46403483,7.53E-22,6.52E-22,0.30329826,1.66E-17,0.46923694,1.79E-06,7.05E-06,0.43570697,0,0.4486267,0,0,0.3503546,0,0.58125275,0.47003502,4
0.37736705,0.13136797,0.19926296,0.14064148,0.38159412,0.46982324,0.011364211,9.62E-05,0.34851477,0.4641461,0.03260374,0.00090431113,0.38961926,0.4486558,0.028674258,0.0007901171,0.43765217,0.46403483,1.70E-21,3.15E-15,0.24396603,0.000118895936,0.093061395,0.00017058522,0.0006709488,0.43570697,0,0.4486267,0,0,0.35886526,0,0.58125275,0.47003502,1
0.22832847,0.3088691,7.34E-05,3.73E-06,0.38159412,0.46982324,0,0,0.34851477,0.4641461,0,0,0.38961926,0.4486558,0,0,0.43765217,0.46403483,0,0,0,0,0,0.98266315,0,0.43570697,0,0.4486267,0,0,2.08E-17,0,0.58125275,0.47003502,2
0.42324108,0.41300756,0.21279766,0.13909079,0.38159412,0.46982324,0.00012221493,1.11E-08,0.34851477,0.4641461,0.01811009,0.00027901292,0.38961926,0.4486558,0.02599413,0.0006493183,0.43765217,0.46403483,8.84E-21,8.76E-21,0.29329443,2.49E-09,0.3124033,1.76E-05,6.93E-05,0.43570697,0,0.4486267,0,0,0.35886526,0,0.58125275,0.47003502,1
0.010503208,0.0019466458,0.062290754,0.08775898,0.37372732,0.4456451,0.3391164,0.16247955,0.3337765,0.42034093,0.3399416,0.19258444,0.369308,0.39320534,0.33280534,0.21017767,0.42302346,0.44855547,1.89E-19,5.70E-18,0.011997266,3.48E-17,0.0019824302,2.55E-08,9.72E-08,0.43570697,0,0.4486267,0,0,0.009929078,0,0.58125275,0.47003502,0
0.72828656,0.94103074,0.24480616,0.12125845,0.38159412,0.46982324,0.0008964494,5.99E-07,0.34851477,0.4641461,0.007985655,5.43E-05,0.38961926,0.4486558,0.0068968884,4.57E-05,0.43765217,0.46403483,7.77E-23,1.01E-22,0.5956671,1.85E-14,0.83796114,2.16E-06,8.52E-06,0.43570697,0,0.4486267,0,0,0.3503546,0,0.58125275,0.47003502,4
0.4593836,0.6021349,0.21324688,0.1315553,0.38159412,0.46982324,3.02E-05,6.80E-10,0.34851477,0.4641461,0.009073349,7.00E-05,0.38961926,0.4486558,0.0124940295,0.00015000721,0.43765217,0.46403483,6.85E-22,6.93E-22,0.32130846,2.69E-16,0.46708307,2.39E-06,9.41E-06,0.43570697,0,0.4486267,0,0,0.3503546,0,0.58125275,0.47003502,4
0.0042150156,0.0038810496,0.050190233,0.07788944,0.38159412,0.46982324,9.84E-10,7.23E-19,0.34851477,0.4641461,9.93E-10,8.41E-19,0.38961926,0.4486558,9.93E-10,9.50E-19,0.43765217,0.46403483,2.48E-24,1.21E-22,0.0019341314,2.52E-16,0.0015610268,8.05E-09,3.68E-14,0.43570697,9.07E-19,0.4486267,0.005412077,9.90E-10,2.08E-17,9.50E-19,0.58125275,0.47003502,0
0.74494445,0.78763115,0.0070818984,9.58E-05,0.38159412,0.46982324,0,0,0.34851477,0.4641461,0,0,0.38961926,0.4486558,0,0,0.43765217,0.46403483,0,0,0,0,0,0.9826656,0,0.43570697,0,0.4486267,0,0,2.08E-17,0,0.58125275,0.47003502,3
0.351665,0.16504085,0.18241704,0.1342251,0.38159412,0.46982324,0.0049833604,1.85E-05,0.34851477,0.4641461,0.01817699,0.0002810781,0.38961926,0.4486558,0.02039886,0.00039987007,0.43765217,0.46403483,3.20E-21,1.01E-18,0.21366814,5.80E-05,0.10955348,0.00013309508,0.00052351283,0.43570697,1.86E-15,0.4486267,0.37952337,9.03E-08,0.3503546,7.90E-15,0.58125275,0.47003502,5
0.3778983,0.26975757,0.18449302,0.13427581,0.38159412,0.46982324,0.0017159786,2.19E-06,0.34851477,0.4641461,0.016179742,0.00022270308,0.38961926,0.4486558,0.018475054,0.00032800352,0.43765217,0.46403483,2.11E-21,1.68E-21,0.23413981,1.96E-06,0.18108456,5.79E-05,0.00022777326,0.43570697,1.74E-15,0.4486267,0.62741536,1.24E-07,0.3503546,1.49E-14,0.58125275,0.47003502,5
0.3850819,0.23628803,0.18394537,0.1342631,0.38159412,0.46982324,0.02691725,0.00053978077,0.34851477,0.4641461,0.018761268,0.00029943837,0.38961926,0.4486558,0.019108236,0.00035087162,0.43765217,0.46403483,1.07E-21,1.64E-21,0.23754382,6.52E-06,0.15814994,7.49E-05,0.00029460108,0.43570697,6.97E-16,0.4486267,0.5479277,1.04E-07,0.3503546,1.04E-14,0.58125275,0.47003502,5
0.31856433,0.1023049,0.19770367,0.14072706,0.38159412,0.46982324,0,0,0.34851477,0.4641461,0,0,0.38961926,0.4486558,0,0,0.43765217,0.46403483,0,0,0,0,0,0.9826661,0,0.43570697,0,0.4486267,0,0,2.08E-17,0,0.58125275,0.47003502,1
0.72017556,0.7106003,0.24360704,0.12179133,0.38159412,0.46982324,9.29E-07,6.43E-13,0.34851477,0.4641461,0.0040071425,1.37E-05,0.38961926,0.4486558,0.006254866,3.76E-05,0.43765217,0.46403483,2.58E-22,1.86E-22,0.5884966,5.84E-09,0.629657,1.02E-05,4.02E-05,0.43570697,0,0.4486267,0,0,0.3503546,0,0.58125275,0.47003502,4
0.001085462,0.000647633,0.0136966,0.0011747954,0.38159412,0.46982324,0.00576982,0.006662329,0.34851494,0.46429393,0.048139635,0.0088257855,0.39065272,0.5360675,0.04619434,0.009960241,0.44097263,0.57318705,1.70E-21,8.96E-19,0.0008452175,5.13E-16,0.00034873336,8.04E-09,3.04E-15,0.43570697,0,0.4486267,0.00021652794,1.98E-09,0.009929078,3.80E-18,0.58125275,0.47003502,0
0.4446886,0.59925944,0.21356748,0.13149004,0.38159412,0.46982324,0,0,0.34851477,0.4641461,0,0,0.38961926,0.4486558,0,0,0.43765217,0.46403483,0,0,0,0,0,0.982665,0,0.43570697,0,0.4486267,0,0,2.08E-17,0,0.58125275,0.47003502,4
0.43796796,0.59669966,0.2141344,0.13137224,0.38159412,0.46982324,0.0045120805,1.52E-05,0.34851477,0.4641461,0.013135401,0.00014678096,0.38961926,0.4486558,0.012713678,0.0001553279,0.43765217,0.46403483,3.98E-21,2.04E-21,0.31084248,1.62E-15,0.46480262,2.87E-06,1.13E-05,0.43570697,0,0.4486267,0,0,0.3503546,0,0.58125275,0.47003502,4
0.4538017,0.26176497,0.21449894,0.13129166,0.38159412,0.46982324,0,0,0.34851477,0.4641461,0,0,0.38961926,0.4486558,0,0,0.43765217,0.46403483,0,0,0,0,0,0.98266476,0,0.43570697,0,0.4486267,0,0,2.08E-17,0,0.58125275,0.47003502,4
0.71551985,0.9874101,0.24419288,0.12153264,0.38159412,0.46982324,8.63E-07,5.55E-13,0.34851477,0.4641461,0.00415361,1.47E-05,0.38961926,0.4486558,0.0066612535,4.26E-05,0.43765217,0.46403483,5.43E-23,1.28E-22,0.58474135,2.57E-18,0.87705296,8.49E-07,3.34E-06,0.43570697,0,0.4486267,0,0,0.3503546,0,0.58125275,0.47003502,4
0.4524146,0.39301652,0.21224026,0.1317582,0.38159412,0.46982324,7.44E-05,4.12E-09,0.34851477,0.4641461,0.009866495,8.28E-05,0.38961926,0.4486558,0.013649222,0.0001790288,0.43765217,0.46403483,9.76E-22,1.24E-21,0.31270015,1.79E-07,0.30344167,2.80E-05,0.00011016505,0.43570697,0,0.4486267,0,0,0.3503546,0,0.58125275,0.47003502,4
0.46140745,0.31240016,0.21362765,0.13147779,0.38159412,0.46982324,0,0,0.34851477,0.4641461,0,0,0.38961926,0.4486558,0,0,0.43765217,0.46403483,0,0,0,0,0,0.9826648,0,0.43570697,0,0.4486267,0,0,2.08E-17,0,0.58125275,0.47003502,4
0.0010587776,0.001567071,0.008140905,0.0007998354,0.38159412,0.46982324,0.00020182565,6.65E-06,0.34851477,0.4641164,0.027349982,0.00082816463,0.38961557,0.4464434,0.031560477,0.0011852095,0.4378257,0.49521244,1.90E-22,3.78E-19,0.0008488699,6.84E-18,0.0016049088,8.39E-10,6.53E-18,0.43570697,0.00045637248,0.4486267,0.0014128557,8.89E-06,0.03883501,0.00053079467,0.58125275,0.46937782,0
0.7159023,0.7022381,0.24344023,0.12186546,0.38159412,0.46982324,0,0,0.34851477,0.4641461,0,0,0.38961926,0.4486558,0,0,0.43765217,0.46403483,0,0,0,0,0,0.9826649,0,0.43570697,0,0.4486267,0,0,2.08E-17,0,0.58125275,0.47003502,4
0.7271455,0.37721947,0.0070500607,9.62E-05,0.38159412,0.46982324,9.13E-08,6.22E-15,0.34851477,0.4641461,0.00012942769,1.43E-08,0.38961926,0.4486558,0.00020024592,3.85E-08,0.43765217,0.46403483,4.51E-22,8.70E-22,0.6024942,1.08E-05,0.34110698,4.01E-05,0.00015763381,0.43570697,0,0.4486267,0,0,0.009929078,0,0.58125275,0.47003502,3
0.22149327,0.24538308,7.35E-05,3.75E-06,0.38159412,0.46982324,0,0,0.34851477,0.4641461,0,0,0.38961926,0.4486558,0,0,0.43765217,0.46403483,0,0,0,0,0,0.982663,0,0.43570697,0,0.4486267,0,0,2.08E-17,0,0.58125275,0.47003502,2
0.40068254,0.44736272,0.006125,0.00010553903,0.38159412,0.46982324,0.0018378946,2.52E-06,0.34851477,0.4641461,0.0009681508,7.97E-07,0.38961926,0.4486558,0.0007760548,5.79E-07,0.43765217,0.46403483,9.87E-21,6.98E-21,0.3234159,2.23E-10,0.3501406,1.25E-05,4.91E-05,0.43570697,0,0.4486267,0,0,0.009929078,0,0.58125275,0.47003502,3
0.22076316,0.28597084,7.50E-05,3.78E-06,0.38159412,0.46982324,0,0,0.34851477,0.4641461,0,0,0.38961926,0.4486558,0,0,0.43765217,0.46403483,0,0,0,0,0,0.98266304,0,0.43570697,0,0.4486267,0,0,2.08E-17,0,0.58125275,0.47003502,2
0.7205421,0.6768662,0.0080619985,7.92E-05,0.38159412,0.46982324,0,0,0.34851477,0.4641461,0,0,0.38961926,0.4486558,0,0,0.43765217,0.46403483,0,0,0,0,0,0.9826656,0,0.43570697,0,0.4486267,0,0,2.08E-17,0,0.58125275,0.47003502,3
0.72185034,0.98511297,0.24409947,0.12157424,0.38159412,0.46982324,0.00015543994,1.80E-08,0.34851477,0.4641461,0.0069588446,4.12E-05,0.38961926,0.4486558,0.007024273,4.74E-05,0.43765217,0.46403483,1.89E-22,1.91E-22,0.5860427,7.23E-18,0.87468624,9.44E-07,3.72E-06,0.43570697,0,0.4486267,0,0,0.3503546,0,0.58125275,0.47003502,4
0.72331697,0.9651565,0.24467596,0.121317044,0.38159412,0.46982324,0,0,0.34851477,0.4641461,0,0,0.38961926,0.4486558,0,0,0.43765217,0.46403483,0,0,0,0,0,0.982665,0,0.43570697,0,0.4486267,0,0,2.08E-17,0,0.58125275,0.47003502,4
0.36887968,0.37594873,0.18417645,0.134266,0.38159412,0.46982324,0,0,0.34851477,0.4641461,0,0,0.38961926,0.4486558,0,0,0.43765217,0.46403483,0,0,0,0,0,0.9826671,0,0.43570697,0,0.4486267,0,0,2.08E-17,0,0.58125275,0.47003502,5
0.8366537,0.8691522,0.008135375,7.71E-05,0.38159412,0.46982324,6.03E-05,2.71E-09,0.34851477,0.4641461,0.00025013404,5.32E-08,0.38961926,0.4486558,0.00025950055,6.47E-08,0.43765217,0.46403483,4.34E-23,5.74E-23,0.82286906,6.49E-11,0.9051316,4.68E-06,1.84E-05,0.43570697,0,0.4486267,0,0,0.009929078,0,0.58125275,0.47003502,3
0.26167768,0.31414375,1.66E-05,1.68E-06,0.38159412,0.46982324,0,0,0.34851477,0.4641461,0,0,0.38961926,0.4486558,0,0,0.43765217,0.46403483,0,0,0,0,0,0.982663,0,0.43570697,0,0.4486267,0,0,2.08E-17,0,0.58125275,0.47003502,2
0.71784043,0.6699757,0.25069076,0.1272493,0.38159412,0.46982324,0.0023682588,4.18E-06,0.34851477,0.4641461,0.008894135,6.73E-05,0.38961926,0.4486558,0.0070224563,4.74E-05,0.43765217,0.46403483,7.56E-23,1.01E-22,0.59288883,1.73E-08,0.59644306,1.20E-05,4.73E-05,0.43570697,0,0.4486267,0,0,0.35886526,0,0.58125275,0.47003502,1
0.7385002,0.5416471,0.0070906947,9.57E-05,0.38159412,0.46982324,0,0,0.34851477,0.4641461,0,0,0.38961926,0.4486558,0,0,0.43765217,0.46403483,0,0,0,0,0,0.98266554,0,0.43570697,0,0.4486267,0,0,2.08E-17,0,0.58125275,0.47003502,3
0.22600648,0.2426819,7.32E-05,3.71E-06,0.38159412,0.46982324,0,0,0.34851477,0.4641461,0,0,0.38961926,0.4486558,0,0,0.43765217,0.46403483,0,0,0,0,0,0.982663,0,0.43570697,0,0.4486267,0,0,2.08E-17,0,0.58125275,0.47003502,2
0.45793054,0.37239668,0.21376751,0.13144635,0.38159412,0.46982324,0.0025539638,4.86E-06,0.34851477,0.4641461,0.01416254,0.00017063392,0.38961926,0.4486558,0.014519676,0.00020259134,0.43765217,0.46403483,4.39E-22,9.45E-22,0.3277761,3.69E-07,0.2896035,3.17E-05,0.00012466952,0.43570697,0,0.4486267,0,0,0.3503546,0,0.58125275,0.47003502,4
0.41725203,0.6033592,0.21378043,0.13144425,0.38159412,0.46982324,0.009713352,7.03E-05,0.34851477,0.4641461,0.017529888,0.0002614215,0.38961926,0.4486558,0.0136696845,0.00017956599,0.43765217,0.46403483,1.66E-21,1.25E-21,0.29876232,1.32E-18,0.469231,1.39E-06,5.47E-06,0.43570697,0,0.4486267,0,0,0.3503546,0,0.58125275,0.47003502,4
0.0059198174,0.0012709167,0.05558272,0.07350386,0.3603276,0.4097135,0.32878217,0.18768884,0.32289237,0.39326355,0.32578832,0.21629831,0.36536285,0.38523087,0.3090285,0.22204947,0.43565097,0.46187577,1.05E-19,3.51E-19,0.0071059177,1.90E-17,0.0012602039,1.32E-09,1.24E-16,0.5016242,0.17632788,0.51255745,0.00037533362,0.3570491,0.19242856,0.18456198,0.62629735,0.53143936,0
0.0011432719,0.0015747121,0.008161376,0.00079110544,0.38159412,0.46982324,0.0042879446,1.37E-05,0.34851477,0.46414244,0.011782177,0.0001260443,0.3896135,0.42079717,0.010770349,0.00015835784,0.43768948,0.51301014,8.40E-21,5.99E-18,0.00019087626,4.17E-17,0.00038389573,4.80E-09,5.06E-17,0.4357031,0.00013601161,0.42076984,0.0013309659,0.010729784,0.028693328,0.00015832706,0.5812833,0.51846147,0
0.21857357,0.27068785,7.38E-05,3.77E-06,0.38159412,0.46982324,0,0,0.34851477,0.4641461,0,0,0.38961926,0.4486558,0,0,0.43765217,0.46403483,0,0,0,0,0,0.982663,0,0.43570697,0,0.4486267,0,0,2.08E-17,0,0.58125275,0.47003502,2
0.44628015,0.56399566,0.21315204,0.13157423,0.38159412,0.46982324,0.0031610946,7.44E-06,0.34851477,0.4641461,0.012458889,0.00013205099,0.38961926,0.4486558,0.013116886,0.00016533643,0.43765217,0.46403483,1.03E-21,1.34E-21,0.3143214,6.85E-13,0.43731505,5.58E-06,2.20E-05,0.43570697,0,0.4486267,0,0,0.3503546,0,0.58125275,0.47003502,4
0.7468734,0.79622954,0.008086656,7.83E-05,0.38159412,0.46982324,4.07E-07,1.24E-13,0.34851477,0.4641461,0.00017893055,2.72E-08,0.38961926,0.4486558,0.00025736718,6.37E-08,0.43765217,0.46403483,8.10E-23,1.29E-22,0.71520627,5.99E-10,0.8234188,6.34E-06,2.49E-05,0.43570697,0,0.4486267,0,0,0.009929078,0,0.58125275,0.47003502,3
0.4666054,0.36020362,0.21329185,0.13154465,0.38159412,0.46982324,0,0,0.34851477,0.4641461,0,0,0.38961926,0.4486558,0,0,0.43765217,0.46403483,0,0,0,0,0,0.9826648,0,0.43570697,0,0.4486267,0,0,2.08E-17,0,0.58125275,0.47003502,4
0.3701136,0.37607485,0.21256733,0.1391287,0.38159412,0.46982324,0.0021652076,3.49E-06,0.34851477,0.4641461,0.029011128,0.0007159988,0.38961926,0.4486558,0.027299404,0.0007161655,0.43765217,0.46403483,1.62E-21,2.54E-21,0.2521935,1.48E-08,0.2841934,2.28E-05,8.97E-05,0.43570697,0,0.4486267,0,0,0.35886526,0,0.58125275,0.47003502,1
0.0009930929,0.0019647132,0.0591851,0.17462224,0.38159412,0.46981815,0.024418738,0.0004452032,0.34851375,0.46130633,0.1880303,0.03180716,0.39215145,0.49865654,0.46261722,0.22751679,0.48770308,0.51603276,1.68E-23,1.05E-19,0.0008602226,1.28E-17,0.0021076165,5.47E-10,1.18E-17,0.43570697,0.00032868248,0.4486221,0.0014612272,0.0015298565,0.0385277,0.0005533457,0.58125174,0.4651257,0
0.71611774,0.9909507,0.24378715,0.12171212,0.38159412,0.46982324,0.00012666192,1.20E-08,0.34851477,0.4641461,0.006804856,3.94E-05,0.38961926,0.4486558,0.007116335,4.87E-05,0.43765217,0.46403483,2.65E-22,1.91E-22,0.5785243,7.26E-19,0.8787449,7.46E-07,2.94E-06,0.43570697,0,0.4486267,0,0,0.3503546,0,0.58125275,0.47003502,4
0.71192616,0.66568655,0.24366307,0.12176705,0.38159412,0.46982324,0,0,0.34851477,0.4641461,0,0,0.38961926,0.4486558,0,0,0.43765217,0.46403483,0,0,0,0,0,0.9826648,0,0.43570697,0,0.4486267,0,0,2.08E-17,0,0.58125275,0.47003502,4
0.35773298,0.4262978,0.006020435,0.00010620219,0.38159412,0.46982324,2.91E-06,6.33E-12,0.34851477,0.4641461,0.00065092416,3.60E-07,0.38961926,0.4486558,0.0007407909,5.27E-07,0.43765217,0.46403483,1.63E-20,6.20E-21,0.30307445,9.11E-10,0.3277928,1.52E-05,6.00E-05,0.43570697,0,0.4486267,0,0,0.009929078,0,0.58125275,0.47003502,3
0.34328234,0.44526187,0.20396908,0.14026526,0.38159412,0.46982324,0,0,0.34851477,0.4641461,0,0,0.38961926,0.4486558,0,0,0.43765217,0.46403483,0,0,0,0,0,0.9826662,0,0.43570697,0,0.4486267,0,0,2.08E-17,0,0.58125275,0.47003502,1
0.0001335614,0.00039462151,0.013901668,0.00069016276,0.38159412,0.46982324,1.97E-09,2.89E-18,0.34851477,0.4641461,4.58E-06,1.79E-11,0.38961926,0.4486558,0.008873959,7.57E-05,0.43765217,0.46403483,0,7.74E-31,6.96E-06,8.44E-23,6.99E-05,2.53E-08,2.50E-16,0.43570697,1.93E-11,0.4486267,0.00024247021,0.008840537,0.020382127,7.57E-05,0.58125275,0.47003502,0
0.34944665,0.12305157,0.19751243,0.14073738,0.38159412,0.46982324,0,0,0.34851477,0.4641461,0,0,0.38961926,0.4486558,0,0,0.43765217,0.46403483,0,0,0,0,0,0.9826661,0,0.43570697,0,0.4486267,0,0,2.08E-17,0,0.58125275,0.47003502,1
0.45641777,0.34263578,0.21347459,0.13150974,0.38159412,0.46982324,0.00053842395,2.16E-07,0.34851477,0.4641461,0.0137968315,0.00016193539,0.38961926,0.4486558,0.014443828,0.0002004803,0.43765217,0.46403483,1.48E-21,2.80E-21,0.3229301,1.03E-06,0.26609415,3.82E-05,0.00015010255,0.43570697,0,0.4486267,0,0,0.3503546,0,0.58125275,0.47003502,4
0.7128994,0.6649261,0.24368018,0.12175949,0.38159412,0.46982324,0.000844903,5.32E-07,0.34851477,0.4641461,0.007944135,5.37E-05,0.38961926,0.4486558,0.0069210622,4.60E-05,0.43765217,0.46403483,3.88E-22,3.26E-22,0.58521444,2.30E-08,0.5893722,1.25E-05,4.92E-05,0.43570697,0,0.4486267,0,0,0.3503546,0,0.58125275,0.47003502,4
0.26205382,0.24269277,1.52E-05,1.44E-06,0.38159412,0.46982324,0,0,0.34851477,0.4641461,0,0,0.38961926,0.4486558,0,0,0.43765217,0.46403483,0,0,0,0,0,0.9826629,0,0.43570697,0,0.4486267,0,0,2.08E-17,0,0.58125275,0.47003502,2
0.7105458,0.8534188,0.007071836,9.60E-05,0.38159412,0.46982324,3.41E-08,8.64E-16,0.34851477,0.4641461,0.00015510253,2.05E-08,0.38961926,0.4486558,0.00024675744,5.85E-08,0.43765217,0.46403483,3.86E-22,2.75E-22,0.582799,3.53E-11,0.7740489,4.98E-06,1.96E-05,0.43570697,0,0.4486267,0,0,0.009929078,0,0.58125275,0.47003502,3
0.43332824,0.23212644,0.21090096,0.13939446,0.38159412,0.46982324,0.058804873,0.002576218,0.34851477,0.4641461,0.037541233,0.0011989473,0.38961926,0.4486558,0.029596727,0.00084177195,0.43765217,0.46403483,2.01E-21,2.43E-21,0.30713505,9.25E-06,0.17407627,7.23E-05,0.00028439646,0.43570697,0,0.4486267,0,0,0.35886526,0,0.58125275,0.47003502,1
0.46077242,0.50285465,0.21318485,0.13157018,0.38159412,0.46982324,0,0,0.34851477,0.4641461,0,0,0.38961926,0.4486558,0,0,0.43765217,0.46403483,0,0,0,0,0,0.9826649,0,0.43570697,0,0.4486267,0,0,2.08E-17,0,0.58125275,0.47003502,4
0.23210406,0.12589383,8.08E-05,4.18E-06,0.38159412,0.46982324,0,0,0.34851477,0.4641461,0,0,0.38961926,0.4486558,0,0,0.43765217,0.46403483,0,0,0,0,0,0.98266286,0,0.43570697,0,0.4486267,0,0,2.08E-17,0,0.58125275,0.47003502,2
0.0009697992,0.0015641656,0.00828338,0.00079355936,0.38159412,0.46982324,0.0006903754,5.65E-07,0.34851477,0.4641453,0.009773814,0.0001401481,0.3896099,0.41474727,0.010210431,0.00015777066,0.43767035,0.48821506,1.50E-25,1.60E-19,0.00020508385,3.69E-17,0.00036983192,4.99E-09,4.97E-17,0.4357061,0.0001512307,0.41472033,0.0012822067,0.010171975,0.028500523,0.00015774,0.5812676,0.4939443,0
0.7162315,0.6999701,0.24995999,0.12758346,0.38159412,0.46982324,2.56E-05,4.89E-10,0.34851477,0.4641461,0.0056975917,2.76E-05,0.38961926,0.4486558,0.006573114,4.15E-05,0.43765217,0.46403483,5.37E-22,2.83E-22,0.5792996,7.08E-09,0.62132275,1.05E-05,4.14E-05,0.43570697,0,0.4486267,0,0,0.35886526,0,0.58125275,0.47003502,1
0.41565308,0.38662788,0.005811389,0.000107272004,0.38159412,0.46982324,1.42E-07,1.50E-14,0.34851477,0.4641461,0.00035044062,1.04E-07,0.38961926,0.4486558,0.00064907,4.05E-07,0.43765217,0.46403483,1.24E-21,1.52E-21,0.31363153,2.21E-08,0.28666735,2.41E-05,9.46E-05,0.43570697,0,0.4486267,0,0,0.009929078,0,0.58125275,0.47003502,3
6.34E-05,0.00017467527,0.013982853,0.0003829269,0.38159412,0.46982324,2.02E-06,3.08E-12,0.34851477,0.4641461,0.0069919457,0.00046497097,0.38961634,0.4412856,0.00945243,0.0014464516,0.43768817,0.47906172,0,7.06E-26,2.90E-05,5.31E-05,8.69E-05,0.06515987,0.23979592,0.43570697,0,0.4486267,0,0,0.009219858,0,0.58125275,0.47003502,0
0.44968423,0.60533047,0.21201263,0.13180122,0.38159412,0.46982324,0.0010720192,8.56E-07,0.34851477,0.4641461,0.014228843,0.00017223532,0.38961926,0.4486558,0.013636867,0.00017870481,0.43765217,0.46403483,4.13E-22,5.90E-22,0.31165636,7.49E-20,0.46686625,1.05E-06,4.13E-06,0.43570697,0,0.4486267,0,0,0.3503546,0,0.58125275,0.47003502,4
0.45999312,0.4898786,0.21320999,0.13156447,0.38159412,0.46982324,0.00015076854,1.69E-08,0.34851477,0.4641461,0.0101786805,8.81E-05,0.38961926,0.4486558,0.014217753,0.00019425357,0.43765217,0.46403483,9.84E-22,1.21E-21,0.32913873,1.24E-09,0.379972,1.37E-05,5.38E-05,0.43570697,0,0.4486267,0,0,0.3503546,0,0.58125275,0.47003502,4
0.45427123,0.59350514,0.21501973,0.13118058,0.38159412,0.46982324,0.0008498614,5.38E-07,0.34851477,0.4641461,0.012066164,0.00012385727,0.38961926,0.4486558,0.012945648,0.00016104776,0.43765217,0.46403483,3.32E-22,3.89E-22,0.3301012,1.04E-14,0.46423072,3.48E-06,1.37E-05,0.43570697,0,0.4486267,0,0,0.3503546,0,0.58125275,0.47003502,4
0.00096794404,0.0016807693,0.023999881,0.046872947,0.38159412,0.46982324,0.0007920454,3.16E-06,0.34851477,0.46414384,0.038207706,0.0013637625,0.3896332,0.45445466,0.24192666,0.069434635,0.43932438,0.46917027,7.46E-22,2.18E-18,0.0008366327,2.08E-17,0.0017851172,7.24E-10,1.54E-17,0.43561813,0.0032470282,0.37384957,0.0015445433,0.06416672,0.048337743,0.0041512847,0.5807751,0.43063244,0
0.26223582,0.33841795,1.49E-05,1.47E-06,0.38159412,0.46982324,0,0,0.34851477,0.4641461,0,0,0.38961926,0.4486558,0,0,0.43765217,0.46403483,0,0,0,0,0,0.98266304,0,0.43570697,0,0.4486267,0,0,2.08E-17,0,0.58125275,0.47003502,2
0.0048330105,0.00377894,0.047736544,0.074942425,0.33488923,0.37727347,0.35062248,0.30081022,0.30419704,0.3757141,0.3523072,0.34006506,0.3562528,0.38574558,0.35281143,0.30705336,0.4147772,0.44575638,2.74E-18,1.86E-17,0.0037647777,4.19E-17,0.0027912927,3.65E-10,5.48E-17,0.58098865,0.29934403,0.5882571,0.00030026527,0.5251273,0.19695044,0.3133185,0.73930246,0.6040266,0
0.39167225,0.47480577,0.005998092,0.00010633972,0.38159412,0.46982324,0.00085178105,5.41E-07,0.34851477,0.4641461,0.00088989094,6.74E-07,0.38961926,0.4486558,0.0008217955,6.49E-07,0.43765217,0.46403483,4.26E-21,2.70E-21,0.29878402,1.33E-11,0.36383492,8.99E-06,3.54E-05,0.43570697,0,0.4486267,0,0,0.009929078,0,0.58125275,0.47003502,3
0.25361854,0.25366962,1.51E-05,1.54E-06,0.38159412,0.46982324,0,0,0.34851477,0.4641461,0,0,0.38961926,0.4486558,0,0,0.43765217,0.46403483,0,0,0,0,0,0.9826629,0,0.43570697,0,0.4486267,0,0,2.08E-17,0,0.58125275,0.47003502,2
0.7132898,0.37537205,0.24302842,0.12204631,0.38159412,0.46982324,0.0003051309,6.94E-08,0.34851477,0.4641461,0.007172186,4.38E-05,0.38961926,0.4486558,0.0073392843,5.18E-05,0.43765217,0.46403483,2.21E-22,4.02E-22,0.57721835,9.83E-06,0.33183122,4.06E-05,0.00015988664,0.43570697,0,0.4486267,0,0,0.3503546,0,0.58125275,0.47003502,4
0.48933595,0.5558374,0.21329889,0.13154665,0.38159412,0.46982324,0,0,0.34851477,0.4641461,0,0,0.38961926,0.4486558,0,0,0.43765217,0.46403483,0,0,0,0,0,0.98266494,0,0.43570697,0,0.4486267,0,0,2.08E-17,0,0.58125275,0.47003502,4
0.00096599787,0.0017882319,0.042954423,0.10929495,0.38159412,0.46982324,0.030839892,0.0007097218,0.34851494,0.4644954,0.049147185,0.0020781818,0.389677,0.4738262,0.097374484,0.13160293,0.4428493,0.4861182,9.24E-22,2.03E-18,0.00079620286,1.26E-17,0.0014491057,6.25E-09,5.29E-14,0.43570697,0.0040154057,0.42176285,0.0012550231,0.16329032,0.08878858,0.15417849,0.5797313,0.46572593,0
0.7472995,0.83705056,0.007086581,9.58E-05,0.38159412,0.46982324,8.73E-05,5.67E-09,0.34851477,0.4641461,0.0003293534,9.23E-08,0.38961926,0.4486558,0.0002692319,6.97E-08,0.43765217,0.46403483,1.66E-22,1.66E-22,0.6217561,1.59E-10,0.7608001,5.93E-06,2.33E-05,0.43570697,0,0.4486267,0,0,0.009929078,0,0.58125275,0.47003502,3
0.38632596,0.24678981,0.18400545,0.13426656,0.38159412,0.46982324,0,0,0.34851477,0.4641461,0,0,0.38961926,0.4486558,0,0,0.43765217,0.46403483,0,0,0,0,0,0.982667,0,0.43570697,0,0.4486267,0,0,2.08E-17,0,0.58125275,0.47003502,5
0.36908445,0.2601092,0.21118505,0.13935353,0.38159412,0.46982324,0.00061225006,2.79E-07,0.34851477,0.4641461,0.029868886,0.00075896387,0.38961926,0.4486558,0.030203763,0.00087665603,0.43765217,0.46403483,5.83E-21,2.23E-21,0.2643198,3.17E-06,0.19533971,5.70E-05,0.0002242822,0.43570697,0,0.4486267,0,0,0.35886526,0,0.58125275,0.47003502,1
0.7094938,0.5374705,0.24987671,0.12762092,0.38159412,0.46982324,0,0,0.34851477,0.4641461,0,0,0.38961926,0.4486558,0,0,0.43765217,0.46403483,0,0,0,0,0,0.98266613,0,0.43570697,0,0.4486267,0,0,2.08E-17,0,0.58125275,0.47003502,1
0.0011441171,0.00076115545,0.016299458,0.005843623,0.38159412,0.46982324,1.97E-09,2.89E-18,0.34851477,0.4641461,0.0002619007,5.84E-08,0.38961926,0.4486558,0.054434825,0.0028475714,0.43765277,0.4643654,3.80E-17,8.51E-17,0.00026275456,1.57E-16,0.00026239548,8.53E-09,1.43E-15,0.43570697,0,0.4486267,7.46E-05,1.40E-09,0.009929078,1.90E-18,0.58125275,0.47003502,0
0.21802127,0.28673783,7.49E-05,3.74E-06,0.38159412,0.46982324,0,0,0.34851477,0.4641461,0,0,0.38961926,0.4486558,0,0,0.43765217,0.46403483,0,0,0,0,0,0.98266304,0,0.43570697,0,0.4486267,0,0,2.08E-17,0,0.58125275,0.47003502,2
0.7458359,0.49084032,0.007099595,9.55E-05,0.38159412,0.46982324,2.26E-05,3.80E-10,0.34851477,0.4641461,0.00029017671,7.16E-08,0.38961926,0.4486558,0.0002520389,6.10E-08,0.43765217,0.46403483,1.19E-22,1.19E-22,0.6323576,1.73E-06,0.44699216,2.56E-05,0.00010066847,0.43570697,0,0.4486267,0,0,0.009929078,0,0.58125275,0.47003502,3
0.22398503,0.31501698,7.12E-05,3.61E-06,0.38159412,0.46982324,0,0,0.34851477,0.4641461,0,0,0.38961926,0.4486558,0,0,0.43765217,0.46403483,0,0,0,0,0,0.9826632,0,0.43570697,0,0.4486267,0,0,2.08E-17,0,0.58125275,0.47003502,2
0.66265273,0.21163696,0.007031831,9.64E-05,0.38159412,0.46982324,3.38E-08,8.51E-16,0.34851477,0.4641461,0.000117706906,1.18E-08,0.38961926,0.4486558,0.00019829157,3.78E-08,0.43765217,0.46403483,9.74E-23,1.80E-12,0.550805,0.000105582956,0.1908735,8.92E-05,0.00035074874,0.43570697,0,0.4486267,0,0,0.009929078,0,0.58125275,0.47003502,3
0.00032116275,0.0004559974,0.012406613,0.0007436733,0.38159412,0.46982324,9.13E-09,4.73E-07,0.34851477,0.464146,0.008659493,6.38E-05,0.38961685,0.3626803,0.015423498,0.0002286013,0.4376528,0.46946207,0,1.24E-27,2.23E-05,2.23E-16,0.00010290951,1.83E-08,5.65E-16,0.43570682,6.89E-05,0.36265674,0.00035678712,0.015365408,0.03180982,0.00022855689,0.58125323,0.47540143,0
0.4454195,0.60457003,0.21260393,0.13168375,0.38159412,0.46982324,0.0012157374,1.10E-06,0.34851477,0.4641461,0.014463068,0.00017795242,0.38961926,0.4486558,0.013659952,0.00017931039,0.43765217,0.46403483,3.19E-22,6.21E-22,0.3168345,7.74E-20,0.46758097,1.05E-06,4.15E-06,0.43570697,0,0.4486267,0,0,0.3503546,0,0.58125275,0.47003502,4
0.2530163,0.35942078,1.55E-05,1.57E-06,0.38159412,0.46982324,0,0,0.34851477,0.4641461,0,0,0.38961926,0.4486558,0,0,0.43765217,0.46403483,0,0,0,0,0,0.9826632,0,0.43570697,0,0.4486267,0,0,2.08E-17,0,0.58125275,0.47003502,2
0.48625985,0.5907152,0.21520092,0.13113943,0.38159412,0.46982324,0.00040675915,1.23E-07,0.34851477,0.4641461,0.009989431,8.49E-05,0.38961926,0.4486558,0.012586673,0.00015224009,0.43765217,0.46403483,3.94E-22,8.11E-22,0.35745806,2.28E-14,0.46242788,3.81E-06,1.50E-05,0.43570697,0,0.4486267,0,0,0.3503546,0,0.58125275,0.47003502,4
0.24946427,0.30100328,1.53E-05,1.48E-06,0.38159412,0.46982324,0,0,0.34851477,0.4641461,0,0,0.38961926,0.4486558,0,0,0.43765217,0.46403483,0,0,0,0,0,0.982663,0,0.43570697,0,0.4486267,0,0,2.08E-17,0,0.58125275,0.47003502,2
0.7103683,0.88022935,0.24437217,0.12145282,0.38159412,0.46982324,7.09E-06,3.75E-11,0.34851477,0.4641461,0.004991312,2.12E-05,0.38961926,0.4486558,0.006580209,4.16E-05,0.43765217,0.46403483,6.43E-23,1.26E-22,0.58573824,2.13E-12,0.7824229,3.72E-06,1.46E-05,0.43570697,0,0.4486267,0,0,0.3503546,0,0.58125275,0.47003502,4
0.7117977,0.7506236,0.25057387,0.12730335,0.38159412,0.46982324,3.70E-08,1.02E-15,0.34851477,0.4641461,0.002304536,4.52E-06,0.38961926,0.4486558,0.0057944646,3.23E-05,0.43765217,0.46403483,9.04E-23,1.23E-22,0.58601636,1.16E-09,0.6679107,8.18E-06,3.22E-05,0.43570697,0,0.4486267,0,0,0.35886526,0,0.58125275,0.47003502,1
0.71182275,0.49411735,0.25036934,0.12739678,0.38159412,0.46982324,0,0,0.34851477,0.4641461,0,0,0.38961926,0.4486558,0,0,0.43765217,0.46403483,0,0,0,0,0,0.9826661,0,0.43570697,0,0.4486267,0,0,2.08E-17,0,0.58125275,0.47003502,1
0.00086664286,0.0014941932,0.011167367,0.008951488,0.38159412,0.46674106,0.01573003,0.00018435997,0.34851536,0.47254038,0.04041041,0.0014129599,0.38980103,0.554416,0.042030767,0.009914434,0.43789238,0.4727037,3.82E-22,1.67E-18,0.00087773387,1.26E-17,0.0015378387,0.00017343764,0.0006941939,0.43570697,1.37E-14,0.4486267,0.0013098367,0.013678089,0.04645776,0.008690121,0.58126456,0.47170871,0
0.25729957,0.35352343,1.62E-05,1.64E-06,0.38159412,0.46982324,0,0,0.34851477,0.4641461,0,0,0.38961926,0.4486558,0,0,0.43765217,0.46403483,0,0,0,0,0,0.98266315,0,0.43570697,0,0.4486267,0,0,2.08E-17,0,0.58125275,0.47003502,2
0.71166867,0.7233313,0.25007227,0.12753224,0.38159412,0.46982324,0,0,0.34851477,0.4641461,0,0,0.38961926,0.4486558,0,0,0.43765217,0.46403483,0,0,0,0,0,0.98266613,0,0.43570697,0,0.4486267,0,0,2.08E-17,0,0.58125275,0.47003502,1
0.7322231,0.9654989,0.24421924,0.12152095,0.38159412,0.46982324,0,0,0.34851477,0.4641461,0,0,0.38961926,0.4486558,0,0,0.43765217,0.46403483,0,0,0,0,0,0.982665,0,0.43570697,0,0.4486267,0,0,2.08E-17,0,0.58125275,0.47003502,4
0.38011038,0.4491384,0.005913983,0.00010675135,0.38159412,0.46982324,0.0022044678,3.62E-06,0.34851477,0.4641461,0.00105111,9.40E-07,0.38961926,0.4486558,0.00078928296,5.99E-07,0.43765217,0.46403483,2.07E-19,4.44E-19,0.23016132,2.06E-10,0.33924454,1.23E-05,4.86E-05,0.43570697,0,0.4486267,0,0,0.009929078,0,0.58125275,0.47003502,3
0.43336922,0.59740263,0.21414807,0.13136964,0.38159412,0.46982324,0,0,0.34851477,0.4641461,0,0,0.38961926,0.4486558,0,0,0.43765217,0.46403483,0,0,0,0,0,0.982665,0,0.43570697,0,0.4486267,0,0,2.08E-17,0,0.58125275,0.47003502,4
0.49661574,0.5839747,0.214443,0.13130423,0.38159412,0.46982324,0,0,0.34851477,0.4641461,0,0,0.38961926,0.4486558,0,0,0.43765217,0.46403483,0,0,0,0,0,0.98266494,0,0.43570697,0,0.4486267,0,0,2.08E-17,0,0.58125275,0.47003502,4
0.42873663,0.52304906,0.21322167,0.1315605,0.38159412,0.46982324,0,0,0.34851477,0.4641461,0,0,0.38961926,0.4486558,0,0,0.43765217,0.46403483,0,0,0,0,0,0.9826649,0,0.43570697,0,0.4486267,0,0,2.08E-17,0,0.58125275,0.47003502,4
0.0010184072,0.0016025128,0.027293885,0.06482814,0.38159412,0.46982324,1.22E-05,0.00048305112,0.34851477,0.46411908,0.020722197,0.00056222524,0.3896627,0.4869496,0.26981783,0.07892625,0.4438989,0.48219284,1.38E-18,3.27E-18,0.00086410734,4.58E-18,0.0016400577,0.0001923303,0.00076979934,0.43570697,3.63E-18,0.4486267,0.0013005435,0.014850331,0.04698582,0.010867601,0.5812688,0.47190195,0
0.00056385866,0.0004149566,0.011023,0.00045306602,0.38159412,0.46982324,1.39E-09,1.44E-18,0.34851477,0.4641461,9.93E-10,8.41E-19,0.38961926,0.4486558,2.23E-09,4.74E-18,0.43765217,0.46403483,9.35E-17,3.43E-15,0.00036676248,9.64E-15,0.00011310986,2.57E-08,9.40E-15,0.43570697,9.07E-19,0.4486267,0.0003921517,2.22E-09,2.08E-17,4.74E-18,0.58125275,0.47003502,0
0.23000798,0.31352744,7.36E-05,3.65E-06,0.38159412,0.46982324,0,0,0.34851477,0.4641461,0,0,0.38961926,0.4486558,0,0,0.43765217,0.46403483,0,0,0,0,0,0.9826632,0,0.43570697,0,0.4486267,0,0,2.08E-17,0,0.58125275,0.47003502,2
0.31353965,0.17162037,0.005294474,0.00010827083,0.38159412,0.46982324,0,0,0.34851477,0.4641461,0,0,0.38961926,0.4486558,0,0,0.43765217,0.46403483,0,0,0,0,0,0.98266554,0,0.43570697,0,0.4486267,0,0,2.08E-17,0,0.58125275,0.47003502,3
0.42814094,0.30514526,0.21351591,0.13150081,0.38159412,0.46982324,1.24E-07,1.14E-14,0.34851477,0.4641461,0.0067109973,3.83E-05,0.38961926,0.4486558,0.012714053,0.00015533705,0.43765217,0.46403483,5.42E-22,1.13E-21,0.30170158,2.97E-06,0.2370022,4.73E-05,0.00018615258,0.43570697,0,0.4486267,0,0,0.3503546,0,0.58125275,0.47003502,4
0.40450716,0.3805291,0.005825054,0.000107231994,0.38159412,0.46982324,0,0,0.34851477,0.4641461,0,0,0.38961926,0.4486558,0,0,0.43765217,0.46403483,0,0,0,0,0,0.9826656,0,0.43570697,0,0.4486267,0,0,2.08E-17,0,0.58125275,0.47003502,3
0.00094215415,0.001555853,0.0077905976,0.00073259533,0.38159412,0.46982324,5.84E-06,0.00027598502,0.34851477,0.46414772,0.01885548,0.0006788101,0.3896416,0.4668004,0.029743088,0.0011050251,0.43785757,0.5029967,2.50E-18,2.84E-18,0.00095857546,6.17E-18,0.0016511307,8.03E-10,6.15E-18,0.43570697,0.00029649737,0.43464637,0.0014780917,0.0043730093,0.039684333,0.00049388775,0.58127195,0.5056934,0
0.42460084,0.6041378,0.21258931,0.13168797,0.38159412,0.46982324,3.96E-05,1.17E-09,0.34851477,0.4641461,0.010197334,8.85E-05,0.38961926,0.4486558,0.0129625965,0.00016146971,0.43765217,0.46403483,4.15E-22,4.20E-22,0.29224828,4.48E-19,0.46720013,1.25E-06,4.92E-06,0.43570697,0,0.4486267,0,0,0.3503546,0,0.58125275,0.47003502,4
0.2607577,0.24334082,1.50E-05,1.43E-06,0.38159412,0.46982324,0,0,0.34851477,0.4641461,0,0,0.38961926,0.4486558,0,0,0.43765217,0.46403483,0,0,0,0,0,0.9826629,0,0.43570697,0,0.4486267,0,0,2.08E-17,0,0.58125275,0.47003502,2
0.0015766278,0.0017005439,0.008963353,0.0007970914,0.38159412,0.46956325,0.024850769,0.00046054026,0.3485229,0.4912528,0.03201078,0.00094313547,0.38977545,0.54576606,0.030757437,0.0010944599,0.43783936,0.50099003,3.37E-21,2.59E-18,0.0016433088,1.16E-17,0.0018335349,6.94E-10,4.47E-15,0.43567348,0.00018403814,0.45348108,0.0016593701,0.006878583,0.04148913,0.00039759386,0.5812819,0.5084901,0
0.37305063,0.24089098,0.18353987,0.13425586,0.38159412,0.46982324,0.011361775,9.62E-05,0.34851477,0.4641461,0.017258584,0.0002533923,0.38961926,0.4486558,0.018748041,0.00033776826,0.43765217,0.46403483,4.42E-21,3.18E-21,0.22750814,5.52E-06,0.16087228,7.21E-05,0.00028359267,0.43570697,8.13E-16,0.4486267,0.5573739,1.13E-07,0.3503546,1.23E-14,0.58125275,0.47003502,5
0.45058328,0.2958458,0.21453981,0.13128333,0.38159412,0.46982324,0,0,0.34851477,0.4641461,0,0,0.38961926,0.4486558,0,0,0.43765217,0.46403483,0,0,0,0,0,0.9826648,0,0.43570697,0,0.4486267,0,0,2.08E-17,0,0.58125275,0.47003502,4
0.4131031,0.59367144,0.21401913,0.13139622,0.38159412,0.46982324,0,0,0.34851477,0.4641461,0,0,0.38961926,0.4486558,0,0,0.43765217,0.46403483,0,0,0,0,0,0.982665,0,0.43570697,0,0.4486267,0,0,2.08E-17,0,0.58125275,0.47003502,4
0.7495255,0.59420145,0.0070703304,9.60E-05,0.38159412,0.46982324,0.00021372583,3.40E-08,0.34851477,0.4641461,0.00036793007,1.15E-07,0.38961926,0.4486558,0.0002754608,7.29E-08,0.43765217,0.46403483,1.62E-22,1.21E-22,0.62061214,2.40E-07,0.53885037,1.74E-05,6.84E-05,0.43570697,0,0.4486267,0,0,0.009929078,0,0.58125275,0.47003502,3
0.2268214,0.17076722,7.66E-05,4.05E-06,0.38159412,0.46982324,0,0,0.34851477,0.4641461,0,0,0.38961926,0.4486558,0,0,0.43765217,0.46403483,0,0,0,0,0,0.98266286,0,0.43570697,0,0.4486267,0,0,2.08E-17,0,0.58125275,0.47003502,2
0.30931935,0.06836391,0.22085589,0.12976874,0.38159412,0.46982324,0.0019078307,2.71E-06,0.34851477,0.4641461,0.017869707,0.00027165512,0.38961926,0.4486558,0.019713324,0.00037344516,0.43765217,0.46403483,3.52E-15,7.39E-07,0.22731921,0.00087412976,0.054940198,0.0003502133,0.0013772098,0.43570697,0,0.4486267,0,0,0.3503546,0,0.58125275,0.47003502,4
0.7318685,0.69239086,0.008072868,7.89E-05,0.38159412,0.46982324,4.72E-06,1.66E-11,0.34851477,0.4641461,0.0002321211,4.58E-08,0.38961926,0.4486558,0.0002744662,7.24E-08,0.43765217,0.46403483,1.04E-22,7.76E-23,0.6938055,1.52E-08,0.7137074,1.01E-05,3.96E-05,0.43570697,0,0.4486267,0,0,0.009929078,0,0.58125275,0.47003502,3
0.79078597,0.8208465,0.008097343,7.80E-05,0.38159412,0.46982324,0,0,0.34851477,0.4641461,0,0,0.38961926,0.4486558,0,0,0.43765217,0.46403483,0,0,0,0,0,0.9826656,0,0.43570697,0,0.4486267,0,0,2.08E-17,0,0.58125275,0.47003502,3
0.7207094,0.808332,0.24427631,0.12149525,0.38159412,0.46982324,0.016004348,0.00019082354,0.34851477,0.4641461,0.010707038,9.75E-05,0.38961926,0.4486558,0.0071661514,4.93E-05,0.43765217,0.46403483,8.65E-23,1.12E-22,0.5948718,1.42E-10,0.7182422,6.18E-06,2.43E-05,0.43570697,0,0.4486267,0,0,0.3503546,0,0.58125275,0.47003502,4
0.43707,0.5044768,0.21248546,0.1317115,0.38159412,0.46982324,0.001353089,1.36E-06,0.34851477,0.4641461,0.012223856,0.00012711578,0.38961926,0.4486558,0.014226089,0.00019448144,0.43765217,0.46403483,3.16E-21,2.11E-21,0.30528322,4.11E-10,0.38996574,1.18E-05,4.66E-05,0.43570697,0,0.4486267,0,0,0.3503546,0,0.58125275,0.47003502,4
0.4155439,0.41771388,0.005880687,0.00010694733,0.38159412,0.46982324,0,0,0.34851477,0.4641461,0,0,0.38961926,0.4486558,0,0,0.43765217,0.46403483,0,0,0,0,0,0.9826656,0,0.43570697,0,0.4486267,0,0,2.08E-17,0,0.58125275,0.47003502,3
0.7141501,0.38472697,0.24310322,0.12201328,0.38159412,0.46982324,0.0001455922,1.58E-08,0.34851477,0.4641461,0.006657024,3.77E-05,0.38961926,0.4486558,0.0071955165,4.98E-05,0.43765217,0.46403483,1.16E-22,2.18E-22,0.5787005,8.47E-06,0.34020418,3.91E-05,0.00015368365,0.43570697,0,0.4486267,0,0,0.3503546,0,0.58125275,0.47003502,4
0.51028365,0.47250554,0.21353821,0.13149652,0.38159412,0.46982324,0,0,0.34851477,0.4641461,0,0,0.38961926,0.4486558,0,0,0.43765217,0.46403483,0,0,0,0,0,0.9826649,0,0.43570697,0,0.4486267,0,0,2.08E-17,0,0.58125275,0.47003502,4
0.007201327,0.0014449982,0.059831627,0.08231758,0.36232314,0.41517404,0.34235185,0.18010722,0.32374334,0.39587158,0.34277683,0.21370935,0.35837194,0.36944228,0.32889697,0.2231501,0.41567203,0.44148782,1.71E-17,2.09E-17,0.008084773,2.85E-17,0.0013986826,1.20E-09,4.13E-13,0.43570697,0.18731251,0.4486267,0.00015012892,0.4499762,0.16742851,0.1960105,0.58125275,0.47003502,0
0.000281413,0.0005392438,0.03240993,0.036665134,0.38159412,0.46982324,2.41E-09,4.58E-18,0.34851477,0.4641461,0.00044374753,1.68E-07,0.38961926,0.44863212,0.012728342,0.00015568874,0.43765202,0.46198794,0,7.74E-31,6.98E-06,7.90E-19,8.39E-05,2.18E-08,4.53E-16,0.43570697,1.82E-07,0.448603,0.00029090245,0.012680403,0.032646704,0.00015565849,0.5812526,0.46801108,0
0.7257687,0.9451774,0.24489403,0.12121896,0.38159412,0.46982324,6.72E-05,3.36E-09,0.34851477,0.4641461,0.0061735087,3.24E-05,0.38961926,0.4486558,0.006705364,4.32E-05,0.43765217,0.46403483,2.98E-22,2.78E-22,0.59508103,1.10E-14,0.84195167,2.05E-06,8.05E-06,0.43570697,0,0.4486267,0,0,0.3503546,0,0.58125275,0.47003502,4
0.45661098,0.6045238,0.21353342,0.13149628,0.38159412,0.46982324,0.0029707283,6.57E-06,0.34851477,0.4641461,0.012853445,0.00014054718,0.38961926,0.4486558,0.012798649,0.0001574111,0.43765217,0.46403483,6.43E-22,1.03E-21,0.325728,9.83E-17,0.46957368,2.15E-06,8.48E-06,0.43570697,0,0.4486267,0,0,0.3503546,0,0.58125275,0.47003502,4
0.62104315,0.17400046,0.0070244037,9.66E-05,0.38159412,0.46982324,2.97E-07,6.56E-14,0.34851477,0.4641461,0.00015155083,1.95E-08,0.38961926,0.4486558,0.00022366611,4.81E-08,0.43765217,0.46403483,5.40E-23,1.41E-10,0.51581466,0.00017502822,0.15675978,0.00011345264,0.00044626024,0.43570697,0,0.4486267,0,0,0.009929078,0,0.58125275,0.47003502,3
0.4305466,0.6034362,0.21207312,0.13178946,0.38159412,0.46982324,0.00014673464,1.60E-08,0.34851477,0.4641461,0.011683776,0.000116131356,0.38961926,0.4486558,0.013365635,0.00017166679,0.43765217,0.46403483,3.26E-22,3.91E-22,0.30054185,5.07E-20,0.4655318,1.01E-06,3.97E-06,0.43570697,0,0.4486267,0,0,0.3503546,0,0.58125275,0.47003502,4
0.22613923,0.3153234,7.12E-05,3.61E-06,0.38159412,0.46982324,0,0,0.34851477,0.4641461,0,0,0.38961926,0.4486558,0,0,0.43765217,0.46403483,0,0,0,0,0,0.9826632,0,0.43570697,0,0.4486267,0,0,2.08E-17,0,0.58125275,0.47003502,2
0.3535268,0.43807957,0.20220879,0.14042792,0.38159412,0.46982324,0.0024681822,4.54E-06,0.34851477,0.4641461,0.025285091,0.0005438913,0.38961926,0.4486558,0.027379274,0.0007203623,0.43765217,0.46403483,8.38E-22,6.57E-21,0.18047127,1.34E-10,0.31491488,1.24E-05,4.89E-05,0.43570697,0,0.4486267,0,0,0.35886526,0,0.58125275,0.47003502,1
0.4307394,0.51998913,0.21304029,0.1315977,0.38159412,0.46982324,0.00036043485,9.68E-08,0.34851477,0.4641461,0.010821491,9.96E-05,0.38961926,0.4486558,0.013835146,0.00018393932,0.43765217,0.46403483,1.69E-21,1.19E-21,0.30788538,7.63E-11,0.40299642,9.69E-06,3.81E-05,0.43570697,0,0.4486267,0,0,0.3503546,0,0.58125275,0.47003502,4
0.26332393,0.35247704,1.60E-05,1.63E-06,0.38159412,0.46982324,0,0,0.34851477,0.4641461,0,0,0.38961926,0.4486558,0,0,0.43765217,0.46403483,0,0,0,0,0,0.98266315,0,0.43570697,0,0.4486267,0,0,2.08E-17,0,0.58125275,0.47003502,2
0.45398548,0.60068524,0.21341412,0.13152146,0.38159412,0.46982324,5.70E-05,2.42E-09,0.34851477,0.4641461,0.009823585,8.21E-05,0.38961926,0.4486558,0.012599917,0.00015256062,0.43765217,0.46403483,3.12E-22,6.36E-22,0.31930017,3.15E-16,0.46632752,2.43E-06,9.57E-06,0.43570697,0,0.4486267,0,0,0.3503546,0,0.58125275,0.47003502,4
0.43835098,0.29040122,0.0055784495,0.00010797097,0.38159412,0.46982324,3.02E-05,6.81E-10,0.34851477,0.4641461,0.00066250237,3.73E-07,0.38961926,0.4486558,0.00077925035,5.84E-07,0.43765217,0.46403483,2.31E-22,7.90E-22,0.30475053,1.35E-06,0.2068286,5.02E-05,0.0001973705,0.43570697,0,0.4486267,0,0,0.009929078,0,0.58125275,0.47003502,3
0.71338373,0.868998,0.24399082,0.12162197,0.38159412,0.46982324,0.00045929675,1.57E-07,0.34851477,0.4641461,0.0075954674,4.91E-05,0.38961926,0.4486558,0.006908589,4.59E-05,0.43765217,0.46403483,3.49E-22,2.87E-22,0.5801014,4.93E-12,0.7712394,4.10E-06,1.61E-05,0.43570697,0,0.4486267,0,0,0.3503546,0,0.58125275,0.47003502,4
0.38843888,0.23905054,0.18348588,0.13425331,0.38159412,0.46982324,0.018982658,0.00026845408,0.34851477,0.4641461,0.018101802,0.0002787576,0.38961926,0.4486558,0.018951414,0.00034513607,0.43765217,0.46403483,5.96E-22,1.10E-21,0.23702002,6.07E-06,0.15959765,7.37E-05,0.00028978245,0.43570697,1.04E-15,0.4486267,0.55294967,1.09E-07,0.3503546,1.14E-14,0.58125275,0.47003502,5
0.0014442332,0.0016100454,0.008317629,0.00085603836,0.38159412,0.47028247,0.036893886,0.0010261885,0.34851167,0.46165743,0.038387887,0.001434611,0.389646,0.45861253,0.03244113,0.0012388036,0.43769306,0.4710953,3.19E-20,1.88E-18,0.0012588784,4.92E-18,0.0016782951,7.83E-10,6.01E-18,0.43570697,0.0005102588,0.4486267,0.0014575913,0.00083771726,0.0384061,0.0005593292,0.5812515,0.45881337,0
0.0007687126,0.0016367425,0.008399894,0.00080043107,0.38159412,0.4868824,0.0044850805,1.50E-05,0.3485151,0.5288277,0.0384891,0.0012996922,0.3898283,0.5637121,0.031177165,0.0011593524,0.43788263,0.5063234,9.56E-25,6.60E-19,0.0007037195,3.06E-17,0.0017260921,7.65E-10,1.74E-17,0.43570697,0.00018704722,0.45444086,0.0014749188,0.004019519,0.039637666,0.000493301,0.581267,0.49888945,0
0.79503524,0.8366117,0.008104481,7.78E-05,0.38159412,0.46982324,3.50E-05,9.11E-10,0.34851477,0.4641461,0.00022471085,4.30E-08,0.38961926,0.4486558,0.00025661016,6.33E-08,0.43765217,0.46403483,6.08E-23,7.65E-23,0.76822597,1.72E-10,0.86759275,5.35E-06,2.10E-05,0.43570697,0,0.4486267,0,0,0.009929078,0,0.58125275,0.47003502,3
0.35059196,0.14427675,0.18278745,0.13424407,0.38159412,0.46982324,0.00017265322,2.22E-08,0.34851477,0.4641461,0.014660524,0.00018284457,0.38961926,0.4486558,0.019589206,0.00036875744,0.43765217,0.46403483,5.20E-22,3.79E-16,0.21477516,0.000105381514,0.09596053,0.00016138014,0.0006347499,0.43570697,8.13E-16,0.4486267,0.33245397,8.68E-08,0.3503546,7.29E-15,0.58125275,0.47003502,5
0.25025535,0.3541537,1.64E-05,1.67E-06,0.38159412,0.46982324,0,0,0.34851477,0.4641461,0,0,0.38961926,0.4486558,0,0,0.43765217,0.46403483,0,0,0,0,0,0.98266315,0,0.43570697,0,0.4486267,0,0,2.08E-17,0,0.58125275,0.47003502,2
0.262663,0.28684664,1.51E-05,1.53E-06,0.38159412,0.46982324,0,0,0.34851477,0.4641461,0,0,0.38961926,0.4486558,0,0,0.43765217,0.46403483,0,0,0,0,0,0.982663,0,0.43570697,0,0.4486267,0,0,2.08E-17,0,0.58125275,0.47003502,2
0.22175464,0.28728384,7.47E-05,3.73E-06,0.38159412,0.46982324,0,0,0.34851477,0.4641461,0,0,0.38961926,0.4486558,0,0,0.43765217,0.46403483,0,0,0,0,0,0.98266304,0,0.43570697,0,0.4486267,0,0,2.08E-17,0,0.58125275,0.47003502,2
0.7492562,0.581253,0.007080966,9.58E-05,0.38159412,0.46982324,0.00081985875,5.01E-07,0.34851477,0.4641461,0.00041985212,1.50E-07,0.38961926,0.4486558,0.00028211265,7.65E-08,0.43765217,0.46403483,7.93E-23,9.40E-23,0.6262331,3.12E-07,0.5279592,1.82E-05,7.18E-05,0.43570697,0,0.4486267,0,0,0.009929078,0,0.58125275,0.47003502,3
0.43537527,0.41322386,0.21256502,0.13169372,0.38159412,0.46982324,0,0,0.34851477,0.4641461,0,0,0.38961926,0.4486558,0,0,0.43765217,0.46403483,0,0,0,0,0,0.9826648,0,0.43570697,0,0.4486267,0,0,2.08E-17,0,0.58125275,0.47003502,4
0.22438563,0.27580604,7.37E-05,3.80E-06,0.38159412,0.46982324,0,0,0.34851477,0.4641461,0,0,0.38961926,0.4486558,0,0,0.43765217,0.46403483,0,0,0,0,0,0.982663,0,0.43570697,0,0.4486267,0,0,2.08E-17,0,0.58125275,0.47003502,2
0.45742002,0.5045182,0.21269341,0.13166912,0.38159412,0.46982324,0.0036772422,1.01E-05,0.34851477,0.4641461,0.013317564,0.00015088033,0.38961926,0.4486558,0.014379472,0.00019869774,0.43765217,0.46403483,4.29E-22,6.22E-22,0.32216117,4.88E-10,0.3903819,1.21E-05,4.76E-05,0.43570697,0,0.4486267,0,0,0.3503546,0,0.58125275,0.47003502,4
0.46305296,0.49283338,0.21271524,0.13166583,0.38159412,0.46982324,7.61E-05,4.31E-09,0.34851477,0.4641461,0.009480209,7.65E-05,0.38961926,0.4486558,0.014084535,0.00019063037,0.43765217,0.46403483,1.69E-21,1.35E-21,0.32609075,1.07E-09,0.3813748,1.34E-05,5.28E-05,0.43570697,0,0.4486267,0,0,0.3503546,0,0.58125275,0.47003502,4
0.2482253,0.35586908,1.54E-05,1.55E-06,0.38159412,0.46982324,0,0,0.34851477,0.4641461,0,0,0.38961926,0.4486558,0,0,0.43765217,0.46403483,0,0,0,0,0,0.98266315,0,0.43570697,0,0.4486267,0,0,2.08E-17,0,0.58125275,0.47003502,2
0.71478164,0.5072538,0.25034848,0.12740523,0.38159412,0.46982324,0.029867735,0.0006646004,0.34851477,0.4641461,0.011529642,0.000113087524,0.38961926,0.4486558,0.007681565,5.67E-05,0.43765217,0.46403483,6.14E-23,8.48E-23,0.5842978,8.71E-07,0.45096865,2.35E-05,9.24E-05,0.43570697,0,0.4486267,0,0,0.35886526,0,0.58125275,0.47003502,1
0.7167662,0.6655405,0.25074247,0.12722537,0.38159412,0.46982324,0,0,0.34851477,0.4641461,0,0,0.38961926,0.4486558,0,0,0.43765217,0.46403483,0,0,0,0,0,0.98266613,0,0.43570697,0,0.4486267,0,0,2.08E-17,0,0.58125275,0.47003502,1
0.7272371,0.94387597,0.24479741,0.12126254,0.38159412,0.46982324,0,0,0.34851477,0.4641461,0,0,0.38961926,0.4486558,0,0,0.43765217,0.46403483,0,0,0,0,0,0.982665,0,0.43570697,0,0.4486267,0,0,2.08E-17,0,0.58125275,0.47003502,4
0.7167041,0.89221114,0.24431692,0.12147693,0.38159412,0.46982324,9.52E-08,6.75E-15,0.34851477,0.4641461,0.0032314474,8.88E-06,0.38961926,0.4486558,0.006260993,3.77E-05,0.43765217,0.46403483,1.24E-22,1.85E-22,0.5903135,8.92E-13,0.79288673,3.37E-06,1.33E-05,0.43570697,0,0.4486267,0,0,0.3503546,0,0.58125275,0.47003502,4
0.44237375,0.5643381,0.21358626,0.13148524,0.38159412,0.46982324,0,0,0.34851477,0.4641461,0,0,0.38961926,0.4486558,0,0,0.43765217,0.46403483,0,0,0,0,0,0.98266494,0,0.43570697,0,0.4486267,0,0,2.08E-17,0,0.58125275,0.47003502,4
0.3358591,0.13942617,0.005315756,0.000108182205,0.38159412,0.46982324,0,0,0.34851477,0.4641461,0,0,0.38961926,0.4486558,0,0,0.43765217,0.46403483,0,0,0,0,0,0.98266554,0,0.43570697,0,0.4486267,0,0,2.08E-17,0,0.58125275,0.47003502,3
0.4116492,0.6010884,0.21276705,0.13165103,0.38159412,0.46982324,0,0,0.34851477,0.4641461,0,0,0.38961926,0.4486558,0,0,0.43765217,0.46403483,0,0,0,0,0,0.9826651,0,0.43570697,0,0.4486267,0,0,2.08E-17,0,0.58125275,0.47003502,4
0.6733032,0.22425133,0.007042564,9.62E-05,0.38159412,0.46982324,1.48E-08,1.63E-16,0.34851477,0.4641461,0.00010806947,9.94E-09,0.38961926,0.4486558,0.00019102864,3.51E-08,0.43765217,0.46403483,7.82E-23,3.86E-13,0.5614219,8.90E-05,0.20256849,8.28E-05,0.00032552512,0.43570697,0,0.4486267,0,0,0.009929078,0,0.58125275,0.47003502,3
0.40912014,0.39486685,0.005854835,0.00010709026,0.38159412,0.46982324,0,0,0.34851477,0.4641461,0,0,0.38961926,0.4486558,0,0,0.43765217,0.46403483,0,0,0,0,0,0.9826656,0,0.43570697,0,0.4486267,0,0,2.08E-17,0,0.58125275,0.47003502,3
0.44272527,0.51060045,0.212622,0.13168338,0.38159412,0.46982324,0,0,0.34851477,0.4641461,0,0,0.38961926,0.4486558,0,0,0.43765217,0.46403483,0,0,0,0,0,0.9826649,0,0.43570697,0,0.4486267,0,0,2.08E-17,0,0.58125275,0.47003502,4
0.7142714,0.44895035,0.24287176,0.12211405,0.38159412,0.46982324,6.70E-07,3.35E-13,0.34851477,0.4641461,0.003886229,1.28E-05,0.38961926,0.4486558,0.006313907,3.83E-05,0.43765217,0.46403483,4.56E-22,2.50E-22,0.5765046,2.89E-06,0.3966095,3.01E-05,0.00011832985,0.43570697,0,0.4486267,0,0,0.3503546,0,0.58125275,0.47003502,4
0.0042878455,0.003465598,0.04653923,0.069709376,0.34680557,0.3831339,0.22561154,0.4302067,0.32023898,0.3924464,0.2869159,0.42186257,0.37738386,0.42368582,0.33755514,0.29773232,0.42723632,0.45524314,2.35E-17,4.73E-17,0.0027154183,4.77E-17,0.002619477,4.13E-10,5.58E-17,0.5715892,0.11878216,0.58108515,0.0003002358,0.33424047,0.16342998,0.1243479,0.6397075,0.597324,0
0.39125422,0.47536945,0.006040023,0.000106113,0.38159412,0.46982324,0.00049288693,1.81E-07,0.34851477,0.4641461,0.00083577575,5.94E-07,0.38961926,0.4486558,0.00081520295,6.39E-07,0.43765217,0.46403483,6.16E-21,4.50E-21,0.3125881,1.17E-11,0.36678645,8.84E-06,3.48E-05,0.43570697,0,0.4486267,0,0,0.009929078,0,0.58125275,0.47003502,3
0.22962816,0.28323674,7.49E-05,3.84E-06,0.38159412,0.46982324,0,0,0.34851477,0.4641461,0,0,0.38961926,0.4486558,0,0,0.43765217,0.46403483,0,0,0,0,0,0.98266304,0,0.43570697,0,0.4486267,0,0,2.08E-17,0,0.58125275,0.47003502,2
0.39370823,0.101448394,0.22041494,0.12988535,0.38159412,0.46982324,0.00011334166,9.57E-09,0.34851477,0.4641461,0.0121236425,0.0001250401,0.38961926,0.4486558,0.015776832,0.00023919201,0.43765217,0.46403483,7.21E-22,2.61E-09,0.2896608,0.00040227125,0.08134843,0.00022425262,0.0008819846,0.43570697,0,0.4486267,0,0,0.3503546,0,0.58125275,0.47003502,4
0.8365415,0.8645348,0.008117985,7.75E-05,0.38159412,0.46982324,0.00012063621,1.08E-08,0.34851477,0.4641461,0.00027069755,6.23E-08,0.38961926,0.4486558,0.00026237153,6.62E-08,0.43765217,0.46403483,4.38E-23,4.70E-23,0.81208754,7.60E-11,0.8983466,4.79E-06,1.88E-05,0.43570697,0,0.4486267,0,0,0.009929078,0,0.58125275,0.47003502,3
0.41535962,0.5684469,0.21344692,0.13151403,0.38159412,0.46982324,0,0,0.34851477,0.4641461,0,0,0.38961926,0.4486558,0,0,0.43765217,0.46403483,0,0,0,0,0,0.98266494,0,0.43570697,0,0.4486267,0,0,2.08E-17,0,0.58125275,0.47003502,4
0.45870376,0.48524177,0.21319185,0.13156798,0.38159412,0.46982324,0.00060062075,2.69E-07,0.34851477,0.4641461,0.011710499,0.00011666321,0.38961926,0.4486558,0.014483863,0.0002015932,0.43765217,0.46403483,1.08E-21,1.48E-21,0.3274184,1.64E-09,0.37634858,1.42E-05,5.58E-05,0.43570697,0,0.4486267,0,0,0.3503546,0,0.58125275,0.47003502,4
0.72007287,0.8607089,0.0070781247,9.59E-05,0.38159412,0.46982324,0.0002859361,6.09E-08,0.34851477,0.4641461,0.00030736925,8.04E-08,0.38961926,0.4486558,0.0002637406,6.68E-08,0.43765217,0.46403483,2.15E-22,2.91E-22,0.5972498,2.35E-11,0.78140104,4.75E-06,1.87E-05,0.43570697,0,0.4486267,0,0,0.009929078,0,0.58125275,0.47003502,3
0.000918649,0.0015422374,0.008203154,0.00082015304,0.38159412,0.46982324,7.80E-05,1.09E-06,0.34851477,0.46176448,0.025613815,0.00072254933,0.38958794,0.42709395,0.031950768,0.0011905775,0.4376682,0.4669283,1.25E-21,1.23E-18,0.00080011034,8.36E-18,0.0015873879,8.54E-10,7.38E-18,0.43570697,0.00028878404,0.44843176,0.0014220737,0.0034843197,0.0398095,0.0004749469,0.5812496,0.46256492,0
0.24894293,0.33615962,1.50E-05,1.50E-06,0.38159412,0.46982324,0,0,0.34851477,0.4641461,0,0,0.38961926,0.4486558,0,0,0.43765217,0.46403483,0,0,0,0,0,0.98266304,0,0.43570697,0,0.4486267,0,0,2.08E-17,0,0.58125275,0.47003502,2
0.22330971,0.31382903,7.45E-05,3.76E-06,0.38159412,0.46982324,0,0,0.34851477,0.4641461,0,0,0.38961926,0.4486558,0,0,0.43765217,0.46403483,0,0,0,0,0,0.9826632,0,0.43570697,0,0.4486267,0,0,2.08E-17,0,0.58125275,0.47003502,2
0.3783933,0.40437967,0.18397237,0.13426411,0.38159412,0.46982324,0,0,0.34851477,0.4641461,0,0,0.38961926,0.4486558,0,0,0.43765217,0.46403483,0,0,0,0,0,0.9826671,0,0.43570697,0,0.4486267,0,0,2.08E-17,0,0.58125275,0.47003502,5
0.22863944,0.29164967,7.31E-05,3.63E-06,0.38159412,0.46982324,0,0,0.34851477,0.4641461,0,0,0.38961926,0.4486558,0,0,0.43765217,0.46403483,0,0,0,0,0,0.98266304,0,0.43570697,0,0.4486267,0,0,2.08E-17,0,0.58125275,0.47003502,2
0.717483,0.9935041,0.24402857,0.1216057,0.38159412,0.46982324,1.48E-06,1.63E-12,0.34851477,0.4641461,0.0043435586,1.60E-05,0.38961926,0.4486558,0.0067958483,4.44E-05,0.43765217,0.46403483,2.29E-22,1.98E-22,0.5853885,2.96E-19,0.88187534,6.80E-07,2.68E-06,0.43570697,0,0.4486267,0,0,0.3503546,0,0.58125275,0.47003502,4
0.42616066,0.60265416,0.21132465,0.13193114,0.38159412,0.46982324,0.0009948451,7.37E-07,0.34851477,0.4641461,0.01452281,0.00017942557,0.38961926,0.4486558,0.013832846,0.00018387816,0.43765217,0.46403483,1.15E-21,9.93E-22,0.29498038,7.68E-21,0.46329087,8.27E-07,3.26E-06,0.43570697,0,0.4486267,0,0,0.3503546,0,0.58125275,0.47003502,4
0.00039647144,0.00045758704,0.011941524,0.0022795415,0.38159412,0.46982324,0,0,0.34851477,0.4641461,9.93E-10,8.41E-19,0.38961926,0.4486558,0,0,0.43765217,0.46403483,7.44E-16,6.76E-15,0.0002527584,1.18E-14,9.23E-05,3.06E-08,1.06E-14,0.43570697,9.07E-19,0.4486267,0.0003200107,0,2.08E-17,0,0.58125275,0.47003502,0
0.21734694,0.20965126,7.79E-05,3.92E-06,0.38159412,0.46982324,0,0,0.34851477,0.4641461,0,0,0.38961926,0.4486558,0,0,0.43765217,0.46403483,0,0,0,0,0,0.9826629,0,0.43570697,0,0.4486267,0,0,2.08E-17,0,0.58125275,0.47003502,2
0.7098172,0.88313615,0.24431266,0.12147954,0.38159412,0.46982324,0,0,0.34851477,0.4641461,0,0,0.38961926,0.4486558,0,0,0.43765217,0.46403483,0,0,0,0,0,0.98266494,0,0.43570697,0,0.4486267,0,0,2.08E-17,0,0.58125275,0.47003502,4
0.39146072,0.11230348,0.21960974,0.1300938,0.38159412,0.46982324,0,0,0.34851477,0.4641461,0,0,0.38961926,0.4486558,0,0,0.43765217,0.46403483,0,0,0,0,0,0.98266476,0,0.43570697,0,0.4486267,0,0,2.08E-17,0,0.58125275,0.47003502,4
0.34869456,0.13687019,0.1825914,0.13424179,0.38159412,0.46982324,0.0004543545,1.54E-07,0.34851477,0.4641461,0.01627718,0.00022539348,0.38961926,0.4486558,0.020326264,0.00039702898,0.43765217,0.46403483,4.47E-21,2.63E-15,0.2132706,0.0001299158,0.090942435,0.00017376237,0.0006834437,0.43570697,1.51E-15,0.4486267,0.31505132,5.93E-08,0.3503546,3.40E-15,0.58125275,0.47003502,5
0.25593895,0.2649207,1.65E-05,1.68E-06,0.38159412,0.46982324,0,0,0.34851477,0.4641461,0,0,0.38961926,0.4486558,0,0,0.43765217,0.46403483,0,0,0,0,0,0.9826629,0,0.43570697,0,0.4486267,0,0,2.08E-17,0,0.58125275,0.47003502,2
0.74929553,0.5281581,0.008079647,7.93E-05,0.38159412,0.46982324,1.45E-05,1.56E-10,0.34851477,0.4641461,0.00028580683,6.95E-08,0.38961926,0.4486558,0.00029119302,8.15E-08,0.43765217,0.46403483,6.72E-23,7.39E-23,0.7056587,7.57E-07,0.54412377,1.96E-05,7.70E-05,0.43570697,0,0.4486267,0,0,0.009929078,0,0.58125275,0.47003502,3
0.36624575,0.1986127,0.1832414,0.13424918,0.38159412,0.46982324,0.0006410756,3.06E-07,0.34851477,0.4641461,0.015916137,0.0002155055,0.38961926,0.4486558,0.019787068,0.00037624437,0.43765217,0.46403483,3.49E-21,2.66E-21,0.22545679,2.07E-05,0.1324306,9.99E-05,0.00039289644,0.43570697,2.21E-15,0.4486267,0.4587973,9.10E-08,0.3503546,8.02E-15,0.58125275,0.47003502,5
0.71712625,0.9877081,0.24395064,0.12164015,0.38159412,0.46982324,0,0,0.34851477,0.4641461,0,0,0.38961926,0.4486558,0,0,0.43765217,0.46403483,0,0,0,0,0,0.98266506,0,0.43570697,0,0.4486267,0,0,2.08E-17,0,0.58125275,0.47003502,4
0.36957982,0.2619742,0.00532331,0.000108318985,0.38159412,0.46982324,0,0,0.34851477,0.4641461,0,0,0.38961926,0.4486558,0,0,0.43765217,0.46403483,0,0,0,0,0,0.98266554,0,0.43570697,0,0.4486267,0,0,2.08E-17,0,0.58125275,0.47003502,3
0.48030087,0.5941391,0.21483496,0.13122056,0.38159412,0.46982324,0.006855893,3.50E-05,0.34851477,0.4641461,0.014595666,0.00018123034,0.38961926,0.4486558,0.013225377,0.00016808276,0.43765217,0.46403483,4.47E-22,9.37E-22,0.34672973,1.53E-14,0.46433282,3.63E-06,1.43E-05,0.43570697,0,0.4486267,0,0,0.3503546,0,0.58125275,0.47003502,4
0.22218856,0.2746686,7.38E-05,3.81E-06,0.38159412,0.46982324,0,0,0.34851477,0.4641461,0,0,0.38961926,0.4486558,0,0,0.43765217,0.46403483,0,0,0,0,0,0.982663,0,0.43570697,0,0.4486267,0,0,2.08E-17,0,0.58125275,0.47003502,2
0.3670417,0.44178873,0.20278205,0.14037754,0.38159412,0.46982324,0,0,0.34851477,0.4641461,0,0,0.38961926,0.4486558,0,0,0.43765217,0.46403483,0,0,0,0,0,0.9826662,0,0.43570697,0,0.4486267,0,0,2.08E-17,0,0.58125275,0.47003502,1
0.0008778361,0.0004582517,0.012176479,0.00045042526,0.38159415,0.479228,0.01217766,0.00011049145,0.34851825,0.5493063,0.020078655,0.00034297188,0.38963223,0.6286854,0.016658694,0.0002666844,0.43766472,0.55088186,8.70E-19,6.62E-17,0.00024337179,2.95E-16,0.000115540344,1.65E-08,1.26E-15,0.5252791,0.00037009336,0.6286446,0.0004005782,0.01659595,0.031386677,0.0002666326,0.581263,0.5559088,0
0.47896343,0.5936331,0.21468063,0.13125391,0.38159412,0.46982324,0,0,0.34851477,0.4641461,0,0,0.38961926,0.4486558,0,0,0.43765217,0.46403483,0,0,0,0,0,0.982665,0,0.43570697,0,0.4486267,0,0,2.08E-17,0,0.58125275,0.47003502,4
0.47054422,0.4934812,0.21253349,0.13170232,0.38159412,0.46982324,8.17E-05,4.97E-09,0.34851477,0.4641461,0.0095514115,7.76E-05,0.38961926,0.4486558,0.014098527,0.00019100931,0.43765217,0.46403483,8.26E-22,1.13E-21,0.32920155,1.09E-09,0.38154998,1.34E-05,5.29E-05,0.43570697,0,0.4486267,0,0,0.3503546,0,0.58125275,0.47003502,4
0.7160034,0.9725152,0.24433765,0.121468015,0.38159412,0.46982324,0,0,0.34851477,0.4641461,0,0,0.38961926,0.4486558,0,0,0.43765217,0.46403483,0,0,0,0,0,0.982665,0,0.43570697,0,0.4486267,0,0,2.08E-17,0,0.58125275,0.47003502,4
0.004255651,0.0018383024,0.0672659,0.09554462,0.38159412,0.46982324,6.85E-06,3.50E-11,0.34851477,0.4641461,0.015954563,0.00021654739,0.38961926,0.44865733,0.019128472,0.00035161525,0.43765345,0.48356965,0,1.48E-23,2.55E-05,7.87E-17,7.48E-05,2.38E-08,2.22E-16,0.43570697,0.0002336715,0.44862822,0.00025918058,0.019056426,0.029834617,0.00035154694,0.58125377,0.48935094,0
0.7098032,0.88958174,0.2444055,0.12143742,0.38159412,0.46982324,1.81E-07,2.45E-14,0.34851477,0.4641461,0.0034592878,1.02E-05,0.38961926,0.4486558,0.006309913,3.83E-05,0.43765217,0.46403483,8.70E-23,1.33E-22,0.5865042,1.02E-12,0.7908375,3.42E-06,1.35E-05,0.43570697,0,0.4486267,0,0,0.3503546,0,0.58125275,0.47003502,4
0.72080564,0.99450284,0.24384874,0.12168521,0.38159412,0.46982324,0,0,0.34851477,0.4641461,0,0,0.38961926,0.4486558,0,0,0.43765217,0.46403483,0,0,0,0,0,0.98266506,0,0.43570697,0,0.4486267,0,0,2.08E-17,0,0.58125275,0.47003502,4
0.71712035,0.89004624,0.24386872,0.121675864,0.38159412,0.46982324,2.37E-07,4.17E-14,0.34851477,0.4641461,0.0035571612,1.08E-05,0.38961926,0.4486558,0.0063300044,3.85E-05,0.43765217,0.46403483,1.67E-22,1.78E-22,0.581261,1.08E-12,0.78951293,3.44E-06,1.35E-05,0.43570697,0,0.4486267,0,0,0.3503546,0,0.58125275,0.47003502,4
0.000429275,0.00055883295,0.014465029,0.000918072,0.38159412,0.46982324,2.41E-09,4.40E-18,0.34851477,0.4641461,4.22E-06,1.52E-11,0.38961926,0.46969238,0.008832351,7.50E-05,0.43765265,0.47569788,0,0,6.77E-06,2.89E-21,6.92E-05,2.55E-08,2.53E-16,0.43570697,1.64E-11,0.4696619,0.00023992656,0.008799085,0.033468712,7.50E-05,0.5812531,0.48156738,0
0.21789132,0.29124364,7.42E-05,3.66E-06,0.38159412,0.46982324,0,0,0.34851477,0.4641461,0,0,0.38961926,0.4486558,0,0,0.43765217,0.46403483,0,0,0,0,0,0.98266304,0,0.43570697,0,0.4486267,0,0,2.08E-17,0,0.58125275,0.47003502,2
0.009894705,0.001805149,0.06727653,0.09335509,0.37124434,0.43781704,0.3373895,0.16165802,0.3311888,0.41230577,0.33936208,0.19194004,0.36498836,0.38118547,0.32865196,0.20473489,0.42877975,0.45440042,1.88E-17,2.42E-17,0.012077898,3.00E-17,0.0020428265,6.76E-10,9.45E-17,0.43570697,3.19E-05,0.4486267,7.51E-05,0.005873705,0.029689793,3.34E-05,0.58125275,0.47003502,0
0.22645918,0.3168502,7.50E-05,3.83E-06,0.38159412,0.46982324,0,0,0.34851477,0.4641461,0,0,0.38961926,0.4486558,0,0,0.43765217,0.46403483,0,0,0,0,0,0.9826633,0,0.43570697,0,0.4486267,0,0,2.08E-17,0,0.58125275,0.47003502,2
0.7189474,0.72109944,0.24342449,0.12187194,0.38159412,0.46982324,1.63E-07,1.97E-14,0.34851477,0.4641461,0.0033720587,9.67E-06,0.38961926,0.4486558,0.006102841,3.58E-05,0.43765217,0.46403483,3.56E-22,2.38E-22,0.5838774,4.14E-09,0.6384799,9.72E-06,3.82E-05,0.43570697,0,0.4486267,0,0,0.3503546,0,0.58125275,0.47003502,4
0.71083975,0.44761336,0.24312443,0.12200399,0.38159412,0.46982324,0,0,0.34851477,0.4641461,0,0,0.38961926,0.4486558,0,0,0.43765217,0.46403483,0,0,0,0,0,0.9826648,0,0.43570697,0,0.4486267,0,0,2.08E-17,0,0.58125275,0.47003502,4
0.22648013,0.31800994,7.21E-05,3.61E-06,0.38159412,0.46982324,0,0,0.34851477,0.4641461,0,0,0.38961926,0.4486558,0,0,0.43765217,0.46403483,0,0,0,0,0,0.9826633,0,0.43570697,0,0.4486267,0,0,2.08E-17,0,0.58125275,0.47003502,2
0.26248676,0.35687912,1.50E-05,1.50E-06,0.38159412,0.46982324,0,0,0.34851477,0.4641461,0,0,0.38961926,0.4486558,0,0,0.43765217,0.46403483,0,0,0,0,0,0.98266315,0,0.43570697,0,0.4486267,0,0,2.08E-17,0,0.58125275,0.47003502,2
0.35066164,0.25529644,0.18402956,0.13426799,0.38159412,0.46982324,0,0,0.34851477,0.4641461,0,0,0.38961926,0.4486558,0,0,0.43765217,0.46403483,0,0,0,0,0,0.982667,0,0.43570697,0,0.4486267,0,0,2.08E-17,0,0.58125275,0.47003502,5
0.010240249,0.0018726449,0.06454447,0.0906533,0.37384376,0.44582158,0.33738938,0.16154976,0.33359975,0.41949883,0.33697224,0.18944739,0.37342688,0.40370166,0.32491902,0.20018272,0.4449129,0.47209933,4.63E-19,6.36E-19,0.012280494,6.41E-18,0.0021017808,6.29E-10,7.78E-17,0.43570697,3.19E-05,0.4486267,7.51E-05,0.005873705,0.029689776,3.34E-05,0.58125275,0.47003502,0
0.35936654,0.3658304,0.18413132,0.13426414,0.38159412,0.46982324,0.0045823874,1.56E-05,0.34851477,0.4641461,0.015791807,0.00021215179,0.38961926,0.4486558,0.017140022,0.0002823123,0.43765217,0.46403483,4.68E-22,5.07E-22,0.22289191,1.03E-08,0.2450721,2.52E-05,9.91E-05,0.43570697,1.39E-15,0.4486267,0.84919345,1.30E-07,0.3503546,1.63E-14,0.58125275,0.47003502,5
0.76628643,0.7643535,0.0080841165,7.84E-05,0.38159412,0.46982324,0.000102983875,7.90E-09,0.34851477,0.4641461,0.0003105592,8.20E-08,0.38961926,0.4486558,0.00027803847,7.43E-08,0.43765217,0.46403483,5.19E-23,7.69E-23,0.7336793,1.81E-09,0.7897895,7.40E-06,2.91E-05,0.43570697,0,0.4486267,0,0,0.009929078,0,0.58125275,0.47003502,3
0.21799988,0.25054896,7.62E-05,3.88E-06,0.38159412,0.46982324,0,0,0.34851477,0.4641461,0,0,0.38961926,0.4486558,0,0,0.43765217,0.46403483,0,0,0,0,0,0.982663,0,0.43570697,0,0.4486267,0,0,2.08E-17,0,0.58125275,0.47003502,2
0.41798505,0.6031172,0.21275075,0.13165553,0.38159412,0.46982324,2.53E-05,4.77E-10,0.34851477,0.4641461,0.009778682,8.13E-05,0.38961926,0.4486558,0.012910149,0.00016016574,0.43765217,0.46403483,4.92E-22,4.27E-22,0.29032812,4.12E-19,0.4667641,1.24E-06,4.88E-06,0.43570697,0,0.4486267,0,0,0.3503546,0,0.58125275,0.47003502,4
0.00079371745,0.0014707354,0.016192643,0.022958687,0.38159412,0.46880576,0.0023359205,2.17E-05,0.34851405,0.43959695,0.04089925,0.0015283038,0.38925752,0.3071688,0.16939145,0.030275527,0.43812558,0.46778196,1.24E-21,1.25E-18,0.0008120062,7.75E-18,0.0015619947,1.51E-05,5.91E-05,0.43570697,0.00027533894,0.44504413,0.0013960447,0.0035619696,0.039903138,0.0004684373,0.58125454,0.47427374,0
0.44436395,0.3053727,0.005727184,0.00010755101,0.38159412,0.46982324,0,0,0.34851477,0.4641461,0,0,0.38961926,0.4486558,0,0,0.43765217,0.46403483,0,0,0,0,0,0.98266554,0,0.43570697,0,0.4486267,0,0,2.08E-17,0,0.58125275,0.47003502,3
0.25334883,0.348591,1.63E-05,1.66E-06,0.38159412,0.46982324,0,0,0.34851477,0.4641461,0,0,0.38961926,0.4486558,0,0,0.43765217,0.46403483,0,0,0,0,0,0.9826631,0,0.43570697,0,0.4486267,0,0,2.08E-17,0,0.58125275,0.47003502,2
0.00041409078,0.00063350133,0.025093446,0.004418943,0.38159412,0.46982324,0,0,0.34851477,0.4641461,0,0,0.38961926,0.4486558,0,0,0.43765217,0.46403483,0,0,0,0,6.33E-11,1.20E-06,1.20E-22,0.43570697,0,0.4486267,2.20E-10,0,2.08E-17,0,0.58125275,0.47003502,0
0.4353892,0.5978428,0.2136631,0.1314716,0.38159412,0.46982324,0.008691729,5.63E-05,0.34851477,0.4641461,0.016158484,0.00022211827,0.38961926,0.4486558,0.013236318,0.00016836097,0.43765217,0.46403483,4.37E-22,4.23E-22,0.30517417,8.53E-16,0.46467984,2.68E-06,1.06E-05,0.43570697,0,0.4486267,0,0,0.3503546,0,0.58125275,0.47003502,4
0.0010801909,0.0014823418,0.008281341,0.00085220375,0.38159412,0.46982324,9.84E-10,1.02E-18,0.34851477,0.4641461,9.93E-10,1.19E-18,0.38961926,0.4486558,1.72E-09,4.03E-18,0.43765217,0.46403483,0,3.86E-31,8.23E-06,9.48E-20,7.73E-05,2.30E-08,1.33E-16,0.43570697,1.28E-18,0.4486267,0.0002678637,1.72E-09,0.017626109,4.03E-18,0.58125275,0.47003502,0
0.42800355,0.6049123,0.21318051,0.13156898,0.38159412,0.46982324,0,0,0.34851477,0.4641461,0,0,0.38961926,0.4486558,0,0,0.43765217,0.46403483,0,0,0,0,0,0.98266506,0,0.43570697,0,0.4486267,0,0,2.08E-17,0,0.58125275,0.47003502,4
0.009399844,0.0017252128,0.06940123,0.09718158,0.3720208,0.4413541,0.34452683,0.16586542,0.33186752,0.4158396,0.34481567,0.19510238,0.3682228,0.39128157,0.33374134,0.20786105,0.43381047,0.45994654,2.16E-18,2.76E-18,0.011594855,8.45E-18,0.0019671333,6.93E-10,7.59E-17,0.6087807,0.2048276,0.6167099,0.00022517394,0.4141837,0.21484873,0.21433172,0.7177791,0.63149714,0
0.20514706,0.3050341,7.51E-05,3.82E-06,0.38159412,0.46982324,0,0,0.34851477,0.4641461,0,0,0.38961926,0.4486558,0,0,0.43765217,0.46403483,0,0,0,0,0,0.98266315,0,0.43570697,0,0.4486267,0,0,2.08E-17,0,0.58125275,0.47003502,2
0.35834828,0.3595864,0.18391335,0.13426043,0.38159412,0.46982324,0.0313144,0.00073054025,0.34851477,0.4641461,0.019360106,0.0003188589,0.38961926,0.4486558,0.017647542,0.00029927853,0.43765217,0.46403483,1.58E-21,1.63E-21,0.22125195,1.55E-08,0.24061233,2.67E-05,0.00010506243,0.43570697,2.90E-15,0.4486267,0.8337122,1.33E-07,0.3503546,1.71E-14,0.58125275,0.47003502,5
0.72110265,0.9636351,0.2443459,0.1214645,0.38159412,0.46982324,1.11E-05,9.24E-11,0.34851477,0.4641461,0.0052468353,2.34E-05,0.38961926,0.4486558,0.006637076,4.23E-05,0.43765217,0.46403483,1.38E-21,7.53E-22,0.5814505,5.45E-16,0.8564708,1.49E-06,5.84E-06,0.43570697,0,0.4486267,0,0,0.3503546,0,0.58125275,0.47003502,4
0.1545267,0.024796225,0.23168874,0.12645039,0.38159412,0.46982324,0,0,0.34851477,0.4641461,0,0,0.38961926,0.4486558,0,0,0.43765217,0.46403483,0,0,0,0,0,0.98266476,0,0.43570697,0,0.4486267,0,0,2.08E-17,0,0.58125275,0.47003502,4
0.43994442,0.6016848,0.21303621,0.13159864,0.38159412,0.46982324,0,0,0.34851477,0.4641461,0,0,0.38961926,0.4486558,0,0,0.43765217,0.46403483,0,0,0,0,0,0.982665,0,0.43570697,0,0.4486267,0,0,2.08E-17,0,0.58125275,0.47003502,4
0.3689056,0.35113943,0.18342857,0.1342506,0.38159412,0.46982324,3.16E-05,7.44E-10,0.34851477,0.4641461,0.011803244,0.000118518416,0.38961926,0.4486558,0.017015016,0.00027820942,0.43765217,0.46403483,8.86E-22,1.27E-21,0.22295515,2.93E-08,0.23433161,2.93E-05,0.000115095245,0.43570697,4.64E-16,0.4486267,0.8119834,1.29E-07,0.3503546,1.62E-14,0.58125275,0.47003502,5
0.47852597,0.33462334,0.21450292,0.13129233,0.38159412,0.46982324,0.0026726814,5.32E-06,0.34851477,0.4641461,0.015855733,0.00021387287,0.38961926,0.4486558,0.014837368,0.00021155381,0.43765217,0.46403483,5.16E-22,9.69E-22,0.34677973,1.36E-06,0.26112935,4.03E-05,0.00015839656,0.43570697,0,0.4486267,0,0,0.3503546,0,0.58125275,0.47003502,4
0.00128635,0.0016229993,0.008105949,0.000926276,0.38159412,0.46982327,0.00013437604,4.03E-05,0.34851477,0.4648125,0.023450784,0.00071940676,0.389742,0.53319514,0.030667707,0.0011455751,0.4379333,0.515832,7.51E-18,7.57E-18,0.0012912112,6.26E-18,0.0017170478,7.56E-10,5.84E-18,0.43570697,0.00019408269,0.44612634,0.0015264517,0.0029835643,0.0392339,0.0005133047,0.58125246,0.46923193,0
0.7172807,0.35036835,0.008057775,7.95E-05,0.38159412,0.46982324,2.92E-06,6.35E-12,0.34851477,0.4641461,0.0002240466,4.27E-08,0.38961926,0.4486558,0.00028317785,7.71E-08,0.43765217,0.46403483,5.68E-23,1.24E-20,0.68080765,1.32E-05,0.36097246,3.91E-05,0.00015384224,0.43570697,0,0.4486267,0,0,0.009929078,0,0.58125275,0.47003502,3
0.2632398,0.33103368,1.56E-05,1.58E-06,0.38159412,0.46982324,0,0,0.34851477,0.4641461,0,0,0.38961926,0.4486558,0,0,0.43765217,0.46403483,0,0,0,0,0,0.98266304,0,0.43570697,0,0.4486267,0,0,2.08E-17,0,0.58125275,0.47003502,2
0.40169898,0.42912337,0.00592149,0.000106732165,0.38159412,0.46982324,6.88E-06,3.52E-11,0.34851477,0.4641461,0.0007399475,4.66E-07,0.38961926,0.4486558,0.00075517246,5.48E-07,0.43765217,0.46403483,1.13E-21,2.65E-21,0.31132597,1.18E-09,0.32448077,1.58E-05,6.23E-05,0.43570697,0,0.4486267,0,0,0.009929078,0,0.58125275,0.47003502,3
0.21867153,0.30678937,7.59E-05,3.84E-06,0.38159412,0.46982324,0,0,0.34851477,0.4641461,0,0,0.38961926,0.4486558,0,0,0.43765217,0.46403483,0,0,0,0,0,0.98266315,0,0.43570697,0,0.4486267,0,0,2.08E-17,0,0.58125275,0.47003502,2
0.44962972,0.60064447,0.21385075,0.13142934,0.38159412,0.46982324,0,0,0.34851477,0.4641461,0,0,0.38961926,0.4486558,0,0,0.43765217,0.46403483,0,0,0,0,0,0.982665,0,0.43570697,0,0.4486267,0,0,2.08E-17,0,0.58125275,0.47003502,4
0.0010306777,0.0015213757,0.008133116,0.0008314982,0.38159412,0.47019607,0.0062049287,2.88E-05,0.3485153,0.48617923,0.036079634,0.0011872776,0.38980505,0.5426425,0.031889115,0.0011872337,0.43782374,0.49509642,9.77E-18,9.65E-18,0.0010138748,6.31E-18,0.0015978032,8.44E-10,6.24E-18,0.43570697,1.00E-04,0.4486267,0.0014239999,7.98E-06,0.03955572,0.00047905426,0.58125275,0.46999106,0
0.7681154,0.4816197,0.008105748,7.82E-05,0.38159412,0.46982324,0.0005606515,2.34E-07,0.34851477,0.4641461,0.00032040194,8.73E-08,0.38961926,0.4486558,0.00028681025,7.90E-08,0.43765217,0.46403483,6.38E-23,8.44E-23,0.7471436,1.69E-06,0.4993051,2.32E-05,9.15E-05,0.43570697,0,0.4486267,0,0,0.009929078,0,0.58125275,0.47003502,3
0.43135068,0.60328436,0.21165161,0.1318737,0.38159412,0.46982324,0.017193574,0.00022023599,0.34851477,0.4641461,0.019224243,0.0003143993,0.38961926,0.4486558,0.014223229,0.00019440326,0.43765217,0.46403483,8.28E-22,1.65E-21,0.30153513,1.30E-20,0.46451333,8.74E-07,3.44E-06,0.43570697,0,0.4486267,0,0,0.3503546,0,0.58125275,0.47003502,4
0.39637002,0.46706307,0.005931586,0.00010667589,0.38159412,0.46982324,0,0,0.34851477,0.4641461,0,0,0.38961926,0.4486558,0,0,0.43765217,0.46403483,0,0,0,0,0,0.98266566,0,0.43570697,0,0.4486267,0,0,2.08E-17,0,0.58125275,0.47003502,3
0.0012255296,0.0015473209,0.008450808,0.0008956134,0.38159412,0.47053647,0.026443632,0.00052204885,0.3485181,0.47227514,0.039541647,0.0014015788,0.38977906,0.5212714,0.0330246,0.0012503309,0.43798727,0.52228916,2.49E-18,2.50E-18,0.0011907738,4.81E-18,0.0016368952,8.13E-10,5.84E-18,0.43570697,4.72E-05,0.4486267,0.0014043999,0.0002945646,0.0397982,0.0004603656,0.5812527,0.4682778,0
0.70511127,0.32933357,0.2496172,0.12773986,0.38159412,0.46982324,0.0047761574,1.70E-05,0.34851477,0.4641461,0.009641717,7.91E-05,0.38961926,0.4486558,0.008230191,6.51E-05,0.43765217,0.46403483,7.11E-22,7.56E-20,0.5727841,1.83E-05,0.2919392,4.91E-05,0.00019325332,0.43570697,0,0.4486267,0,0,0.35886526,0,0.58125275,0.47003502,1
0.22797891,0.22819793,7.41E-05,3.71E-06,0.38159412,0.46982324,0,0,0.34851477,0.4641461,0,0,0.38961926,0.4486558,0,0,0.43765217,0.46403483,0,0,0,0,0,0.9826629,0,0.43570697,0,0.4486267,0,0,2.08E-17,0,0.58125275,0.47003502,2
0.4418605,0.5078658,0.21320608,0.13156444,0.38159412,0.46982324,0.00037026196,1.02E-07,0.34851477,0.4641461,0.010759175,9.85E-05,0.38961926,0.4486558,0.014002659,0.00018842048,0.43765217,0.46403483,1.40E-21,1.54E-21,0.31751338,3.18E-10,0.3939113,1.15E-05,4.51E-05,0.43570697,0,0.4486267,0,0,0.3503546,0,0.58125275,0.47003502,4
0.7089725,0.74432075,0.25042304,0.12737225,0.38159412,0.46982324,3.15E-08,7.40E-16,0.34851477,0.4641461,0.0025897364,5.71E-06,0.38961926,0.4486558,0.005886459,3.33E-05,0.43765217,0.46403483,6.68E-23,1.03E-22,0.58097583,1.46E-09,0.66190445,8.45E-06,3.32E-05,0.43570697,0,0.4486267,0,0,0.35886526,0,0.58125275,0.47003502,1
0.0009630986,0.0006476325,0.02441521,0.024690522,0.38159412,0.46977597,0.012185507,0.00011063385,0.34851384,0.4416285,0.02007838,0.00034296248,0.38961136,0.33902147,0.016658382,0.00026667255,0.4376554,0.48893493,8.72E-19,6.62E-17,0.00024345687,2.95E-16,0.000115550014,1.65E-08,6.13E-16,0.41202274,0.0003700832,0.33899945,0.00040061172,0.016595641,0.03132369,0.00026662074,0.5812554,0.4946561,0
0.2474091,0.2795848,1.65E-05,1.67E-06,0.38159412,0.46982324,0,0,0.34851477,0.4641461,0,0,0.38961926,0.4486558,0,0,0.43765217,0.46403483,0,0,0,0,0,0.982663,0,0.43570697,0,0.4486267,0,0,2.08E-17,0,0.58125275,0.47003502,2
0.7045797,0.98495305,0.24401335,0.12161223,0.38159412,0.46982324,3.90E-06,1.13E-11,0.34851477,0.4641461,0.004856323,2.01E-05,0.38961926,0.4486558,0.006768933,4.40E-05,0.43765217,0.46403483,8.27E-22,5.07E-22,0.5708015,3.52E-18,0.87422925,8.77E-07,3.45E-06,0.43570697,0,0.4486267,0,0,0.3503546,0,0.58125275,0.47003502,4
0.26268262,0.18653856,1.52E-05,1.48E-06,0.38159412,0.46982324,0,0,0.34851477,0.4641461,0,0,0.38961926,0.4486558,0,0,0.43765217,0.46403483,0,0,0,0,0,0.98266286,0,0.43570697,0,0.4486267,0,0,2.08E-17,0,0.58125275,0.47003502,2
0.3640586,0.2630703,0.005345383,0.000108306274,0.38159412,0.46982324,0.0012364492,1.14E-06,0.34851477,0.4641461,0.001118112,1.06E-06,0.38961926,0.4486558,0.00086135865,7.13E-07,0.43765217,0.46403483,1.15E-20,6.37E-20,0.19252129,3.87E-06,0.17949793,6.13E-05,0.00024122892,0.43570697,0,0.4486267,0,0,0.009929078,0,0.58125275,0.47003502,3
0.26167074,0.270451,1.54E-05,1.56E-06,0.38159412,0.46982324,0,0,0.34851477,0.4641461,0,0,0.38961926,0.4486558,0,0,0.43765217,0.46403483,0,0,0,0,0,0.9826629,0,0.43570697,0,0.4486267,0,0,2.08E-17,0,0.58125275,0.47003502,2
0.7026927,0.3340575,0.2442295,0.1215173,0.38159412,0.46982324,0.0063544796,3.01E-05,0.34851477,0.4641461,0.009723887,8.04E-05,0.38961926,0.4486558,0.00800156,6.15E-05,0.43765217,0.46403483,1.83E-22,6.42E-20,0.5788132,1.81E-05,0.29677323,4.83E-05,0.00019004612,0.43570697,0,0.4486267,0,0,0.3503546,0,0.58125275,0.47003502,4
0.7134033,0.7213666,0.24393135,0.12164858,0.38159412,0.46982324,1.31E-07,1.28E-14,0.34851477,0.4641461,0.00330151,9.27E-06,0.38961926,0.4486558,0.0060845776,3.56E-05,0.43765217,0.46403483,1.30E-22,1.67E-22,0.58788925,3.97E-09,0.64004624,9.66E-06,3.80E-05,0.43570697,0,0.4486267,0,0,0.3503546,0,0.58125275,0.47003502,4
0.0012257098,0.002715641,0.04600157,0.06563999,0.38159412,0.46975145,0.012086391,0.00010884178,0.34851372,0.4388603,0.020082355,0.0003430983,0.38961115,0.33597925,0.016691735,0.00026774147,0.4376554,0.48883757,8.43E-19,6.70E-17,0.0002423733,3.02E-16,0.000114293296,1.67E-08,6.32E-16,0.40911114,0.00037022977,0.33595744,0.00039625468,0.016628869,0.03130991,0.00026768944,0.5812554,0.49455982,0
0.015174005,0.004171126,0.073383406,0.10818931,0.33463952,0.37357888,0.35000128,0.28849766,0.31871518,0.40319622,0.35665828,0.28423384,0.37728393,0.42317757,0.34879455,0.29236192,0.42624742,0.45456523,4.06E-19,4.20E-19,0.017871657,2.09E-18,0.004883323,1.67E-11,2.47E-17,0.43570697,0,0.4486267,0,0,0.009929078,0,0.58125275,0.47003502,0
0.3638389,0.36890596,0.1837206,0.13425606,0.38159412,0.46982324,0.040997114,0.001252168,0.34851477,0.4641461,0.022892687,0.00044583753,0.38961926,0.4486558,0.018252539,0.0003201501,0.43765217,0.46403483,8.01E-22,6.70E-22,0.22210251,8.68E-09,0.24659978,2.46E-05,9.68E-05,0.43570697,2.09E-15,0.4486267,0.85442346,1.30E-07,0.3503546,1.63E-14,0.58125275,0.47003502,5
0.4107573,0.43049732,0.21208611,0.13178925,0.38159412,0.46982324,0.05656344,0.0023835683,0.34851477,0.4641461,0.024499016,0.0005105994,0.38961926,0.4486558,0.016310321,0.00025564193,0.43765217,0.46403483,5.57E-21,4.68E-21,0.28968063,2.40E-08,0.33219007,2.08E-05,8.17E-05,0.43570697,0,0.4486267,0,0,0.3503546,0,0.58125275,0.47003502,4
0.44933286,0.5942241,0.21479747,0.13122931,0.38159412,0.46982324,0.00020661867,3.18E-08,0.34851477,0.4641461,0.01059866,9.56E-05,0.38961926,0.4486558,0.012764635,0.00015657552,0.43765217,0.46403483,4.16E-22,4.14E-22,0.3233623,8.06E-15,0.46430862,3.38E-06,1.33E-05,0.43570697,0,0.4486267,0,0,0.3503546,0,0.58125275,0.47003502,4
0.46195942,0.4809112,0.21284573,0.13163835,0.38159412,0.46982324,0.0032142117,7.70E-06,0.34851477,0.4641461,0.0136674335,0.00015891211,0.38961926,0.4486558,0.014784264,0.0002100422,0.43765217,0.46403483,7.49E-22,8.07E-22,0.3260588,2.23E-09,0.37238988,1.48E-05,5.82E-05,0.43570697,0,0.4486267,0,0,0.3503546,0,0.58125275,0.47003502,4
0.35997236,0.29199862,0.21158238,0.1392918,0.38159412,0.46982324,0,0,0.34851477,0.4641461,0,0,0.38961926,0.4486558,0,0,0.43765217,0.46403483,0,0,0,0,0,0.98266613,0,0.43570697,0,0.4486267,0,0,2.08E-17,0,0.58125275,0.47003502,1
0.4165861,0.39069012,0.0058239554,0.0001072227,0.38159412,0.46982324,5.22E-08,2.03E-15,0.34851477,0.4641461,0.00031825737,8.62E-08,0.38961926,0.4486558,0.00063864724,3.92E-07,0.43765217,0.46403483,3.83E-22,5.55E-22,0.31203306,1.82E-08,0.29031014,2.33E-05,9.16E-05,0.43570697,0,0.4486267,0,0,0.009929078,0,0.58125275,0.47003502,3
0.7008393,0.47293147,0.25086406,0.12717052,0.38159412,0.46982324,2.73E-08,5.55E-16,0.34851477,0.4641461,0.0028846734,7.08E-06,0.38961926,0.4486558,0.006075563,3.55E-05,0.43765217,0.46403483,6.82E-23,1.11E-22,0.5786557,1.64E-06,0.42130613,2.68E-05,0.00010530913,0.43570697,0,0.4486267,0,0,0.35886526,0,0.58125275,0.47003502,1
0.0011456292,0.001617635,0.00812569,0.0007841207,0.38159412,0.46982324,5.59E-05,4.18E-05,0.34851477,0.4644564,0.02234048,0.00073999894,0.3896207,0.44963372,0.030863779,0.001161663,0.43759623,0.4538702,1.02E-17,1.00E-17,0.0011087513,7.42E-18,0.0017116866,7.62E-10,7.26E-18,0.43570697,0.0005112123,0.44463712,0.0015025891,0.0029749414,0.038690355,0.0005498735,0.58126765,0.5085594,0
0.2210989,0.31567982,7.43E-05,3.77E-06,0.38159412,0.46982324,0,0,0.34851477,0.4641461,0,0,0.38961926,0.4486558,0,0,0.43765217,0.46403483,0,0,0,0,0,0.9826632,0,0.43570697,0,0.4486267,0,0,2.08E-17,0,0.58125275,0.47003502,2
0.0009758622,0.0016096003,0.008134933,0.00073954614,0.38159412,0.46982324,2.51E-06,7.52E-05,0.34851477,0.46415997,0.01774906,0.000660782,0.38963887,0.46563894,0.029799415,0.0010895046,0.43774182,0.4813612,5.81E-18,6.53E-18,0.0009895677,1.71E-17,0.0017177063,7.71E-10,1.73E-17,0.43570697,0.00031961926,0.43705106,0.0015259678,0.004831703,0.03972905,0.0004965381,0.5812614,0.48452884,0
0.22406106,0.3118195,7.45E-05,3.64E-06,0.38159412,0.46982324,0,0,0.34851477,0.4641461,0,0,0.38961926,0.4486558,0,0,0.43765217,0.46403483,0,0,0,0,0,0.98266315,0,0.43570697,0,0.4486267,0,0,2.08E-17,0,0.58125275,0.47003502,2
0.23383732,0.04138169,0.2135171,0.13895382,0.38159412,0.46982324,0,0,0.34851477,0.4641461,0,0,0.38961926,0.4486558,0,0,0.43765217,0.46403483,0,0,0,0,0,0.982666,0,0.43570697,0,0.4486267,0,0,2.08E-17,0,0.58125275,0.47003502,1
0.4372593,0.6062022,0.21340801,0.13152267,0.38159412,0.46982324,0,0,0.34851477,0.4641461,0,0,0.38961926,0.4486558,0,0,0.43765217,0.46403483,0,0,0,0,0,0.98266506,0,0.43570697,0,0.4486267,0,0,2.08E-17,0,0.58125275,0.47003502,4
0.7144152,0.9617325,0.24441159,0.12143497,0.38159412,0.46982324,0,0,0.34851477,0.4641461,0,0,0.38961926,0.4486558,0,0,0.43765217,0.46403483,0,0,0,0,0,0.982665,0,0.43570697,0,0.4486267,0,0,2.08E-17,0,0.58125275,0.47003502,4
0.37526727,0.37929904,0.18460697,0.13427308,0.38159412,0.46982324,0.0015895719,1.88E-06,0.34851477,0.4641461,0.016189862,0.00022298175,0.38961926,0.4486558,0.017396305,0.00029081787,0.43765217,0.46403483,9.09E-22,9.97E-22,0.23519926,4.34E-09,0.25475693,2.24E-05,8.79E-05,0.43570697,1.16E-15,0.4486267,0.8827374,1.26E-07,0.3503546,1.53E-14,0.58125275,0.47003502,5
0.37640056,0.4089731,0.18410932,0.1342671,0.38159412,0.46982324,0,0,0.34851477,0.4641461,0,0,0.38961926,0.4486558,0,0,0.43765217,0.46403483,0,0,0,0,0,0.9826671,0,0.43570697,0,0.4486267,0,0,2.08E-17,0,0.58125275,0.47003502,5
0.48144838,0.5939902,0.21457233,0.1312774,0.38159412,0.46982324,0,0,0.34851477,0.4641461,0,0,0.38961926,0.4486558,0,0,0.43765217,0.46403483,0,0,0,0,0,0.982665,0,0.43570697,0,0.4486267,0,0,2.08E-17,0,0.58125275,0.47003502,4
0.21450868,0.20670728,7.88E-05,3.95E-06,0.38159412,0.46982324,0,0,0.34851477,0.4641461,0,0,0.38961926,0.4486558,0,0,0.43765217,0.46403483,0,0,0,0,0,0.9826629,0,0.43570697,0,0.4486267,0,0,2.08E-17,0,0.58125275,0.47003502,2
0.7561824,0.927573,0.24467428,0.12131779,0.38159412,0.46982324,1.93E-06,2.76E-12,0.34851477,0.4641461,0.004193735,1.50E-05,0.38961926,0.4486558,0.0064223805,3.96E-05,0.43765217,0.46403483,6.09E-22,2.62E-22,0.6229446,8.24E-14,0.82552284,2.56E-06,1.01E-05,0.43570697,0,0.4486267,0,0,0.3503546,0,0.58125275,0.47003502,4
0.41151065,0.6003596,0.21211931,0.13178192,0.38159412,0.46982324,0,0,0.34851477,0.4641461,0,0,0.38961926,0.4486558,0,0,0.43765217,0.46403483,0,0,0,0,0,0.9826651,0,0.43570697,0,0.4486267,0,0,2.08E-17,0,0.58125275,0.47003502,4
0.00028598122,0.00064846594,0.036141444,0.04510498,0.38159412,0.46982324,9.84E-10,7.23E-19,0.34851477,0.4641461,0,0,0.38961926,0.4486558,2.23E-09,4.74E-18,0.43765217,0.46403483,5.46E-15,1.23E-14,0.0001307695,1.38E-14,7.13E-05,3.77E-08,1.20E-14,0.43570697,0,0.4486267,0.00030925332,1.40E-09,2.08E-17,1.90E-18,0.58125275,0.47003502,0
0.71848226,0.97695905,0.24395454,0.1216384,0.38159412,0.46982324,3.99E-05,1.19E-09,0.34851477,0.4641461,0.0059126248,2.97E-05,0.38961926,0.4486558,0.0067409133,4.37E-05,0.43765217,0.46403483,5.02E-22,2.60E-22,0.5797173,4.48E-17,0.8669246,1.14E-06,4.50E-06,0.43570697,0,0.4486267,0,0,0.3503546,0,0.58125275,0.47003502,4
0.711797,0.3959202,0.24967124,0.12771402,0.38159412,0.46982324,2.84E-05,5.99E-10,0.34851477,0.4641461,0.005772761,2.83E-05,0.38961926,0.4486558,0.0071322876,4.89E-05,0.43765217,0.46403483,3.99E-22,2.12E-22,0.5758351,6.57E-06,0.3510306,3.69E-05,0.00014512998,0.43570697,0,0.4486267,0,0,0.35886526,0,0.58125275,0.47003502,1
0.4247974,0.34206656,0.0055461214,0.000108099324,0.38159412,0.46982324,0.0011796511,1.04E-06,0.34851477,0.4641461,0.00077348464,5.09E-07,0.38961926,0.4486558,0.0007327033,5.16E-07,0.43765217,0.46403483,7.23E-22,8.24E-22,0.28684503,1.92E-07,0.24195786,3.51E-05,0.00013792286,0.43570697,0,0.4486267,0,0,0.009929078,0,0.58125275,0.47003502,3
0.7266498,0.8207209,0.24388616,0.12166892,0.38159412,0.46982324,0.0011011359,9.03E-07,0.34851477,0.4641461,0.00818644,5.70E-05,0.38961926,0.4486558,0.0069269137,4.61E-05,0.43765217,0.46403483,3.64E-22,2.22E-22,0.5912227,8.31E-11,0.7280821,5.77E-06,2.27E-05,0.43570697,0,0.4486267,0,0,0.3503546,0,0.58125275,0.47003502,4
0.31843328,0.15431488,0.0051723816,0.000108222805,0.38159412,0.46982324,0,0,0.34851477,0.4641461,0,0,0.38961926,0.4486558,0,0,0.43765217,0.46403483,0,0,0,0,0,0.98266554,0,0.43570697,0,0.4486267,0,0,2.08E-17,0,0.58125275,0.47003502,3
0.40271893,0.16786441,0.2093214,0.1396208,0.38159412,0.46982324,0.00014161765,1.49E-08,0.34851477,0.4641461,0.019347537,0.000318445,0.38961926,0.4486558,0.02370196,0.00053985306,0.43765217,0.46403483,2.71E-21,4.91E-19,0.28938842,4.18E-05,0.124865994,0.00011649866,0.0004582404,0.43570697,0,0.4486267,0,0,0.35886526,0,0.58125275,0.47003502,1
0.73705214,0.538329,0.008087202,7.93E-05,0.38159412,0.46982324,0.00075307314,4.23E-07,0.34851477,0.4641461,0.00038607384,1.27E-07,0.38961926,0.4486558,0.00031294965,9.41E-08,0.43765217,0.46403483,8.43E-23,1.29E-22,0.6926211,6.13E-07,0.55414724,1.88E-05,7.39E-05,0.43570697,0,0.4486267,0,0,0.009929078,0,0.58125275,0.47003502,3
0.70669496,0.9900227,0.24429771,0.12148581,0.38159412,0.46982324,4.51E-05,1.51E-09,0.34851477,0.4641461,0.0061406894,3.21E-05,0.38961926,0.4486558,0.0070422394,4.77E-05,0.43765217,0.46403483,8.05E-23,1.46E-22,0.5829387,5.91E-19,0.8797593,7.31E-07,2.88E-06,0.43570697,0,0.4486267,0,0,0.3503546,0,0.58125275,0.47003502,4
0.7412787,0.88548326,0.0072953315,9.27E-05,0.38159412,0.46982324,7.27E-07,3.93E-13,0.34851477,0.4641461,0.00015398001,2.02E-08,0.38961926,0.4486558,0.0002416061,5.61E-08,0.43765217,0.46403483,1.48E-23,1.60E-23,0.74125415,5.89E-12,0.8286229,3.98E-06,1.57E-05,0.43570697,0,0.4486267,0,0,0.009929078,0,0.58125275,0.47003502,3
0.7211956,0.7278492,0.24348627,0.1218449,0.38159412,0.46982324,3.86E-08,1.11E-15,0.34851477,0.4641461,0.0030191697,7.75E-06,0.38961926,0.4486558,0.0060082534,3.47E-05,0.43765217,0.46403483,4.14E-22,2.38E-22,0.5864211,3.32E-09,0.64461875,9.42E-06,3.71E-05,0.43570697,0,0.4486267,0,0,0.3503546,0,0.58125275,0.47003502,4
0.00089216145,0.0007059457,0.013550275,0.0008471836,0.38166386,0.5575658,0.009455257,0.0013360118,0.3486281,0.58703524,0.009555693,0.0011481541,0.3897537,0.6056442,0.013267073,0.001468158,0.43782166,0.5141792,6.36E-18,3.12E-17,0.00025647762,2.70E-16,0.00022426987,8.66E-09,3.29E-16,0.43570697,1.28E-18,0.4486267,0.00034052104,9.90E-10,0.017626109,1.34E-18,0.58125275,0.47003502,0
0.7875872,0.8342807,0.008105995,7.78E-05,0.38159412,0.46982324,0,0,0.34851477,0.4641461,0,0,0.38961926,0.4486558,0,0,0.43765217,0.46403483,0,0,0,0,0,0.9826656,0,0.43570697,0,0.4486267,0,0,2.08E-17,0,0.58125275,0.47003502,3
0.44636604,0.2599609,0.0055833487,0.00010796323,0.38159412,0.46982324,0,0,0.34851477,0.4641461,0,0,0.38961926,0.4486558,0,0,0.43765217,0.46403483,0,0,0,0,0,0.98266554,0,0.43570697,0,0.4486267,0,0,2.08E-17,0,0.58125275,0.47003502,3
0.45348084,0.28919345,0.21386842,0.1314263,0.38159412,0.46982324,2.92E-06,6.36E-12,0.34851477,0.4641461,0.008934723,6.79E-05,0.38961926,0.4486558,0.013467945,0.00017430498,0.43765217,0.46403483,9.59E-22,9.85E-22,0.3203529,5.27E-06,0.2249909,5.31E-05,0.00020888988,0.43570697,0,0.4486267,0,0,0.3503546,0,0.58125275,0.47003502,4
0.22461899,0.30210048,7.57E-05,3.81E-06,0.38159412,0.46982324,0,0,0.34851477,0.4641461,0,0,0.38961926,0.4486558,0,0,0.43765217,0.46403483,0,0,0,0,0,0.9826631,0,0.43570697,0,0.4486267,0,0,2.08E-17,0,0.58125275,0.47003502,2
0.7128988,0.7017,0.0080698915,7.90E-05,0.38159412,0.46982324,8.67E-07,5.60E-13,0.34851477,0.4641461,0.00019632785,3.28E-08,0.38961926,0.4486558,0.00026776627,6.89E-08,0.43765217,0.46403483,1.91E-22,1.82E-22,0.6752866,1.08E-08,0.72321486,9.59E-06,3.77E-05,0.43570697,0,0.4486267,0,0,0.009929078,0,0.58125275,0.47003502,3
0.7277545,0.9464804,0.244635,0.12133539,0.38159412,0.46982324,3.69E-05,1.01E-09,0.34851477,0.4641461,0.0058225673,2.88E-05,0.38961926,0.4486558,0.0066628284,4.27E-05,0.43765217,0.46403483,2.85E-22,2.23E-22,0.5909051,9.83E-15,0.84221995,2.02E-06,7.95E-06,0.43570697,0,0.4486267,0,0,0.3503546,0,0.58125275,0.47003502,4
0.6712046,0.22633877,0.0070754406,9.58E-05,0.38159412,0.46982324,0,0,0.34851477,0.4641461,0,0,0.38961926,0.4486558,0,0,0.43765217,0.46403483,0,0,0,0,0,0.9826655,0,0.43570697,0,0.4486267,0,0,2.08E-17,0,0.58125275,0.47003502,3
0.0008297307,0.001553096,0.008634129,0.00088541437,0.38159412,0.46982324,0.0005033356,1.31E-05,0.34851477,0.46461722,0.031379588,0.0009307449,0.3897328,0.5164992,0.03274999,0.0012390105,0.43775353,0.48172882,2.81E-23,2.16E-19,0.00071371545,1.43E-17,0.0016504136,8.17E-10,2.27E-16,0.43570697,0.00016285773,0.44536713,0.0014502278,0.004479319,0.040272344,0.00044974033,0.5812691,0.50111234,0
0.2506934,0.043929137,0.22624837,0.12822492,0.38159412,0.46982324,0.016604375,0.00020540028,0.34851477,0.4641461,0.02472718,0.0005201543,0.38961926,0.4486558,0.024856625,0.0005937333,0.43765217,0.46403483,4.85E-09,5.60E-05,0.18887502,0.0016743266,0.036177896,0.0005570391,0.002190088,0.43570697,0,0.4486267,0,0,0.3503546,0,0.58125275,0.47003502,4
0.7279645,0.7645122,0.2439438,0.12164274,0.38159412,0.46982324,0,0,0.34851477,0.4641461,0,0,0.38961926,0.4486558,0,0,0.43765217,0.46403483,0,0,0,0,0,0.9826649,0,0.43570697,0,0.4486267,0,0,2.08E-17,0,0.58125275,0.47003502,4
0.6039443,0.18122524,0.008008395,7.98E-05,0.38159412,0.46982324,4.38E-06,1.43E-11,0.34851477,0.4641461,0.00022980625,4.49E-08,0.38961926,0.4486558,0.00029340768,8.27E-08,0.43765217,0.46403483,2.09E-22,3.20E-11,0.566678,0.0001348189,0.1855111,9.43E-05,0.00037086665,0.43570697,0,0.4486267,0,0,0.009929078,0,0.58125275,0.47003502,3
0.7217553,0.9960109,0.2439077,0.12165877,0.38159412,0.46982324,0.0014198669,1.50E-06,0.34851477,0.4641461,0.008706288,6.45E-05,0.38961926,0.4486558,0.007423668,5.30E-05,0.43765217,0.46403483,1.11E-22,1.24E-22,0.5855636,1.46E-19,0.8836762,6.32E-07,2.49E-06,0.43570697,0,0.4486267,0,0,0.3503546,0,0.58125275,0.47003502,4
0.22632079,0.27487108,7.43E-05,3.83E-06,0.38159412,0.46982324,0,0,0.34851477,0.4641461,0,0,0.38961926,0.4486558,0,0,0.43765217,0.46403483,0,0,0,0,0,0.982663,0,0.43570697,0,0.4486267,0,0,2.08E-17,0,0.58125275,0.47003502,2
0.0011440287,0.0015407145,0.008252445,0.0010349541,0.38159412,0.46983126,0.0024568131,0.00054346805,0.34851602,0.4724011,0.032564454,0.0011178439,0.38981885,0.538751,0.0358147,0.0014758084,0.43788108,0.49766865,7.88E-18,8.65E-18,0.0010951578,8.86E-18,0.0016044256,8.42E-10,8.65E-18,0.43570697,0.00062161137,0.4486215,0.0014461672,0.0019629027,0.038782008,0.00053860416,0.58125275,0.4700863,0
0.00084201817,0.0015118897,0.007991178,0.0007952591,0.38159412,0.46982324,4.51E-06,6.05E-07,0.34851477,0.46414605,0.020467965,0.000533715,0.38960448,0.43497103,0.03158676,0.0011694499,0.4375703,0.44901615,8.44E-21,6.03E-19,0.00070923404,6.61E-18,0.0015364032,8.95E-10,7.07E-18,0.43570697,0.0015179635,0.4685113,0.001335383,0.055706993,0.042676378,0.0032662547,0.58159274,0.5007715,0
0.7448599,0.57539195,0.007090508,9.56E-05,0.38159412,0.46982324,0,0,0.34851477,0.4641461,0,0,0.38961926,0.4486558,0,0,0.43765217,0.46403483,0,0,0,0,0,0.98266554,0,0.43570697,0,0.4486267,0,0,2.08E-17,0,0.58125275,0.47003502,3
0.7658063,0.7781905,0.008090044,7.83E-05,0.38159412,0.46982324,1.18E-05,1.04E-10,0.34851477,0.4641461,0.0002483882,5.25E-08,0.38961926,0.4486558,0.00026938645,6.97E-08,0.43765217,0.46403483,4.80E-23,7.03E-23,0.73634195,1.15E-09,0.8048699,6.95E-06,2.73E-05,0.43570697,0,0.4486267,0,0,0.009929078,0,0.58125275,0.47003502,3
0.7432035,0.54885155,0.0070906016,9.57E-05,0.38159412,0.46982324,9.78E-08,7.12E-15,0.34851477,0.4641461,0.0001692337,2.44E-08,0.38961926,0.4486558,0.00022587828,4.90E-08,0.43765217,0.46403483,1.90E-22,1.76E-22,0.62617356,5.88E-07,0.49915287,2.06E-05,8.09E-05,0.43570697,0,0.4486267,0,0,0.009929078,0,0.58125275,0.47003502,3
0.4607772,0.5708428,0.21344475,0.13151455,0.38159412,0.46982324,0.010770265,8.64E-05,0.34851477,0.4641461,0.01571637,0.00021012977,0.38961926,0.4486558,0.01358666,0.00017739137,0.43765217,0.46403483,4.37E-22,6.77E-22,0.3280761,3.52E-13,0.4432439,5.18E-06,2.04E-05,0.43570697,0,0.4486267,0,0,0.3503546,0,0.58125275,0.47003502,4
0.21050185,0.3057736,7.48E-05,3.80E-06,0.38159412,0.46982324,0,0,0.34851477,0.4641461,0,0,0.38961926,0.4486558,0,0,0.43765217,0.46403483,0,0,0,0,0,0.98266315,0,0.43570697,0,0.4486267,0,0,2.08E-17,0,0.58125275,0.47003502,2
0.0011070971,0.0015453461,0.007498156,0.00072052755,0.38159412,0.46982324,7.49E-06,0.00033418625,0.34851477,0.46413964,0.017989496,0.0006916026,0.38962668,0.45484066,0.029895548,0.0010983145,0.43779463,0.49133772,2.32E-21,1.08E-18,0.0010522672,6.06E-18,0.0015825055,8.56E-10,6.25E-18,0.43570697,0.000504277,0.44861484,0.0014241334,0.0017163042,0.03896674,0.00052503176,0.5812517,0.4652977,0
0.42677793,0.13919729,0.2165045,0.13084956,0.38159412,0.46982324,3.35E-06,8.34E-12,0.34851477,0.4641461,0.008192783,5.71E-05,0.38961926,0.4486558,0.01310122,0.00016494175,0.43765217,0.46403483,1.02E-21,2.27E-12,0.30400848,0.00018368544,0.10962514,0.00015461717,0.0006081523,0.43570697,0,0.4486267,0,0,0.3503546,0,0.58125275,0.47003502,4
0.0008427246,0.0015542739,0.007694218,0.0007411963,0.38159412,0.46982324,2.37E-06,1.51E-05,0.34851477,0.46414563,0.018800577,0.0005207155,0.38960722,0.43690974,0.030377906,0.0011279532,0.43768075,0.46937564,6.86E-22,7.73E-19,0.00071023125,7.51E-18,0.0015878029,8.53E-10,7.45E-18,0.43570697,0.00019378064,0.4486267,0.0013908228,0.00014159674,0.039078977,0.0005139959,0.5812527,0.46938446,0
0.0011137157,0.0017006748,0.018771341,0.025888992,0.38159406,0.4689982,0.06553557,0.003202524,0.34842828,0.42151254,0.04754412,0.002024731,0.3893724,0.3707631,0.17715621,0.03293258,0.43773144,0.46461806,7.72E-18,1.01E-17,0.0011683253,1.98E-17,0.0018625946,6.76E-10,1.47E-17,0.43569916,0.0040381146,0.43156025,0.0016985448,0.065833814,0.051186554,0.00429353,0.5814977,0.4922591,0
0.22270338,0.30770528,7.38E-05,3.75E-06,0.38159412,0.46982324,0,0,0.34851477,0.4641461,0,0,0.38961926,0.4486558,0,0,0.43765217,0.46403483,0,0,0,0,0,0.98266315,0,0.43570697,0,0.4486267,0,0,2.08E-17,0,0.58125275,0.47003502,2
0.18012293,0.052257743,8.54E-05,4.59E-06,0.38159412,0.46982324,0,0,0.34851477,0.4641461,0,0,0.38961926,0.4486558,0,0,0.43765217,0.46403483,0,0,0,0,0,0.98266286,0,0.43570697,0,0.4486267,0,0,2.08E-17,0,0.58125275,0.47003502,2
0.71756464,0.9598917,0.24477904,0.12127088,0.38159412,0.46982324,0.00037463632,1.05E-07,0.34851477,0.4641461,0.0074009933,4.66E-05,0.38961926,0.4486558,0.0068807625,4.55E-05,0.43765217,0.46403483,1.51E-22,2.12E-22,0.58850175,1.08E-15,0.854662,1.60E-06,6.28E-06,0.43570697,0,0.4486267,0,0,0.3503546,0,0.58125275,0.47003502,4
0.0013966468,0.0015802801,0.008139167,0.0007737669,0.38160828,0.50508004,0.0076279086,0.0004231303,0.34853688,0.517074,0.022626042,0.00071617705,0.3896372,0.46121398,0.030545814,0.0011297193,0.43784687,0.5004815,1.45E-18,4.04E-18,0.0013396459,5.64E-18,0.0016840622,7.79E-10,5.96E-18,0.49356776,0.00045018553,0.49851215,0.001576129,0.0048551043,0.03953294,0.00051107095,0.58128005,0.51496,0
0.0024707133,0.0007155443,0.032551695,0.03135059,0.34418574,0.37334082,0.26075816,0.31708887,0.3106234,0.36687717,0.25693184,0.34853056,0.35702348,0.3669627,0.22251843,0.30962026,0.44897872,0.4778313,5.44E-18,5.65E-18,0.0026639355,2.54E-17,0.00058096973,3.29E-09,2.26E-16,0.43570697,3.19E-05,0.4486267,7.51E-05,0.005873705,0.029689793,3.34E-05,0.58125275,0.47003502,0
0.25637326,0.19887805,1.69E-05,1.72E-06,0.38159412,0.46982324,0,0,0.34851477,0.4641461,0,0,0.38961926,0.4486558,0,0,0.43765217,0.46403483,0,0,0,0,0,0.98266286,0,0.43570697,0,0.4486267,0,0,2.08E-17,0,0.58125275,0.47003502,2
0.001134197,0.001612647,0.008117451,0.0008405701,0.38159412,0.46981692,0.0116709955,0.0001014789,0.34851465,0.4581804,0.011393997,0.00015878446,0.38962144,0.4554048,0.010385537,0.00015868331,0.4376821,0.5034295,3.93E-17,4.01E-17,0.00027002834,5.68E-17,0.0003757876,4.91E-09,5.31E-17,0.42943218,0.0001713408,0.45537522,0.001302855,0.010346421,0.028497128,0.00015865247,0.58127725,0.5089882,0
0.22578733,0.118675224,7.97E-05,4.18E-06,0.38159412,0.46982324,0,0,0.34851477,0.4641461,0,0,0.38961926,0.4486558,0,0,0.43765217,0.46403483,0,0,0,0,0,0.98266286,0,0.43570697,0,0.4486267,0,0,2.08E-17,0,0.58125275,0.47003502,2
0.5148659,0.25513998,0.005831094,0.0001071626,0.38159412,0.46982324,6.82E-09,3.47E-17,0.34851477,0.4641461,0.00031678224,8.54E-08,0.38961926,0.4486558,0.00067907013,4.43E-07,0.43765217,0.46403483,1.10E-21,1.10E-21,0.38488498,4.40E-06,0.18993255,6.29E-05,0.0002475013,0.43570697,0,0.4486267,0,0,0.009929078,0,0.58125275,0.47003502,3
0.75653636,0.7217759,0.008057409,7.92E-05,0.38159412,0.46982324,0,0,0.34851477,0.4641461,0,0,0.38961926,0.4486558,0,0,0.43765217,0.46403483,0,0,0,0,0,0.9826656,0,0.43570697,0,0.4486267,0,0,2.08E-17,0,0.58125275,0.47003502,3
0.467037,0.49818164,0.21287175,0.13163386,0.38159412,0.46982324,0,0,0.34851477,0.4641461,0,0,0.38961926,0.4486558,0,0,0.43765217,0.46403483,0,0,0,0,0,0.9826649,0,0.43570697,0,0.4486267,0,0,2.08E-17,0,0.58125275,0.47003502,4
0.42837685,0.28853247,0.005539784,0.000108055065,0.38159412,0.46982324,3.54E-05,9.32E-10,0.34851477,0.4641461,0.00068485044,3.99E-07,0.38961926,0.4486558,0.00078505214,5.92E-07,0.43765217,0.46403483,3.77E-22,1.05E-21,0.28908816,1.45E-06,0.20405728,5.09E-05,0.00020032455,0.43570697,0,0.4486267,0,0,0.009929078,0,0.58125275,0.47003502,3
0.43024924,0.529356,0.21331379,0.13154173,0.38159412,0.46982324,0.0005180696,2.00E-07,0.34851477,0.4641461,0.011633837,0.00011514073,0.38961926,0.4486558,0.013897786,0.0001856087,0.43765217,0.46403483,7.37E-22,1.06E-21,0.3107904,2.42E-11,0.41078436,8.48E-06,3.34E-05,0.43570697,0,0.4486267,0,0,0.3503546,0,0.58125275,0.47003502,4
0.3692983,0.46898457,0.0058996016,0.00010685674,0.38159412,0.46982324,0,0,0.34851477,0.4641461,0,0,0.38961926,0.4486558,0,0,0.43765217,0.46403483,0,0,0,0,0,0.98266566,0,0.43570697,0,0.4486267,0,0,2.08E-17,0,0.58125275,0.47003502,3
0.25742176,0.3562185,1.50E-05,1.49E-06,0.38159412,0.46982324,0,0,0.34851477,0.4641461,0,0,0.38961926,0.4486558,0,0,0.43765217,0.46403483,0,0,0,0,0,0.98266315,0,0.43570697,0,0.4486267,0,0,2.08E-17,0,0.58125275,0.47003502,2
0.49695876,0.4740634,0.006074646,0.0001058766,0.38159412,0.46982324,0.0010549627,8.29E-07,0.34851477,0.4641461,0.00089732197,6.85E-07,0.38961926,0.4486558,0.00078620925,5.94E-07,0.43765217,0.46403483,5.32E-22,8.93E-22,0.37717888,7.29E-11,0.36789453,1.08E-05,4.24E-05,0.43570697,0,0.4486267,0,0,0.009929078,0,0.58125275,0.47003502,3
0.43032852,0.33782402,0.005533783,0.00010809863,0.38159412,0.46982324,0,0,0.34851477,0.4641461,0,0,0.38961926,0.4486558,0,0,0.43765217,0.46403483,0,0,0,0,0,0.9826656,0,0.43570697,0,0.4486267,0,0,2.08E-17,0,0.58125275,0.47003502,3
0.73557854,0.3987841,0.0070769503,9.59E-05,0.38159412,0.46982324,1.76E-08,2.30E-16,0.34851477,0.4641461,0.00010940031,1.02E-08,0.38961926,0.4486558,0.00019140136,3.52E-08,0.43765217,0.46403483,1.27E-22,1.92E-22,0.6178519,7.69E-06,0.3619293,3.66E-05,0.00014401576,0.43570697,0,0.4486267,0,0,0.009929078,0,0.58125275,0.47003502,3
0.37036568,0.4134135,0.18338947,0.13425194,0.38159412,0.46982324,0,0,0.34851477,0.4641461,0,0,0.38961926,0.4486558,0,0,0.43765217,0.46403483,0,0,0,0,0,0.9826671,0,0.43570697,0,0.4486267,0,0,2.08E-17,0,0.58125275,0.47003502,5
0.7129109,0.9815248,0.24458125,0.12135949,0.38159412,0.46982324,0,0,0.34851477,0.4641461,0,0,0.38961926,0.4486558,0,0,0.43765217,0.46403483,0,0,0,0,0,0.98266506,0,0.43570697,0,0.4486267,0,0,2.08E-17,0,0.58125275,0.47003502,4
0.41889435,0.6036213,0.21360889,0.13148017,0.38159412,0.46982324,0,0,0.34851477,0.4641461,0,0,0.38961926,0.4486558,0,0,0.43765217,0.46403483,0,0,0,0,0,0.98266506,0,0.43570697,0,0.4486267,0,0,2.08E-17,0,0.58125275,0.47003502,4
0.45704752,0.5642181,0.2136534,0.13147102,0.38159412,0.46982324,0.006911506,3.56E-05,0.34851477,0.4641461,0.013368942,0.00015204673,0.38961926,0.4486558,0.013221438,0.00016798268,0.43765217,0.46403483,4.05E-22,7.57E-22,0.32889637,7.89E-13,0.43852,5.67E-06,2.23E-05,0.43570697,0,0.4486267,0,0,0.3503546,0,0.58125275,0.47003502,4
0.7030024,0.36319357,0.24411592,0.12156759,0.38159412,0.46982324,0,0,0.34851477,0.4641461,0,0,0.38961926,0.4486558,0,0,0.43765217,0.46403483,0,0,0,0,0,0.98266476,0,0.43570697,0,0.4486267,0,0,2.08E-17,0,0.58125275,0.47003502,4
0.3988831,0.46840292,0.005939742,0.000106630236,0.38159412,0.46982324,0,0,0.34851477,0.4641461,0,0,0.38961926,0.4486558,0,0,0.43765217,0.46403483,0,0,0,0,0,0.98266566,0,0.43570697,0,0.4486267,0,0,2.08E-17,0,0.58125275,0.47003502,3
0.35645393,0.3003338,0.18371034,0.13425837,0.38159412,0.46982324,0.0010289927,7.89E-07,0.34851477,0.4641461,0.014752328,0.00018514166,0.38961926,0.4486558,0.01784902,0.0003061511,0.43765217,0.46403483,5.18E-22,6.54E-22,0.21866612,4.81E-07,0.20074503,4.51E-05,0.00017737398,0.43570697,2.44E-15,0.4486267,0.6955642,1.26E-07,0.3503546,1.54E-14,0.58125275,0.47003502,5
0.001043873,0.0015825275,0.00857632,0.0008298601,0.38159412,0.46982324,0.0007875387,4.62E-07,0.34851477,0.46414608,0.011719438,0.000126283,0.38961685,0.4373729,0.010826848,0.00016178309,0.43767214,0.48966447,6.94E-26,5.35E-20,0.00013768757,2.24E-17,0.0003803252,4.85E-09,5.26E-17,0.4357069,0.00013626918,0.4373445,0.0013185869,0.010786071,0.028961578,0.00016175164,0.5812691,0.49537745,0
0.73314625,0.93260264,0.24530602,0.121032916,0.38159412,0.46982324,0,0,0.34851477,0.4641461,0,0,0.38961926,0.4486558,0,0,0.43765217,0.46403483,0,0,0,0,0,0.98266494,0,0.43570697,0,0.4486267,0,0,2.08E-17,0,0.58125275,0.47003502,4
0.0009960751,0.0016132612,0.009058426,0.0010246877,0.38159412,0.46982434,0.05057432,0.0019340125,0.3485277,0.4694165,0.045582008,0.0018672404,0.38975757,0.49536,0.034835756,0.0016938671,0.43777663,0.479315,1.93E-20,4.91E-18,0.0010315315,1.59E-17,0.0017322343,7.34E-06,2.88E-05,0.43570608,0.0040673306,0.42958945,0.001504368,0.059350155,0.04616351,0.0038827162,0.5815353,0.48995614,0
0.35211247,0.29612997,0.18401551,0.13426355,0.38159412,0.46982324,0,0,0.34851477,0.4641461,0,0,0.38961926,0.4486558,0,0,0.43765217,0.46403483,0,0,0,0,0,0.982667,0,0.43570697,0,0.4486267,0,0,2.08E-17,0,0.58125275,0.47003502,5
0.74376774,0.41564533,0.008048276,7.95E-05,0.38159412,0.46982324,0,0,0.34851477,0.4641461,0,0,0.38961926,0.4486558,0,0,0.43765217,0.46403483,0,0,0,0,0,0.98266554,0,0.43570697,0,0.4486267,0,0,2.08E-17,0,0.58125275,0.47003502,3
0.22365634,0.2994751,7.44E-05,3.75E-06,0.38159412,0.46982324,0,0,0.34851477,0.4641461,0,0,0.38961926,0.4486558,0,0,0.43765217,0.46403483,0,0,0,0,0,0.9826631,0,0.43570697,0,0.4486267,0,0,2.08E-17,0,0.58125275,0.47003502,2
0.3990339,0.11009977,0.21767016,0.13057752,0.38159412,0.46982324,5.73E-05,2.45E-09,0.34851477,0.4641461,0.011169023,0.000106123945,0.38961926,0.4486558,0.0151084615,0.000219355,0.43765217,0.46403483,1.38E-21,6.67E-10,0.28694853,0.0003414064,0.087184474,0.00020564653,0.0008088224,0.43570697,0,0.4486267,0,0,0.3503546,0,0.58125275,0.47003502,4
0.7094317,0.781347,0.24998087,0.12757415,0.38159412,0.46982324,0,0,0.34851477,0.4641461,0,0,0.38961926,0.4486558,0,0,0.43765217,0.46403483,0,0,0,0,0,0.9826662,0,0.43570697,0,0.4486267,0,0,2.08E-17,0,0.58125275,0.47003502,1
0.25788608,0.3429136,1.64E-05,1.66E-06,0.38159412,0.46982324,0,0,0.34851477,0.4641461,0,0,0.38961926,0.4486558,0,0,0.43765217,0.46403483,0,0,0,0,0,0.9826631,0,0.43570697,0,0.4486267,0,0,2.08E-17,0,0.58125275,0.47003502,2
0.2532163,0.27804792,1.50E-05,1.44E-06,0.38159412,0.46982324,0,0,0.34851477,0.4641461,0,0,0.38961926,0.4486558,0,0,0.43765217,0.46403483,0,0,0,0,0,0.982663,0,0.43570697,0,0.4486267,0,0,2.08E-17,0,0.58125275,0.47003502,2
0.39254704,0.4163868,0.005828682,0.00010717201,0.38159412,0.46982324,0,0,0.34851477,0.4641461,0,0,0.38961926,0.4486558,0,0,0.43765217,0.46403483,0,0,0,0,0,0.9826656,0,0.43570697,0,0.4486267,0,0,2.08E-17,0,0.58125275,0.47003502,3
0.7831331,0.8330938,0.008110799,7.77E-05,0.38159412,0.46982324,4.84E-05,1.74E-09,0.34851477,0.4641461,0.00023292338,4.62E-08,0.38961926,0.4486558,0.0002578675,6.39E-08,0.43765217,0.46403483,6.83E-23,8.45E-23,0.76159775,1.84E-10,0.8645927,5.40E-06,2.12E-05,0.43570697,0,0.4486267,0,0,0.009929078,0,0.58125275,0.47003502,3
0.70998496,0.66773546,0.24399593,0.12162003,0.38159412,0.46982324,0.0005239028,2.04E-07,0.34851477,0.4641461,0.0075697363,4.87E-05,0.38961926,0.4486558,0.0068701482,4.54E-05,0.43765217,0.46403483,8.48E-23,1.78E-22,0.5875481,2.09E-08,0.5926288,1.23E-05,4.85E-05,0.43570697,0,0.4486267,0,0,0.3503546,0,0.58125275,0.47003502,4
0.4254106,0.4384903,0.21182403,0.13184083,0.38159412,0.46982324,0.009792744,7.14E-05,0.34851477,0.4641461,0.02033269,0.00035170032,0.38961926,0.4486558,0.015893403,0.00024273973,0.43765217,0.46403483,6.06E-21,2.76E-21,0.29742536,1.65E-08,0.33793145,1.97E-05,7.76E-05,0.43570697,0,0.4486267,0,0,0.3503546,0,0.58125275,0.47003502,4
0.0031186538,0.0030738488,0.050916348,0.07067166,0.33836,0.36831716,0.24018309,0.44208953,0.307362,0.36741012,0.28141862,0.46111277,0.36562312,0.40097603,0.33705077,0.30043712,0.42930356,0.4570158,1.23E-16,1.25E-16,0.002005282,9.71E-17,0.0024011785,4.80E-10,5.26E-17,0.63017005,0.13428497,0.63614017,0.00022518315,0.36140555,0.17687018,0.14054863,0.67063224,0.6500349,0
0.745327,0.6334153,0.00707987,9.58E-05,0.38159412,0.46982324,2.35E-06,4.10E-12,0.34851477,0.4641461,0.00023449706,4.68E-08,0.38961926,0.4486558,0.00025489635,6.24E-08,0.43765217,0.46403483,2.55E-22,1.75E-22,0.6219222,9.73E-08,0.5752154,1.49E-05,5.86E-05,0.43570697,0,0.4486267,0,0,0.009929078,0,0.58125275,0.47003502,3
0.4002223,0.59819263,0.21247275,0.13170938,0.38159412,0.46982324,0.004044614,1.22E-05,0.34851477,0.4641461,0.01693257,0.00024390956,0.38961926,0.4486558,0.013874502,0.00018498728,0.43765217,0.46403483,8.88E-22,1.70E-21,0.28218666,1.06E-19,0.46236715,1.09E-06,4.28E-06,0.43570697,0,0.4486267,0,0,0.3503546,0,0.58125275,0.47003502,4
0.0008409743,0.001569717,0.008310652,0.0008320349,0.38159412,0.46982327,0.00046594278,7.57E-05,0.34851477,0.46451393,0.030301847,0.00091346545,0.3895985,0.43676105,0.03195077,0.0012045747,0.4375915,0.4532632,4.14E-21,8.63E-19,0.00080735347,6.91E-18,0.0016459108,8.09E-10,7.82E-18,0.43570697,0.000104429964,0.4486267,0.0013715026,0.00012947115,0.039301187,0.0004981087,0.58125263,0.46555254,0
0.7447237,0.69016695,0.0070898826,9.57E-05,0.38159412,0.46982324,0,0,0.34851477,0.4641461,0,0,0.38961926,0.4486558,0,0,0.43765217,0.46403483,0,0,0,0,0,0.9826656,0,0.43570697,0,0.4486267,0,0,2.08E-17,0,0.58125275,0.47003502,3
0.71366626,0.8078815,0.25040212,0.12738182,0.38159412,0.46982324,3.17E-07,7.49E-14,0.34851477,0.4641461,0.003665641,1.14E-05,0.38961926,0.4486558,0.0061347387,3.62E-05,0.43765217,0.46403483,1.86E-22,1.87E-22,0.584487,9.70E-11,0.7183717,5.94E-06,2.34E-05,0.43570697,0,0.4486267,0,0,0.35886526,0,0.58125275,0.47003502,1
0.35035306,0.29375383,0.21141843,0.13931726,0.38159412,0.46982324,0,0,0.34851477,0.4641461,0,0,0.38961926,0.4486558,0,0,0.43765217,0.46403483,0,0,0,0,0,0.98266613,0,0.43570697,0,0.4486267,0,0,2.08E-17,0,0.58125275,0.47003502,1
0.37404224,0.25033823,0.1846583,0.1342775,0.38159412,0.46982324,0,0,0.34851477,0.4641461,0,0,0.38961926,0.4486558,0,0,0.43765217,0.46403483,0,0,0,0,0,0.982667,0,0.43570697,0,0.4486267,0,0,2.08E-17,0,0.58125275,0.47003502,5
0.0010999525,0.0015437534,0.0085173715,0.0009202739,0.38159412,0.46982324,0.0012758832,0.00039391158,0.3485148,0.46467048,0.029727358,0.0010193893,0.38971272,0.49389923,0.03344754,0.0012921772,0.43796486,0.5163755,4.55E-21,1.27E-18,0.0010504621,5.60E-18,0.0016349448,8.15E-10,6.11E-18,0.43570697,0.00028577802,0.44860762,0.0013247528,0.0020967927,0.04001439,0.00044856613,0.5812515,0.46510014,0
0.3454688,0.16179639,0.18318567,0.13425055,0.38159412,0.46982324,0.007313904,3.99E-05,0.34851477,0.4641461,0.018868702,0.00030287757,0.38961926,0.4486558,0.020631513,0.00040904322,0.43765217,0.46403483,3.30E-21,2.17E-18,0.21283223,6.25E-05,0.107855596,0.00013615079,0.0005355304,0.43570697,1.28E-15,0.4486267,0.37363467,8.75E-08,0.3503546,7.41E-15,0.58125275,0.47003502,5
0.45312196,0.412034,0.21294782,0.13906635,0.38159412,0.46982324,0,0,0.34851477,0.4641461,0,0,0.38961926,0.4486558,0,0,0.43765217,0.46403483,0,0,0,0,0,0.98266613,0,0.43570697,0,0.4486267,0,0,2.08E-17,0,0.58125275,0.47003502,1
0.65692395,0.23542656,0.24998248,0.12757431,0.38159412,0.46982324,0,0,0.34851477,0.4641461,0,0,0.38961926,0.4486558,0,0,0.43765217,0.46403483,0,0,0,0,0,0.9826661,0,0.43570697,0,0.4486267,0,0,2.08E-17,0,0.58125275,0.47003502,1
0.7002725,0.3016604,0.008035738,8.01E-05,0.38159412,0.46982324,8.17E-05,4.97E-09,0.34851477,0.4641461,0.0003180392,8.60E-08,0.38961926,0.4486558,0.00031609597,9.60E-08,0.43765217,0.46403483,5.11E-23,9.67E-18,0.6599484,2.65E-05,0.30975106,4.87E-05,0.00019169501,0.43570697,0,0.4486267,0,0,0.009929078,0,0.58125275,0.47003502,3
0.7223784,0.9759427,0.24407418,0.121585354,0.38159412,0.46982324,0.00022935354,3.92E-08,0.34851477,0.4641461,0.0070438418,4.22E-05,0.38961926,0.4486558,0.0068649263,4.53E-05,0.43765217,0.46403483,1.63E-22,1.73E-22,0.5849603,6.36E-17,0.8664502,1.18E-06,4.66E-06,0.43570697,0,0.4486267,0,0,0.3503546,0,0.58125275,0.47003502,4
0.7294184,0.66487366,0.008081215,7.89E-05,0.38159412,0.46982324,0.00026981163,5.42E-08,0.34851477,0.4641461,0.0003453349,1.01E-07,0.38961926,0.4486558,0.00029134355,8.16E-08,0.43765217,0.46403483,1.17E-22,8.22E-23,0.6919934,3.35E-08,0.6856069,1.14E-05,4.47E-05,0.43570697,0,0.4486267,0,0,0.009929078,0,0.58125275,0.47003502,3
0.3867192,0.3285212,0.20935659,0.13962173,0.38159412,0.46982324,0,0,0.34851477,0.4641461,0,0,0.38961926,0.4486558,0,0,0.43765217,0.46403483,0,0,0,0,0,0.98266613,0,0.43570697,0,0.4486267,0,0,2.08E-17,0,0.58125275,0.47003502,1
0.37544963,0.43066424,0.0060129385,0.00010624746,0.38159412,0.46982324,0,0,0.34851477,0.4641461,0,0,0.38961926,0.4486558,0,0,0.43765217,0.46403483,0,0,0,0,0,0.9826656,0,0.43570697,0,0.4486267,0,0,2.08E-17,0,0.58125275,0.47003502,3
0.2491654,0.3596524,1.51E-05,1.50E-06,0.38159412,0.46982324,0,0,0.34851477,0.4641461,0,0,0.38961926,0.4486558,0,0,0.43765217,0.46403483,0,0,0,0,0,0.9826633,0,0.43570697,0,0.4486267,0,0,2.08E-17,0,0.58125275,0.47003502,2
0.24924834,0.22728091,1.63E-05,1.64E-06,0.38159412,0.46982324,0,0,0.34851477,0.4641461,0,0,0.38961926,0.4486558,0,0,0.43765217,0.46403483,0,0,0,0,0,0.9826629,0,0.43570697,0,0.4486267,0,0,2.08E-17,0,0.58125275,0.47003502,2
0.26208627,0.34035033,1.59E-05,1.60E-06,0.38159412,0.46982324,0,0,0.34851477,0.4641461,0,0,0.38961926,0.4486558,0,0,0.43765217,0.46403483,0,0,0,0,0,0.9826631,0,0.43570697,0,0.4486267,0,0,2.08E-17,0,0.58125275,0.47003502,2
0.7109489,0.8668257,0.24421175,0.12152376,0.38159412,0.46982324,0.0008689948,5.63E-07,0.34851477,0.4641461,0.0080804005,5.55E-05,0.38961926,0.4486558,0.00695847,4.65E-05,0.43765217,0.46403483,2.74E-22,2.64E-22,0.5825069,5.58E-12,0.77000886,4.16E-06,1.64E-05,0.43570697,0,0.4486267,0,0,0.3503546,0,0.58125275,0.47003502,4
0.0015683662,0.001629628,0.007845642,0.00071667833,0.38159594,0.48789948,0.0063115405,0.00017715496,0.34852365,0.5040372,0.016255338,0.0005251926,0.38960803,0.43666196,0.029370843,0.00107708,0.43772256,0.47773442,1.04E-18,5.47E-18,0.0015904348,1.27E-17,0.0017378192,7.54E-10,1.51E-17,0.43581545,0.0002116623,0.48935825,0.0015610609,0.0042198077,0.039699998,0.0004909117,0.5812652,0.4940734,0
0.35298213,0.29355907,0.21199769,0.139225,0.38159412,0.46982324,0,0,0.34851477,0.4641461,0,0,0.38961926,0.4486558,0,0,0.43765217,0.46403483,0,0,0,0,0,0.98266613,0,0.43570697,0,0.4486267,0,0,2.08E-17,0,0.58125275,0.47003502,1
0.21974674,0.29636058,7.52E-05,3.78E-06,0.38159412,0.46982324,0,0,0.34851477,0.4641461,0,0,0.38961926,0.4486558,0,0,0.43765217,0.46403483,0,0,0,0,0,0.9826631,0,0.43570697,0,0.4486267,0,0,2.08E-17,0,0.58125275,0.47003502,2
0.7073427,0.68137544,0.008080709,7.88E-05,0.38159412,0.46982324,0,0,0.34851477,0.4641461,0,0,0.38961926,0.4486558,0,0,0.43765217,0.46403483,0,0,0,0,0,0.9826656,0,0.43570697,0,0.4486267,0,0,2.08E-17,0,0.58125275,0.47003502,3
0.3930881,0.47503886,0.006002087,0.00010631741,0.38159412,0.46982324,0.0008074214,4.86E-07,0.34851477,0.4641461,0.00088451593,6.66E-07,0.38961926,0.4486558,0.0008211614,6.48E-07,0.43765217,0.46403483,2.82E-21,2.44E-21,0.30127946,1.32E-11,0.3642586,8.97E-06,3.53E-05,0.43570697,0,0.4486267,0,0,0.009929078,0,0.58125275,0.47003502,3
0.00065828126,0.00053767645,0.017206639,0.003339356,0.38159412,0.46982324,0.02190849,0.0003575863,0.34851477,0.4641461,0.022046912,0.00041350294,0.38961926,0.44865516,0.0179028,0.00030799894,0.43765262,0.47148383,3.06E-16,3.06E-16,0.0001628334,4.16E-16,9.43E-05,1.98E-08,5.59E-16,0.43570697,0.00044620188,0.448626,0.00032679836,0.017835373,0.030570025,0.0003079391,0.5812531,0.47740054,0
0.22743586,0.23517616,7.50E-05,3.75E-06,0.38159412,0.46982324,0,0,0.34851477,0.4641461,0,0,0.38961926,0.4486558,0,0,0.43765217,0.46403483,0,0,0,0,0,0.9826629,0,0.43570697,0,0.4486267,0,0,2.08E-17,0,0.58125275,0.47003502,2
0.68244106,0.8447138,0.0070766453,9.59E-05,0.38159412,0.46982324,1.74E-07,2.26E-14,0.34851477,0.4641461,0.00018707202,2.98E-08,0.38961926,0.4486558,0.00025214563,6.11E-08,0.43765217,0.46403483,1.30E-22,1.09E-21,0.5611824,5.14E-11,0.7667277,5.20E-06,2.05E-05,0.43570697,0,0.4486267,0,0,0.009929078,0,0.58125275,0.47003502,3
0.22484164,0.31688792,7.53E-05,3.81E-06,0.38159412,0.46982324,0,0,0.34851477,0.4641461,0,0,0.38961926,0.4486558,0,0,0.43765217,0.46403483,0,0,0,0,0,0.9826633,0,0.43570697,0,0.4486267,0,0,2.08E-17,0,0.58125275,0.47003502,2
0.45609173,0.5769988,0.21480122,0.13122581,0.38159412,0.46982324,2.85E-06,6.04E-12,0.34851477,0.4641461,0.006821921,3.96E-05,0.38961926,0.4486558,0.012410694,0.00014801277,0.43765217,0.46403483,1.53E-21,1.12E-21,0.3375166,6.62E-14,0.4508452,4.32E-06,1.70E-05,0.43570697,0,0.4486267,0,0,0.3503546,0,0.58125275,0.47003502,4
0.3679537,0.26588643,0.0053450386,0.00010829846,0.38159412,0.46982324,0.00064132886,3.06E-07,0.34851477,0.4641461,0.0010546612,9.46E-07,0.38961926,0.4486558,0.00085303554,6.99E-07,0.43765217,0.46403483,2.69E-21,1.86E-20,0.1982899,3.44E-06,0.18142663,6.01E-05,0.0002365819,0.43570697,0,0.4486267,0,0,0.009929078,0,0.58125275,0.47003502,3
5.96E-05,0.0003875945,0.013754628,0.0029309057,0.38159412,0.46982324,9.42E-07,1.37E-12,0.34851477,0.4641461,0.0066371304,0.00049712026,0.3896233,0.4589954,0.087782666,0.02245779,0.44499135,0.550116,0,9.63E-27,2.52E-05,2.35E-17,0.0001659567,1.15E-08,3.19E-16,0.43570697,0,0.4486267,0,0,0.06629299,0,0.58125275,0.47003502,0
0.42553857,0.5995671,0.2136438,0.13147244,0.38159412,0.46982324,0,0,0.34851477,0.4641461,0,0,0.38961926,0.4486558,0,0,0.43765217,0.46403483,0,0,0,0,0,0.982665,0,0.43570697,0,0.4486267,0,0,2.08E-17,0,0.58125275,0.47003502,4
0.3964198,0.45488167,0.20430118,0.14023234,0.38159412,0.46982324,0,0,0.34851477,0.4641461,0,0,0.38961926,0.4486558,0,0,0.43765217,0.46403483,0,0,0,0,0,0.9826662,0,0.43570697,0,0.4486267,0,0,2.08E-17,0,0.58125275,0.47003502,1
0.2870185,0.09033457,0.19655038,0.14078249,0.38159412,0.46982324,4.44E-05,1.47E-09,0.34851477,0.4641461,0.014145215,0.0001702167,0.38961926,0.4486558,0.018109562,0.00031515412,0.43765217,0.46403483,2.45E-21,8.70E-12,0.17110486,0.00036015143,0.0630619,0.0002714155,0.0010674259,0.43570697,0,0.4486267,0,0,0.35886526,0,0.58125275,0.47003502,1
0.71619266,0.849139,0.2444748,0.121406965,0.38159412,0.46982324,0,0,0.34851477,0.4641461,0,0,0.38961926,0.4486558,0,0,0.43765217,0.46403483,0,0,0,0,0,0.9826649,0,0.43570697,0,0.4486267,0,0,2.08E-17,0,0.58125275,0.47003502,4
0.44926503,0.56953406,0.21374269,0.13145189,0.38159412,0.46982324,0.009201416,6.31E-05,0.34851477,0.4641461,0.015489325,0.00020410237,0.38961926,0.4486558,0.013564119,0.00017680327,0.43765217,0.46403483,1.67E-21,9.36E-22,0.32379362,3.41E-13,0.44284374,5.16E-06,2.03E-05,0.43570697,0,0.4486267,0,0,0.3503546,0,0.58125275,0.47003502,4
0.4620813,0.5783713,0.21492016,0.13120034,0.38159412,0.46982324,1.82E-06,2.48E-12,0.34851477,0.4641461,0.006520712,3.62E-05,0.38961926,0.4486558,0.012345709,0.00014646679,0.43765217,0.46403483,2.35E-21,1.98E-21,0.34247404,6.05E-14,0.45216733,4.27E-06,1.68E-05,0.43570697,0,0.4486267,0,0,0.3503546,0,0.58125275,0.47003502,4